mpK,Molecule1,Molecule2,YoN
487.85,Nc1[nH+]cnc2c1ncn2C1OC(CO)C(O)C1O,O=C([O-])c1cc([N+](=O)[O-])cc([N+](=O)[O-])c1O,1
451.6,[NH3+]c1ccccc1,O=C([O-])c1cc([N+](=O)[O-])cc([N+](=O)[O-])c1O,1
480.4,[NH3+]c1ccccc1O,O=C([O-])c1cc([N+](=O)[O-])cc([N+](=O)[O-])c1O,1
452.0,COc1ccccc1[NH3+],O=C(O)c1cc([N+](=O)[O-])cc([N+](=O)[O-])c1[O-],1
426.8,COc1cccc([NH3+])c1,O=C(O)c1cc([N+](=O)[O-])cc([N+](=O)[O-])c1[O-],1
455.9,[NH3+]c1ccc(F)cc1,O=C([O-])c1cc([N+](=O)[O-])cc([N+](=O)[O-])c1O,1
466.7,[NH3+]c1ccc(Cl)cc1,O=C([O-])c1cc([N+](=O)[O-])cc([N+](=O)[O-])c1O,1
479.8,Nc1ccccc1[NH3+],O=C(O)c1cc([N+](=O)[O-])cc([N+](=O)[O-])c1[O-],1
270.15,C[C+](O)O,O=S(=O)([O-])O,1
428.15,[NH3+]c1ccccc1O,CC[PH](=O)[O-],1
325.15,C[C+](O)O,O=S(=O)([O-])F,1
418.65,CC(=O)OCC[N+](C)(C)C,O=C([O-])c1ccc(O)cc1O,1
375.0,CC(=O)OCC[N+](C)(C)C,O=C([O-])C(O)C(O)C(=O)O,1
472.5,NS(=O)(=O)c1ccc([NH3+])cc1,O=C(O)c1cc([N+](=O)[O-])cc([N+](=O)[O-])c1[O-],1
407.15,C[NH+](C)CC[NH+](C)C,Fc1c(F)c(F)c([C-](F)F)c(F)c1F,1
417.15,CC([NH3+])c1ccccc1,CCP(=O)([S-])Oc1ccccc1,1
442.4,Cc1ccccc1C(C)[NH3+],CCP(=O)([S-])Oc1ccccc1,1
417.65,CC([NH3+])c1ccc(F)cc1,CCP(=O)([S-])Oc1ccccc1,1
304.6,[NH3+]Cc1ccccc1,O=C([O-])c1cc(S(=O)(=O)[O-])ccc1O,1
535.5,COc1ccc(C=Cc2ccc3ccccc3[n+]2C)cc1O,O=S(=O)([O-])c1ccc(Cl)cc1,1
463.65,COCC12CCC(OC)C34c5cc(OC)ccc5C(=O)C(C(OC)C13)C4[NH2+]C2,O=C([O-])C(=O)O,1
488.15,NC(=S)NN=Cc1cccc[nH+]1,[O-][Cl+3]([O-])([O-])[O-],1
491.15,C[P+](C)(C)[P+](C)(C)C,O=S(=O)([O-])C(F)(F)F,1
439.65,CC(C)[P+](C(C)C)(C(C)C)[P+](C)(C)C,O=S(=O)([O-])C(F)(F)F,1
341.15,CC[P+](CC)(CC)[P+](C)(C)C,O=S(=O)([O-])C(F)(F)F,1
374.15,CC(C)(C)c1cc2ccccc2c[te+]1,F[B-](F)(F)F,1
456.15,CC(C)(C)c1cc2ccccc2c[se+]1,F[B-](F)(F)F,1
424.0,Nc1cc[nH+]cc1,O=C([O-])c1ccc([N+](=O)[O-])cc1Cl,1
437.0,Nc1cc[nH+]cc1,O=C([O-])c1cc([N+](=O)[O-])ccc1Cl,1
431.0,Nc1cc[nH+]cc1,O=C([O-])c1cc(Cl)ccc1[N+](=O)[O-],1
417.0,Nc1cc[nH+]cc1,O=C([O-])c1ccc(Cl)cc1[N+](=O)[O-],1
445.0,C[n+]1cn2ccccc2n1,F[B-](F)(F)F,1
501.0,c1cc2c(cc1C[NH2+]CC[NH2+]Cc1ccc3c(c1)OCO3)OCO2,O=[N+]([O-])[O-],1
481.65,COC(=O)c1ccc[n+]2c1SC1C3CCC(C(C(=O)OC)C3C(=O)OC)C12,[O-][Cl+3]([O-])([O-])[O-],1
518.0,Cc1ccc(S(=O)(=O)N2CC[NH2+]CC2)cc1,O=C([O-])C(F)(F)F,1
450.0,Oc1cc[nH+]cc1,[O-][I+2]([O-])[O-],1
449.15,Nc1[nH]nn[nH+]1,[O-][Cl+3]([O-])([O-])[O-],1
378.65,CC[NH+](C(C)C)C(C)C,[BH3-]P(=O)(O)C(c1ccccc1)(c1ccccc1)c1ccccc1,1
473.0,COc1ccc([NH3+])cc1,O=C([O-])c1cc(Cl)c(Cl)cc1C(=O)O,1
453.15,Cc1nn2c([nH+]1)CCCc1sccc1-2,O=[N+]([O-])c1cc([N+](=O)[O-])c([O-])c([N+](=O)[O-])c1,1
438.9,N#Cc1cc[nH+]cc1,O=C(O)c1cc([N+](=O)[O-])cc([N+](=O)[O-])c1[O-],1
502.5,O=C(O)c1cc[nH+]cc1,O=C([O-])c1cc([N+](=O)[O-])cc([N+](=O)[O-])c1O,1
518.55,Nc1cccc(N)[nH+]1,O=C([O-])c1cc([N+](=O)[O-])cc([N+](=O)[O-])c1O,1
404.5,CC(C)(C)N1CCC[NH+]1C(C)(C)C,O=S(=O)([O-])O,1
418.5,CC(C)(C)N1CCC[NH+]1C(C)(C)C,Cc1ccc(S(=O)(=O)[O-])cc1,1
346.0,CC(C)(C)P(n1nc[n+]2c1CCCC2)C(C)(C)C,O=S(=O)([O-])C(F)(F)F,1
449.0,Cc1c(C)[n+](C(C)(C)C)cn1C(C)(C)C,O=S(=O)([O-])C(F)(F)F,1
471.15,CN(C)c1cc[nH+]cc1,O=[N+]([O-])c1cc([N+](=O)[O-])c([O-])c([N+](=O)[O-])c1,1
437.0,Cc1sc[n+](-c2ccc(Br)cc2)c1C,F[P-](F)(F)(F)(F)F,1
498.15,Cc1cc(C)[n+](NC(=O)c2c(C)noc2N)c(C)c1,[O-][Cl+3]([O-])([O-])[O-],1
330.65,C[P](C)(C)[P+](c1ccccc1)c1ccccc1,O=S(=O)([O-])C(F)(F)F,1
490.15,C=CCC1C2CC3CN1C[N+]1(CCCCC31)C2,[O-][Cl+3]([O-])([O-])[O-],1
425.15,Cc1ccc([N+]2=Cc3ccccc3NC2C(C)c2ccccc2)cc1,O=S(=O)([O-])C(F)(F)F,1
387.15,CC1=[N+](C2CCCCC2)C(C)Nc2ccccc21,O=S(=O)([O-])C(F)(F)F,1
450.0,OC1CCN2Cc3ccccc3[NH+]=C12,O=[N+]([O-])[O-],1
387.65,CC(C)C1C(C)[S+]2c3ccccc3[S+]1c1ccccc12,[O-][Cl+3]([O-])([O-])[O-],1
410.025,CCCCC1C(CCCC)[S+]2c3ccccc3[S+]1c1ccccc12,[O-][Cl+3]([O-])([O-])[O-],1
449.15,C1=C([S+]2c3ccccc3Oc3ccccc32)CCCC1,[O-][Cl+3]([O-])([O-])[O-],1
428.65,C1=C([S+]2c3ccccc3Oc3ccccc32)CCCCC1,[O-][Cl+3]([O-])([O-])[O-],1
456.9,C1=CCCC([S+]2c3ccccc3Oc3ccccc32)=CCC1,[O-][Cl+3]([O-])([O-])[O-],1
435.65,CC(C)=C(C)[S+]1c2ccccc2Sc2ccccc21,[O-][Cl+3]([O-])([O-])[O-],1
362.15,CCCn1cc[n+](C)c1,O=S(=O)([O-])c1cccc(P(c2ccccc2)c2ccccc2)c1,1
326.0,CCn1cc[n+](C)c1,F[As-](F)(F)(F)(F)F,1
362.0,CCC1CCC2CCC(c3ccccc3)CC[NH+]12,O=C([O-])C(O)c1ccccc1,1
446.15,Cn1nnn(N)c1=[NH2+],Nc1c([N+](=O)[O-])n[n-]c1[N+](=O)[O-],1
466.15,[NH3+]NC(=O)N[NH3+],Nc1c([N+](=O)[O-])n[n-]c1[N+](=O)[O-],1
518.15,c1ccc2c(c1)cnc1cccc[n+]12,[O-][Cl+3]([O-])([O-])[O-],1
469.15,c1ccc2c(c1)ccc1cccc[n+]12,[O-][Cl+3]([O-])([O-])[O-],1
469.0,[NH3+]C(Cc1c[nH+]c[nH]1)C(=O)O,O=C([O-])C(F)(F)C(F)(F)C(=O)[O-],1
325.15,CCCC[NH+](CCCC)CCCC,O=C(C=C([O-])c1cccs1)C(F)(F)F,1
468.21,[NH3+]C12CC3CC(CC(C3)C1)C2,Cc1cc([N-]S(=O)(=O)c2ccc(N)cc2)no1,1
377.0,[NH3+]C1CCC(O)CC1,O=C([O-])NC1CCC(O)CC1,1
447.0,[NH3+]Cc1ccccn1,O=[N+]([O-])[O-],1
434.15,[NH3+]c1cc(O)ccc1O,[O-][Cl+3]([O-])([O-])[O-],1
458.15,C#CCn1cc[n+](CC#C)c1,c1ccc([B-](c2ccccc2)(c2ccccc2)c2ccccc2)cc1,1
360.0,C[n+]1ccn(CCOCCOCCn2cc[n+](C)c2)c1,F[P-](F)(F)(F)(F)F,1
344.0,C[n+]1ccn(CCCCCCCCCCn2cc[n+](C)c2)c1,F[P-](F)(F)(F)(F)F,1
412.15,COC(=O)C1([NH3+])CCc2cc(Br)ccc2C1,O=C([O-])C(O)c1ccccc1,1
396.0,Nc1cccc[nH+]1,O=C([O-])C1CCCCC1C(=O)O,1
446.3,O=C(O)C[n+]1ccccc1COc1ccc(OCc2cccc[n+]2CC(=O)O)cc1,O=[N+]([O-])[O-],1
467.0,N#CC1(c2ccc(NC(=O)c3cccnc3NCc3cc[nH+]cc3)cc2)CCCC1,CS(=O)(=O)[O-],1
281.5,CN(C)C[NH+](C)C,O=S(=O)([N-]S(=O)(=O)C(F)(F)F)C(F)(F)F,1
445.65,CC([NH3+])c1ccccc1,O=C([O-])c1ccc(C(=O)CC2CC3CCCCC3C2)cc1,1
443.15,CC([NH3+])C1CCCCC1,O=C([O-])c1ccc(C(=O)CC2CC3CCCCC3C2)cc1,1
513.15,Cn1c(=O)c2c(n(C)[cH+]n2C)n(C)c1=O,F[P-](F)(F)(F)(F)F,1
573.0,Cc1cc2oc(-c3ccc(Cl)cc3)c[n+]2c2c1CCCCC2,[O-][Cl+3]([O-])([O-])[O-],1
351.0,CCCCn1cc[n+](C)c1C,O=S(=O)([O-])O,1
433.0,OCC[NH+]1CCN(CCCN2c3ccccc3C=Cc3ccccc32)CC1,O=C([O-])C=CC(=O)O,1
425.15,[NH3+]c1ccc(F)cc1,O=S(=O)([O-])[O-],1
481.15,Cc1ccccc1-c1nc2c(o1)N=CN1CC[NH+]=C21,O=C([O-])C(F)(F)F,1
309.0,CCCCn1cc[n+](C)c1,O=[N+]([O-])[O-],1
583.65,C1=CNC2CC2[NH+]=CC=CNC2CC2[NH+]=C1,[O-][Cl+3]([O-])([O-])[O-],1
504.0,COc1cc(Br)c2c3c1C(C[NH3+])CCC3CO2,Cc1ccc(S(=O)(=O)[O-])cc1,1
451.15,C[N+](C)(C)C,O=S1(Cl)=NP([O-])(Cl)=NS(=O)(Cl)=N1,1
457.0,C1C[NH2+]CC[NH2+]1,O=C([O-])CCCCCCC(=O)[O-],1
370.0,C1C[NH2+]CC[NH2+]1,CCCCCCC(=O)[O-],1
499.15,CCn1ccc2c3c(=O)n(C)c(=O)n(C)c3[nH+]nc21,[O-][Cl+3]([O-])([O-])[O-],1
453.65,C1C[NH2+]CC[NH2+]1,O=C([O-])c1ccccc1O,1
427.65,C[N+]1(CC(=O)O)CCOCC1,O=[N+]([O-])c1cc([N+](=O)[O-])c([O-])c([N+](=O)[O-])c1,1
418.65,[NH3+]C(c1ccccc1)C(O)c1ccccc1,CCC(C(=O)[O-])c1ccccc1,1
427.4,[NH3+]C(c1ccccc1)C(O)c1ccccc1,CCC(C(=O)[O-])c1ccc(C)cc1,1
401.0,C1COCCOCC[NH2+]CCOCCOCC[NH2+]1,Cc1cc(Cl)ccc1OCC(=O)[O-],1
538.0,COc1ccc2cc(-c3nc4ccccc4n3C)c(N)[o+]c2c1,[O-][Cl+3]([O-])([O-])[O-],1
464.0,COC(=O)C([NH3+])c1ccccc1,O=C([O-])c1cccc(C(F)(F)F)c1-n1cccc1C(=O)O,1
473.15,NCC[NH3+],CCOC(=O)c1cc([N+](=O)[O-])cc([N+](=O)[O-])c1[O-],1
402.15,CN(C)[C+]([C+](N(C)C)N(C)C)N(C)C,FC(F)(F)[Se-],1
378.15,CC(=O)OC1CCC[S+](C)C1,[O-][Cl+3]([O-])([O-])[O-],1
482.15,CC[N+](CC)(CC)CC,F[Si-]12(Oc3ccccc3O1)Oc1ccccc1O2,1
466.15,Cc1ccc2ccccc2[nH+]1,O=C([O-])c1cc2ccccc2cc1O,1
395.65,Cc1ccc2ccccc2[nH+]1,O=C([O-])CC(O)(CC(=O)O)C(=O)O,1
393.65,CCc1cc[nH+]cc1,O=C([O-])c1cc([N+](=O)[O-])cc([N+](=O)[O-])c1,1
428.15,[NH3+]CC[NH3+],[O-][I+2]([O-])[O-],1
369.0,C1C[NH2+]CC[NH2+]1,CCCCCCCCCCCC(=O)[O-],1
423.15,C1=CC=CC(C2=[NH+]CCN2)C=C1,F[B-](F)(F)F,1
333.0,C1CC[NH2+]CC1,CO[B-](OC)(OC)OC,1
557.65,C1CC2CCCC(C1)N2[N+]1C2CCCC1CCC2,F[P-](F)(F)(F)(F)F,1
409.5,c1cc(N2CCCCC2)cc[nH+]1,F[P-](F)(F)(F)(F)F,1
458.15,BrC1C2C[NH+]3CCC(O2)C13,O=[N+]([O-])c1cc([N+](=O)[O-])c([O-])c([N+](=O)[O-])c1,1
425.15,Cc1c(C)[n+](C)cn1C,c1ccc2c(c1)[cH-]c1ccccc12,1
450.65,C1COCCOCC[NH2+]CCOCCOCC[NH2+]1,O=C1NC(=O)C(=N[O-])C(=NO)N1,1
443.15,CN1C(=O)c2cccc3cccc(c23)[S+]1c1ccccc1,[O-][Cl+3]([O-])([O-])[O-],1
410.15,CC([NH3+])c1ccccc1,CC1(C)C(Cl)C(O)(S(=O)(=O)[O-])C1CC(Cl)(Cl)Cl,1
414.15,CC([NH3+])c1ccccc1,CCOC(=O)C1(C(=O)[O-])CN1OC,1
432.15,CN1CC[N+](c2ccc([N+](=O)[O-])cc2)=N1,[O-][Cl+3]([O-])([O-])[O-],1
499.65,C[N+]12Cc3ccccc3[Se]1(C)c1ccccc1C2,F[P-](F)(F)(F)(F)F,1
482.0,C1C[NH2+]CC[NH2+]1,CC(=O)[O-],1
392.0,C1C[NH2+]CC[NH2+]1,CCC(=O)[O-],1
392.0,C1C[NH2+]CC[NH2+]1,CCCC(=O)[O-],1
385.0,C1C[NH2+]CC[NH2+]1,CCCCC(=O)[O-],1
369.0,C1C[NH2+]CC[NH2+]1,CCCCCCCCCC(=O)[O-],1
368.45,C1C[NH2+]CC[NH2+]1,CCCCCCCCCCCCCC(=O)[O-],1
369.6,C1C[NH2+]CC[NH2+]1,CCCCCCCCCCCCCCCC(=O)[O-],1
415.15,O=C(O)CC[n+]1ccccc1,O=S(=O)([O-])[O-],1
420.15,Nc1cccc[nH+]1,Nc1cccc(C(=O)[O-])c1,1
479.65,Nc1ccc([N+](=O)[O-])c[nH+]1,O=[N+]([O-])c1ccccc1S(=O)(=O)[O-],1
445.65,Nc1ccc([N+](=O)[O-])c[nH+]1,O=[N+]([O-])c1cccc(S(=O)(=O)[O-])c1,1
428.65,Nc1ccc([N+](=O)[O-])c[nH+]1,O=[N+]([O-])c1cc(S(=O)(=O)[O-])ccc1Cl,1
468.15,Nc1ccc([N+](=O)[O-])c[nH+]1,O=S(=O)([O-])c1ccccc1,1
444.65,C[NH2+]C(C)C(O)c1ccccc1,CC(C)(C)S(=O)CC(=O)[O-],1
485.85,CC1(C)OC2COC(C[N+](C)(C)C)C2O1,Cc1ccc(S(=O)(=O)[O-])cc1,1
411.0,Cc1ccc(C(C)[NH3+])cc1,CC(NC(=O)CCC(=O)[O-])c1ccccc1,1
439.15,C1CC2CCC1C[NH2+]C2,COC(=O)[N-]c1cc(N2CC=CCC2)nc2nc(=O)on12,1
449.9,Cc1ccc(CC([NH3+])c2ccccc2)cc1,O=C([O-])C(O)c1ccccc1,1
381.65,CC([NH3+])NC(=O)C(C)(C)C(=O)OC(C)(C)C,O=C([O-])C(F)(F)F,1
379.15,CN1C=N[N+](C)(C)C=N1,O=S(=O)([O-])F,1
487.9,C[n+]1ccc(-c2ccc([N+](=O)[O-])cc2)cc1,[O-][Cl+3]([O-])([O-])[O-],1
413.15,OC1C[N+]2(CCOCC2)C1,Cc1ccc(S(=O)(=O)[O-])cc1,1
432.0,C1C[NH2+]CC[NH2+]1,O=C([O-])CCCC(=O)[O-],1
494.55,c1cc(CCc2cc[nH+]cc2)cc[nH+]1,O=C1[N-]S(=O)(=O)c2ccccc21,1
508.65,C(=Cc1cc[nH+]cc1)c1cc[nH+]cc1,O=C1[N-]S(=O)(=O)c2ccccc21,1
489.65,C[NH+]1CC[NH+](C)CC1,O=C1[N-]S(=O)(=O)c2ccccc21,1
464.35,c1ccc(Nc2cccc[nH+]2)nc1,O=C1[N-]S(=O)(=O)c2ccccc21,1
449.5,c1ccc([P+](c2ccccc2)(c2ccccc2)c2ccccc2)cc1,CCN(CC)C(=S)[S-],1
447.5,c1ccc([P+](c2ccccc2)(c2ccccc2)c2ccccc2)cc1,S=C([S-])N1CCCCC1,1
447.0,CC(C)[n+]1nn(C(C)(C)C)cc1[N+](=O)[O-],[O-][Cl+3]([O-])([O-])[O-],1
526.0,NC(N)=[NH2+],[O-][Cl+3]([O-])([O-])[O-],1
408.0,c1cnc2c(c1)cc1c3c(cc4ccc[nH+]c4c32)CC1,O=[N+]([O-])c1cc([N+](=O)[O-])c([O-])c([N+](=O)[O-])c1,1
514.5,NC(=O)Nc1cccc2ccc[nH+]c12,O=C(O)c1cc([N+](=O)[O-])cc([N+](=O)[O-])c1[O-],1
425.15,CC1(C)CC(=O)CC(C)(C)[NH2+]1,CCOP(=[Se])([Se-])OCC,1
407.15,OCCSc1n[nH+]c[nH]1,O=C([O-])C(=O)O,1
476.5,C[n+]1ccccc1C=Cc1ccc(Cl)cc1,COc1ccc(S(=O)(=O)[O-])cc1,1
497.65,Cc1c(Cc2c(O)n(-c3ccccc3)[n+](C)c2C)c(=O)n(-c2ccccc2)n1C,[O-][Cl+3]([O-])([O-])[O-],1
421.15,N[NH3+],O=C([O-])C(=O)[O-],1
329.15,C1CC[NH2+]C1,CC(C)OP(=O)(OC(C)C)[P-]P(=O)(OC(C)C)OC(C)C,1
489.0,Brc1ccc(-c2csc3cccc[n+]23)cc1,F[B-](F)(F)F,1
464.5,c1cnc2c(c1)ccc1ccc[nH+]c12,O=C([O-])c1cc(Cl)c(Cl)cc1C(=O)O,1
459.5,CCOc1ccc([NH3+])cc1,[O-][Cl+3]([O-])([O-])[O-],1
494.0,C[n+]1ccc(C=Cc2ccccc2)cc1,O=S(=O)([O-])c1ccccc1,1
460.5,ON=C(c1ccc(F)cc1F)C1CC[NH2+]CC1,O=[N+]([O-])c1cc([N+](=O)[O-])c([O-])c([N+](=O)[O-])c1,1
416.2,C[NH+]1CCCCC1,O=[N+]([O-])c1ccc([O-])c([N+](=O)[O-])c1,1
482.15,C[n+]1c(C(C)(C)C)cccc1C(C)(C)C,[O-][Cl+3]([O-])([O-])[O-],1
447.15,CC(=CC(C)=C1N(C)c2ccccc2C1(C)C)C1=[N+](C)c2ccccc2C1(C)C,F[B-](F)(F)F,1
490.15,CCC1(C)C(C=CC(C)=C2N(C)c3ccccc3C2(C)C)=[N+](C)c2ccccc21,F[B-](F)(F)F,1
409.05,CC([NH3+])c1ccccc1,CC1=C(C(=O)[O-])C(C)NC(=O)N1,1
481.0,C1C[NH2+]CC[NH2+]1,O=C([O-])CCC(=O)[O-],1
425.15,C[S+]1CCC(NC(=O)OC(C)(C)C)C1,Cc1ccc(S(=O)(=O)[O-])cc1,1
466.15,Cc1nsn[s+]1,F[As-](F)(F)(F)(F)F,1
468.15,Cc1csn[s+]1,F[As-](F)(F)(F)(F)F,1
403.65,Cc1cc(C)n(-c2ccccc2)[nH+]1,F[B-](F)(F)F,1
451.65,COC(=O)C=C(C(=O)OC)[n+]1c(C)cc(C)n1-c1ccccc1,F[B-](F)(F)F,1
539.0,Cc1c(C)[n+](C)c(-c2ccc(-c3n(C)c(C)c(C)[n+]3C)[cH-]2)n1C,F[P-](F)(F)(F)(F)F,1
346.4,OCC[NH+](CCO)CCO,O=C([O-])CSc1ccc(Cl)cc1,1
419.15,Cc1[nH+]c[nH]c1CSCCNC(=NC#N)N(C)N=O,O=[N+]([O-])[O-],1
508.5,COc1ccc2nc(N(C)C)cc(N(C)C)c2c1[NH+](C)C,[O-][Cl+3]([O-])([O-])[O-],1
399.0,C[NH2+]C(C)C(O)c1ccccc1,O=C([O-])CCC(c1ccc(Cl)c(Cl)c1)c1ccccn1,1
427.65,CCC1C(=O)C=C(c2ccccc2)[S+]1CC,F[B-](F)(F)F,1
492.15,CC(C)CC([NH3+])C(=O)O,O=C1C(O)=C(Cl)C(=O)C([O-])=C1Cl,1
444.15,CN(C)c1c(N(C)C)[c+]1O[c+]1c(N(C)C)c1N(C)C,O=S(=O)([O-])C(F)(F)F,1
450.65,C[NH+]1C2CCC1CC(CCOC(c1ccc(F)cc1)c1ccc(F)cc1)C2,O=C([O-])C=CC(=O)O,1
392.65,CC(C)[NH2+]C(C)C,CC(C)NP(=[Se])([Se-])c1ccccc1,1
432.0,Cc1ccc(S(=O)(=O)OCC2CCC[NH+]3CCCCC23)cc1,Cc1ccc(S(=O)(=O)[O-])cc1,1
474.65,c1ccc(-c2cc[nH+]cc2)nc1,O=C1C([O-])=C(Br)C(=O)C([O-])=C1Br,1
487.65,c1ccc(-c2cc[nH+]cc2)nc1,O=C1C([O-])=C(Cl)C(=O)C([O-])=C1Cl,1
526.65,C(=Cc1cc[nH+]cc1)c1cc[nH+]cc1,O=C1C([O-])=C(Br)C(=O)C([O-])=C1Br,1
554.15,C(=Cc1cc[nH+]cc1)c1cc[nH+]cc1,O=C1C([O-])=C(Cl)C(=O)C([O-])=C1Cl,1
492.15,C(#Cc1cc[nH+]cc1)c1ccncc1,O=C1C(O)=C(Br)C(=O)C([O-])=C1Br,1
495.65,CC1C2Cc3[nH+]csc3C1(C)CC[NH2+]2,O=C([O-])C(=O)[O-],1
380.0,CC(=O)c1cc[n+](Cc2ccccc2)cc1C(=O)N(C(C)C)C(C)C,[O-][Cl+3]([O-])([O-])[O-],1
398.15,C1CS[P+]2(S1)SCCS2,Cl[B-](Cl)(Cl)Cl,1
447.0,c1ccc(CN(Cc2cccc[nH+]2)Cc2cccc[n+]2Cc2ccccn2)nc1,[O-][Cl+3]([O-])([O-])[O-],1
545.0,O=C(O)C[N+]12CC[NH+](CC1)CC2,O=c1c([O-])c([O-])c1=O,1
466.15,CCC[NH+]1CCCC2Cc3[nH]ncc3CC21,CC(C)(C)OC(=O)NC(C(=O)[O-])c1ccccc1,1
427.0,IC1=Cc2ccc3c4c(ccc(c24)[S+]1)C=CS3,O=[N+]([O-])[O-],1
460.65,C[n+]1ccccc1-c1nc(C#N)c(C#N)nc1-c1ccccn1,Cc1ccc(S(=O)(=O)[O-])cc1,1
399.0,CC([NH3+])c1ccccc1,O=C([O-])C(O)C(Cl)(Cl)Cl,1
420.65,C[NH+](C)Cc1c2ccccc2cc2ccccc12,O=C([O-])CCC(=O)[O-],1
405.65,C[NH+](C)Cc1c2ccccc2cc2ccccc12,O=C([O-])CCCCC(=O)O,1
410.65,C[NH+](C)Cc1c2ccccc2cc2ccccc12,O=C([O-])C#CC(=O)[O-],1
398.15,[NH3+]Cc1ccccc1,O=C([O-])C=Cc1ccccc1,1
391.15,[NH3+]Cc1ccccc1,O=C([O-])C=Cc1cccc(Cl)c1,1
393.15,[NH3+]Cc1ccccc1,O=C([O-])C=Cc1cccc(Br)c1,1
447.15,[NH3+]Cc1ccccc1,Cc1ccc(C=CC(=O)[O-])cc1,1
411.15,[NH3+]Cc1ccccc1,Cc1cccc(C=CC(=O)[O-])c1,1
399.15,[NH3+]Cc1ccccc1,Cc1ccccc1C=CC(=O)[O-],1
383.15,O=C(O)Cn1cc[n+](CC(=O)O)c1,[O-][Cl+3]([O-])([O-])[O-],1
409.15,[NH3+]Cc1ccccc1,O=C([O-])C=Cc1cccc([N+](=O)[O-])c1,1
521.15,NC(N)=Nc1[nH]c2ccccc2[nH+]1,[O-][Cl+3]([O-])([O-])[O-],1
461.15,c1cc[nH+]cc1,c1ccc2c(c1)O[Si-]1(c3cccc4ccccc34)(O2)Oc2ccccc2O1,1
476.4,c1cc[nH+]cc1,Clc1ccccc1[Si-]12(Oc3ccccc3O1)Oc1ccccc1O2,1
405.65,[NH3+]CCCCCC[NH3+],c1ccc([Si-]23(OCCO2)OCCO3)cc1,1
471.0,C1C[NH+]2CCN1CC2,O=C([O-])c1ccc([N+](=O)[O-])cc1[N+](=O)[O-],1
458.0,C[n+]1ccn(Cn2cc[n+](C)c2)c1,O=[N+]([O-])c1cc([N+](=O)[O-])c([O-])c([N+](=O)[O-])c1,1
514.5,C[n+]1ccccc1C=Cc1ccc(O)cc1,O=S(=O)([O-])c1ccc(Br)cc1,1
489.0,C[n+]1cnn(Cn2c[n+](C)cn2)c1,O=[N+]([O-])c1cc([N+](=O)[O-])c([O-])c([N+](=O)[O-])c1,1
408.15,c1cc[nH+]cc1,O=C([S-])c1cccc(C(=O)[S-])[nH+]1,1
433.65,[NH3+]Cc1cccs1,COC(=O)c1nnn(Cc2cccs2)c1[O-],1
431.1,C[NH2+]C(C)C(O)c1ccccc1,COC(=O)C1CC=CCC1C(=O)[O-],1
436.15,N#[N+]c1cccc2ccc[n+]([O-])c12,F[B-](F)(F)F,1
501.15,N#CC(=C1C=CC=CC=C1)[c+]1c(-c2ccccc2)c1-c1ccccc1,F[B-](F)(F)F,1
433.15,N#CC(=C1C=CC=CC=C1)[c+]1cccccc1,[O-][Cl+3]([O-])([O-])[O-],1
455.85,NNC(NN)=[NH+]N,O=[N+]([O-])[N-]c1nonc1-c1noc(-c2nc(-c3nonc3[N-][N+](=O)[O-])no2)n1,1
455.85,Nc1[nH]cn[nH+]1,O=[N+]([O-])[N-]c1nonc1-c1noc(-c2nc(-c3nonc3[N-][N+](=O)[O-])no2)n1,1
398.15,[NH3+]CC[NH3+],[S-]SSSS[S-],1
468.65,CN(C)C=C(C=C(C=[N+](C)C)[N+](=O)[O-])[N+](=O)[O-],[O-][Cl+3]([O-])([O-])[O-],1
411.15,CC(C)(C)[Si](C)(C)C#C[I+]c1ccccc1,O=S(=O)([O-])C(F)(F)F,1
415.15,c1ccc(C[NH+]2COCC3CCCCC32)cc1,O=[N+]([O-])c1cc([N+](=O)[O-])c([O-])c([N+](=O)[O-])c1,1
485.65,CC1=[NH+]C2CC(=O)C1C(C)C2,O=[N+]([O-])c1cc([N+](=O)[O-])c([O-])c([N+](=O)[O-])c1,1
490.0,Cc1cc[nH+]c2c1NC(=O)c1cccnc1N2C1CC1,O=[N+]([O-])c1cc([N+](=O)[O-])c([O-])c([N+](=O)[O-])c1,1
443.0,Nc1[nH]nc[nH+]1,O=C([O-])C(O)C(O)C(=O)O,1
428.65,c1ccc(C[NH+]2CC3CSCC(C3)C2)cc1,[O-][Cl+3]([O-])([O-])[O-],1
522.65,OC1(c2ccccc2)C2CSCC1C[NH+](Cc1ccccc1)C2,[O-][Cl+3]([O-])([O-])[O-],1
347.0,CCCC[P+](CCCC)(CCCC)CCCC,c1ccc(-c2nnn[n-]2)cc1,1
485.15,Clc1ccc2c[n+]3ccccc3cc2c1,F[B-](F)(F)F,1
464.65,c1cnc(NCCCCNc2nccc[nH+]2)[nH+]c1,F[B-](F)(F)F,1
420.0,[NH2+]=CNO,O=C([O-])C(=O)O,1
525.65,c1c[nH+]c(-c2cc(-c3[nH]cc[nH+]3)cc(-c3[nH]cc[nH+]3)c2)[nH]1,O=C([O-])C(F)(F)F,1
431.65,C[S+]1c2ccccc2C(c2ccccc2)c2ccccc21,F[B-](F)(F)F,1
468.15,COc1ccc(N2C(=[N+](C)C)Nc3ccc(OC)cc3S2=O)cc1,F[B-](F)(F)F,1
433.65,Cn1n[n+](C)nc1N,O=[N+]([O-])[c-]1nnnn1,1
361.65,CN(C)c1ccccc1[N+]#N,F[B-](F)(F)F,1
441.65,Cc1cc(C)c(N2C=[N+](Cc3ccc4c(n3)C3CC(C4)C3(C)C)CC2)c(C)c1,F[B-](F)(F)F,1
484.15,Cc1cccc2c1-c1c(C)cccc1[NH2+]C(C)C(C)[NH2+]2,O=[N+]([O-])[O-],1
485.0,Nc1n[nH+]c(N)n1N,N(=N[c-]1nnnn1)[c-]1nnnn1,1
485.0,Nc1n[nH+]c(N)n1N,N(=Nc1nnn[n-]1)c1nnn[n-]1,1
468.65,C(=C1NCCN1)C1=[NH+]CCN1,F[P-](F)(F)(F)(F)F,1
452.65,CC1CCc2cc(F)ccc2[NH2+]1,CC12CCC(C(Br)C1=O)C2(C)CS(=O)(=O)[O-],1
373.0,Nc1ccc[nH+]c1,Cc1ccc(S(=O)(=O)[O-])cc1,1
382.65,CC[N+](CC)(CC)CC,O=C(Nc1ccccc1Cl)c1cc(Cl)cc(Br)c1[O-],1
438.15,c1ccc2[nH+]p[nH]c2c1,O=S(=O)([O-])C(F)(F)F,1
311.15,C[NH+](C)N,[N-]=[N+]=[N-],1
583.15,ON=Cc1cc[nH+]cc1,O=c1c([O-])c([O-])c1=O,1
312.9,CCn1cc[n+](C)c1,COP(=O)([O-])OC,1
478.15,Cc1cc(-c2ccncc2)nc(N)[nH+]1,O=C([O-])c1c(F)c(F)c(Br)c(F)c1F,1
429.15,CCOC(=O)C=CC1CCc2ccc3ccc[nH+]c3c2O1,F[B-](F)(F)F,1
401.15,NNC(N)=[NH2+],O=[N+]([O-])c1nnn(Cc2nnn[n-]2)n1,1
489.15,C[N+](C)(C)CCO,O=C1[N-]C(=O)C(c2ccccc2)(c2ccccc2)N1,1
467.15,[NH3+]C1CCCCC1,O=C([O-])CC(NC(=O)CP(=O)([O-])O)C(=O)[O-],1
463.15,[NH3+]C1CCCCC1,NC(=O)NC(CC(=O)[O-])C(=O)[O-],1
493.15,C1=C(C2CC2)C=[N+](c2ccccc2)CCN1c1ccccc1,[O-][Cl+3]([O-])([O-])[O-],1
405.65,C[N+](C)=CC=Cc1ccccc1,[O-][Cl+3]([O-])([O-])[O-],1
428.65,COc1ccc(C=CC=[N+](C)C)cc1,[O-][Cl+3]([O-])([O-])[O-],1
487.65,OC1(O)C2CSCC1C[NH+](Cc1ccccc1)C2,[O-][Cl+3]([O-])([O-])[O-],1
411.15,ON=C(Cl)c1cc[nH+]cc1O,O=[N+]([O-])[O-],1
384.15,c1cc2ccoc2c[nH+]1,O=[N+]([O-])C(=N[O-])c1ccncc1O,1
481.5,Nc1nc2c(ncn2C2C=CC(CO)C2)c(NC2CC2)[nH+]1,O=S(=O)([O-])[O-],1
381.15,CN1CC[NH+](C)B1N(c1ccccc1)c1ccccc1,O=S(=O)([O-])C(F)(F)F,1
458.65,Oc1ccc(O)c([S+]2CCCC2)c1,[O-][Cl+3]([O-])([O-])[O-],1
471.15,CC1(C)C2CCC1(NC(=O)C1CC(O)C[NH2+]1)C(O)C2,O=C([O-])C(F)(F)F,1
263.0,C[NH3+],F[As-](F)(F)(F)(F)F,1
390.65,CNC(N)=[NH2+],O=C[O-],1
435.15,CC[n+]1ccn(C)c1,Cl[P-](Cl)(Cl)(Cl)(Cl)Cl,1
352.15,CCCC[n+]1ccc(C)cc1,Cl[P-](Cl)(Cl)(Cl)(Cl)Cl,1
478.76,[NH3+]C(CO)C(O)c1ccccc1,O=C([O-])C=CC(=O)[O-],1
503.56,[NH3+]C(CO)C(O)c1ccc([N+](=O)[O-])cc1,O=C([O-])C(=O)[O-],1
452.0,NC(=[NH2+])NC(N)=O,O=[PH]([O-])O,1
408.15,C[N+]1(C#N)CCCC2CCCCC21,F[B-](F)(F)F,1
414.4,CC(C)C[S+]1Cc2ccccc2C1,[O-][Cl+3]([O-])([O-])[O-],1
434.15,CNC(=O)N(C)CN(C)C(=[OH+])NC,O=S(=O)([O-])C(F)(F)F,1
498.15,CC[N+](CC)(CC)CC,CC(C)(C)[Si-]12(Oc3ccccc3O1)Oc1ccccc1O2,1
493.15,CC[NH+](CC)CC,c1ccc([Si-]23(Oc4ccccc4O2)Oc2ccccc2O3)cc1,1
476.65,CC[NH+](CC)CC,CS(=O)(=O)c1ncc2c(n1)c([O-])c(C#N)c1nc3ccccc3c(=O)n12,1
488.15,CN(C)[S+](N(C)C)N(C)C,[O-]C(F)(F)F,1
576.15,[NH3+]CC(C[NH3+])(C[NH3+])C[NH3+],O=S(=O)([O-])[O-],1
539.65,NC(=[NH2+])c1ccccc1,O=P([O-])(c1ccccc1)c1ccccc1,1
557.65,Cc1ccc(C(N)=[NH2+])cc1,O=P([O-])(c1ccccc1)c1ccccc1,1
352.8999999999999,CCCCCCCCCCCCCCCCCCn1cc[n+](C)c1,F[P-](F)(F)(F)(F)F,1
520.0,Nc1cc[nH]c(=O)[nH+]1,CC(=Cc1ccccc1)C=C1SC(=S)N(CC(=O)[O-])C1=O,1
505.0,C[n+]1c2ccccc2c(C(=O)Oc2c(F)cccc2F)c2ccccc21,O=S(=O)([O-])C(F)(F)F,1
529.0,COc1ccc(C=NNC(N)=[NH2+])c(OC)c1,O=P([O-])(O)O,1
458.15,CC([NH3+])c1ccccc1,COc1ccc2cc(C(O)C(=O)[O-])ccc2c1,1
469.9,Cc1ccccc1C(C)[NH3+],COc1ccc2cc(C(O)C(=O)[O-])ccc2c1,1
485.25,CC([NH3+])c1ccc2ccccc2c1,COc1ccc2cc(C(O)C(=O)[O-])ccc2c1,1
455.15,C[N+](C)(C)C,COC(=O)c1c(C(=O)OC)c(C(=O)OC)[c-](C(=O)OC)c1C(=O)OC,1
543.65,CN(C)c1[nH+]c2ccccc2n1C,[O-][Cl+3]([O-])([O-])[O-],1
471.65,CNc1n(C)c2ccccc2[n+]1C,[O-][Cl+3]([O-])([O-])[O-],1
366.65,NCCCCC[NH3+],CCC(C)(C)O[Si]([S-])(OC(C)(C)CC)OC(C)(C)CC,1
272.15,c1cc[nH+]cc1,F[H-]F,1
465.65,CC([NH2+]C1CCCCc2ccccc21)c1ccccc1,[O-][Cl+3]([O-])([O-])[O-],1
397.15,CC(C)([NH3+])CO,CC(=CCCC1C(C)(C)C2CCC13CCC(C)C3(O)C2)C(=O)[O-],1
392.15,COc1cccc(CC2CC2c2ccccc2)c1-c1cccc[nH+]1,Cc1ccc(S(=O)(=O)[O-])cc1,1
380.15,Cc1cccc(C2(C3CC3)CC2)c1C1=[NH+]CCO1,Cc1ccc(S(=O)(=O)[O-])cc1,1
476.65,C[NH3+],CN1C(=O)NC(=O)C12OC(=O)[N-]C2=O,1
508.0,NC(=O)C1CC[NH2+]CC1,O=C([O-])c1ccncc1,1
477.0,NC(=O)C1CC[NH2+]CC1,O=C([O-])c1nccnc1C(=O)O,1
553.65,CC(C)(C)C1=[NH+]c2cccc3cccc(c23)N1,F[B-](F)(F)F,1
392.15,CCOC(=[N+]=C(OCC)c1ccccc1)c1ccccc1,F[B-](F)(F)F,1
431.0,CC([NH3+])C(=O)O,O=[N+]([O-])[O-],1
422.15,CN1CC(=O)[NH+]=C1N,O=C([O-])c1ccccc1,1
452.15,CN1CC(=O)[NH+]=C1N,O=C([O-])c1ccccc1O,1
422.15,CC(C)C(C)[NH3+],O=C([O-])C(O)c1ccccc1,1
454.65,C(=C1CCCN1)C(=[NH+]C1CCCC1C1CCCCC1)c1ccccc1,CS(=O)(=O)[O-],1
429.15,Cc1c(C)[n+](C(C)C)cn1C(C)C,CCOC(=O)[C-](C(=O)OCC)[N+](=O)[O-],1
442.65,CC1=C(C)[S+]C(=C2SC3=C(SCCS3)S2)S1,F[P-](F)(F)(F)(F)F,1
441.65,CN(C)C(=PC(N(C)C)=[N+](C)C)N(C)C,[O-][Cl+3]([O-])([O-])[O-],1
418.15,c1c([CH+]c2cc3c4c(c2)CCN4CCC3)cc2c3c1CCCN3CC2,F[B-](F)(F)F,1
415.65,c1c([CH+]c2cc3c4c(c2)CCCN4CCC3)cc2c3c1CCCN3CCC2,F[B-](F)(F)F,1
421.65,CN1CCc2cc([CH+]c3ccc4c(c3)CCN4C)ccc21,F[B-](F)(F)F,1
434.15,c1cc(N2CCCC2)ccc1[CH+]c1ccc(N2CCCC2)cc1,F[B-](F)(F)F,1
511.15,C[n+]1c2ccccc2c(Oc2c3ccccc3[n+](C)c3ccccc23)c2ccccc21,F[B-](F)(F)F,1
557.15,Nc1c([N+](=O)[O-])c(N)[n+](O)c(N)[n+]1O,O=C([O-])C(F)(F)F,1
405.65,C[NH+]1C(CCCO)CC2CCCCC21,O=C([O-])C(O)C(O)C(=O)O,1
453.15,O=C(Nc1cc[nH+]cc1)Nc1cc[nH+]cc1,O=C([O-])C1(C(=O)[O-])CCC1,1
455.15,O=C(Nc1cccnc1)Nc1ccc[nH+]c1,O=C([O-])C1(C(=O)O)CCC1,1
449.15,O=C(Nc1cccnc1)Nc1ccc[nH+]c1,O=C([O-])C=CC(=O)[O-],1
440.65,CC([NH3+])c1ccccc1,COc1cccc2c1C(COC(=O)c1ccccc1)(C(=O)[O-])CC2,1
391.65,CC(C)N1C(C)CC(C)[NH+]1C(C)C,O=[N+]([O-])c1cc([N+](=O)[O-])c([O-])c([N+](=O)[O-])c1,1
459.15,COc1cc[n+]2c(c1C)CSn1c-2nc2ccccc21,F[B-](F)(F)F,1
499.15,C[N+]12CCCCC1C1CC(C2)C2CCCCN2C1,[O-][Cl+3]([O-])([O-])[O-],1
427.15,CC(C)P(c1n(C)cc[n+]1C)C(C)C,F[P-](F)(F)(F)(F)F,1
417.15,c1ccc[cH+]cc1,COC(=O)c1c(C(=O)OC)c(C(=O)OC)[c-](C(=O)OC)c1C(=O)OC,1
522.15,C[n+]1c2cccc1CCCCCCC2,[O-][Cl+3]([O-])([O-])[O-],1
409.15,C1CC[NH2+]CC1,Cc1cccc(NC(=O)C(C#N)=CC2=C([O-])CC(C)(C)CC2=O)c1,1
422.15,C[NH2+]C,O=C([O-])C(=O)O,1
477.15,CCN(CC)[P+]12N(C)C(=O)N(C)[P+]1(C)N(C)C(=O)N2C,O=S(=O)([O-])C(F)(F)F,1
479.15,O=[N+]([O-])c1ccc(-c2cn3ccccc3[o+]2)cc1,[N-]=C=S,1
435.15,CC1CCCC2N1C(=O)C1CCCC1[NH+]2C,O=[N+]([O-])c1cc([N+](=O)[O-])c([O-])c([N+](=O)[O-])c1,1
566.15,C[N+](C)(C)C,c1ccc(B2OB(c3ccccc3)O[B-](c3ccccc3)(c3ccccc3)O2)cc1,1
356.65,Cn1cc[n+](OCc2ccccc2)c1,F[P-](F)(F)(F)(F)F,1
417.65,Cc1n(C)cc[n+]1O,Cc1ccc(S(=O)(=O)[O-])cc1,1
453.15,CC([NH3+])c1ccccc1,O=C(NC(C(=O)[O-])c1ccccc1)C(=O)NC(C(=O)[O-])c1ccccc1,1
440.15,COC(=O)C1=CC(C)[NH2+]C1c1ccc([N+](=O)[O-])cc1,O=[N+]([O-])c1cc([N+](=O)[O-])c([O-])c([N+](=O)[O-])c1,1
463.0,Cc1nc2ccccc2[nH+]c1C,O=S(=O)([O-])c1ccc(Cl)cc1,1
420.65,C#CCC[n+]1ccccc1C#Cc1cccc[n+]1CCC#C,O=S(=O)([O-])C(F)(F)F,1
515.65,c1cc[n+]2c(c1)-c1c(ccc3c1-c1cccc[n+]1CC3)CC2,O=S(=O)([O-])C(F)(F)F,1
521.15,c1cc[n+]2c(c1)-c1c(ccc3c1-c1c4ccccc4cc[n+]1CC3)CC2,O=S(=O)([O-])C(F)(F)F,1
435.0,NC(=O)c1cc[nH+]cc1,CC([O-])=C(C#N)C(=O)Nc1ccc(C(F)(F)F)cc1,1
434.0,[NH3+]CCO,CC([O-])=C(C#N)C(=O)Nc1ccc(C(F)(F)F)cc1,1
422.0,OCC[NH2+]CCO,CC([O-])=C(C#N)C(=O)Nc1ccc(C(F)(F)F)cc1,1
436.65,CN1C(=O)C(Cc2ccccc2)[N+](=CC=Cc2ccccc2)C1(C)C,F[P-](F)(F)(F)(F)F,1
567.15,COC(=O)c1cc2c[n+](C)c1CCc1cc(C(=O)OC)c([n+](C)c1)CC2,[O-][Cl+3]([O-])([O-])[O-],1
462.15,COc1cccc(C2(C)CCC[NH2+]C2)c1,O=C([O-])C(O)C(O)C(=O)O,1
438.15,c1cc[nH+]cc1,Cc1cc(Cl)ccc1[N-]C(C#N)=c1ccc(=C(C#N)C#N)cc1,1
409.15,N[NH3+],[N-]=[N+]=Nc1nnn[n-]1,1
463.65,CN(C)c1cccc2ccc3cccc([NH+](C)C)c3c12,[O-][Cl+3]([O-])([O-])[O-],1
473.65,C1CC2OC3C4CCCN3C3[NH2+]CCCC23C4C1,O=[N+]([O-])[O-],1
416.5,Cc1[nH+]c2ccccn2c(=O)c1CCCl,O=[N+]([O-])c1cc([N+](=O)[O-])c([O-])c([N+](=O)[O-])c1,1
459.15,c1ccc2c(c1)OCC1CO[NH2+]C21,CC1(C)C2CCC1(CS(=O)(=O)[O-])C(=O)C2,1
459.15,[NH3+]c1cccc(O)c1,O=C([O-])c1ccc([N+](=O)[O-])cc1Cl,1
478.15,C[n+]1c2cccc1CCCCCC2,[O-][Cl+3]([O-])([O-])[O-],1
443.0,c1c[nH+]c[nH]1,Nc1ccc(C(=O)[O-])cc1,1
543.5,NC(N)=[NH2+],O=C([O-])c1ccc2ccccc2n1,1
470.5,O=C(O)c1ccc[nH+]c1,O=C([O-])C(O)C(O)C(=O)O,1
533.0,C[NH2+]C,Cn1c(=O)c2c(=O)c(C#N)c[n-]c2n(C)c1=O,1
471.15,C=CC1C[N+]2(CCCC)CCC1CC2C(O)c1ccnc2ccc(OC)cc12,F[B-](F)(F)F,1
411.0,CC(CN1c2ccccc2CCc2ccccc21)C[NH+](C)C,O=C([O-])C=CC(=O)O,1
383.0,O=[N+]([O-])c1ccc(Cc2cccc[nH+]2)c([N+](=O)[O-])c1,O=C([O-])c1cc([N+](=O)[O-])cc([N+](=O)[O-])c1O,1
514.0,NC(N)=[NH2+],O=C([O-])c1cccc([N+](=O)[O-])c1,1
443.0,NC(N)=[NH2+],O=C([O-])Cc1ccccc1,1
381.65,C1CCC([NH2+]C2CCCCC2)CC1,CCC(C)([C][C]C(C)O)C(=O)[O-],1
465.0,CCc1ccc([NH3+])cc1,Cc1ccc(S(=O)(=O)[O-])cc1,1
410.0,c1c[nH+]ccn1,O=S(=O)([O-])O,1
459.15,NC(N)=[S+]Cc1ccccc1,O=S(=O)([O-])c1ccc(Br)cc1,1
565.65,Cn1c(N2CCN3CCN4CC[N+](=C34)CC2)cc(=O)[nH]c1=O,[O-][Cl+3]([O-])([O-])[O-],1
423.15,COc1ccc(SCC=NNC(N)=[NH2+])cc1,O=S(=O)([O-])[O-],1
425.15,CC([NH3+])c1ccccc1,CCOP(=O)([O-])C(C)(O)c1ccccc1,1
441.15,CN(C)C(OC(=CC(=O)c1ccccc1)c1ccccc1)=[N+](C)C,O=S(=O)([O-])C(F)(F)F,1
387.65,CC[NH+](CC)CC,[O-][As](O)(=S)c1ccccc1,1
454.0,NC(=O)c1ccc[nH+]c1,NC(=O)C(=O)[O-],1
405.4,Nc1cccc(N)[nH+]1,O=C([O-])c1c([N+](=O)[O-])cc([N+](=O)[O-])cc1[N+](=O)[O-],1
393.65,C1=CC2(CCCC2)[c+]2cccccc21,F[P-](F)(F)(F)(F)F,1
405.15,C1COCC[NH2+]1,[N-]=[N+]=[N-],1
332.15,N[NH+]1CCCCCC1,[N-]=[N+]=[N-],1
469.15,CCCC(N)=[NH2+],O=[N+]([O-])[O-],1
466.15,CCC(N)=[NH2+],O=[N+]([O-])[O-],1
463.15,CCCCC(N)=[NH2+],O=[N+]([O-])[O-],1
530.15,C=CC[n+]1cc2ccc3c[n+](CC=C)cc4ccc(c1)c2c34,[O-][Cl+3]([O-])([O-])[O-],1
418.15,C[n+]1ccc(N)cc1,O=S(=O)([O-])c1ccc(O)cc1,1
463.15,C[n+]1ccc(N)cc1,COc1ccc(S(=O)(=O)[O-])cc1,1
458.15,C[n+]1ccc(N)cc1,Cc1ccc(S(=O)(=O)[O-])cc1,1
469.15,C[n+]1ccc(N)cc1,O=S(=O)([O-])c1ccc(Cl)cc1,1
472.15,C[n+]1ccc(N)cc1,O=S(=O)([O-])c1ccc(Br)cc1,1
384.15,C=CCN(CC=C)C(=O)C[S+](C)C1C2CCC(C)(C1OC)C2(C)C,[O-][Cl+3]([O-])([O-])[O-],1
484.15,NC(N)=[NH2+],O=C(O)c1cccc(S(=O)(=O)[O-])c1,1
492.65,Nc1ccc([N+](=O)[O-])c[nH+]1,Cc1ccc([N+](=O)[O-])cc1S(=O)(=O)[O-],1
478.65,Nc1ccc([N+](=O)[O-])c[nH+]1,Cc1ccc(S(=O)(=O)[O-])cc1,1
454.65,Nc1ccc([N+](=O)[O-])c[nH+]1,O=S(=O)([O-])c1ccc(Cl)cc1,1
475.15,Nc1ccc([N+](=O)[O-])c[nH+]1,O=S(=O)([O-])c1ccc(O)cc1,1
361.0,C[N+](C)(C)C,O[B-](C(F)(F)C(F)(F)F)(C(F)(F)C(F)(F)F)C(F)(F)C(F)(F)F,1
386.5,[NH3+]c1ccccc1,O=P[O-],1
397.0,NC(=[NH2+])N1CCCCC1,CCOC(=O)[O-],1
413.0,NC(=[NH2+])N1CCOCC1,CCOC(=O)[O-],1
408.15,N[NH3+],O=[N+]([O-])c1nn[n-]n1,1
485.15,NC(N)=[NH2+],O=[N+]([O-])c1nn[n-]n1,1
420.15,NNC(N)=[NH2+],O=[N+]([O-])c1nn[n-]n1,1
381.15,NNC(=[NH2+])NN,O=[N+]([O-])c1nn[n-]n1,1
369.15,NNC(NN)=[NH+]N,O=[N+]([O-])c1nn[n-]n1,1
447.0,CC(=O)c1cccc([NH3+])c1,O=P([O-])(O)O,1
425.0,CC(=O)c1cccc([NH3+])c1,O=[N+]([O-])[O-],1
397.15,N#Cc1ccc([N+]#N)cc1,Cc1ccc(S(=O)(=O)[O-])cc1,1
398.15,N#[N+]c1ccc(I)cc1,Cc1ccc(S(=O)(=O)[O-])cc1,1
428.15,N#[N+]c1ccccc1[N+](=O)[O-],Cc1ccc(S(=O)(=O)[O-])cc1,1
459.65,c1ccc([I+]c2cccc3ccccc23)cc1,F[B-](F)(F)F,1
351.65,C1=N[N+](c2ccccc2)=CC1=P(c1ccccc1)(c1ccccc1)c1ccccc1,F[B-](F)(F)F,1
417.15,CN1C=CN(C)C1=C1C=N[N+](c2ccccc2)=C1,F[B-](F)(F)F,1
404.15,Cn1cc([S+](c2ccccc2)c2ccccc2)c2ccccc21,F[B-](F)(F)F,1
458.8,C[NH3+],O=C(O)c1cc([N+](=O)[O-])cc([N+](=O)[O-])c1[O-],1
412.7,CC[NH+](CC)CC,O=C([O-])c1cc([N+](=O)[O-])cc([N+](=O)[O-])c1O,1
422.0,CSc1c2ccccc2[nH+]c2ccccc12,O=S(=O)([O-])C(F)(F)F,1
372.0,CCCCn1c(C)c(C)[n+](CCCC)c1C,F[P-](F)(F)(F)(F)F,1
441.15,CSc1ccc(C2C[NH+]3CCCC3c3ccccc32)cc1,O=C([O-])C(O)C(O)C(=O)O,1
463.15,CSc1ccc(C2C[NH+]3CCCC3c3ccccc32)cc1,[O-][Cl+3]([O-])([O-])[O-],1
463.65,CC(=CC1=[N+](C)c2ccccc2C1(C)C)C=C1N(C)c2ccccc2C1(C)C,F[B-](F)(F)F,1
521.65,CN1C(=CN=CC2=[N+](C)c3ccccc3C2(C)C)C(C)(C)c2ccccc21,F[B-](F)(F)F,1
462.55,CC1=[N+]2Nc3ccccc3C3(C)CCCC(C)(C)C23CC1,O=S(=O)([O-])C(F)(F)F,1
391.15,Cc1c(C)[n+](C)c(C)n1C,O=S(=O)([N-]S(=O)(=O)C(F)(F)F)C(F)(F)F,1
474.65,Cn1c(=O)c2c3cccc[cH+]c3sc2n(C)c1=O,F[B-](F)(F)F,1
496.0,C(=Cc1cc[nH+]cc1)c1cc[nH+]cc1,O=C([O-])C1CC(C(=O)O)CC(C(=O)O)C1,1
428.0,C[S+]1CCC2COC(C)(C)N2C(=O)C1,[O-][Cl+3]([O-])([O-])[O-],1
427.65,CCOC12C=CC(=O)CC1N1CCC[NH+]=C1CC2,O=S(=O)([O-])C(F)(F)F,1
433.0,CN(C)c1cc[nH+]cc1,O=[N+]([O-])c1ccc([O-])c([N+](=O)[O-])c1,1
501.65,Cc1cc(C)c(N(c2ccccn2)c2cccc[nH+]2)c(C)c1,F[B-](F)(F)F,1
496.15,CC(C)c1ccccc1N(c1ccccn1)c1cccc[nH+]1,F[B-](F)(F)F,1
486.65,c1c[nH+]c[nH]1,O=C(Nc1ccc([N+](=O)[O-])cc1Cl)c1cc(Cl)ccc1[O-],1
430.0,Nc1[nH]c2ccccc2[nH+]1,CCOC(=O)CC(=O)[O-],1
434.15,C[N+](C)(C)CC(O)CCl,O=C([O-])C(O)C(O)C(=O)[O-],1
377.65,C[N+]1(CC(=O)O)CCOCC1,O=C([O-])c1ccccc1O,1
423.0,CCC(C)n1c[n+](C(C)(C)C)nc1[N+](=O)[O-],[O-][Cl+3]([O-])([O-])[O-],1
361.15,O=[N+]([O-])c1ccccc1[I+]O,O=C([O-])C(F)(F)F,1
480.0,Cc1ccc2c[o+]c3ccc(C)cc3c2c1,F[B-](F)(F)F,1
562.6,OCC[NH+]1CCNCC1,O=c1c([O-])c([O-])c1=O,1
579.72,[NH3+]CCN1CCCCC1,O=c1c([O-])c([O-])c1=O,1
606.6,[NH3+]CCN1CCOCC1,O=c1c([O-])c([O-])c1=O,1
377.65,CC([NH3+])c1ccccc1,CCOP([O-])(=S)CC,1
402.15,C#CC[N+](CC)(CC)CC,O=S(=O)([O-])c1ccc(Br)cc1,1
419.15,c1c[nH+]c[nH]1,O=C([O-])C1(C(=O)O)CCC1,1
396.15,c1ccc2[nH+]c[nH]c2c1,O=C([O-])C1(C(=O)O)CCC1,1
350.15,CCCCCCCCCCCCCCn1cc[n+](C)c1,F[P-](F)(F)(F)(F)F,1
376.3,C[NH+](C)CCOC(c1ccccc1)c1ccccc1,Cn1c(=O)c2nc(Cl)[n-]c2n(C)c1=O,1
413.0,O=C(C[P+](c1ccccc1)(c1ccccc1)c1ccccc1)c1ccccc1,O=C([O-])C=CC(=O)O,1
499.5,OC1(c2ccc(Cl)cc2)CC[NH2+]CC1,O=C([O-])c1ccccc1,1
436.15,Nc1cccc(N)[nH+]1,CS(=O)(=O)[N-]S(C)(=O)=O,1
480.65,Nc1cc(=O)[nH]c(N)[nH+]1,CS(=O)(=O)[N-]S(C)(=O)=O,1
497.65,C1C[NH2+]CCN1,NS(=O)(=O)c1cc(C(=O)[O-])c(NCc2ccco2)cc1Cl,1
508.15,C1C[NH2+]CC[NH2+]1,NS(=O)(=O)c1cc(C(=O)[O-])c(NCc2ccco2)cc1Cl,1
383.65,Cc1cncc[nH+]1,O=S1(=O)[C-](Br)S(=O)(=O)C(F)(F)C(F)(F)C1(F)F,1
354.0,NC(=[NH2+])SCCOC(F)(F)F,O=S(=O)([O-])C(F)(F)F,1
325.0,C[n+]1cc[nH]c1,O=S(=O)([N-]S(=O)(=O)C(F)(F)F)C(F)(F)F,1
405.4,COC12CCC([NH2+]1)C1C=CCCC12,O=[N+]([O-])c1cc([N+](=O)[O-])c([O-])c([N+](=O)[O-])c1,1
394.65,C1CCC([NH2+]C2CCCCC2)CC1,Nc1cc([N+](=O)[O-])ccc1C(=O)[O-],1
435.0,c1cc[n+](CC[n+]2ccccc2)cc1,[O-][I+2]([O-])[O-],1
517.15,Nc1nc2[nH]c3ccccc3c2c(-c2ccccc2)[nH+]1,O=[N+]([O-])[O-],1
484.65,Cn1c[n+](N)c2c3ccccc3ccc21,O=[N+]([O-])c1cc([N+](=O)[O-])c([O-])c([N+](=O)[O-])c1,1
413.0,[NH3+]C1CCCCC1,COc1ccc(C(=O)[O-])cc1,1
572.0,C[n+]1ccccc1-c1cc(-c2ccccc2)cc(-c2cccc[nH+]2)n1,[O-][Cl+3]([O-])([O-])[O-],1
419.15,CC[N+]1=NN(c2ccccc2Cl)CC1,[O-][Cl+3]([O-])([O-])[O-],1
440.0,[NH3+]CCc1c[nH+]c[nH]1,O=C([O-])C(=O)[O-],1
366.0,OCC[NH+](CCO)CCO,O=C([O-])CSc1c[nH]c2ccccc12,1
454.65,Oc1cccc2ccc[nH+]c12,Nc1ccccc1S(=O)(=O)[O-],1
409.15,CC1(C)[N+](=O)C(c2ccccc2)=[N+]([O-])C1(C)C,O=S(=O)([O-])C(F)(F)F,1
388.15,CC1(C)[N+](=O)C(c2ccccc2)=[N+]([O-])C1(C)C,O=[N+]([O-])c1cc([N+](=O)[O-])c([O-])c([N+](=O)[O-])c1,1
405.15,CC1(C)[NH+]=C(c2ccccc2)N(O)C1(C)C,O=S(=O)([O-])C(F)(F)F,1
584.0,Cc1cc2oc(-c3ccc(Cl)cc3)c[n+]2c2c1CCCCCC2,[O-][Cl+3]([O-])([O-])[O-],1
513.0,Cc1cc(C)n2cc(-c3ccc(Br)cc3)[o+]c2c1C#N,[O-][Cl+3]([O-])([O-])[O-],1
410.15,[2H]C([2H])([2H])[N+]1=CN(c2ccccc2C(C)(C)C)CC1C(C)C,F[P-](F)(F)(F)(F)F,1
313.0,CCCC[n+]1ccn(C)c1C,F[B-](F)(F)F,1
313.0,CCCC[n+]1ccn(C)c1C,F[P-](F)(F)(F)(F)F,1
479.15,CC1Sc2n(-c3ccccc3)nn[n+]2C1c1ccccc1,[O-][Cl+3]([O-])([O-])[O-],1
480.15,CC[NH+](CC)CC,O=C1O[P-]23(OC(=O)c4ccccc42)(OC(=O)c2ccccc23)c2ccccc21,1
473.15,CC[NH2+]CC,O=C([O-])c1ccccc1P(c1ccccc1)c1ccccc1,1
437.65,CC[NH2+]CC,O=C([O-])c1ccccc1P(=O)(c1ccccc1)c1ccccc1,1
498.15,CN(C)C(=[N+](C)C)P(=O)([O-])C(N(C)C)=[N+](C)C,[O-][Cl+3]([O-])([O-])[O-],1
521.5,CC1=CC(C)=[NH+]CCNC(C)=CC(C)=[NH+]CCN1,[O-][Cl+3]([O-])([O-])[O-],1
533.0,C1=CNC2CCC2[NH+]=CC=CNC2CCC2[NH+]=C1,[O-][Cl+3]([O-])([O-])[O-],1
490.65,CN(C)c1ccc(-c2ccc(-c3cc[n+](C)cc3)s2)s1,Cc1ccc(S(=O)(=O)[O-])cc1,1
408.15,Pc1cccc2cccc([PH3+])c12,O=S(=O)([O-])C(F)(F)F,1
461.0,O=C(c1ccco1)N1CC[NH2+]C2CCCCC21,O=C([O-])C(O)C(O)C(=O)O,1
436.0,CC([NH3+])c1ccccc1,CC(NP(=O)([O-])c1ccccc1)c1ccccc1,1
437.65,COC(C)=[NH+]C(C)(C)C[S+]1c2ccccc2Sc2ccccc21,[O-][Cl+3]([O-])([O-])[O-],1
419.15,CC1(C)N=[N+](c2ccccc2)C(=O)N1,F[B-](F)(F)F,1
421.65,CCC(=[NH+]C(C)(C)C[S+]1c2ccccc2Sc2ccccc21)OC,[O-][Cl+3]([O-])([O-])[O-],1
505.0,c1ccc2c(c1)C[NH2+]CCC[NH2+]Cc1ccccc1OCCCCO2,O=[N+]([O-])[O-],1
460.15,O=C(Cn1cc[nH+]c1)c1ccccc1,O=C([O-])c1cc([N+](=O)[O-])ccc1O,1
496.15,O=C(Cn1cc[nH+]c1)c1ccccc1,O=[N+]([O-])c1cc([N+](=O)[O-])c([O-])c([N+](=O)[O-])c1,1
410.15,CC(C)[NH2+]C(C)C,[BH3-]P(C)(=O)C(C)(C)C,1
400.0,c1c[nH+]c[nH]1,O=C([O-])C(O)C(O)C(=O)[O-],1
423.15,c1ccc(C[NH2+]Cc2ccccc2)cc1,CC(C)(C)OC(=O)NCC(=O)[O-],1
391.65,C1CCC([NH2+]C2CCCCC2)CC1,CC(C)CC(NC(=O)OC(C)(C)C)C(=O)[O-],1
407.15,c1ccc(C[NH2+]Cc2ccccc2)cc1,CC(C)CC(NC(=O)OC(C)(C)C)C(=O)[O-],1
369.15,c1ccc(C[NH2+]Cc2ccccc2)cc1,CCC(C)C(NC(=O)OC(C)(C)C)C(=O)[O-],1
501.15,C1CCC([NH2+]C2CCCCC2)CC1,CC(C)(C)OC(=O)NC(Cc1ccccc1)C(=O)[O-],1
403.15,c1ccc(C[NH2+]Cc2ccccc2)cc1,CC(C)(C)OC(=O)NC(Cc1ccccc1)C(=O)[O-],1
383.15,c1ccc(C[NH2+]Cc2ccccc2)cc1,CC(NC(=O)OC(C)(C)C)C(=O)[O-],1
444.15,C1CCC([NH2+]C2CCCCC2)CC1,CC(C)(C)OC(=O)NCC(=O)[O-],1
327.9,C[Te]C(c1ccccc1)=[N+](C)C,O=S(=O)([O-])C(F)(F)F,1
438.15,CCCC[N+]1(C)CCCCC1C(=O)Nc1c(C)cccc1C,CS(=O)(=O)[O-],1
489.0,Cc1ccc(O)c(C(CC[NH+](C(C)C)C(C)C)c2ccccc2)c1,O=C([O-])C(O)C(O)C(=O)O,1
373.15,CN(C)[S+](N(C)C)C(F)(F)F,FC(F)(F)[S-],1
449.65,CC[NH2+]CC,O=P([O-])(O)Oc1cc(Br)c(Br)cc1O,1
367.15,Cc1n[n+](N)nn1C,O=[N+]([O-])[O-],1
434.65,c1ccc(C[NH+]2CC3C[Se]CC(C3)C2)cc1,[O-][Cl+3]([O-])([O-])[O-],1
539.65,C[NH+]1CCCC2C(c3ccccc3)c3ccccc3C21,O=C([O-])C(O)c1ccccc1,1
480.65,CC1(C)[N+](=O)C(c2ccccc2)=[N+]([O-])C1(C)C,[O-][Cl+3]([O-])([O-])[O-],1
492.0,CC(C)C12CCC3(C(C)C)CCC(C(C)C)(CC1)[O+]23,F[P-](F)(F)(F)(F)F,1
407.5,C1CC[NH2+]C1,O=C([O-])c1ccc(O)cc1,1
469.15,C[NH+](C)C12CC(=O)C(C(c3ccccc3)C1)C(c1ccccc1)C2,[N-]=C=S,1
336.15,CCCC[N+](CCCC)(CCCC)CCCC,C[Si-](F)(F)(F)c1ccccc1,1
510.0,CC1CC(C)(C)[NH2+]CCNC(C)CC(C)(C)[NH2+]CCN1,[N-]=C=S,1
521.1,[NH3+]c1ccc(C(=O)O)cc1,O=C(O)c1cc(S(=O)(=O)[O-])ccc1O,1
410.15,CC(C)(C)[NH2+]N,[N-]=[N+]=[N-],1
447.15,C[N+](C)(C)N,[N-]=[N+]=[N-],1
501.0,CCn1cc(C(=O)O)c(=O)c2cc(F)c(N3CC[NH+](C)CC3)cc21,O=C([O-])C=CC(=O)O,1
502.15,c1cc(-c2cc[nH+]cc2)cc[nH+]1,O=C1C([O-])=C(Cl)C(=O)C([O-])=C1Cl,1
546.0,CCn1cc(C(=O)O)c(=O)c2cc(F)c(N3CC[NH+](C)CC3)cc21,O=C([O-])C(=O)O,1
475.0,CCn1cc(C(=O)O)c(=O)c2cc(F)c(N3CC[NH+](C)CC3)cc21,O=C([O-])CCC(=O)O,1
489.65,C(=Cc1cccc[nH+]1)c1cccc[nH+]1,O=C1C([O-])=C(Cl)C(=O)C([O-])=C1Cl,1
415.15,Cc1c(C)[n+](C2CCCCC2)cn1C1CCCCC1,N#C[CH-]C#N,1
500.15,CN(C)c1ccc(C#Cc2cc[n+](C)cc2)cc1,O=S(=O)([O-])c1ccc(Cl)cc1,1
288.15,CCOP(=O)(OCC)C(C)(C)[NH2+]C(C)C,O=C([O-])C(O)c1ccccc1,1
528.45,Nc1cc[nH]c(=O)[nH+]1,O=C(O)c1cc([N+](=O)[O-])cc([N+](=O)[O-])c1[O-],1
382.0,COc1ccc([I+]c2ccc(OC)cc2)cc1,CCN(CC)C(=S)[S-],1
445.6,C1COCC[NH2+]1,O=C([O-])c1cc([N+](=O)[O-])ccc1O,1
511.0,C1CNC2=[NH+]CCCN2C1,O=C([O-])CCCCC(=O)O,1
401.15,COC(=O)C(C)C1CCC[NH2+]1,O=[N+]([O-])c1cc([N+](=O)[O-])c([O-])c([N+](=O)[O-])c1,1
453.15,COC(=O)C(C)C1CCCC[NH2+]1,O=[N+]([O-])c1cc([N+](=O)[O-])c([O-])c([N+](=O)[O-])c1,1
505.3,C[NH2+]C(C)C(O)c1ccccc1,CC1(C)COP(=O)([O-])OC1c1ccccc1,1
449.65,OC1(O)Cn2ccn([cH+]2)Cc2cccc(n2)Cn2ccn([cH+]2)C1,F[P-](F)(F)(F)(F)F,1
358.65,C[n+]1nnn(N)c1N,O=[N+]([O-])[N-][N+](=O)[O-],1
491.0,C[NH2+]C(C)C(O)c1ccccc1,CC1(C)CO[P-](=O)(=O)OC1c1ccccc1Cl,1
508.5,C[NH2+]C(C)C(O)c1ccccc1,CC1(C)CO[P-](=O)(=O)OC1c1ccccc1,1
378.15,CC[N+](CC)(CC)CC,O=[N+]([O-])c1nnc([N+](=O)[O-])[n-]1,1
476.65,[NH3+]CCc1c[nH]c2ccccc12,O=C([O-])c1ccc(Cl)cc1,1
489.15,CS[S+](C)C,F[As-](F)(F)(F)(F)F,1
463.15,CC([NH3+])C1CCCCC1,O=C([O-])c1ccc(C(=O)C2C3C=CC2CC3)cc1,1
339.15,c1cc[n+]2c(c1)SC1CCOC12,[O-][Cl+3]([O-])([O-])[O-],1
350.15,c1cc[n+]2c(c1)[Se]C1CCOC12,[O-][Cl+3]([O-])([O-])[O-],1
472.65,c1ccc2c(c1)CNCCC[NH2+]Cc1ccccc1OCCO2,[O-][Cl+3]([O-])([O-])[O-],1
469.65,c1ccc2c(c1)CNCCC[NH2+]Cc1ccccc1OCCO2,F[B-](F)(F)F,1
390.65,CCCC[N+](CCCC)(CCCC)CCCC,c1ccc2c(c1)CO[B-]1(OCc3ccccc3O1)O2,1
437.65,[NH3+]Cc1ccccc1,COc1ccc2cc(C(C)C(=O)[O-])ccc2c1,1
387.65,c1ccc(C[NH2+]Cc2ccccc2)cc1,COc1ccc2cc(C(C)C(=O)[O-])ccc2c1,1
460.5,[NH3+]c1cccc(I)c1,O=C(O)c1cccc([N+](=O)[O-])c1C(=O)[O-],1
389.65,C[n+]1ccc(C#N)cc1,[O-][Cl+3]([O-])([O-])[O-],1
432.7000000000001,CC[NH2+]CC,O=C(O)c1cc([N+](=O)[O-])cc([N+](=O)[O-])c1[O-],1
394.15,C[Se+]1CC2CC3=C(C2)CC(C3)C1,O=S(=O)([O-])C(F)(F)F,1
388.15,CCOC1CC2C(C(=O)OC)=C(C(=O)OC)C3(C)c4ccccc4N1[NH+]23,O=C([O-])C(=O)[O-],1
359.65,CCOC(=[N+]=C(C(C)(C)C)C(C)(C)C)OCC,F[B-](F)(F)F,1
531.65,COc1cc2c[n+](C)cc(-c3ccccc3)c2cc1OC,[O-][Cl+3]([O-])([O-])[O-],1
504.15,Clc1ccc2[nH+]c3c(c(-c4ccccc4)c2c1)CCc1c-3[nH]c2ccccc12,O=S(=O)([O-])[O-],1
468.15,CC(N)=[NH2+],O=[N+]([O-])[O-],1
504.0,CC(=O)OC1CSc2ccc3ccccc3[n+]21,[O-][Cl+3]([O-])([O-])[O-],1
508.5,C[n+]1ccccc1C=Cc1ccc(Cl)cc1,O=S(=O)([O-])c1ccc(Br)cc1,1
446.0,NC(N)=[NH2+],F[B-](F)(F)F,1
404.15,[NH3+]CC1(CC(=O)O)CCCCC1,O=C([O-])c1ccccc1O,1
399.15,[NH3+]CC1(CC(=O)O)CCCCC1,O=C([O-])c1ccc2ccccc2c1O,1
398.15,[NH3+]CC1(CC(=O)O)CCCCC1,O=C([O-])C(O)c1ccccc1,1
424.0,C[NH+](C)CCOC(c1ccccc1)c1ccccc1,O=C(O)CC(O)(CC(=O)O)C(=O)[O-],1
385.15,COc1nc(OC)nc([N+]2(C)CCCCC2)n1,F[B-](F)(F)F,1
447.0,[NH3+]CCc1ccc(O)cc1,O=P([O-])(O)O,1
441.65,C[NH2+]C1CCCCC1N1CCCC1,O=C([O-])C(O)c1ccccc1,1
434.0,Cc1[nH][n+](C)c2c(-c3ccccc3)c[nH]c12,O=C([O-])C(F)(F)F,1
400.65,CN(C)P1(N(C)C)=C[P+](N(C)C)(N(C)C)C=P(N(C)C)(N(C)C)C1,F[B-](F)(F)F,1
393.65,COc1ccc2c(c1)N1CCC[NH+]=C1CC2,O=S(=O)([O-])C(F)(F)F,1
432.15,COc1ccc2c(c1)N1CCC[NH+]=C1C=C2,O=S(=O)([O-])C(F)(F)F,1
413.0,C[N+]1(O)CCOCC1,c1ccc([B-](c2ccccc2)(c2ccccc2)c2ccccc2)cc1,1
458.0,CC(C)(C)c1ccc(-[s+]2c3ccccc3c3ccccc32)cc1,O=S(=O)([O-])C(F)(F)F,1
486.65,COc1ccc2c(c1)CCCC2=N[NH+]=C(N)N,O=S(=O)([O-])[O-],1
513.65,CC[N+](CC)(CC)CC,O=C1c2sc(=S)sc2[C]([O-])c2sc(=S)sc21,1
525.4,CC(=O)NC1(C)CCC2CC1C(C)=[NH+]C2(C)C,[O-][Cl+3]([O-])([O-])[O-],1
529.0,[NH3+]C12CC3CC(CC(C3)C1)C2,O=C([O-])c1ccccc1,1
383.5,Cc1ccc([N+](=O)[O-])cc1NC(N)=[NH2+],O=[N+]([O-])c1cc([N+](=O)[O-])c([O-])c([N+](=O)[O-])c1,1
550.65,c1ccc(-c2c(-c3ccccc3)[n+](-c3ccccc3)nc3ccccc23)cc1,F[B-](F)(F)F,1
526.65,CCOC(OCC)c1c(-c2ccccc2)[n+](-c2ccccc2)nc2ccccc12,F[B-](F)(F)F,1
484.65,COC(=O)c1c(-c2ccccc2)c2ccccc2n[n+]1-c1ccccc1,F[B-](F)(F)F,1
415.15,c1c[n+](C2CCCCC2)[se][n+]1C1CCCCC1,O=S(=O)([O-])C(F)(F)F,1
463.0,CC(C)[NH2+]C(C)C,O=C([O-])c1cc(Cl)c(Cl)cc1C(=O)O,1
356.15,[NH3+]CCOC(=O)c1ccccc1,O=[N+]([O-])[O-],1
421.15,CC(C)([NH3+])COC(=O)c1ccccc1,O=[N+]([O-])[O-],1
435.65,CC([NH3+])c1ccccc1,CC1=CC2OC(=O)C(C1)C2C(=O)[O-],1
463.0,[NH3+]C(Cc1c[nH+]c[nH]1)C(=O)[O-],O=C([O-])c1ccc([N+](=O)[O-])cc1,1
452.15,COC(=O)C(c1ccccc1Cl)[NH+]1CCc2sccc2C1,O=S(=O)([O-])O,1
573.0,NC1CCCCC1[NH3+],O=C([O-])c1cc2ccccc2c(-c2c(O)c(C(=O)O)cc3ccccc23)c1O,1
425.15,C1CC[N+](=C2CC(=[N+]3CCCCC3)C23CCCCC3)CC1,F[B-](F)(F)F,1
403.65,CN(C)c1ccc(C(=O)c2ccc([NH+](C)C)cc2)cc1,O=S(=O)([O-])C(F)(F)F,1
409.45,CC(C)NC(=[NH+]C(C)C)OCc1ccccc1,O=S(=O)([O-])C(F)(F)F,1
391.65,c1ccc2c(c1)[NH2+]C1CCCC21,Cc1ccc(S(=O)(=O)NC(C(=O)[O-])c2ccccc2)cc1,1
412.5,C1COCCOCC[NH2+]CCOCCOCC[NH2+]1,O=c1cccccc1[O-],1
380.0,C1COCCOCC[NH2+]CCOCCOCC[NH2+]1,COc1cc(C=O)ccc1[O-],1
417.15,Nn1cc[n+](N)c1,F[P-](F)(F)(F)(F)F,1
560.65,c1ccc(Nc2cccc(Nc3cccc[nH+]3)c2)[nH+]c1,O=c1c([O-])c([O-])c1=O,1
484.15,c1ccc(Nc2cccc(Nc3cccc[nH+]3)c2)nc1,O=C([O-])c1ccc(C(=O)[O-])cc1,1
471.65,c1ccc(Nc2ccc(Nc3cccc[nH+]3)cc2)[nH+]c1,O=C([O-])CC(=O)[O-],1
557.65,c1ccc(Nc2ccc(Nc3cccc[nH+]3)cc2)[nH+]c1,O=c1c([O-])c([O-])c1=O,1
532.15,c1ccc(Nc2ccc(Nc3cccc[nH+]3)cc2)[nH+]c1,O=C([O-])c1ccc(C(=O)[O-])cc1,1
433.65,c1ccc(Nc2ccccc2Oc2ccccc2Nc2cccc[nH+]2)nc1,O=C([O-])C=CC(=O)[O-],1
330.0,NC(N)=[NH2+],N#C[N-]C#N,1
509.05,[NH3+]CCCCC[NH3+],O=C([O-])c1cccc(C(=O)[O-])c1,1
502.15,Cc1csc([C-](C(=O)C(F)(F)F)[n+]2ccc(O)cc2)[nH+]1,O=C([O-])C(F)(F)F,1
427.15,C[N+](C)(C)CCOC(=O)CCC[NH3+],O=C([O-])C(O)C(O)C(=O)[O-],1
430.15,CCC1(C)C[S+](c2ccccc2)CC1(C)CC,F[B-](F)(F)F,1
363.9,c1ccc([S+]2CCCC2)cc1,[O-][Cl+3]([O-])([O-])[O-],1
437.5,OCC(CO)[NH2+]C1CC(CO)C(O)C(O)C1O,O=[N+]([O-])c1cc([N+](=O)[O-])c([O-])c([N+](=O)[O-])c1,1
433.15,CCC1CCC2CC(C(=O)OC)C13c1c(c4ccccc4n1C)CC[NH+]23,[O-][Cl+3]([O-])([O-])[O-],1
505.15,CCC1CCC2C(C(=O)OC)CC13c1c(c4ccccc4n1C)CC[NH+]23,[O-][Cl+3]([O-])([O-])[O-],1
432.15,C1COCC[NH2+]1,O=C([O-])C(O)C(O)C(=O)O,1
497.15,C[N+](C)=C[C-](C=[N+](C)C)C=[N+](C)C,[O-][Cl+3]([O-])([O-])[O-],1
398.0,[NH3+]c1ccc(Cl)cc1,O=C([O-])C(Cl)(Cl)Cl,1
434.0,C[n+]1nn[nH]c1N,O=[N+]([O-])c1cc([N+](=O)[O-])c([O-])c([N+](=O)[O-])c1,1
551.15,O=[N+]([O-])c1ccc(-c2nsc(=[N+]3CCOCC3)s2)cc1,F[B-](F)(F)F,1
375.0,COc1ccc(C[NH3+])cc1,O=[N+]([O-])[O-],1
393.0,c1cc[nH+]cc1,O=C(Oc1ccccc1)C(C12CC3CC(CC(C3)C1)C2)S(=O)(=O)[O-],1
488.15,Cc1cc(C)[n+]2c(c1C#N)SCC2CBr,[O-][Cl+3]([O-])([O-])[O-],1
381.5,CC(=O)OCC[N+](C)(C)C,O=[N+]([O-])c1cc([N+](=O)[O-])c([O-])c([N+](=O)[O-])c1,1
375.15,Cn1cc([N+](=O)[O-])[n+](C)c1,COS(=O)(=O)[O-],1
388.65,CCn1cc([N+](=O)[O-])[n+](C)c1,O=S(=O)([O-])C(F)(F)F,1
386.15,Cn1cc[n+](C)c1[N+](=O)[O-],O=S(=O)([O-])C(F)(F)F,1
409.65,Cn1c[n+](C)c(C#N)c1C#N,COS(=O)(=O)[O-],1
366.15,CC[NH2+]CC,CC(C)(C)O[Si]([S-])(OC(C)(C)C)OC(C)(C)C,1
367.15,C1COCC[NH2+]1,CC(C)(C)O[Si]([S-])(OC(C)(C)C)OC(C)(C)C,1
362.65,C1CCC([NH2+]C2CCCCC2)CC1,CC(C)(C)O[Si]([S-])(OC(C)(C)C)OC(C)(C)C,1
378.15,CC1(C)CCCC(C)(C)[NH2+]1,CC(C)(C)O[Si]([S-])(OC(C)(C)C)OC(C)(C)C,1
518.15,C[N+](C)(C)C,CC(C)(C)C(=O)Nc1cccc(C=Nc2cccc(C(=O)[O-])c2)c1,1
453.65,C1COCCOCC[NH2+]CCOCCOCC[NH2+]1,O=[N+]([O-])[O-],1
420.0,C[NH+]=Cc1c(CO)c[nH+]c(C)c1[O-],O=C([O-])c1ccc([N+](=O)[O-])cc1,1
404.15,CC[NH+](CC)CC,COC(=O)C(C#N)=C1C([N+](=O)[O-])=C[C-]([N+](=O)[O-])C=C1[N+](=O)[O-],1
407.15,CC[NH+](CC)CC,COC(=O)C(C(=O)OC)=C1C([N+](=O)[O-])=C[C-]([N+](=O)[O-])C=C1[N+](=O)[O-],1
502.15,C(=Cc1cc[nH+]cc1)c1ccccc1,[O-][Cl+3]([O-])([O-])[O-],1
502.65,COc1ccc(C=Cc2cc[nH+]cc2)cc1,[O-][Cl+3]([O-])([O-])[O-],1
502.15,CSc1ccc(C=Cc2cc[nH+]cc2)cc1,[O-][Cl+3]([O-])([O-])[O-],1
534.15,COc1ccc(C=Cc2cc[nH+]cc2)cc1OC,[O-][Cl+3]([O-])([O-])[O-],1
396.0,[NH3+]CCO,O=C([O-])C(O)c1cccc(Cl)c1,1
330.15,CC[NH+](CC)CC,Cc1ccc(OP(=S)([S-])Oc2ccc(C)cc2)cc1,1
482.0,CN(C)c1ccc(C=Cc2cc[n+](C)cc2)cc1,O=S(=O)([O-])C(F)(F)F,1
461.65,C[NH+]1CCC2(Sc3ccccc3)C(=O)CCCCC12,O=C([O-])C=CC(=O)O,1
390.15,CCOC=C([I+]c1ccccc1)[Si](C)(C)C,F[B-](F)(F)F,1
354.15,CC(C)(C)[N+]1=CC=C(O)C1,O=[N+]([O-])c1cc([N+](=O)[O-])c([O-])c([N+](=O)[O-])c1,1
441.15,c1ccc2[nH+]cccc2c1,O=C(O)c1cc([N+](=O)[O-])cc([N+](=O)[O-])c1[O-],1
464.85,[NH3+]c1cccc2ccccc12,O=C(O)c1cc([N+](=O)[O-])cc([N+](=O)[O-])c1[O-],1
473.9,c1ccc2c(c1)CCC[NH2+]2,O=C(O)c1cc([N+](=O)[O-])cc([N+](=O)[O-])c1[O-],1
494.8,O=C(O)c1ccc2ccccc2[nH+]1,O=C(O)c1cc([N+](=O)[O-])cc([N+](=O)[O-])c1[O-],1
519.0999999999999,c1ccc2[nH+]c[nH]c2c1,O=C(O)c1cc([N+](=O)[O-])cc([N+](=O)[O-])c1[O-],1
524.0999999999999,c1cnc2c(c1)ccc1ccc[nH+]c12,O=C(O)c1cc([N+](=O)[O-])cc([N+](=O)[O-])c1[O-],1
424.15,COC(=O)C1Cc2ccccc2C(=[NH+]C(C)(C)C)N1,O=S(=O)([O-])C(F)(F)F,1
464.15,COC(=O)C1Cc2ccccc2C(Nc2c(C)cccc2C)=[NH+]1,O=S(=O)([O-])C(F)(F)F,1
355.15,CC(C)(C)C1CC=C([I+]c2ccccc2)CC1,F[B-](F)(F)F,1
393.65,[NH3+]c1ccccc1,O=S(=O)([O-])C(Nc1ccccc1)c1ccccc1,1
520.95,c1ccc(-c2cc(-c3cccs3)[o+]c(-c3cccs3)c2)cc1,F[B-](F)(F)F,1
428.15,CS[S+](C)SC,F[As-](F)(F)(F)(F)F,1
450.65,[NH3+]CCCO,CC(=Cc1ccc(C(=O)[O-])cc1)c1cc2c(cc1C)[Si](C)(C)CC[Si]2(C)C,1
429.15,Fc1c(F)c(F)c(-c2cn3ccccc3[nH+]2)c(F)c1F,[O-][Cl+3]([O-])([O-])[O-],1
414.0,Nc1nccc[nH+]1,O=[N+]([O-])c1cc([N+](=O)[O-])c([O-])c([N+](=O)[O-])c1,1
395.6,C[NH2+]c1ccccc1,O=C([O-])c1ccc([N+](=O)[O-])o1,1
476.15,c1ccc(Cn2cc[nH+]c2)cc1,F[P-](F)(F)(F)(F)F,1
410.0,CC(C)[NH2+]C(C)C,[O-]c1nc(Cl)c(Cl)cc1Cl,1
563.15,Cc1ccc(C[N+](C)(C)Cc2ccc(C)cc2)cc1,F[P-](F)(F)(F)(F)F,1
590.15,C[N+](C)(Cc1ccccc1)Cc1ccccc1,F[B-](F)(F)F,1
589.15,C[N+](C)(Cc1ccccc1)Cc1ccccc1,F[P-](F)(F)(F)(F)F,1
583.15,Cc1cccc(C[N+](C)(C)Cc2cccc(C)c2)c1,F[B-](F)(F)F,1
563.15,Cc1ccc(C[N+](C)(C)Cc2ccc(C)cc2)cc1,F[B-](F)(F)F,1
430.0,COc1ccc(-[n+]2cc(C)c(C)s2)cc1,[O-][Cl+3]([O-])([O-])[O-],1
361.0,O[n+]1n[nH]c2ccccc21,O=P([O-])(Oc1ccccc1)Oc1ccccc1,1
416.0,C1CCC([NH2+]C2CCCCC2)CC1,COc1ccccc1C(=O)[O-],1
531.15,C[n+]1nc(N)n(N)c1N,O=[N+]([O-])[O-],1
402.15,C[n+]1nc(N)n(N)c1N,O=[N+]([O-])[N-][N+](=O)[O-],1
485.15,C[n+]1nc(N)n(N)c1N,[N-]=[N+]=[N-],1
520.15,C[n+]1nc(N)n(N)c1N,[O-][Cl+3]([O-])([O-])[O-],1
293.0,CCOC(=O)c1ccc([N+]#N)cc1,c1ccc([B-](c2ccccc2)(c2ccccc2)c2ccccc2)cc1,1
392.65,CC(=[NH2+])Nc1cccc(N)n1,[BH3-]C#N,1
361.0,Cc1cc(C)[nH+]c(C)c1,O=C([O-])c1ccccc1[N+](=O)[O-],1
423.0,Cc1cc(C)[nH+]c(C)c1,O=C([O-])c1cc([N+](=O)[O-])cc([N+](=O)[O-])c1,1
450.15,CCOC(=O)C[N+]12CCCC(CC)=C1c1[nH]c3ccccc3c1CC2,O=S(=O)([O-])C(F)(F)F,1
439.5,[NH3+]CC[NH3+],Cc1cc(=O)n(-c2ccccc2)[n-]1,1
485.0,C1CCN2CC3CC(C[NH+]4CCCCC34)C2C1,[O-][Cl+3]([O-])([O-])[O-],1
383.0,CC[NH+](CC)CC,Nc1ccc(Cc2ccc(NC(=S)[S-])cc2)cc1,1
364.15,CCCC[N+](CCCC)(CCCC)CCCC,N#Cc1c([O-])c(C#N)c(C(F)(F)F)c(F)c1C#N,1
465.15,O=[N+]([O-])c1ccc(Nn2cc3c([s+]2)CCCC3)cc1,[O-][Cl+3]([O-])([O-])[O-],1
449.15,CC(C)C(=O)NI1OC(=[NH2+])c2ccccc21,O=S(=O)([O-])C(F)(F)F,1
434.0,CCC[NH3+],CCOC(=O)C1(F)C([O-])=CC(=O)C(F)(C(C)=O)C1c1ccccc1,1
396.05,CCOCC(O)COc1ccc(NC(=O)CC[NH+](C)C)cc1,Cc1ccc(S(=O)(=O)[O-])cc1,1
345.15,NNC(N)=[NH2+],[O-][Cl+3]([O-])([O-])[O-],1
348.15,NNC(NN)=[NH+]N,[O-][Cl+3]([O-])([O-])[O-],1
348.15,[N-]=[N+]=NC(N)=[NH2+],[O-][Cl+3]([O-])([O-])[O-],1
449.5,CNN=NC(C)(C)c1n(C)c2ccccc2[n+]1C,F[P-](F)(F)(F)(F)F,1
549.65,O=C(O)C[n+]1ccc(C(=O)O)cc1,O=C([O-])C[n+]1ccc(C(=O)[O-])cc1,1
353.0,C1COCC[NH2+]1,S=P([S-])(N1CCOCC1)N1CCOCC1,1
413.0,Cc1cccc(C)[nH+]1,O=C([O-])c1ccccc1C(=O)O,1
405.5,Nc1cccc[nH+]1,O=S(=O)([N-]S(=O)(=O)c1ccccc1)c1ccccc1,1
455.15,C[NH+]1CCN(c2nc3ccccc3n2Cc2ccc(F)cc2)CC1,O=C([O-])C=CC(=O)O,1
491.5,Cc1n[nH]c(=NS(=O)(=O)c2ccc([NH3+])cc2)s1,O=C([O-])C(=O)O,1
461.5,O=C(O)C1CCC[NH2+]C1,O=c1c([O-])c([O-])c1=O,1
473.15,CCC[NH+](CCC)CCC,O=P([O-])(O)C[NH+](CP(=O)([O-])O)CP(=O)(O)O,1
442.15,c1ccc2[nH+]cccc2c1,O=P([O-])(O)C[NH+](CP(=O)([O-])O)CP(=O)(O)O,1
488.15,CC(C)C[NH2+]CC(C)C,O=P([O-])(O)C[NH+](CP(=O)([O-])O)CP(=O)([O-])O,1
431.15,c1ccc([P+](c2ccccc2)(c2ccccc2)c2ccccc2)cc1,O=[N+]([O-])c1c[n-]nn1,1
436.65,c1ccc([P+](c2ccccc2)(c2ccccc2)c2ccccc2)cc1,O=[N+]([O-])c1c[n-]cn1,1
449.65,c1ccc([P+](c2ccccc2)(c2ccccc2)c2ccccc2)cc1,O=[N+]([O-])c1nnc([N+](=O)[O-])[n-]1,1
469.15,c1ccc([P+](c2ccccc2)(c2ccccc2)c2ccccc2)cc1,O=[N+]([O-])c1c[n-]c([N+](=O)[O-])n1,1
433.65,c1ccc([P+](c2ccccc2)(c2ccccc2)c2ccccc2)cc1,O=[N+]([O-])c1nc[n-]c1[N+](=O)[O-],1
431.15,c1ccc([P+](c2ccccc2)(c2ccccc2)c2ccccc2)cc1,N#Cc1nc[n-]c1C#N,1
394.15,CC[P+](c1ccccc1)(c1ccccc1)c1ccccc1,O=[N+]([O-])c1ccc2[n-]nnc2c1,1
397.65,CC[P+](c1ccccc1)(c1ccccc1)c1ccccc1,O=[N+]([O-])c1nnc([N+](=O)[O-])[n-]1,1
342.15,CC[P+](c1ccccc1)(c1ccccc1)c1ccccc1,O=[N+]([O-])c1c[n-]c([N+](=O)[O-])n1,1
365.15,CC[P+](c1ccccc1)(c1ccccc1)c1ccccc1,O=[N+]([O-])c1nc[n-]c1[N+](=O)[O-],1
403.15,c1ccc(-[n+]2ccccc2)cc1,O=[N+]([O-])c1c[n-]nn1,1
432.15,c1ccc(-[n+]2ccccc2)cc1,O=[N+]([O-])c1n[n-]c([N+](=O)[O-])n1,1
466.65,C[N+](C)(C)C,O=[N+]([O-])c1ccc2[n-]nnc2c1,1
456.0,c1cc(-c2[nH]c3ccccc3[nH+]2)cc(-c2[nH]c3ccccc3[nH+]2)c1,O=[N+]([O-])[O-],1
396.75,CC(=CC=[N+](C)C)N(C)C,F[P-](F)(F)(F)(F)F,1
499.15,CC(C)(C)N1C=CN(C(C)(C)C)[P+]1,CC(C)(C)c1p[p-]c(C(C)(C)C)p1,1
399.0,c1ccc2[nH+]c[nH]c2c1,O=C([O-])c1ccccc1O,1
366.0,CCCCc1sc(N)[nH+]c1C,O=[N+]([O-])[O-],1
445.65,c1ccc(-c2nn(-c3ccccc3)[n+](-c3ccccc3)n2)cc1,O=P([O-])(Cl)Cl,1
412.15,c1cnc(NCCCNc2nccc[nH+]2)[nH+]c1,O=[N+]([O-])[O-],1
426.15,C1C[S+]2CCC[Te+]2C1,O=S(=O)([O-])C(F)(F)F,1
489.65,c1ccc(Nc2ccc3nnc4cccc[n+]4c3c2)cc1,[O-][Cl+3]([O-])([O-])[O-],1
426.65,CCC1C(CC)[S+]2c3ccccc3[S+]1c1ccccc12,[O-][Cl+3]([O-])([O-])[O-],1
395.5,CC1OC(C[N+](C)(C)C)CC1O,O=[N+]([O-])c1cc([N+](=O)[O-])c([O-])c([N+](=O)[O-])c1,1
449.0,CC1OC(C[N+](C)(C)C)CC1O,c1ccc([B-](c2ccccc2)(c2ccccc2)c2ccccc2)cc1,1
549.15,C1C[NH2+]CC[NH2+]1,Nc1cc(C(=O)[O-])cc(C(=O)[O-])c1,1
482.65,[NH3+]Cc1ccccc1Cl,O=C([O-])c1cccc(C(=O)O)n1,1
522.15,C(=C1Sc2ccccc2S1)c1sc2ccccc2[s+]1,F[B-](F)(F)F,1
502.65,C(=C1SCCS1)C1=[S+]CCS1,F[B-](F)(F)F,1
420.15,C1C[NH2+]CC[NH2+]CCC[NH2+]CC[NH2+]C1,O=C([O-])C(F)(F)F,1
362.15,COc1ccc(COC(=O)N(CC[NH+](C)C)N=O)cc1,F[B-](F)(F)F,1
571.0,Cc1cc2oc(-c3ccc(Cl)cc3)c[n+]2c2c1CCC2,[O-][Cl+3]([O-])([O-])[O-],1
380.15,c1cn(CCCCn2cc[nH+]c2)c[nH+]1,O=C([O-])c1cc(S(=O)(=O)[O-])ccc1O,1
480.65,c1ccc2c(c1)[nH+]cn2CCOCCn1c[nH+]c2ccccc21,O=C([O-])c1cc([N+](=O)[O-])ccc1O,1
440.15,c1cn(CCCCn2cc[nH+]c2)cn1,O=C([O-])c1ccccc1C(=O)O,1
386.15,c1cn(Cn2cc[nH+]c2)c[nH+]1,O=C([O-])c1cc(S(=O)(=O)[O-])ccc1O,1
450.15,CC1CCC(C)[NH+]1C(C)c1ccccc1,O=[N+]([O-])c1cc([N+](=O)[O-])c([O-])c([N+](=O)[O-])c1,1
420.5,Cn1cc[n+](C)c1,O=[N+]([O-])c1cc([N+](=O)[O-])c([O-])c([N+](=O)[O-])c1,1
408.15,Cc1c(C)[n+](C(C)C)cn1C(C)C,Cn1c([O-])cc(=O)n(C)c1=O,1
422.15,Cn1cc[n+](C)c1N,Cn1c([O-])cc(=O)n(C)c1=O,1
470.15,Nn1cn[nH+]c1,O=[N+]([O-])c1cc([N+](=O)[O-])c([O-])c([N+](=O)[O-])c1,1
420.15,Nc1[nH]nn[nH+]1,O=[N+]([O-])c1cc([N+](=O)[O-])c([O-])c([N+](=O)[O-])c1,1
395.15,CC(C)(C)P1P(C(C)(C)C)[P+]1(C)C(C)(C)C,O=S(=O)([O-])C(F)(F)F,1
386.15,CC(C)(C)P1P(C(C)(C)C)[P+](C)(C)P1C(C)(C)C,O=S(=O)([O-])C(F)(F)F,1
338.15,CCn1cc[n+](C)c1,F[P-](F)(F)(F)(F)F,1
375.15,CCCCCCCCCCCCCCCC[N+](C)(C)C,Cl[I-]Cl,1
472.15,[NH3+]CCO,O=S([O-])c1ccccc1C1=C(NCCO)c2ccccc2S1(=O)=O,1
369.65,CC[N+](CC)(CC)CC,O=C([O-])c1ccccc1O,1
456.15,[NH2+]=P(c1ccccc1)(c1ccccc1)c1ccccc1,[N-]=[N+]=[N-],1
380.5,[NH3+]CCOCCOCC[NH3+],O=C([O-])C(Cl)(Cl)Cl,1
415.15,Nc1cc[nH+]cc1,O=C(OC(C(=O)[O-])C(OC(=O)c1ccccc1)C(=O)O)c1ccccc1,1
373.0,c1c[nH+]c[nH]1,O=C([O-])c1ccccc1,1
333.15,CC[N+](CC)(CC)CC,CS(=O)(=O)N(S(C)(=O)=O)S(=O)(=O)[O-],1
351.15,CC[N+](CC)(CC)CC,CS(=O)(=O)N(S(C)(=O)=O)S(=O)(=O)OS(=O)(=O)[O-],1
428.15,[NH3+]c1cccc(C(=O)O)c1,O=C([O-])c1cc([N+](=O)[O-])cc([N+](=O)[O-])c1,1
469.0,NC(=[NH2+])c1ccccc1,CC(=O)Nc1ccccc1C(=O)C(=O)[O-],1
360.15,C[n+]1ccn(N)n1,O=[N+]([O-])[O-],1
473.15,C1CC2CCC3CCC1[NH+]23,F[B-](F)(F)F,1
388.15,CC([NH3+])Cc1ccccc1,CCOC(=O)c1cc(C(=O)OCC)[n-]n1,1
460.15,CC1C(c2ccccc2)OCC[NH+]1C,O=C([O-])C(O)C(O)C(=O)O,1
535.65,c1cc[nH+]cc1,O=C([O-])c1cc(C(=O)O)c(C(=O)[O-])cc1C(=O)O,1
523.15,Cc1ccc[nH+]c1,O=C([O-])c1cc(C(=O)O)c(C(=O)[O-])cc1C(=O)O,1
528.15,Cc1cc[nH+]cc1,O=C([O-])c1cc(C(=O)O)c(C(=O)[O-])cc1C(=O)O,1
475.15,CCc1cccc[nH+]1,O=C([O-])c1cc(C(=O)O)c(C(=O)[O-])cc1C(=O)O,1
530.65,c1ccc2[nH+]cccc2c1,O=C([O-])c1cc(C(=O)O)c(C(=O)[O-])cc1C(=O)O,1
498.15,CC([NH3+])C(=O)NC(C)C(=O)O,O=S(=O)([O-])c1cccc2c(S(=O)(=O)[O-])cccc12,1
443.15,CC(C)CC([NH3+])C(=O)NC(C)C(=O)O,O=S(=O)([O-])c1cccc2c(S(=O)(=O)[O-])cccc12,1
505.65,NC(N)=[NH2+],Cc1ccc(S(=O)(=O)[O-])cc1,1
494.65,NC(N)=[NH2+],Nc1ccc(S(=O)(=O)[O-])cc1,1
531.65,NC(N)=[NH2+],O=[N+]([O-])c1ccc(S(=O)(=O)[O-])cc1,1
463.65,NC(N)=[NH2+],O=S(=O)([O-])c1ccc(O)cc1,1
553.15,NC(N)=[NH2+],O=C(O)c1ccc(S(=O)(=O)[O-])cc1,1
476.65,C1CC2CCCC(C1)N2[N+]1C2CCCC1CCC2,Cc1ccc(S(=O)(=O)[O-])cc1,1
564.65,Nc1ccn2ncc([P+](c3ccccc3)(c3ccccc3)c3ccccc3)c2n1,[O-][Cl+3]([O-])([O-])[O-],1
544.15,CC[n+]1ccnc2cc(F)c(N3CCOCC3)cc21,F[B-](F)(F)F,1
374.15,Cc1n[n+](C(C)(C)C)nn1C(C)(C)C,O=[N+]([O-])c1cc([N+](=O)[O-])c([O-])c([N+](=O)[O-])c1,1
444.3,CC([NH3+])c1ccccc1,CC(C)(C)OC(=O)NC(C(=O)[O-])c1c(O)noc1C(C)(C)C,1
430.0,NC(=O)c1cc[nH+]cc1,O=P([O-])(O)O,1
462.53,c1c[nH+]c[nH]1,O=C([O-])c1ccc(C(=O)[O-])cc1,1
388.65,CN(C)C(Sc1cccc[n+]1[O-])=[N+](C)C,F[P-](F)(F)(F)(F)F,1
444.0,NC(=[OH+])c1[nH+]c[nH]c1N,O=S(=O)([O-])O,1
400.0,CC[NH2+]CC,O=S(=O)([O-])c1cc(O)ccc1O,1
462.0,Cc1cc2c(s1)Nc1ccccc1N=C2N1CC[NH+](C)CC1,O=C([O-])CC(=O)O,1
433.0,C[NH2+]CCCN1c2ccccc2CCc2ccccc21,O=[N+]([O-])c1cc([N+](=O)[O-])c([O-])c([N+](=O)[O-])c1,1
536.5,COc1cc(C=Cc2ccc3ccccc3[n+]2C)ccc1O,Cc1ccc(S(=O)(=O)[O-])cc1,1
423.0,Cc1ccc(SC[N+]2=Cc3cc(C)cc(C)c3SC2)c(C)c1,[O-][Cl+3]([O-])([O-])[O-],1
419.65,c1c[nH+]c[nH]1,O=C([O-])c1ccccc1C(=O)O,1
380.5,c1n[nH+]c[nH]1,CS(=O)(=O)[N-]S(C)(=O)=O,1
499.15,NC(=[NH2+])Nc1nnc(NC(N)=[NH2+])nn1,O=[N+]([O-])[N-]n1ccnn1,1
543.4,CC1C(=O)C(C)C(c2ccccc2)[N+](C)(C)C1c1ccccc1,O=S(=O)([O-])C(F)(F)F,1
431.0,Nc1cc[nH+]cc1,CC(=O)[N-]S(=O)(=O)c1ccc(N)cc1,1
414.65,[NH3+]C(COC(=O)c1ccccc1)(CO[N+](=O)[O-])CO[N+](=O)[O-],O=[N+]([O-])[O-],1
497.0,Nc1[nH]c2ccccc2[nH+]1,O=[N+]([O-])[O-],1
492.15,Cn1c(-c2ccccc2)c([N+]OC(=O)c2ccccc2)c2ccccc21,[O-][Cl+3]([O-])([O-])[O-],1
425.9,c1ccc([P+]2(c3ccccc3)CCCS2)cc1,[O-][Cl+3]([O-])([O-])[O-],1
452.15,c1ccc(C2CCC(c3ccccc3)N2[n+]2cnn(-c3ccccc3)c2)cc1,[O-][Cl+3]([O-])([O-])[O-],1
480.0,CC[NH+](CC)CCCC(C)Nc1cc[nH+]c2cc(Cl)ccc12,O=P([O-])(O)O,1
428.0,CCc1cccc(C)c1[NH3+],Cc1ccc(S(=O)(=O)[O-])cc1,1
354.3,[BH3-][NH2+]CCn1cc[n+](C)c1,O=S(=O)([O-])C(F)(F)F,1
504.8,CC(C)(C)[NH3+],O=[PH]([O-])O,1
475.65,C1C[NH+]2CCN1CC2,COc1nc(C)nc(NC(=O)N=S(=O)([O-])c2ccccc2Cl)n1,1
479.65,CN(C)c1cccc2cccc([NH+](C)C)c12,O=c1[nH]oc([O-])c1-c1ccc([N+](=O)[O-])cc1,1
445.15,CN1CC(=O)NC1=[NH2+],[O-]C(=S)c1cccc(C([O-])=S)[nH+]1,1
356.65,Oc1ccc[nH+]c1,O=C([O-])c1ccccc1,1
402.0,c1c[nH+]c[nH]1,O=C([O-])c1ccccc1O,1
423.0,CC1=CSC(=C2SC3=C(OCCO3)[S+]2)S1,F[P-](F)(F)(F)(F)F,1
382.15,Cc1c(C)[n+](C(C)C)cn1C(C)C,N#CC=C([O-])c1ccccc1,1
423.5,CC(c1ncncc1F)C(O)(C[n+]1c[nH]cn1)c1ccc(F)cc1F,O=C([O-])C(=O)O,1
409.15,CC[NH2+]CC,O=C1NC(C(F)(F)F)(C(F)(F)F)P(=O)([O-])Oc2ccccc21,1
326.0,CC(=O)CC(C)(C)[NH3+],O=C([O-])c1cc([N+](=O)[O-])cc([N+](=O)[O-])c1,1
408.15,NC(N)=[NH2+],N#Cc1nn[n-]c1C#N,1
381.15,NNC(N)=[NH2+],N#Cc1nn[n-]c1C#N,1
397.15,NNC(N)=[NH+]N,N#Cc1nn[n-]c1C#N,1
442.15,NNC(NN)=[NH+]N,N#Cc1nn[n-]c1C#N,1
462.65,FC(c1ccccc1)(c1ccccc1)C1CCC[NH2+]1,[O-][Cl+3]([O-])([O-])[O-],1
458.65,FC(c1ccccc1)(c1ccccc1)C1CCC[N+]1=CC=Cc1ccccc1,[O-][Cl+3]([O-])([O-])[O-],1
364.15,CN1CCN(C)CC[NH+](C)CC1,O=S(=O)([O-])C(F)(F)F,1
392.65,Oc1cccc2ccc[nH+]c12,O=[Se-](Cl)(Cl)Cl,1
407.15,Cn1c(=[OH+])ccc2ccccc21,O=[As]([O-])(O)O,1
389.0,[NH3+]c1ccc(CCO)cc1,O=C([O-])c1cc([N+](=O)[O-])cc([N+](=O)[O-])c1,1
492.0,[NH3+]c1ccc(Cl)cc1,O=C([O-])c1cc(Cl)c(Cl)cc1C(=O)O,1
419.15,Cc1cc(N)c(NC2=[NH+]CCN2)cc1C,[N-]=[N+]=[N-],1
470.75,CN(C)C=CC(=CC=[N+](C)C)c1ccncc1,F[B-](F)(F)F,1
533.0,CC(C)[NH3+],O=C([O-])c1cc(Cl)c(Cl)cc1C(=O)O,1
391.85,CC(=O)CC(C)(C)[NH2+]CCO,O=C([O-])c1cc([N+](=O)[O-])ccc1Cl,1
398.0,CN(C)C=CC(=CC=[N+](C)C)n1cccc1,F[B-](F)(F)F,1
529.0,[NH3+]CC[NH3+],O=C([O-])c1cc(Cl)c(Cl)cc1C(=O)[O-],1
414.15,C[Te+](C)C,N#C[O-],1
360.15,C[Te+](C)C,N#C[S-],1
380.65,C[Te+](C)C,N#C[Se-],1
383.15,C[Te+](C)C,[N-]=[N+]=[N-],1
421.15,[NH3+]Cc1ccccc1,O=C([O-])c1cccc(Cl)c1,1
430.65,[NH3+]Cc1ccccc1,O=C([O-])c1ccc(Cl)cc1,1
426.65,[NH3+]Cc1ccccc1,O=C([O-])c1cccc(Br)c1,1
423.65,[NH3+]Cc1ccccc1,O=C([O-])c1ccccc1[N+](=O)[O-],1
454.15,[NH3+]Cc1ccccc1,O=C([O-])c1cccc([N+](=O)[O-])c1,1
424.65,[NH3+]Cc1ccccc1,Cc1cccc(C(=O)[O-])c1,1
432.15,C1N2CN3CN1C[NH+](C2)C3,O=[N+]([O-])[O-],1
440.65,C[N+]12CN3CN(CN(C3)C1)C2,[N-]=[N+]=[N-],1
395.65,C[N+]12CN3CN(CN(C3)C1)C2,O=[N+]([O-])[N-][N+](=O)[O-],1
473.15,c1cc2[nH]c1Cn1ccn([cH+]1)Cc1ccc([nH]1)Cn1ccn([cH+]1)C2,F[P-](F)(F)(F)(F)F,1
493.15,c1cc2nc(c1)Cn1ccn([cH+]1)Cc1ccc([nH]1)Cn1ccn([cH+]1)C2,F[P-](F)(F)(F)(F)F,1
491.0,Nc1cc[nH+]cc1,NS(=O)(=O)c1cc(C(=O)[O-])c(NCc2ccco2)cc1Cl,1
464.15,OCc1cc(CO)cc(C[n+]2ccc(-c3ccncc3)cc2)c1,F[P-](F)(F)(F)(F)F,1
481.65,NC(=[NH2+])NCc1ccccc1,O=S(=O)([O-])[O-],1
458.0,NC(=O)c1ccc[nH+]c1,O=C([O-])c1cc([N+](=O)[O-])cc([N+](=O)[O-])c1O,1
553.15,Nc1[nH]c2ccccc2[nH+]1,O=[N+]([O-])c1cc([N+](=O)[O-])c([O-])c([N+](=O)[O-])c1,1
512.15,Oc1c(-c2ccccc2)s[s+]c1-c1ccccc1,[O-][Cl+3]([O-])([O-])[O-],1
439.65,[NH3+]Cc1ccc(Cl)cc1,O=C1CCC(=O)N1[O-],1
370.65,N[NH3+],CC(=O)[O-],1
467.15,COc1ccc2[nH]cc(CC[NH3+])c2c1,O=C([O-])Cc1c[nH]c2ccccc12,1
255.5,CCC[N+]1(C)CCCC1,O=S(=O)(F)[N-]S(=O)(=O)F,1
463.4,N[n+]1cccc2ccc3cccnc3c21,Cc1cc(C)c(S(=O)(=O)[O-])c(C)c1,1
434.5,CC([NH3+])c1ccccc1,CC(C)c1ccc(C(C)C)c(C(=O)c2ccc(C(=O)[O-])cc2)c1,1
487.0,C[NH2+]C,CC1(C)CC(=O)c2cc(C#N)c([O-])nc2C1,1
455.0,NC(=[NH2+])O,[O-]n1nnnc1-c1nnnn1[O-],1
369.15,CC[NH+](CC)CC,O[B-]1(c2ccccc2)OB(c2ccccc2)OB(c2ccccc2)O1,1
462.15,C[N+](C)(C)CCO,c1ccc(B2OB(c3ccccc3)O[B-](c3ccccc3)(c3ccccc3)O2)cc1,1
491.0,c1ccc(-p2[n+]3ccccc3c3cccc[n+]32)cc1,O=S(=O)([O-])C(F)(F)F,1
467.75,Oc1ccc[nH+]c1,O=C([O-])c1ccc([N+](=O)[O-])o1,1
443.0,Oc1ccc[nH+]c1,O=C([O-])c1ccc([N+](=O)[O-])cc1[N+](=O)[O-],1
446.0,Oc1ccc[nH+]c1,O=C([O-])c1cc([N+](=O)[O-])cc([N+](=O)[O-])c1,1
408.0,CCC([NH3+])C(=O)O,O=P([O-])(O)O,1
411.15,c1ccc([I+]c2cccs2)cc1,O=S(=O)([O-])C(F)(F)F,1
362.15,C[n+]1snc2ccccc21,O=S(=O)([O-])C(F)(F)F,1
430.65,C[n+]1[se]nc2ccccc21,O=S(=O)([O-])C(F)(F)F,1
373.15,CCCCC[NH2+]CCCCC,O=C([O-])C1C2CC3C(OC(=O)C31)C2O,1
508.0,C[n+]1ccc(C=Cc2cccs2)cc1,Cc1ccc(S(=O)(=O)[O-])cc1,1
475.9,CN(C)C=Cc1cc[n+](C)cc1,[O-][Cl+3]([O-])([O-])[O-],1
408.65,C=C(c1ccccc1)N([CH+]N(C)C)N(C)C,[O-][Cl+3]([O-])([O-])[O-],1
378.81,CC(C)(C)[NH3+],O=C([O-])[O-],1
408.43,[NH3+]c1ccccc1,O=C([O-])CC(C(=O)O)c1ccccc1,1
551.65,CN(C)c1ccc2c3c(ccc([NH+](C)C)c13)C[N+](C)(C)C2,[O-][Cl+3]([O-])([O-])[O-],1
427.0,Nn1cn[n+](N)c1,O=S(=O)([O-])[O-],1
408.0,Nn1cn[n+](N)c1,N(=Nc1nnn[n-]1)c1nnn[n-]1,1
551.5,Cc1ccc(N(C)C)c2c([NH+](C)C)ccc(C)c12,F[B-](F)(F)F,1
501.5,Cc1ccc2ccc(C)c([NH+](C)C)c2c1N(C)C,F[B-](F)(F)F,1
548.5,Cc1ccc(N(C)C)c2c([NH+](C)C)c([Si](C)(C)C)cc(C)c12,F[B-](F)(F)F,1
499.5,Cc1cc(C)c2c(C)ccc([NH+](C)C)c2c1N(C)C,F[B-](F)(F)F,1
495.5,Cc1cc(Br)c(N(C)C)c2c([NH+](C)C)c(Br)cc(C)c12,F[B-](F)(F)F,1
457.5,CN(C)c1ccc(Br)c2c(Br)ccc([NH+](C)C)c12,F[B-](F)(F)F,1
390.65,c1c[nH+]c[nH]1,CC1OP([O-])(=S)OC1C,1
422.15,[NH3+]O,O=[N+]([O-])c1nnn([O-])n1,1
471.15,NC(N)=[NH2+],O=[N+]([O-])c1nnn([O-])n1,1
440.15,NNC(N)=[NH2+],O=[N+]([O-])c1nnn([O-])n1,1
355.15,NNC(=[NH2+])NN,O=[N+]([O-])c1nnn([O-])n1,1
355.15,NNC(NN)=[NH+]N,O=[N+]([O-])c1nnn([O-])n1,1
478.5,CC([NH3+])c1ccccc1,O=C(O)c1cc([N+](=O)[O-])cc([N+](=O)[O-])c1[O-],1
369.65,CC(C)[NH2+]C(C)C,CC(C)N(C(=S)[S-])C(C)C,1
506.5,O=C1C[n+]2ccccc2N1,[O-][Cl+3]([O-])([O-])[O-],1
412.15,CC([NH3+])C(O)c1ccccc1,COc1cccc(CC(CC(=O)[O-])C(=O)O)c1,1
399.75,c1c[nH+]c[nH]1,O=C(O)CC(Br)C(=O)[O-],1
404.075,c1c[nH+]c[nH]1,O=C(O)CC(Cl)C(=O)[O-],1
383.9,Cn1cc[n+](C)c1,c1cnn([BH-](n2cccn2)n2cccn2)c1,1
448.15,CC1(C)O[P+](Cc2ccccc2)(c2ccccc2)c2ccccc21,F[B-](F)(F)F,1
483.0,Cc1ccc(C2(C#N)CCCC3C4CC(CN32)C2CCCC[NH+]2C4)cc1,[O-][Cl+3]([O-])([O-])[O-],1
527.65,C1CC[NH+]2CC3CC(C[NH+]4CCCCC34)C2C1,[O-][Cl+3]([O-])([O-])[O-],1
352.5,C[NH+]1CSCSC1,F[B-](F)(F)F,1
371.65,CC(C)(C)[NH3+],CC(C)(C)O[Si]([S-])(OC(C)(C)C)OC(C)(C)C,1
402.15,CC(C)(C)[NH3+],CC(C)O[Si]([S-])(OC(C)C)OC(C)C,1
340.15,Cn1cc[n+](CC#N)c1,N#C[N-]C#N,1
376.15,Cn1cc[n+](CC#N)c1,O=[N+]([O-])[O-],1
348.15,C[n+]1ccn(CCCC#N)c1,F[P-](F)(F)(F)(F)F,1
358.15,Cc1n(CCCC#N)cc[n+]1C,F[P-](F)(F)(F)(F)F,1
383.15,CCOC(=O)C(C)[NH3+],N#C[B-](C#N)(C#N)C#N,1
488.15,[NH3+]C12CC3CC(CC(C3)C1)C2,COc1cc(C=CC(=O)[O-])ccc1O,1
503.15,C1CC[N+]2(C1)CCCC2,O=[N+]([O-])c1cc([N+](=O)[O-])c([O-])c([N+](=O)[O-])c1,1
415.15,COC1=CC2CC23C2Cc4ccc(OC)c5c4C3(CC[N+]2(C)C)C1O5,O=S(=O)([O-])C(F)(F)F,1
423.25,[NH3+]c1cccc2cccnc12,Cc1ccc(S(=O)(=O)[O-])cc1,1
486.15,Cc1csc[n+]1-c1ccccc1C(C)(C)C,[O-][Cl+3]([O-])([O-])[O-],1
351.65,c1cc[nH+]cc1,O=C([O-])c1ccccc1C(=O)O,1
372.65,CCn1n[n+](CC)cc1[N+](=O)[O-],[O-][Cl+3]([O-])([O-])[O-],1
428.65,CC([NH3+])c1ccccc1,CNC(=O)C1(C(=O)[O-])CCON1OC,1
318.0,CCOC(=O)C(C)n1cc[n+](C)c1,O=S(=O)([N-]S(=O)(=O)C(F)(F)F)C(F)(F)F,1
516.1,C[NH2+]C(C)C(O)c1ccccc1,O=P1([O-])OCC2(CCCCC2)C(c2ccccc2Cl)O1,1
430.5,O=C1C2(c3ccccc3)CN3C[NH+](C2)CC1(c1ccccc1)C3,O=S(=O)([O-])O,1
464.0,[NH3+]C12CC3CC(CC(C3)C1)C2,O=[N+]([O-])[C-]([N+](=O)[O-])[N+](=O)[O-],1
467.9,C1CCC([NH2+]C2CCCCC2)CC1,CC(c1ccccc1)C(NC(=O)OC(C)(C)C)C(=O)[O-],1
410.65,NC(=[NH2+])SCc1ccccc1,O=S([S-])C12CC3CC(CC(C3)C1)C2,1
463.65,C1CCC([NH2+]C2CCCCC2)CC1,O=C([O-])C=Cc1ccc(Br)cc1,1
479.15,C1CCC([NH2+]C2CCCCC2)CC1,Cc1ccc(C=CC(=O)[O-])cc1,1
455.15,C1CCC([NH2+]C2CCCCC2)CC1,O=C([O-])C=Cc1ccccc1,1
428.15,C1CCC([NH2+]C2CCCCC2)CC1,O=C([O-])C=Cc1ccccc1Br,1
423.15,C1CCC([NH2+]C2CCCCC2)CC1,Cc1ccccc1C=CC(=O)[O-],1
455.15,C1CCC([NH2+]C2CCCCC2)CC1,O=C([O-])c1ccc(Cl)cc1,1
451.15,C1CCC([NH2+]C2CCCCC2)CC1,O=C([O-])c1cccc(Cl)c1,1
454.15,C1CCC([NH2+]C2CCCCC2)CC1,O=C([O-])c1ccccc1Cl,1
452.15,C1CCC([NH2+]C2CCCCC2)CC1,O=C([O-])c1ccc(Br)cc1,1
460.15,C1CCC([NH2+]C2CCCCC2)CC1,O=C([O-])c1cccc(Br)c1,1
474.15,C1CCC([NH2+]C2CCCCC2)CC1,O=C([O-])c1ccccc1Br,1
467.15,C1CCC([NH2+]C2CCCCC2)CC1,O=C([O-])c1ccccc1,1
414.15,C[c+]1n(C)nnn1N,O=[N+]([O-])c1nnc([N+](=O)[O-])[n-]1,1
486.0,c1cc(CCCc2cc[nH+]cc2)cc[nH+]1,O=C([O-])C1CC(C(=O)O)CC(C(=O)O)C1,1
453.5,c1cc(CCCCc2cc[nH+]cc2)cc[nH+]1,O=C([O-])C1CC(C(=O)O)CC(C(=O)O)C1,1
443.0,NC(=[NH2+])NCCCC([NH3+])C(=O)[O-],[O-][Cl+2]([O-])[O-],1
527.0,COc1ccc(C=Cc2ccc3ccccc3[n+]2C)cc1O,Cc1ccc(S(=O)(=O)[O-])cc1,1
451.0,CC[NH+](CC)CC,Cc1ccc(-n2nc(C)c(C(=O)c3ccccc3Cl)c2[O-])cc1,1
367.15,COc1ccc(C(C[S+](C)C)=C(C)C)cc1,[O-][Cl+3]([O-])([O-])[O-],1
451.65,CCc1c(CC)c(CC)c2c(C[NH+](C)C)cccc2c1CC,F[B-](F)(F)F,1
441.15,[NH3+]NS(=O)(=O)c1ccccc1,O=S(=O)([O-])c1ccccc1,1
528.65,Nc1[nH]c2ccccc2[nH+]1,O=C([O-])c1ccccc1C(=O)[O-],1
438.15,COc1ccc([NH3+])cc1,O=C([O-])c1ccc([N+](=O)[O-])cc1,1
452.15,CCCCCC[NH3+],O=C([O-])C1(C(=O)[O-])CCC1,1
455.15,CCCCCCCCCCCC[NH3+],O=C([O-])C1(C(=O)[O-])CCC1,1
450.15,CCCCCCCCCCCCC[NH3+],O=C([O-])C1(C(=O)[O-])CCC1,1
457.15,[NH3+]C1CCCC1,O=C([O-])C1(C(=O)[O-])CCC1,1
451.15,[NH3+]C1CCCCC1,O=C([O-])C1(C(=O)[O-])CCC1,1
449.15,CC([NH2+]Cc1ccccc1)c1ccccc1,CC1CC(NC(N)=O)(C(=O)[O-])c2cc(Cl)cnc2O1,1
409.65,C=C1C[NH2+]CC1C=CC,O=C([O-])C(O)C(O)C(=O)O,1
383.0,C[NH3+],O=[N+]([O-])[O-],1
513.0,C1CC[N+]2=C(C1)C1CC(C2)C2CCCC[NH+]2C1,[O-][Cl+3]([O-])([O-])[O-],1
493.0,Nc1cccc[nH+]1,O=C(O)CC(O)(CC(=O)O)C(=O)[O-],1
475.5,C1CSCC[NH2+]1,O=[N+]([O-])c1ccc2[n-]nc([N+](=O)[O-])c2c1,1
358.25,C[n+]1ccn(CC2CCCCO2)c1,O=S(=O)([O-])C(F)(F)F,1
344.35,C[n+]1ccn(CCCCn2cc[n+](C)c2)c1,O=S(=O)([O-])C(F)(F)F,1
427.65,CC1CCC(C(C)(C)O)[NH2+]1,O=C([O-])C(O)c1ccccc1,1
425.4,Nc1[nH]nc[nH+]1,O=C([O-])c1cccs1,1
470.15,[NH2+]=c1[nH]c2ccccc2[nH]1,CC(NC(=S)NC(=O)c1ccccc1)C(=O)[O-],1
534.15,C1=[N+]2CCCC3CC4CC(C[NH+]5CCCCC45)(C4CCCCN14)C32,[O-][Cl+3]([O-])([O-])[O-],1
408.65,NOCCO[NH3+],[O-][Cl+3]([O-])([O-])[O-],1
407.15,[NH3+]OCCO[NH3+],O=[N+]([O-])[O-],1
509.15,Cc1cccc(C)c1-n1cc[n+](-c2c(C)cccc2C)p1,O=S(=O)([O-])C(F)(F)F,1
441.15,CC(C)(C)n1cc[n+](C(C)(C)C)p1,O=S(=O)([O-])C(F)(F)F,1
455.15,COc1cccc2c1C(O)[N+](C)(C)C2C,O=C([O-])c1cc([N+](=O)[O-])cc([N+](=O)[O-])c1,1
439.65,CN1CCN(C2=NC(C)(C)N([O])C2(C)C)C1=[NH+]C1CCCCC1,COS(=O)(=O)[O-],1
452.15,C[N+]12Cc3ccccc3[Se]1(Cl)c1ccccc1C2,F[P-](F)(F)(F)(F)F,1
435.15,N1=S=N[Se]2=[N+]=S1N=S=N2,F[As-](F)(F)(F)(F)F,1
325.0,OCCN1CC[NH+](CCO)CC1,O=c1c([O-])c(O)c1=O,1
380.15,COc1cc(C)[n+](O)c(C)c1,O=[N+]([O-])c1cc(Cl)c([O-])c(Cl)c1,1
323.0,C[n+]1ccn(N)n1,[N-]=[N+]=[N-],1
501.15,c1ccc(P(=[NH+]c2cccc3ccccc23)(c2ccccc2)c2ccccc2)cc1,F[B-](F)(F)F,1
453.65,CN1C=C(Br)C=[N+](C)CC1,[O-][Cl+3]([O-])([O-])[O-],1
446.35,CC(C)CC([NH3+])c1ccccc1N1CCCCC1,CC(=O)NC(CCC(=O)[O-])C(=O)O,1
465.15,NC(N)=[NH2+],Cn1nn[n-]c1=N[N+](=O)[O-],1
431.15,NNC(NN)=[NH+]N,Cn1nn[n-]c1=N[N+](=O)[O-],1
391.15,[N-]=[N+]=NC(N)=[NH2+],Cn1nn[n-]c1=N[N+](=O)[O-],1
473.15,CN1CC[N+](C)=C1N=[N+]=[N-],F[P-](F)(F)(F)(F)F,1
419.15,O=C(O)CC[P+](c1ccccc1)(c1ccccc1)c1ccccc1,O=C([O-])C=CC(=O)O,1
423.5,CC1(C)C2CCC13C[S+](c1ccccc1)OC3C2,F[B-](F)(F)F,1
323.15,CCn1cc[n+](Cc2ccccc2)c1C,O=S(=O)([N-]S(=O)(=O)C(F)(F)F)C(F)(F)F,1
370.15,CC(=O)C1=C(O)CCC2CCC1[NH2+]2,O=C([O-])C(F)(F)F,1
403.15,CC(C)(C)N[P+]1(C)S[Si](C)(C)N1C(C)(C)C,O=S(=O)([O-])C(F)(F)F,1
469.15,C=C(c1ccccc1)[S+](C)C,c1ccc([B-](c2ccccc2)(c2ccccc2)c2ccccc2)cc1,1
471.15,[NH3+]CCc1c[nH]c2ccccc12,O=C([O-])c1cccc(-c2ccccc2)c1,1
471.15,[NH3+]CCc1c[nH]c2ccccc12,O=C([O-])c1ccc(-c2ccccc2)cc1,1
474.15,[NH3+]CCc1c[nH]c2ccccc12,O=C([O-])Cc1ccc(-c2ccccc2)cc1,1
455.5,c1ccc([NH+]=P(c2ccccc2)(c2ccccc2)c2ccccc2)cc1,F[B-](F)(F)F,1
558.65,CC[NH+](CC)CC,CC1=C(C)C(C)(P(=S)([S-])C2(C)C(C)=C(C)C(C)=C2C)C(C)=C1C,1
523.15,CC1(C)CCCC(C)(C)[NH2+]1,O=C([O-])C(F)(F)F,1
477.5,c1ccc(C[P+](c2ccccc2)(c2ccccc2)c2ccccc2)cc1,F[B-](F)(F)F,1
437.65,C[N+](C)(C)C,COc1ccccc1C(=O)[S-],1
459.15,C[N+](C)(C)C,Cc1ccc(C(=S)[S-])cc1,1
437.65,C[N+](C)(C)C,COc1ccccc1C(=S)[S-],1
495.15,c1ccc2c[nH+]ccc2c1,O=[N+]([O-])c1cc([N+](=O)[O-])c([O-])c([N+](=O)[O-])c1,1
401.0,COc1ccc(-c2cccc3cccc([NH+](C)C)c23)cc1,F[B-](F)(F)F,1
442.5,C[NH+](C)c1cccc2cccc(-c3ccc(O)cc3)c12,F[B-](F)(F)F,1
490.0,c1ccc(-c2cccc3ccc4ccc[nH+]c4c23)cc1,F[B-](F)(F)F,1
442.5,Cc1ccc(C)n1-c1cccc2cccc([NH+](C)C)c12,F[B-](F)(F)F,1
470.65,COC1CN(C(=O)OC(C)(C)C)CC1[NH3+],O=C([O-])C(O)C(O)C(=O)O,1
472.65,CN(C)c1n[n+]2c(-c3ccccc3)cc(-c3ccccc3)cc2o1,O=S(=O)([O-])C(F)(F)F,1
418.25,C=CC[n+]1ccn(C)c1,c1ccc([B-](c2ccccc2)(c2ccccc2)c2ccccc2)cc1,1
443.35,C=CCn1cc[n+](CC=C)c1,c1ccc([B-](c2ccccc2)(c2ccccc2)c2ccccc2)cc1,1
397.65,Oc1cccc(C23CCCC(C2O)[NH+](CC2CC2c2ccccc2)CC3)c1,O=C([O-])C(=O)O,1
556.0,NC(=O)c1cc2c(n3cc(-c4ccc(Cl)cc4)[o+]c13)CCCC2,[O-][Cl+3]([O-])([O-])[O-],1
487.15,N[n+]1ccc2ccccc2c1-c1nc2c3ccccc3ccn2n1,[O-][Cl+3]([O-])([O-])[O-],1
487.65,CC1C[NH2+]CCC1Nc1ccccc1,O=[N+]([O-])c1cc([N+](=O)[O-])c(S(=O)(=O)[O-])c([N+](=O)[O-])c1,1
370.0,OCC[NH+]1CCCC1,O=C([O-])c1cc(O)ccc1O,1
423.15,Cn1cnc(=[NH2+])c2ncn(C3OC(CO)C(O)C3O)c21,Cc1ccc(S(=O)(=O)[O-])cc1,1
439.15,N[NH3+],CCOC(=O)c1nnn(N)c1[S-],1
407.15,[N-]=[N+]=NC(N)=[NH2+],N(=N[c-]1nnnn1)[c-]1nnnn1,1
483.15,CCCc1n(Cc2ccc3ccccc3c2)cc[n+]1Cc1ccc2ccccc2c1,[O-][Cl+3]([O-])([O-])[O-],1
423.15,c1nncn1-n1cn[nH+]c1,O=[N+]([O-])[O-],1
448.4,Nc1ccc(N=Nc2ccccc2)c(N)[nH+]1,O=C([O-])Cc1ccc(O)cc1,1
482.2,Nc1ccc(N=Nc2ccccc2)c(N)[nH+]1,O=C1[N-]S(=O)(=O)c2ccccc21,1
348.15,CCCC[P+](CC)(CCCC)CCCC,Cc1ccc(S(=O)(=O)[O-])cc1,1
417.15,CCC[P+](c1ccccc1)(c1ccccc1)c1ccccc1,Cc1ccc(S(=O)(=O)[O-])cc1,1
406.15,CCCC[P+](c1ccccc1)(c1ccccc1)c1ccccc1,Cc1ccc(S(=O)(=O)[O-])cc1,1
413.15,CC[P+](c1ccccc1)(c1ccccc1)c1ccccc1,Cc1ccc(S(=O)(=O)[O-])cc1,1
427.0,ON=C1C2=[NH+]CCCN2CCCc2ccccc21,O=S(=O)([O-])C(F)(F)F,1
470.5,ON=C1C2=[NH+]CCN2CCCCc2ccccc21,O=S(=O)([O-])C(F)(F)F,1
476.65,CC[NH+](CC)CC,O=[N+]([O-])c1ccc(N=N[N-]c2ccc([N+](=O)[O-])cc2Cl)c(Cl)c1,1
493.15,C[NH2+]C,c1ccc2c(c1)O[Si-]1(C3CCCCC3)(O2)Oc2ccccc2O1,1
356.15,OCC[NH+](CCO)CCO,O=C([O-])COc1ccc(Cl)cc1,1
450.0,CC(C)=NNC(N)=[NH2+],O=C([O-])c1ccccc1[N+](=O)[O-],1
366.15,CC(C)(C)CC(C)(C)c1ccc(OCCOCC[N+](C)(C)Cc2ccccc2)cc1,O=[N+]([O-])[O-],1
442.5,c1n[nH]c[nH+]1,O=[N+]([O-])c1cc([N+](=O)[O-])c([O-])c([N+](=O)[O-])c1,1
589.0,Cc1cc(C)[n+]2cc(-c3ccc(Br)cc3)oc2n1,[O-][Cl+3]([O-])([O-])[O-],1
492.0,Nc1cc(N)[nH+]c(N)n1,O=C([O-])Cc1c[nH]c2ccccc12,1
443.15,CC(c1cccc2c1CCN(C)C(=O)O2)[NH+](C)C,O=C([O-])C=CC(=O)O,1
453.65,c1ccc(-c2cccc[nH+]2)nc1,O=C(O)c1cc([N+](=O)[O-])cc([N+](=O)[O-])c1[O-],1
462.65,Cc1cc(Cn2cc[nH+]c2)c(O)c(Cn2cc[nH+]c2)c1,O=C([O-])C(=O)[O-],1
442.65,Cc1cc(Cn2ccnc2)c(O)c(Cn2cc[nH+]c2)c1,O=C([O-])c1cccc(C(=O)O)c1,1
400.65,NC(N)=[NH2+],[O-][N+]([O-])=NS(F)(F)(F)(F)F,1
344.15,NNC(N)=[NH2+],[O-][N+]([O-])=NS(F)(F)(F)(F)F,1
365.5,NNC(N)=[NH2+],O=[N+]([O-])[N-][N+](=O)[O-],1
430.15,Cc1ccc(C=[N+](C)C)cc1,O=S(=O)([O-])C(F)(F)F,1
463.0,C1C[NH2+]CC[NH2+]1,CN1C(C(=O)Nc2ccccn2)=C([O-])c2sccc2S1(=O)=O,1
482.0,CN1C(C(=O)Nc2cccc[nH+]2)=C(O)c2sccc2S1(=O)=O,CS(=O)(=O)[O-],1
524.0,Clc1ccc(C[NH2+]CC[NH2+]Cc2ccc(Cl)cc2)cc1,O=[N+]([O-])[O-],1
404.15,CN(C)C1=NC(N(C)C)=[N+]2C(N(C)C)=NC(N(C)C)=[N+]12,N#CC(C#N)=C[C-](C#N)C#N,1
441.0,[NH3+]c1ccc(N=Nc2ccccc2)cc1,O=C(O)c1cccc([N+](=O)[O-])c1C(=O)[O-],1
512.0,[NH3+]c1ccc(N=Nc2ccccc2)cc1,O=C([O-])c1ccc([N+](=O)[O-])cc1C(=O)O,1
499.0,Oc1cccc2ccc[nH+]c12,O=C([O-])c1cc(Cl)c(Cl)cc1C(=O)O,1
471.0,Nc1cccc2ccc[nH+]c12,O=C([O-])c1cc(Cl)c(Cl)cc1C(=O)O,1
391.15,CC(C)N(C(C)C)P1(N(C(C)C)C(C)C)=PC1=[N+](C(C)C)C(C)C,F[B-](F)(F)F,1
416.65,c1cncc(C2CCCC[NH2+]2)c1,CCOP(=O)([S-])OCC,1
419.65,c1cncc(C2CCCC[NH2+]2)c1,CC(C)OP(=O)([S-])OC(C)C,1
404.15,C1C[NH+]2CCN1CC2,OCCN(CCO)C(=S)[S-],1
415.15,C1C[NH+]2CCN1CC2,CN(CCO)C(=S)[S-],1
430.65,C1C[NH+]2CCN1CC2,CCN(CCO)C(=S)[S-],1
481.15,C=CC1(O)C[NH+]2CCC1CC2C(O)c1ccnc2ccc(OC)cc12,CS(=O)(=O)[O-],1
418.0,C1COCC[NH2+]1,O=[N+]([O-])c1cc([N+](=O)[O-])c([O-])c([N+](=O)[O-])c1,1
352.15,[NH3+]C(CO)C(O)c1ccc([N+](=O)[O-])cc1,C=C(C(=O)[O-])C(O)c1ccccc1,1
408.65,[NH3+]C(CO)Cc1ccccc1,CC1CCC(=CC(=O)[O-])CC1,1
503.15,C1C[NH2+]CC[NH2+]1,O=C([O-])C(O)C(O)C(=O)O,1
517.0,C[N+](C)(C)CCO,O=[N+]([O-])c1cc([N+](=O)[O-])c([O-])c([N+](=O)[O-])c1,1
478.0,CC12CC3CC(C)(C1)CC([NH3+])(C3)C2,O=C([O-])C(=O)O,1
410.0,CC12CC3CC(C)(C1)CC([NH3+])(C3)C2,O=C([O-])CCC(=O)O,1
449.0,CC12CC3CC(C)(C1)CC([NH3+])(C3)C2,O=C([O-])CCCC(=O)[O-],1
433.0,CC12CC3CC(C)(C1)CC([NH3+])(C3)C2,O=C([O-])CCCCC(=O)[O-],1
371.0,CC12CC3CC(C)(C1)CC([NH3+])(C3)C2,O=C([O-])CCCCCCCCC(=O)O,1
415.0,CC12CC3CC(C)(C1)CC([NH3+])(C3)C2,O=C([O-])c1ccc(Cl)cc1,1
467.0,CC12CC3CC(C)(C1)CC([NH3+])(C3)C2,O=C([O-])c1c2ccccc2cc2ccccc12,1
440.15,C[NH+](CC(CO)C(C)(C)C)CC(CO)C(C)(C)C,CC1(C)C2CCC1(CS(=O)(=O)[O-])C(=O)C2,1
311.15,CC[n+]1ccn(C)c1,O=[N+]([O-])[O-],1
328.15,CC[n+]1ccn(C)c1,O=N[O-],1
421.15,Oc1ccc[nH+]c1,O=C([O-])COc1ccc(Cl)cc1Cl,1
393.15,Nc1nccc[nH+]1,O=C([O-])c1c([N+](=O)[O-])cc([N+](=O)[O-])cc1[N+](=O)[O-],1
462.4,Nc1[nH]cn[nH+]1,O=C([O-])c1ccc([N+](=O)[O-])cc1,1
497.15,Cc1cc(C)c(O)c(C[NH2+]C2CCCCC2)c1,Cc1ccc(S(=O)(=O)[O-])cc1,1
448.5,CN(C)c1cc[nH+]cc1,O=C([O-])c1ccccc1O,1
392.15,c1cc(CCc2cc[nH+]cc2)cc[nH+]1,O=C([O-])c1ccccc1N=Nc1ccc(O)cc1,1
422.0,Cc1cccc([NH3+])c1C,O=C([O-])C(Cl)Cl,1
646.15,Cc1ccc([NH3+])c(C)c1,O=C([O-])CCl,1
677.15,Cc1ccc([NH3+])c(C)c1,O=C([O-])C(Cl)Cl,1
412.0,CCCCn1cc[n+](Cc2ccc(C[n+]3ccn(CCCC)c3)cc2)c1,F[P-](F)(F)(F)(F)F,1
470.5,CCc1ccccc1OC(=O)c1c2ccccc2[n+](C)c2ccccc12,O=S(=O)([O-])C(F)(F)F,1
486.0,C[N+](C)(C)C,O=P1([O-])OP(=O)([O-])OP(=O)(O)O1,1
514.15,CC1=[NH+]CCCc2c(O)cc(C)c3oc(C)c1c23,[O-][Cl+3]([O-])([O-])[O-],1
482.15,c1ccc(-c2cc(-c3ccccc3)[s+]s2)cc1,O=S(=O)([O-])O,1
455.65,[NH3+]CCc1c[nH]c2ccccc12,O=C([O-])c1cccs1,1
461.65,[NH3+]CCc1c[nH]c2ccccc12,O=C([O-])Cc1cccs1,1
461.65,[NH3+]CCc1c[nH]c2ccccc12,O=C([O-])Cc1c[nH]c2ccccc12,1
538.0,CN(C)c1cc[nH+]cc1,O=P([O-])(O)c1cc(P(=O)(O)O)cc(P(=O)(O)O)c1,1
419.575,Nc1cccc[nH+]1,O=C([O-])c1ccc(Cl)cc1,1
372.15,Nc1cccc[nH+]1,O=C([O-])CCCCCCCCC(=O)[O-],1
417.15,Nc1ccc(Br)c[nH+]1,N#Cc1ccc(C(=O)[O-])cc1,1
405.65,CC([NH3+])c1ccccc1,O=C([O-])C(O)(c1cccs1)C1CCCC1,1
451.35,C[NH2+]C(C)C(O)c1ccccc1,O=C([O-])CNc1ccc([N+](=O)[O-])cc1,1
395.45,CC(C)(C)OC(=O)C1CCC[NH2+]1,O=C([O-])CNc1ccc([N+](=O)[O-])cc1,1
445.45,NC(=O)C1CCC[NH2+]1,O=C([O-])CNc1ccc([N+](=O)[O-])cc1,1
439.35,OCC1CCC[NH2+]1,O=C([O-])CNc1ccc([N+](=O)[O-])cc1,1
478.15,Nc1[nH]nc[nH+]1,O=C([O-])c1ccc([N+](=O)[O-])o1,1
366.15,CC1(C)C2CCC1(C1C3CCC(C3)[S+]1CC(=O)O)C(=O)C2,F[B-](F)(F)F,1
515.5,COc1cc(C=Cc2cc[n+](C)cc2)ccc1O,O=S(=O)([O-])c1ccc(Br)cc1,1
492.0,COc1cccc(C2(O)CCCCC2C[NH+](C)C)c1,O=[N+]([O-])c1cc([N+](=O)[O-])c([O-])c([N+](=O)[O-])c1,1
567.0,Nc1cccc[nH+]1,O=C([O-])c1ccc(C(=O)[O-])cc1,1
413.5,Cc1ccc(N)[nH+]c1,O=C([O-])c1ccccc1,1
447.5,Cc1ccc(N)[nH+]c1,CC(C)(C)c1cc(C(=O)[O-])cc(C(=O)[O-])c1,1
523.0,Cc1ccc(N)[nH+]c1,O=C([O-])c1ccc(C(=O)[O-])cc1,1
663.0,Cc1ccc(N)[nH+]c1,O=C([O-])c1ccc2cc(C(=O)[O-])ccc2c1,1
420.0,Cc1ccc(N)[nH+]c1,COc1ccc2c(c1)c(CC(=O)[O-])c(C)n2C(=O)c1ccc(Cl)cc1,1
425.65,Nc1cccc[nH+]1,Nc1ccc(C(=O)[O-])cc1,1
472.5,Nc1cccc[nH+]1,O=C([O-])c1cccc(C(=O)O)c1,1
392.65,C1CCC([NH2+]C2CCCCC2)CC1,CC(C)(C)c1cc(OP(C)(=O)[O-])c(O)c(C(C)(C)C)c1,1
502.65,C[NH2+]C12CCCCC1CCc1ccccc12,O=C([O-])C(O)c1ccccc1,1
394.15,CC=C1C=CC2=[NH+]CCC3OC123,O=[Se](=O)([O-])O,1
450.15,NC(N)=[NH2+],CCCCCCCCCCc1ccc(-c2ccc(S(=O)(=O)[O-])cc2)cc1,1
262.2,CCCC[N+]1(C)CCCC1,O=S(=O)([N-]S(=O)(=O)C(F)(F)F)C(F)(F)F,1
271.7,CC[n+]1ccn(C)c1,F[B-](F)(F)F,1
269.4,CCCCCC[n+]1ccccc1,O=S(=O)([N-]S(=O)(=O)C(F)(F)F)C(F)(F)F,1
279.7,CCCC[n+]1ccn(C)c1,O=S(=O)([O-])C(F)(F)F,1
428.15,C1CC[NH2+]CC1,N#CC(C#N)=C(C#N)[C-](C#N)C#N,1
394.15,CC(=O)CC(C)(C)n1c[n+](C)nn1,[O-][Cl+3]([O-])([O-])[O-],1
471.65,[NH3+]c1ccc(C(=O)O)cc1,O=C([O-])c1nccnc1C(=O)O,1
463.65,Nc1[nH]nc[nH+]1,O=C1O[H-]OC(=O)c2nccnc21,1
523.8499999999999,C1C[NH2+]CC[NH2+]1,O=C1[N-]S(=O)(=O)c2ccccc21,1
390.0,C[N+](C)(C)CCO,CC(=O)NC(CO)C(=O)[O-],1
419.0,C[N+](C)(C)CCO,O=C([O-])C(O)C(O)C(=O)O,1
417.5,C[N+](C)(C)CCO,CC(=O)NC(Cc1ccccc1)C(=O)[O-],1
402.5,C[N+](C)(C)CCO,O=C([O-])c1ccccc1C(=O)[O-],1
458.15,CN(C)c1ccccc1[NH+](C)C,F[P-](F)(F)(F)(F)F,1
474.65,CCOC(=O)C[n+]1cc(CO)c(C=NNc2ncccn2)c(O)c1C,[O-][Cl+3]([O-])([O-])[O-],1
494.0,C[N+](C)(C)C,O=C([O-])c1cc(Cl)c(Cl)cc1C(=O)O,1
437.15,COC(=O)C1CCC2CCCC3CC(C)CC1[NH+]23,O=[N+]([O-])c1cc([N+](=O)[O-])c([O-])c([N+](=O)[O-])c1,1
424.65,C[N+](C)(C)CC(=O)O,O=[N+]([O-])c1cc(Cl)c([O-])c(Cl)c1,1
425.15,Cn1nnnc1-n1c[n+](C)cn1,[O-][Cl+3]([O-])([O-])[O-],1
448.15,Cn1c([N+](=O)[O-])cnc1-n1c[nH+]cn1,[O-][Cl+3]([O-])([O-])[O-],1
344.7,CC=CCn1cc[n+](C)c1,F[P-](F)(F)(F)(F)F,1
438.0,[NH3+]c1ccc(F)c(Cl)c1,O=[N+]([O-])c1cc([N+](=O)[O-])c([O-])c([N+](=O)[O-])c1,1
486.0,NC(N)=[NH2+],O=[N+]([O-])[O-],1
522.15,Nc1nccc[nH+]1,O=C([O-])c1c(O)cccc1O,1
378.15,Nc1nccc[nH+]1,O=C([O-])c1ccccc1O,1
454.15,Nc1cccc[nH+]1,O=C([O-])c1c(O)cccc1O,1
536.0,COc1cc(C=Cc2ccc3ccccc3[n+]2C)ccc1O,O=S(=O)([O-])c1ccc(Cl)cc1,1
472.0,C[n+]1c(-c2ccc([N+](=O)[O-])cc2)cn2ccccc21,[O-][Cl+3]([O-])([O-])[O-],1
317.0,ClCC[NH+]1CCCC1,O=C(O)c1cc(S(=O)(=O)[O-])ccc1O,1
400.0,ClCCC[NH+]1CCCCC1,O=C(O)c1cc(S(=O)(=O)[O-])ccc1O,1
412.0,ClCC[NH+]1CCCCC1,O=C(O)c1cc(S(=O)(=O)[O-])ccc1O,1
431.15,[NH3+]CCCO,O=C([O-])c1ccc([N+](=O)[O-])cc1,1
428.15,C1COCC[NH2+]1,O=C([O-])c1ccc([N+](=O)[O-])cc1,1
447.15,[NH3+]CCO,O=C([O-])c1ccc([N+](=O)[O-])cc1,1
412.65,OCC[NH2+]CCO,O=C([O-])c1ccc([N+](=O)[O-])cc1,1
380.15,CCC([NH3+])CO,O=C([O-])c1ccc([N+](=O)[O-])cc1,1
409.15,CC(O)C[NH3+],O=C([O-])c1ccc([N+](=O)[O-])cc1,1
513.65,FC(F)[P+](c1ccccc1)(c1ccccc1)c1ccccc1,O=S([O-])F,1
395.15,Nc1cccc[nH+]1,C#CC(=O)[O-],1
443.65,C1CC[NH2+]C1,CC(C)(C(C#N)=[N+]([O-])[O-])C(C#N)=[N+]([O-])[O-],1
504.0,C[n+]1ccc(C=Cc2cccs2)cc1,O=S(=O)([O-])c1ccc(Cl)cc1,1
428.15,CC([NH3+])c1ccccc1,O=C([O-])C1CSC(=S)N1,1
393.15,C=CC1(C)CCC(C(=C)C[NH+]2CCCCC2)CC1C(=C)C,O=C([O-])C(Cl)(Cl)Cl,1
473.15,c1ccc(-c2cc3ccccc3c3[nH]c4ccccc4[n+]23)cc1,F[B-](F)(F)F,1
453.15,Cc1ccc(-c2[nH+]c3ccccc3n3cc4ccccc4c23)o1,F[B-](F)(F)F,1
381.0,C[S+](C)c1ccccc1,O=S(=O)([O-])C(F)(F)F,1
370.0,C[S+](c1ccccc1)c1ccccc1,O=S(=O)([O-])C(F)(F)F,1
396.5,CC1=C[N+]2(C)CCCCC(=C1)C2C,COS(=O)(=O)[O-],1
572.15,NC(Sc1c2ccccc2cc2ccccc12)=[N+]1CCCC1,[O-][Cl+3]([O-])([O-])[O-],1
434.0,[NH3+]C(CS)C(=O)O,O=C([O-])C(=O)[O-],1
339.0,CC#CCn1cc[n+](C)c1,[N-]=[N+]=[N-],1
513.0,C[n+]1c[nH]cn1,O=[N+]([O-])[O-],1
493.0,C[n+]1ccc(C=Cc2ccc(O)cc2)cc1,O=P([O-])(O)O,1
483.65,Nc1[nH+]c2cc(Cl)ccc2o1,O=C([O-])c1cc([N+](=O)[O-])cc([N+](=O)[O-])c1,1
383.65,FC(F)(F)C#C[I+]c1ccccc1,O=S(=O)([O-])C(F)(F)F,1
452.0,Oc1cccc2ccc[nH+]c12,O=C([O-])c1cc([N+](=O)[O-])cc([N+](=O)[O-])c1,1
494.5,COc1cc(OC)c2[nH+]c3ccccc3c(Cl)c2c1,O=S(=O)([O-])C(F)(F)F,1
432.5,[NH3+]CC1(CC(=O)O)CCCCC1,O=[N+]([O-])c1cc([N+](=O)[O-])c([O-])c([N+](=O)[O-])c1,1
334.0,Nc1nccc[nH+]1,O=C([O-])c1cc(Cl)c(Cl)cc1C(=O)O,1
456.0,NC(=O)c1ccc[nH+]c1,O=C([O-])c1cc(Cl)c(Cl)cc1C(=O)O,1
449.15,c1ccc(Sc2c(Sc3ccccc3)[c+]2Sc2ccccc2)cc1,[O-][Cl+3]([O-])([O-])[O-],1
445.0,C[n+]1nn(O)c2ccccc21,O=S(=O)([O-])C(F)(F)F,1
429.0,CSc1ccccc1-n1cc[n+](-c2ccccc2SC)c1,F[P-](F)(F)(F)(F)F,1
525.65,C=CCC1[NH2+]CC2CC1C1CC(=O)C=CN1C2,[O-][Cl+3]([O-])([O-])[O-],1
422.0,Nc1cccc[nH+]1,O=C([O-])c1ccccc1,1
352.15,Cc1n(C)cc[n+]1C,COC(=O)[O-],1
431.15,C[N+]1(C)CCCC1,O=C([O-])O,1
449.32,COc1cccc(C2(O)CCCCC2C[NH+](C)C)c1,O=C([O-])c1ccccc1O,1
370.0,CCCC[NH2+]CCCC,O=C([O-])C(=O)O,1
470.5,[NH3+]CC(CC(=O)O)c1ccc(Cl)cc1,O=C([O-])c1ccc2ccccc2c1O,1
456.0,[NH3+]CC(CC(=O)O)c1ccc(Cl)cc1,O=C([O-])C=CC(=O)O,1
440.0,[NH3+]CC(CC(=O)O)c1ccc(Cl)cc1,O=C([O-])C(=O)[O-],1
463.15,c1c[nH+]c[nH]1,NS(=O)(=O)c1cc(C(=O)[O-])c(NCc2ccco2)cc1Cl,1
378.15,[NH2+]=S1CCSCCSCC1,Cc1cc(C)c(S(=O)(=O)[O-])c(C)c1,1
481.15,Cc1ccccc1N1C=[N+](c2ccccc2C)C2CCCCC21,F[B-](F)(F)F,1
512.0,Cc1cc(C)c(N2C=[N+](c3c(C)cc(C)cc3C)CCC2)c(C)c1,F[B-](F)(F)F,1
509.62,C1C[NH2+]CC[NH2+]1,O=C([O-])c1cc(Cl)ccc1O,1
356.15,CC[NH3+],CS(=O)(=O)[N-]S(C)(=O)=O,1
512.65,[NH3+]C12CC3CC(CC(C3)C1)C2,CS(=O)(=O)[N-]S(C)(=O)=O,1
438.15,[NH3+]CC[NH3+],CS(=O)(=O)[N-]S(C)(=O)=O,1
438.15,C1CNC2=[NH+]CCCN2C1,CS(=O)(=O)[N-]S(C)(=O)=O,1
428.15,C(Nc1ccccc1)=[NH+]c1ccccc1,CS(=O)(=O)[N-]S(C)(=O)=O,1
423.15,c1ccc(Nc2cccc[nH+]2)cc1,CS(=O)(=O)[N-]S(C)(=O)=O,1
456.15,C1CCC([NH2+]C2CCCCC2)CC1,O=N[O-],1
503.0,COc1ccccc1[NH+]1CC[NH2+]CC1,O=C1C([O-])=C(Cl)C(=O)C([O-])=C1Cl,1
526.15,CCCCn1c(C)c2c(c1C)C=CC(=Cc1sc3ccccc3[n+]1CC)C=C2,[O-][Cl+3]([O-])([O-])[O-],1
453.15,C[NH3+],O=C([O-])C(=O)O,1
503.15,CN(C)[P+](O[P+](N(C)C)(N(C)C)N(C)C)(N(C)C)N(C)C,O=S(=O)([O-])C(F)(F)F,1
485.15,CCC(C1C(c2ccccc2)CC(=O)C(C)C1c1ccccc1)=[N+](C)C,[N-]=C=S,1
428.0,CCCC[N+](CCCC)(CCCC)CCCC,CC([O-])=C1CCOC1=O,1
493.0,CN(C)C(=[NH2+])N(C)C,O=P([O-])(O)O,1
279.45,CCCCn1cc[n+](C)c1,F[P-](F)(F)(F)(F)F,1
416.15,CC([NH3+])c1ccccc1,COP([O-])(=S)c1ccccc1,1
462.65,CC(C)(C)[N+]1(C)CC(O)C1,CS(=O)(=O)[O-],1
403.15,c1ccc(C[NH2+]Cc2ccccc2)cc1,O=C([O-])C1(C(=O)O)CCC1,1
463.15,C1CCC([NH2+]C2CCCCC2)CC1,O=C([O-])C1(C(=O)O)CCC1,1
409.65,CN(C)[C+]([C+](N(C)C)N(C)C)N(C)C,FC(F)(F)[S-],1
458.9,CC([NH3+])c1ccccc1,O=C([O-])C(O)c1ccc2ccccc2c1,1
442.15,COc1cccc(C(C)[NH3+])c1,O=C([O-])C(O)c1ccc2ccccc2c1,1
439.9,COc1ccc(C(C)[NH3+])cc1,O=C([O-])C(O)c1ccc2ccccc2c1,1
399.5,CC[NH2+]CC,[O-]c1nc(Cl)c(Cl)cc1Cl,1
452.15,C[N+](C)(C)C,O=[N+]([O-])c1c[n-]c([N+](=O)[O-])n1,1
353.15,CCCC[N+](CCCC)(CCCC)CCCC,O=[N+]([O-])c1c[n-]c([N+](=O)[O-])n1,1
353.15,CCCC[N+](CCCC)(CCCC)CCCC,O=[N+]([O-])c1nc[n-]c1[N+](=O)[O-],1
403.15,CC[N+](CC)(CC)CC,N#Cc1nc[n-]c1C#N,1
398.15,CC[N+](CC)(CC)CC,O=[N+]([O-])c1c[n-]cn1,1
371.5,Nc1cccc(N)[nH+]1,O=C([O-])C=CC(=O)O,1
432.15,Cc1cs[n+](-c2ccccc2)c1C,[O-][Cl+3]([O-])([O-])[O-],1
438.15,c1c[nH+]c[nH]1,O=C([O-])c1ccc([N+](=O)[O-])c([N+](=O)[O-])c1,1
523.15,c1c[nH+]c[nH]1,O=C([O-])C(=O)O,1
450.65,c1c[nH+]c[nH]1,O=C([O-])C=CC(=O)O,1
441.65,c1c[nH+]c[nH]1,CC(=CC(=O)[O-])C(=O)O,1
415.2166666666667,c1c[nH+]c[nH]1,O=C([O-])CCC(=O)O,1
395.15,c1c[nH+]c[nH]1,O=C(O)CC(O)C(=O)[O-],1
375.4,c1c[nH+]c[nH]1,O=C([O-])CCCCC(=O)O,1
468.65,c1c[nH+]c[nH]1,O=C([O-])c1cccc(C(=O)O)c1,1
470.65,c1c[nH+]c[nH]1,O=C([O-])C1C(C(=O)O)C(C(=O)[O-])C1C(=O)O,1
355.5,OCC[NH+](CCO)CCO,O=Cc1ccccc1C(=O)[O-],1
525.0,C[n+]1ccccc1C=Cc1ccc(O)cc1,COc1ccc(S(=O)(=O)[O-])cc1,1
324.0,N[NH3+],Nc1noc(=O)[n-]1,1
385.0,Cc1cccc(C)[nH+]1,O=C([O-])C=CC(=O)O,1
412.0,CSc1ccc(C(O)C(CO)[NH+](C)C)cc1,CC(C)=CC1C(C(=O)[O-])C1(C)C,1
467.5,Cc1ccc(C(C)C)c(OCC(O)C[NH2+]C(C)(C)C)c1,O=C([O-])C(=O)O,1
339.15,CC(C)[n+]1cn(N)cn1,O=[N+]([O-])[O-],1
329.15,Nn1cn[n+](CC2CC2)c1,O=[N+]([O-])[O-],1
451.15,[NH3+]c1cccc(Cl)c1Cl,O=P([O-])(O)O,1
479.15,Nc1n[nH+]c(N)n1N,O=[N+]([O-])[c-]1nnnn1,1
463.0,C1N2CN3CN1C[NH+](C2)C3,O=C(O)c1cc([N+](=O)[O-])cc([N+](=O)[O-])c1[O-],1
423.0,Cn1cc[nH+]c1,NC(=O)NC(=O)C(=O)[O-],1
486.0,Nc1cccc2ccc[nH+]c12,O=C([O-])c1cc([N+](=O)[O-])ccc1O,1
498.0,Nc1cccc2ccc[nH+]c12,O=C([O-])c1cc([N+](=O)[O-])cc([N+](=O)[O-])c1O,1
392.0,Nc1cccc2ccc[nH+]c12,O=C([O-])c1cccc([N+](=O)[O-])c1,1
406.45,C=CC1CCCC2(CCCC2O)[NH+]1C,O=[N+]([O-])c1cc([N+](=O)[O-])c([O-])c([N+](=O)[O-])c1,1
383.65,Nc1ccc(Br)c[nH+]1,C#CC(=O)[O-],1
442.0,C1CCC([NH2+]C2CCCCC2)CC1,CC1CC1(Cc1ccccc1)C(=O)[O-],1
450.0,[NH3+]c1ccccc1,CC(C)=C=C([P-](=O)(O)O)[PH](=O)(=O)O,1
353.0,CC[NH2+]CC,O=P([O-])(Oc1ccccc1)Oc1ccccc1,1
456.65,CN(C)c1cc[nH+]cc1,CCOC(=O)N1C(=O)C(=C([O-])c2cccs2)c2cc(Cl)ccc21,1
437.15,COC12CC(=O)C(C(CC[NH3+])=CC1=O)C2(OC)OC,[O-][Cl+3]([O-])([O-])[O-],1
418.15,CC[N+](CC)=C(c1ccccc1)c1ccc(C)cc1[Si](C)(C)C,F[B-](F)(F)F,1
316.0,CC12CCC(C3=[NH+]CCCN3C1=O)C2(C)C,[O-][Cl+3]([O-])([O-])[O-],1
496.65,C1COCCOCC[NH2+]CCOCCOCC[NH2+]1,O=C([O-])C(F)(F)F,1
349.65,C[N+](C)(C)CCO,CS(=O)(=O)[N-]S(C)(=O)=O,1
399.15,CN(C)CC[NH+](C)C,CS(=O)(=O)[N-]S(C)(=O)=O,1
407.15,Oc1cccc2ccc[nH+]c12,CS(=O)(=O)[N-]S(C)(=O)=O,1
420.65,Nc1cccc2ccc[nH+]c12,CS(=O)(=O)[N-]S(C)(=O)=O,1
504.15,S=C1C2CC(C[NH+]3CCCCC23)C2CCCCN12,[O-][Cl+3]([O-])([O-])[O-],1
490.0,NC(=[NH2+])NN=Cc1ccccc1O,O=[N+]([O-])[O-],1
428.65,CC(C)[NH2+]C(C)C,CC1(C)CC(=O)C(N=[NH+]C2=C([O-])CC(C)(C)CC2=O)=C([O-])C1,1
426.15,CC(C)(C)[NH2+]C1C=CC(c2ccccc2)(c2ccccc2)C1,O=C([O-])C(O)c1ccccc1,1
315.0,CC[NH+](CC)CC,O=S(=O)([O-])OC(C(F)(F)F)C(F)(F)F,1
304.0,CCCCn1cc[nH+]c1C,O=S(=O)([O-])OC(C(F)(F)F)C(F)(F)F,1
306.0,CC[n+]1cc[nH]c1C,O=S(=O)([O-])OC(C(F)(F)F)C(F)(F)F,1
366.15,c1ccc(Cn2cc[n+](Cc3ccccc3)c2)cc1,F[P-](F)(F)(F)(F)F,1
443.15,Cc1cccc(C)c1NC1=[NH+]Cc2ccccc21,O=S(=O)([O-])C(F)(F)F,1
442.65,[NH3+]CCC[NH2+]CCC[NH+]1CCCCCCCCCCCCCCC1,O=C([O-])C(F)(F)F,1
458.15,Nc1ccc[nH+]c1,O=C([O-])c1ccc(O)cc1,1
483.15,Nc1cc[nH+]cc1,O=C([O-])c1cccc(O)c1,1
347.15,C[Se+](C)C,[N-]=C=[Se],1
447.15,Nc1ccc[nH+]c1,O=C([O-])c1ccc(O)c(F)c1,1
424.15,Nc1ccc[nH+]c1,O=C([O-])c1ccc(O)c(Cl)c1,1
439.15,Nc1ccc[nH+]c1,Cc1cc(C(=O)[O-])cc(C)c1O,1
420.0,Nc1cccc[nH+]1,O=C([O-])c1ccccc1F,1
428.0,Nc1cccc[nH+]1,O=C([O-])c1ccc(F)cc1,1
402.0,Nc1cccc[nH+]1,O=C([O-])c1c(F)c(F)c(F)c(F)c1F,1
444.0,Nc1cccc[nH+]1,Nc1ccc(C(=O)[O-])c(O)c1,1
416.0,Nc1cccc[nH+]1,O=C([O-])c1cccc(Br)c1,1
350.0,Nc1cccc[nH+]1,O=C([O-])c1ccccc1Br,1
475.0,NC(=O)N[NH3+],O=C([O-])c1cccc(C(=O)O)n1,1
366.65,C[C+]1OC2CCCCC2O1,[O-][Cl+3]([O-])([O-])[O-],1
458.0,C[n+]1ccccc1C=Cc1c[nH]c2ccccc12,O=S(=O)([O-])c1ccc(Cl)cc1,1
458.15,Nc1ccc[nH+]c1,O=C([O-])c1cc(O)cc(O)c1,1
444.15,C[NH2+]CC(O)c1cccc(O)c1,O=C([O-])C(O)C(O)C(=O)O,1
440.15,OCCC1CCCC[NH2+]1,CC1(C)C2CCC1(CS(=O)(=O)[O-])C(=O)C2,1
465.5,O=C(C[P+](c1ccccc1)(c1ccccc1)c1ccccc1)c1ccccc1,O=[N+]([O-])[O-],1
399.4,C=CCC1C2c3ccccc3C(CC2C)[NH+]1CC=C,O=[N+]([O-])c1cc([N+](=O)[O-])c([O-])c([N+](=O)[O-])c1,1
473.15,O=C(O)C[n+]1cccc2ccccc21,[O-][Cl+3]([O-])([O-])[O-],1
377.15,C[n+]1ccn(CCN=Cc2ccc(Cl)cc2)c1,F[P-](F)(F)(F)(F)F,1
343.15,CCN(CC)C1=[N+](C)CCN1C,C[Si-](C)(C)(F)F,1
349.4,CC[S+]1CCN(c2ccccc2)CC1,O=S(=O)([O-])C(F)(F)F,1
404.75,CC(C)(C)CC(C)(C)Nc1n[n+](-c2ccccn2)c2ccccn12,O=S(=O)([O-])C(F)(F)F,1
393.0,CC[N+]1(C)CCCC1,Cc1ccc(S(=O)(=O)[O-])cc1,1
388.0,CCCC[N+]1(C)CCCC1,Cc1ccc(S(=O)(=O)[O-])cc1,1
399.15,CN1C(=O)N(C)[S+]2[N]S[N][S]1[N]2,F[As-](F)(F)(F)(F)F,1
409.65,CN(C)c1cc[nH+]cc1,O=C([N-]S(=O)(=O)c1nc2ccccc2s1)Oc1ccccc1,1
475.65,Cc1cc(C)c2ccc(N)nc2[nH+]1,O=[N+]([O-])c1cc([N+](=O)[O-])c([O-])c([N+](=O)[O-])c1,1
432.15,CC(C)C1C(=O)CC(c2ccccc2)[NH2+]C1c1ccccc1,O=[N+]([O-])[O-],1
425.65,Cc1cc[n+](C)cc1,Cc1ccc(S(=O)(=O)[O-])cc1,1
465.65,C[n+]1ccc(C[Si](C)(C)C)cc1,O=S(=O)([O-])C(F)(F)F,1
432.15,Nc1ccn(C2CC(O)C(CO)O2)c(=O)[nH+]1,O=[PH]([O-])[O-],1
417.15,Nc1ccn(C2CC(O)C(CO)O2)c(=O)[nH+]1,O=[PH]([O-])O,1
444.65,C1CCC([NH2+]C2CCCCC2)CC1,CCC[S]([O])CC(NC(C)=O)C(=O)[O-],1
349.65,CCCCCCCCCC[P+](C(C)(C)C)(C(C)(C)C)C(C)(C)C,F[B-](F)(F)F,1
478.15,Nc1nc(-c2ccccc2)nc(N)[nH+]1,CS(=O)(=O)[N-]S(C)(=O)=O,1
534.15,Nc1nc(N)[nH+]c(N)n1,CS(=O)(=O)[N-]S(C)(=O)=O,1
462.0,CC([NH3+])c1ccccc1,O=C([O-])C1CC(=O)N(c2ccccc2)N1,1
383.65,C[Se]C(=[NH+]Cc1ccccc1)c1ccccc1,O=S(=O)([O-])C(F)(F)F,1
403.9,C[N+](C)(C)C,[Se-]C(=NCc1ccccc1)c1ccccc1,1
401.65,COC(=O)c1ccc[n+]2c1SC1C3C=CC2C1c1c(F)c(F)c(F)c(F)c13,[O-][Cl+3]([O-])([O-])[O-],1
425.15,c1cc[n+]2c(c1)SC1CCCOC1O2,[O-][Cl+3]([O-])([O-])[O-],1
550.4,[NH3+]c1ccccc1,CC1=C(C)SC(=C2SC(C)=C(P(=O)([O-])O)S2)S1,1
408.15,CC[NH+](CC)CC,O=C1OC(C(Cl)(Cl)Cl)P(=O)([O-])Oc2ccccc21,1
494.0,C[NH3+],O=C([O-])C1CC(C(=O)O)CC(C(=O)O)C1,1
468.0,N[NH3+],O=C([O-])C1CC(C(=O)O)CC(C(=O)O)C1,1
430.5,CC[NH3+],O=C([O-])C1CC(C(=O)O)CC(C(=O)O)C1,1
453.0,[NH3+]O,O=C([O-])C1CC(C(=O)O)CC(C(=O)O)C1,1
437.15,CC(C)(C)n1cc[n+](C(C)(C)C)c1,O=S(=O)([O-])C(F)(F)F,1
467.5,COc1ccc(C=Cc2cc[n+](C)cc2)cc1OC,F[B-](F)(F)F,1
418.05,COc1ccc(C(=O)NC(=S)NCC[NH+]2CCOCC2)cc1,N#C[S-],1
483.65,Nc1sc2cccc[n+]2c1C(=O)c1ccc(Br)cc1,N#C[S-],1
434.15,Cn1c[n+](C)c[n+]1C,O=S(=O)([O-])C(F)(F)F,1
543.0,CCn1cc(C(=O)O)c(=O)c2cc(F)c(N3CC[NH+](C)CC3)cc21,O=c1cc([O-])[nH]c(=S)[nH]1,1
413.15,CC([NH3+])c1ccccc1,CC(CC(=O)c1ccc(-c2ccc(F)cc2F)cc1)C(=O)[O-],1
412.65,C[N+](C)(C)C,O=C(F)C([O-])(F)F,1
422.65,CCN(CC)C(C)=[NH2+],O=P([O-])(Sc1ccccc1)Sc1ccccc1,1
457.0,CC1(C)CCC(C)(C)c2sc(N)[nH+]c21,O=C([O-])c1ccccc1,1
552.15,Cc1cc(-n2cccc2)c(S(C)(=O)=O)cc1C(=O)NC(N)=[NH2+],CS(=O)(=O)[O-],1
424.65,CC(C)OI1OC(=[NH2+])c2ccccc21,O=S(=O)([O-])C(F)(F)F,1
414.65,CC1[N+](c2ccccc2)=CN(C(C)(C)C)C1(C)O,[O-][Cl+3]([O-])([O-])[O-],1
518.15,Cc1cc(C)c(-[n+]2ccn(-c3c(C(C)C)cccc3C(C)C)c2)c(C)c1,[O-][Cl+3]([O-])([O-])[O-],1
360.65,CCN1C=[N+](CC)CCC1,F[P-](F)(F)(F)(F)F,1
597.15,CC(C)N(C=[N+](C(C)C)C(C)C)C(C)C,O=S(=O)([O-])C(F)(F)F,1
482.65,CC(C)[N+](=CN1CCCCC1)C(C)C,F[P-](F)(F)(F)(F)F,1
472.65,C(N1CCCCC1)=[N+]1CCCCC1,F[B-](F)(F)F,1
379.65,C(=NC=[N+]1CCCCC1)N1CCCCC1,F[P-](F)(F)(F)(F)F,1
426.65,[O-][n+]1nn([C+](N2CCCC2)N2CCCC2)c2cccnc21,F[P-](F)(F)(F)(F)F,1
481.0,CC[NH+](CC)c1ccccc1,O=c1[nH]c([O-])c(-c2ccc([N+](=O)[O-])cc2[N+](=O)[O-])c(=O)[nH]1,1
469.5,C(=Cc1ccccc1)C[NH+]1CCN(C(c2ccccc2)c2ccccc2)CC1,O=C([O-])C=CC(=O)O,1
553.0,Brc1ccc(-c2c[n+]3cccnc3o2)cc1,[O-][Cl+3]([O-])([O-])[O-],1
332.15,CC1=C(C)[P+]1(C)c1ccccc1,O=S(=O)([O-])C(F)(F)F,1
425.15,c1cnc2[nH+]cccc2c1,c1ccc([B-](c2ccccc2)(c2ccccc2)c2ccccc2)cc1,1
426.25,C[NH2+]C(C)Cc1ccc(F)cc1,O=C([O-])C(O)C(O)C(=O)O,1
484.65,CN(C)[P+]1(N(C)C)C[P+](N(C)C)(N(C)C)C[P+](N(C)C)(N(C)C)C1,F[B-](F)(F)F,1
393.15,CC(=O)Nc1cc[nH+]cc1,O=C([O-])CCCC(=O)O,1
387.15,C[NH+]1CCCC1c1cccnc1,O=C([O-])c1ccccc1O,1
437.15,CCCCC1=C2NC(=[NH2+])NC3CCC(CC1C)C23,O=[N+]([O-])[O-],1
470.15,CN(C)C(N(C)C)=[N+](C)C,COC(=O)[C-](C(=O)c1c(C)cc(C)cc1C)c1c(C)cc(C)cc1C,1
484.15,CC([NH3+])c1ccccc1,CC1(C(=O)c2ccc(C(=O)[O-])cc2)C2CC3CC(C2)CC1C3,1
332.0,CCCC[P+](CCCC)(CCCC)CCCC,O=C([O-])c1ccccc1O,1
403.0,CC1=[NH+]c2ccccc2NC(C)(C)C1,[O-][Cl+3]([O-])([O-])[O-],1
438.15,C1COCC[NH2+]1,O=[N+]([O-])c1ccc([O-])c([N+](=O)[O-])c1,1
465.5,Nc1cc[nH][nH+]1,O=C([O-])C(F)(F)F,1
402.0,CC[NH+](CC)CC,O=P1([O-])Oc2ccccc2O1,1
409.65,O=C(NC(CO[N+](=O)[O-])(CO[N+](=O)[O-])CO[N+](=O)[O-])c1ccc[nH+]c1,O=[N+]([O-])[O-],1
438.7,C[N+](C)=C1C=CC(=CNC(N)=O)C=C1,O=[N+]([O-])[O-],1
440.7,C[N+](C)=C1C=CC(=CC=CNC(N)=O)C=C1,O=[N+]([O-])[O-],1
516.15,CCCCCC[NH2+]CCCCCC,O=C([O-])c1cc(C(=O)[O-])cc(C(=O)O)c1,1
521.15,CCCCCCCC[NH2+]CCCCCCCC,O=C([O-])c1cc(C(=O)[O-])cc(C(=O)O)c1,1
377.0,OCC[NH+]1CCCCC1,O=[N+]([O-])c1cc(Cl)c([O-])c(Cl)c1,1
368.65,CSC(C#Cc1ccccc1)[N+](C)(C)C,O=S(=O)([O-])C(F)(F)F,1
433.65,C[n+]1ccccc1,N#CC(C#N)=C(C#N)[C-](C#N)C#N,1
398.15,Cc1ccc(C=[N+]=Cc2ccc(C)cc2)cc1,O=S(=O)([O-])C(F)(F)F,1
319.0,Cn1cc[n+](C)c1,O=S(=O)([O-])C(F)(F)F,1
491.65,NC(N)=[NH2+],Cc1cccc(S(=O)(=O)[O-])c1,1
405.15,NC(N)=[NH2+],O=[N+]([O-])c1ccccc1S(=O)(=O)[O-],1
460.65,NC(N)=[NH2+],O=[N+]([O-])c1cccc(S(=O)(=O)[O-])c1,1
513.15,NC(N)=[NH2+],O=[N+]([O-])c1cc([N+](=O)[O-])c(S(=O)(=O)[O-])c([N+](=O)[O-])c1,1
321.15,N[NH3+],c1nnn[n-]1,1
475.0,C#CC[NH2+]C1CCc2ccccc21,O=S(=O)([O-])CCS(=O)(=O)[O-],1
418.65,Cc1ccc(C[NH3+])cc1,O=C(O)CC(O)C(=O)[O-],1
438.65,[NH3+]Cc1ccc(Cl)cc1,O=C(O)CC(O)C(=O)[O-],1
414.15,[NH3+]Cc1cccc(Cl)c1,O=C(O)CC(O)C(=O)[O-],1
400.15,Nc1cc[nH+]cc1,CSC(=Nc1ccncc1)[C-]1C(=O)OC(C)(C)OC1=O,1
453.15,C1=CC2(c3ccccc[c+]31)C1CC3CC(C1)CC2C3,[O-][Cl+3]([O-])([O-])[O-],1
310.15,CCCC[N+]1(C)CCCC1,CS(=O)(=O)[N-]S(C)(=O)=O,1
392.0,C[N+](C)(C)CCO,O=P([O-])(O)O,1
458.15,[NH3+]CCCCC[NH3+],O=C([O-])CCC(=O)[O-],1
484.15,C1C[NH+]2CCN1CC2,O=S(=O)(Cc1ccccc1)c1nn[n-]c1C(F)(F)C(F)(F)C(F)F,1
452.15,C=CCC1CCC2C3CCC(C(CC=C)[NH2+]3)C2[NH2+]1,O=[N+]([O-])c1cc([N+](=O)[O-])c([O-])c([N+](=O)[O-])c1,1
415.65,CCO[S+](C)c1cccc2sc3cccc(SC)c3c12,F[B-](F)(F)F,1
446.0,C[NH+]1CCN(C(c2ccccc2)c2ccccc2)CC1,O=[N+]([O-])c1cc([N+](=O)[O-])c([O-])c([N+](=O)[O-])c1,1
499.65,C[n+]1ccc(-c2cc(-c3ccccc3)[s+]c(-c3ccccc3)c2)cc1,F[B-](F)(F)F,1
340.15,CCn1cc[nH+]c1,N#Cc1nc[n-]c1C#N,1
428.15,CC(C)[NH3+],O=C([O-])c1c(F)c(F)c(F)c(F)c1C(=O)O,1
460.25,CCC[NH+](C(C)C)C(C)C,[O-][Cl+3]([O-])([O-])[O-],1
465.15,O=C(O)C1CC=C([n+]2ccccc2)CC1,F[P-](F)(F)(F)(F)F,1
459.15,C1=C(c2occc2-c2ccccc2)C2CC[NH+]1CC2,O=C([O-])C(=O)O,1
474.65,C1=C(c2ccc(-c3ccccc3)o2)C2CC[NH+]1CC2,O=C([O-])C=CC(=O)O,1
378.15,N#CC1=CC=[N+]C=C1,I[I-],1
436.15,C1=CC(C2=CC=[N+]C=C2)=CC=[N+]1,I[I-],1
372.15,C1=Nc2ccccc2[N+]=C1,I[I-],1
382.15,[NH3+]CCc1ccccc1,CCOC(=O)c1cc(C(=O)OCC)[n-]n1,1
389.15,COc1ccc(CC[NH3+])cc1OC,CCOC(=O)c1cc(C(=O)OCC)[n-]n1,1
565.0,C[N+](C)(C)C,O=S(=O)([O-])[O-],1
416.5,O=[N+]([O-])c1ccc(Cc2cc[nH+]cc2)cc1,O=C([O-])c1cc([N+](=O)[O-])ccc1O,1
425.0,CC1=CC(C)=[NH+]CCN1,O=[N+]([O-])c1cc([N+](=O)[O-])c([O-])c([N+](=O)[O-])c1,1
399.0,COc1cc(C)[nH+]c(N)n1,O=[N+]([O-])c1cc([N+](=O)[O-])c([O-])c([N+](=O)[O-])c1,1
342.15,CC[NH2+]Cc1ccccc1,O=C([O-])C(O)(O)C(=O)O,1
567.15,NC(N)=[NH2+],Cc1ccc(-c2ccc(S(=O)(=O)[O-])cc2)cc1,1
569.15,NC(N)=[NH2+],CCc1ccc(-c2ccc(S(=O)(=O)[O-])cc2)cc1,1
517.15,NC(N)=[NH2+],CCCCCCc1ccc(-c2ccc(S(=O)(=O)[O-])cc2)cc1,1
440.0,CC1C(c2ccccc2)SC(=[NH2+])N1C,[N-]=C=S,1
418.3,CC1C(c2ccccc2)[Se]C(=[NH2+])N1C,[N-]=C=[Se],1
355.65,CC1(C)CCCC(C)(C)[NH2+]1,[N-]=[N+]=N[B-](N=[N+]=[N-])(N=[N+]=[N-])N=[N+]=[N-],1
477.65,O=C1C[N+]2(CCOCC2)CCO1,O=[N+]([O-])c1cc([N+](=O)[O-])c([O-])c([N+](=O)[O-])c1,1
488.65,COc1ccc2cc3[n+](cc2c1OC)CCc1cc2c(cc1-3)OCO2,[O-][O-],1
510.0,Cc1ccc(C)c(OC(=O)c2c3ccccc3[n+](C)c3ccccc23)c1,O=S(=O)([O-])C(F)(F)F,1
458.0,Nc1ccccc1C[NH2+]CC[NH2+]Cc1ccccc1N,Cc1ccc(S(=O)(=O)[O-])cc1,1
326.0,NC(N)=[NH2+],CCCCCCCCCCCCCC(=O)SCCS(=O)(=O)[O-],1
502.5,c1ccc2c(c1)CC1[Se]c3cccc4ccc[n+](c34)C21,O=S(=O)([O-])O,1
528.0,[NH3+]c1ccc(Cl)cc1,Cc1ccc(S(=O)(=O)[O-])cc1,1
461.5,[NH3+]Cc1ccccc1,O=C([O-])c1cc([N+](=O)[O-])cc([N+](=O)[O-])c1,1
387.75,C[N+]1=C(C(=NO)c2ccccc2)CCC1,O=S(=O)([O-])C(F)(F)F,1
405.0,Cc1[nH+]ccn1C,O=C([O-])c1cc([N+](=O)[O-])cc([N+](=O)[O-])c1,1
486.65,C[N+]1(C)c2cccc3cccc(c23)C12c1ccccc1C=Cc1ccccc12,F[B-](F)(F)F,1
382.65,Cc1cc(C)c(-n2cc[n+](CCP(c3ccccc3)c3ccccc3)c2)c(C)c1,F[B-](F)(F)F,1
392.15,C1CCCC[NH2+]CCC1,Cc1ccc(S(=O)(=O)[O-])cc1,1
472.15,Nc1cccc[nH+]1,O=C([O-])c1ccc([N+](=O)[O-])cc1,1
412.0,C[n+]1ccn(CC(=O)N2CCOCC2)c1,F[P-](F)(F)(F)(F)F,1
494.15,c1cc[nH+]cc1,O=C1[N-]S(=O)(=O)c2ccccc21,1
474.15,CCn1cc[n+](C)c1C,F[P-](F)(F)(F)(F)F,1
392.15,CCn1c(C)c(C)[n+](C)c1C,F[P-](F)(F)(F)(F)F,1
360.35,CCC(C)[n+]1ccn(C)c1,F[P-](F)(F)(F)(F)F,1
433.15,C[n+]1ccn(C(C)(C)C)c1,F[P-](F)(F)(F)(F)F,1
408.15,CC(C)n1cc[n+](C(C)C)c1,F[P-](F)(F)(F)(F)F,1
304.15,CCCCCCCCCCn1cc[n+](C)c1,F[P-](F)(F)(F)(F)F,1
589.15,C[N+](C)(C)CCO,OB1OB(O)O[B-]2(O1)OB(O)OB(O)O2,1
486.15,CC([NH3+])c1ccccc1,O=P([O-])(C(O)c1ccccc1)C(O)c1ccccc1,1
511.0,NC1=N[N+]2(CCCCC2)CC1,O=C([O-])c1ccc(Br)cc1,1
419.65,CC(=O)OCC1C(OC(C)=O)C[NH+]2CC(OC(C)=O)C(OC(C)=O)C12,O=C([O-])C(F)(F)F,1
471.6,CC[NH+](CC)CC,S=C([S-])N(CCN(Cc1ccccc1)C(=S)[S-])Cc1ccccc1,1
444.0,CCCn1cc[n+](C)c1,O=[N+]([O-])c1cc([N+](=O)[O-])c([O-])c([N+](=O)[O-])c1,1
461.0,COc1ccccc1N1CC[NH+](CC(O)COc2cccc3ccccc23)CC1,O=C([O-])C(=O)[O-],1
434.15,OCCC1CCC2CCC3C(O)CCCC3[NH+]12,O=S(=O)([O-])c1ccc(Br)cc1,1
466.65,CN(C)N=CC(=N[N+](C)(C)C)c1ccc([N+](=O)[O-])cc1,[O-][Cl+3]([O-])([O-])[O-],1
383.4,CN(C)N=CC(=N[NH+]1CCCC1)c1ccccc1,[O-][Cl+3]([O-])([O-])[O-],1
384.67,Cc1ccc[nH+]c1N,O=C([O-])CCc1nc(-c2ccccc2)c(-c2ccccc2)o1,1
477.83,C1C[NH2+]CC[NH2+]1,O=C([O-])CCc1nc(-c2ccccc2)c(-c2ccccc2)o1,1
396.15,CC1(C)C2CCC1(NCC1CCC[NH2+]1)C(O)C2,O=C([O-])C(F)(F)F,1
473.15,C[n+]1ccc(-c2ccc3ccccc3c2)cc1,[O-][Cl+3]([O-])([O-])[O-],1
353.9,C[Se]C(c1ccccc1)=[N+](C)C,O=S(=O)([O-])C(F)(F)F,1
451.15,[NH3+]C1c2ccccc2CC1O,COc1ccc2cc(C(C)C(=O)[O-])ccc2c1,1
406.65,CN(C)c1cccc2cccc(N(C)[NH3+])c12,O=[N+]([O-])c1cc([N+](=O)[O-])c([O-])c([N+](=O)[O-])c1,1
425.15,CN(C)c1ccc2c3c(ccc(N(C)[NH3+])c13)CC2,O=[N+]([O-])c1cc([N+](=O)[O-])c([O-])c([N+](=O)[O-])c1,1
399.0,[NH2+]=c1[nH]c(=O)n(C2CSC(CO)O2)cc1F,O=C([O-])C=CC(=O)O,1
398.0,[NH2+]=c1[nH]c(=O)n(C2CSC(CO)O2)cc1F,O=C([O-])CC(=O)O,1
567.15,Cn1c(=O)c2c3ccc4ccccc4c[c+]3oc2n(C)c1=O,F[B-](F)(F)F,1
468.5,COc1cc(C=Cc2cc[n+](C)cc2)ccc1O,Cc1ccc(S(=O)(=O)[O-])cc1,1
494.15,C[NH+](C)c1ccccc1,N#CC(C#N)=C1C(=O)NC([O-])=C1C#N,1
413.0,CC[NH+](CC)CC,O=C(O)c1cc(S(=O)(=O)[O-])ccc1O,1
473.65,C[P+]1(c2ccccc2)c2cccc3cccc(c23)P1c1ccccc1,F[B-](F)(F)F,1
428.15,CCCn1c(=O)c(C(=O)NCC[NH+](CC)CC)c(O)c2ccccc21,CS(=O)(=O)[O-],1
462.0,Cc1[nH+]c2c(c3c1OC(C)(C)OC3)COC(C)(C)OC2,Cc1ccc(S(=O)(=O)[O-])cc1,1
421.15,Cc1[nH+]c(CO)c2c(c1O)COC(C)(C)OC2,Cc1ccc(S(=O)(=O)[O-])cc1,1
390.15,CCCn1c[nH+]c2ccccc21,F[B-](F)(F)F,1
381.15,CCn1c[nH+]c2ccccc21,F[B-](F)(F)F,1
460.15,Cc1ccc2ccccc2[nH+]1,O=C1[N-]S(=O)(=O)c2ccccc21,1
480.15,Nc1[nH+]c(-c2ccccc2)cs1,O=C1[N-]S(=O)(=O)c2ccccc21,1
458.65,Nc1nccc[nH+]1,O=C1[N-]S(=O)(=O)c2ccccc21,1
442.5,C[N+]1(C)c2ccc(-c3ccccc3)c3c(-c4ccccc4)ccc(c23)C1O,O=C([O-])CC(=O)O,1
431.0,O=C(O)C1CCC[NH2+]C1,O=C([O-])C(O)C(O)C(=O)O,1
367.0,[N-]=[N+]=Nc1n(OCc2ccccc2)cc[n+]1OCc1ccccc1,F[P-](F)(F)(F)(F)F,1
449.15,NC(=O)c1ccc[nH+]c1,O=C([O-])C(=O)[O-],1
364.9,Cn1cc[nH+]c1,O=P([O-])(Oc1ccccc1)Oc1ccccc1,1
372.65,c1c[nH+]c[nH]1,O=P([O-])(Oc1ccccc1)Oc1ccccc1,1
441.0,NC(N)=[NH2+],O=C([O-])C(F)(F)Cl,1
435.0,NC(N)=[NH2+],O=C([O-])C(Cl)Cl,1
295.15,Cn1cc[n+](C)c1,O=S(=O)(N=S(=O)([O-])C(F)(F)F)C(F)(F)F,1
330.15,CCc1n(CC)cc[n+]1CC,O=S(=O)(N=S(=O)([O-])C(F)(F)F)C(F)(F)F,1
396.4,CC(C)N[C+](Nc1ccc(F)cc1)NC(C)C,O=S(=O)([O-])C(F)(F)F,1
440.65,C[NH2+]CCCC1(c2ccc(F)cc2)OCc2ccccc21,Cc1ccc(S(=O)(=O)[O-])cc1,1
427.65,C[NH2+]CCCC1(c2ccccc2)OC(C)(C)c2ccccc21,Cc1ccc(S(=O)(=O)[O-])cc1,1
474.0,Cn1cc[n+](C)c1N=NN=c1n(C)ccn1C,F[P-](F)(F)(F)(F)F,1
438.0,COn1cc[n+](OC)c1N=NN=c1n(OC)ccn1OC,F[P-](F)(F)(F)(F)F,1
445.0,COn1ccn(OC)c1=NN=Nc1n(N(C)C)cn[n+]1C,F[P-](F)(F)(F)(F)F,1
390.15,F[S+](F)C(F)(F)C(F)(F)F,F[As-](F)(F)(F)(F)F,1
362.15,CN(C)c1cc[nH+]cc1,CC(C)(CO)CO[PH](=O)[O-],1
455.15,O=C(O)C1CCCC[NH2+]1,O=C([O-])C(O)C(O)C(=O)O,1
443.15,C1COCC[NH2+]1,N#Cc1c([O-])ccc(O)c1C#N,1
398.55,Cn1cnn(C)c1=[N+](C)C,[O-][Cl+3]([O-])([O-])[O-],1
571.5,[NH3+]Cc1ccccc1,N#CC(C#N)=c1[n-]c(=C(C#N)C#N)c2ccccc12,1
453.15,C[n+]1cn(N)cn1,N(=N[c-]1nnnn1)[c-]1nnnn1,1
330.15,CC[NH+](CC)CC,Cc1ccccc1OP(=S)([S-])Oc1ccccc1C,1
450.4,C[NH2+]N=C(C)C,O=c1c2c(oc3ccccc13)C(c1ccccc1)OP2(=O)[O-],1
396.5,NC1CCCCC1[NH3+],N#C[S-],1
422.15,CC([NH3+])c1ccccc1,CCC(C)OP(=O)([S-])CC,1
468.65,[NH3+]Cc1ccccc1,O=C([O-])c1ccc([N+](=O)[O-])cc1,1
455.55,Nc1ccc([N+](=O)[O-])c[nH+]1,O=C([O-])C(O)C(O)C(=O)O,1
464.0,[NH3+]C12CC3CC(CC(C3)C1)C2,Cc1ccc(C)c(OCCCC(C)(C)C(=O)[O-])c1,1
365.0,[NH3+]Cc1ccccc1,Cc1ccc(C)c(OCCCC(C)(C)C(=O)[O-])c1,1
375.0,[NH3+]C1CCC1,Cc1ccc(C)c(OCCCC(C)(C)C(=O)[O-])c1,1
406.0,[NH3+]C1CCCCC1,Cc1ccc(C)c(OCCCC(C)(C)C(=O)[O-])c1,1
444.15,CC(C[NH+]1CCCCC1)C(O)(c1ccccc1)c1ccccc1,O=C([O-])C(O)c1ccccc1,1
468.65,COc1cc[n+](C)c(-c2cc(OC)cc[n+]2C)c1,F[B-](F)(F)F,1
545.15,Cn1c(=O)c2c(n(C)c1=O)n(-c1ccccc1)c1cccc3ccccc3[c+]21,F[B-](F)(F)F,1
446.65,Cn1c(=O)c2c(n(C)c1=O)n(-c1ccccc1)c1cc3ccccc3cc[c+]21,F[B-](F)(F)F,1
373.65,N#CC#C[I+]c1ccccc1,O=S(=O)([O-])C(F)(F)F,1
411.65,CN(C)c1cccc2cccc([NH+](C)C)c12,O=C([O-])C=CC(=O)O,1
608.65,C[NH2+]C,O=P1([O-])C=C(c2ccccc2)c2cc3cc(Cl)ccc3cc2O1,1
512.15,c1ccc(-c2c(-c3ccccc3)[s+](-c3ccccc3)c3ccccc23)cc1,[O-][Cl+3]([O-])([O-])[O-],1
454.15,N[NH3+],O=[N+]([O-])[C-](c1ccccn1)[N+](=O)[O-],1
376.15,CCCC[N+](CCCC)(CCCC)CCCC,O=C([O-])c1ccccc1,1
504.65,Cn1c(=O)n(-c2ccccc2)c(=O)n2c1cc1ccccc[c+]12,F[B-](F)(F)F,1
439.15,Nc1cccc[nH+]1,O=C([S-])c1cccc(C(=O)[S-])[nH+]1,1
525.0,Cc1cc2c(s1)Nc1ccccc1[NH+]=C2N1CC[NH+](C)CC1,O=C([O-])C(=O)[O-],1
397.0,Cc1cc2c(s1)Nc1ccccc1N=C2N1CC[NH+](C)CC1,O=C([O-])CCCC(=O)O,1
489.65,Fc1ccc2c(c1)C1=C(CC3CCC1N3)[NH2+]2,O=C([O-])C(O)C(O)C(=O)O,1
331.15,[NH3+]C1Cc2ccccc2C(c2ccccc2)C1,CC1(C)C2CCC1(CS(=O)(=O)[O-])C(=O)C2,1
394.15,Cc1ccccc1C[NH3+],O=C[O-],1
389.15,COc1ccc(C[NH3+])cc1,O=C[O-],1
414.65,Cc1ccc(C[NH3+])cc1,O=C[O-],1
431.15,CC([NH3+])c1cccc2ccccc12,O=C[O-],1
362.65,Cc1cccc(C[NH3+])c1,O=C[O-],1
374.65,[NH3+]Cc1cccc(Cl)c1,O=C[O-],1
417.15,[NH3+]Cc1ccc(Cl)cc1,O=C[O-],1
497.65,Nn1c[nH+]c2ccccc21,O=[N+]([O-])c1cc([N+](=O)[O-])c([O-])c([N+](=O)[O-])c1,1
395.65,C[NH2+]c1ccccc1,O=C([O-])c1cc([N+](=O)[O-])cc([N+](=O)[O-])c1,1
477.65,[NH3+]C1CCC([NH3+])CC1,O=C([O-])Cc1ccc([N+](=O)[O-])cc1,1
330.65,CCCCCCCCCCCC[N+](C)(C)C,c1cnn([BH-](n2cccn2)n2cccn2)c1,1
431.15,Cc1cccc(C(C)c2ccccc2)c1[NH3+],CC1(C)C2CCC1(CS(=O)(=O)[O-])C(=O)C2,1
403.0,c1ccc2[nH+]cccc2c1,O=C([O-])CC(O)(CC(=O)O)C(=O)O,1
392.15,CN(C)c1cc[n+](CCF)cc1,Cc1ccc(S(=O)(=O)[O-])cc1,1
449.15,c1ccc2c(c1)C1Cc3cc[cH+]ccc3CC2c2ccccc21,F[B-](F)(F)F,1
438.65,Cc1cccc(C)c1NC(=O)Nc1ccc[nH+]c1,O=S(=O)([O-])[O-],1
492.65,Cc1cccc(C)c1NC(=O)Nc1ccc[nH+]c1,[O-][Cl+3]([O-])([O-])[O-],1
393.15,C1CC[NH2+]CC1,O=C([O-])c1ccc(Br)cc1,1
394.15,C1CC[NH2+]CC1,O=C([O-])c1ccc(Cl)cc1,1
396.15,C1CC[NH2+]CC1,O=C([O-])c1ccc(O)cc1,1
392.15,C1CC[NH2+]CC1,Cc1ccc(C(=O)[O-])cc1,1
504.15,COc1ccc(-c2cc[n+](C)cc2)cc1,F[P-](F)(F)(F)(F)F,1
380.9,O[Se+](C1CCCCC1)C1CCCCC1,O=S(=O)([O-])c1ccc(Br)cc1,1
390.15,[NH3+]c1ccc([NH3+])cc1,[O-][Cl+3]([O-])([O-])[O-],1
375.65,CCC1(O[N+](=O)[O-])C[NH2+]C1,O=[N+]([O-])[O-],1
580.15,C1C[NH2+]CC[NH2+]1,O=C([O-])c1ccc(C(=O)[O-])cc1,1
453.15,CC1(C)[O+]=C(c2ccccc2)c2ccccc21,[O-][Cl+3]([O-])([O-])[O-],1
529.15,C[n+]1nn(-c2ccccc2)nc1-c1ccc(Cl)cc1,[O-][Cl+3]([O-])([O-])[O-],1
534.0,Nc1ccccc1-c1[nH]c2ccccc2[nH+]1,O=P([O-])(O)O,1
537.5,CCn1c2nc(=[NH2+])[nH]c(=O)c-2cc2ccccc21,Cc1ccc(S(=O)(=O)[O-])cc1,1
383.15,C[NH2+]C(C)C(O)c1ccccc1,N#C[S-],1
441.15,CC1=[NH+]N(c2ccccc2)C(=O)C1,[O-][Cl+3]([O-])([O-])[O-],1
523.15,C1CNC(CCC2=[NH+]CCCN2)=[NH+]C1,O=C([O-])c1cccc(C(=O)[O-])c1,1
469.15,CC1CC2CC3NC4(C1)[NH+]1CCCC3C24CCC1,[O-][Cl+3]([O-])([O-])[O-],1
379.65,C[NH+]1CCC(O)CC1,[O-][Cl+3]([O-])([O-])[O-],1
485.15,OCC1CCC[NH2+]1,CC(C)c1cc(C(C)C)c(C(=O)c2ccc(C(=O)[O-])cc2)c(C(C)C)c1,1
559.77,c1c[nH+]c[nH]1,CC1(C)C2CCC1(CS(=O)(=O)[O-])C(=O)C2,1
420.9,CC1=C(C)C[S+]2C(C(=O)c3ccccc3)=Cc3ccccc3C2C1,F[B-](F)(F)F,1
476.15,[NH3+]Nc1nnc(N[NH3+])nn1,O=[N+]([O-])N=c1nn[n-]n1CCn1[n-]nnc1=N[N+](=O)[O-],1
396.15,N[NH3+],O=[N+]([O-])N=c1nn[n-]n1CCCn1[n-]nnc1=N[N+](=O)[O-],1
496.65,N[NH3+],O=[N+]([O-])N=c1nn[n-]n1CCn1[n-]nnc1=N[N+](=O)[O-],1
486.0,C[n+]1ccccc1C=Cc1ccc(Cl)cc1,O=S(=O)([O-])c1ccc(Cl)cc1,1
442.15,C[N+]1(C)Cc2cccc3c2[S-]1[N+](C)(C)C3,F[P-](F)(F)(F)(F)F,1
318.65,CCn1cc[n+](C)c1,O=S(=O)([O-])C(F)(F)C(F)F,1
471.15,Cn1cc[n+]2c1CC1(c3ccc(Cl)cc3)OCC(C2)O1,CS(=O)(=O)[O-],1
445.15,C[N+](C)(C)CC(O)CC(=O)O,O=C([O-])C(O)C(O)C(=O)[O-],1
509.15,CN(C)c1ccccc1[N+](C)(C)C,c1ccc([B-](c2ccccc2)(c2ccccc2)c2ccccc2)cc1,1
482.0,Nc1cc[nH+]cc1,CCCCNc1cc(C(=O)[O-])cc(S(N)(=O)=O)c1Oc1ccccc1,1
402.15,COc1ccc([N+]#N)cc1,O=[N+]([O-])[O-],1
394.0,ClCC[NH+]1CCOCC1,O=[N+]([O-])c1cc([N+](=O)[O-])c([O-])c([N+](=O)[O-])c1,1
425.15,CC([NH3+])c1ccccc1,O=C([O-])C1CN(Cc2ccccc2)CC1C(F)(F)F,1
430.0,CC[NH2+]CCO,O=C([O-])c1ccccc1SSc1ccccc1C(=O)[O-],1
438.0,[NH3+]CCCC[NH3+],CC(=O)[O-],1
420.15,C1CC[NH2+]CC1,[O-][P]1(O)OCC(O)C(c2ccccc2)O1,1
493.0,C1=[NH+]C2CCCCC2NC=C1c1ccccc1,O=[N+]([O-])c1cc([N+](=O)[O-])c([O-])c([N+](=O)[O-])c1,1
375.65,C[NH+]1CCCCC1,CCOC1O[B-](c2ccccc2)(c2ccccc2)Oc2ccccc21,1
419.15,C[NH+]1CCCCC1,COc1cccc2c1O[B-]1(c3ccccc3)OB(c3ccccc3)OC2O1,1
432.0,Cc1c[nH+]cc(C)n1,O=[N+]([O-])c1cc([N+](=O)[O-])c([O-])c([N+](=O)[O-])c1,1
520.25,C[N+]1=C(N)C(C)(C)c2ccccc21,F[B-](F)(F)F,1
394.65,CC(C)(C)[NH3+],O=C([O-])c1c2cccc1COCCOCCOCCOCCOC2,1
416.5,[2H][N+]1([2H])CCCC1,O=C([O-])c1ccc(Cl)cc1,1
424.0,C1CC[NH2+]C1,O=C([O-])c1ccc(Cl)cc1,1
441.0,c1ccc(-c2cccc[nH+]2)nc1,[O-][Cl+3]([O-])([O-])[O-],1
395.65,Cn1n[n+](C)c2ccccc21,O=S(=O)([O-])C(F)(F)F,1
477.65,Nc1cccc(N)[nH+]1,O=C([O-])c1ccccc1[N+](=O)[O-],1
323.65,CCC12CC[NH2+]CC1Oc1ccc(OC)cc12,O=C([O-])C(O)c1ccccc1,1
441.0,C1C[N+]2(CCOC2)CO1,F[B-](F)(F)F,1
377.0,C1CC[N+]2(C1)CCOC2,F[B-](F)(F)F,1
415.0,CC1OCC[N+]12CCCC2,F[B-](F)(F)C(F)(F)C(F)(F)F,1
461.65,Cc1cc(C)c(-[n+]2cn(C(C)C(C)(C)C)c(C)n2)c(C)c1,F[B-](F)(F)F,1
427.0,NC1=[NH+]CCS1,O=C([O-])c1cc2ccccc2[nH]1,1
434.0,NC1=[NH+]CCS1,Cn1cccc1C(=O)[O-],1
444.75,Nc1[nH+]c2ccccc2s1,O=C([O-])c1cc2ccccc2[nH]1,1
378.5,Nc1[nH+]c2ccccc2s1,Cn1cccc1C(=O)[O-],1
417.5,Nc1[nH+]c2ccccc2s1,O=C([O-])c1cccs1,1
489.5,O=C1c2ccccc2-c2[nH+]c3n(c21)CCCCC3,[O-][Cl+3]([O-])([O-])[O-],1
463.0,NC(=O)C1CC[NH2+]CC1,O=C([O-])c1cc([N+](=O)[O-])ccc1O,1
342.5,Cc1ccccc1C(OCC[NH+](C)C)c1ccccc1,O=[N+]([O-])c1cc([N+](=O)[O-])c([O-])c([N+](=O)[O-])c1,1
411.0,CC(O)C[n+]1ccn(C)c1,c1ccc([B-](c2ccccc2)(c2ccccc2)c2ccccc2)cc1,1
383.9,C=CCC1[NH2+]c2ccccc2C1CCO,O=[N+]([O-])c1cc([N+](=O)[O-])c([O-])c([N+](=O)[O-])c1,1
453.15,NNC(=O)N[NH3+],O=[N+]([O-])N=c1[n-]nn[nH]1,1
436.15,NNC(=O)N[NH3+],Cn1nn[n-]c1=N[N+](=O)[O-],1
448.45,C1C[NH2+]CC[NH2+]1,O=C(O)CC(O)C(=O)[O-],1
481.65,Cc1ccc(-c2cc3ccccc3c(N(C)C)[o+]2)cc1,O=S(=O)([O-])C(F)(F)F,1
432.65,C[NH+](C)Cc1c2ccccc2cc2ccccc12,O=C([O-])c1ccc([N+](=O)[O-])cc1,1
419.15,CS[P+]([Se]C)(c1ccccc1)C(C)(C)C,O=S(=O)([O-])C(F)(F)F,1
419.15,Nc1ccc([N+](=O)[O-])c[nH+]1,F[B-](F)(F)F,1
463.0,CC[NH+](CC)CC,O=[N+]([O-])c1cc([N+](=O)[O-])c([O-])c([N+](=O)[O-])c1,1
558.0,Cn1cc[n+](C)c1-c1n(C)cc[n+]1C,O=S(=O)([O-])C(F)(F)F,1
253.15,C[C+](C)F,F[As-](F)(F)(F)(F)F,1
443.5,C[N+]1(C)OCCC1C1COC2(CCCCC2)O1,F[B-](F)(F)F,1
384.0,O=Nc1nn(-c2ccccc2)n[n+]1-c1ccccc1,F[B-](F)(F)F,1
402.0,c1ccc(CNNC(NNCc2ccccc2)=[NH+]NCc2ccccc2)cc1,O=C([O-])C(F)(F)F,1
446.15,CC([NH3+])c1ccccc1,O=C([O-])C1CCCCC1C(=O)O,1
554.65,COc1ccc2c(c1O)C[N+]1(C)CCc3cc4c(cc3C1C2)OCO4,[O-][Cl+3]([O-])([O-])[O-],1
432.15,[NH3+]CCNc1ccc([N+](=O)[O-])cc1,O=C[O-],1
398.15,[NH3+]CCNc1ccc([N+](=O)[O-])cc1,CC(=O)[O-],1
393.15,[NH3+]CCNc1ccc([N+](=O)[O-])cc1,CCC(=O)[O-],1
388.15,[NH3+]CCNc1ccc([N+](=O)[O-])cc1,CCCC(=O)[O-],1
464.0,[NH3+]C(C(=O)OCc1ccccc1)c1ccccc1,Cc1ccc(S(=O)(=O)[O-])cc1,1
551.15,O=C(Cn1ccccc1=O)C[n+]1ccccc1O,[O-][Cl+3]([O-])([O-])[O-],1
444.15,O[P+]12CCCCP(CCCC1)CCC2,F[P-](F)(F)(F)(F)F,1
464.0,COC(=O)Nc1[nH]c2ccccc2[nH+]1,O=S(=O)([O-])c1ccc2ccccc2c1,1
543.0,CN(C)c1ccc(C=Cc2cc[n+](C)cc2)cc1,O=S(=O)([O-])c1cccc(C(F)(F)F)c1,1
515.0,CN(C)c1ccc(C=Cc2cc[n+](C)cc2)cc1,O=S(=O)([O-])c1ccc(C(F)(F)F)cc1,1
414.65,CC[NH+](CC)CC,O=C1c2ccccc2OP(=O)([O-])OC1(C(F)(F)F)C(F)(F)F,1
499.65,[NH3+]C12CC3CC(CC(C3)C1)C2,O=C([O-])C12CC3CC(CC(C3)C1)C2,1
518.65,CN(C)C=C(C=[N+](C)C)N1C(=O)c2ccccc2C1=O,[O-][Cl+3]([O-])([O-])[O-],1
481.15,N#CCn1cc[n+](CC#N)c1,F[P-](F)(F)(F)(F)F,1
383.15,N#CCn1cc[n+](CC#N)c1,F[B-](F)(F)F,1
402.65,CC(C)(C)[N+]1=NC(C)(C)C(C)(C)N1,O=[N+]([O-])c1cc([N+](=O)[O-])c([O-])c([N+](=O)[O-])c1,1
428.65,C1CC[NH2+]CC1,S=[As]([S-])([S-])c1ccccc1,1
528.0,C1C[NH2+]CC[NH2+]1,O=C([O-])C(=O)O,1
453.0,[NH3+]C1CCCCC1,O=[PH]([O-])Oc1ccccc1-c1ccccc1O,1
341.15,C[NH2+]N,[N-]=[N+]=[N-],1
265.15,CN[NH2+]C,[N-]=[N+]=[N-],1
402.0,CCOC(=O)c1ccc([NH3+])cc1,O=[N+]([O-])c1cc([N+](=O)[O-])c([O-])c([N+](=O)[O-])c1,1
330.0,C#CC[n+]1ccc(N(C)C)cc1,[O-][Cl+3]([O-])([O-])[O-],1
450.15,Cc1[nH+]cc(SCC[NH3+])n1-c1ccccc1,O=[N+]([O-])c1cc([N+](=O)[O-])c([O-])c([N+](=O)[O-])c1,1
437.65,C[NH+]1CCC2(c3ccccc3)CC2C1,[O-][Cl+3]([O-])([O-])[O-],1
545.65,c1ccc([P+](c2ccccc2)(c2ccccc2)c2ccccc2)cc1,O=S(=O)([O-])OO,1
467.65,C[N+](C)=C(N1CCOCC1)n1n[n+]([O-])c2ncccc21,F[P-](F)(F)(F)(F)F,1
469.65,C[N+](C)=C(N1CCOCC1)n1n[n+]([O-])c2ccccc21,F[P-](F)(F)(F)(F)F,1
471.65,CCn1c(=Pc2ccc3ccccc3[n+]2CC)ccc2ccccc21,[O-][Cl+3]([O-])([O-])[O-],1
381.15,[NH3+]Cc1cccc2ccccc12,CC=CC=CC(=O)[O-],1
366.65,C[As+](c1ccccc1)[P](C)(C)c1ccccc1,O=S(=O)([O-])C(F)(F)F,1
378.65,C[As+](c1ccccc1)[As](C)(C)c1ccccc1,O=S(=O)([O-])C(F)(F)F,1
380.65,COCc1ccccc1[P](C)(C)[As+](C)c1ccccc1,O=S(=O)([O-])C(F)(F)F,1
389.15,CN(C)[C+]([C+](N(C)C)N(C)C)N(C)C,[S-]C(n1cccn1)(n1cccn1)n1cccn1,1
387.15,CN(C)[C+]([C+](N(C)C)N(C)C)N(C)C,[S-]C(n1ccnc1)(n1ccnc1)n1ccnc1,1
393.15,CN(C)[S+](N(C)C)C(F)(F)F,[S-]C(n1cncn1)(n1cncn1)n1cncn1,1
392.15,CN(C)[S+](N(C)C)C(F)(F)F,[S-]C(n1cccn1)(n1cccn1)n1cccn1,1
434.5,C[n+]1ccc(N[N+](=O)[O-])cc1,O=[N+]([O-])[O-],1
437.5,O=[N+]([O-])Nc1cc[nH+]cc1,CS(=O)(=O)[O-],1
395.15,CC12CCC(c3cc4c([nH+]c31)C1(C)CCC4C1(C)C)C2(C)C,O=S(=O)([O-])C(F)(F)F,1
456.0,CN(C)c1ccc(-[c+]2cccccc2)cc1,[O-][Cl+3]([O-])([O-])[O-],1
459.15,Clc1ccc2c(c1)CC1C[N+]3=C(CCCC3)C1=C2,O=S(=O)([O-])C(F)(F)F,1
358.15,Nc1[nH]nn[nH+]1,O=[N+]([O-])[N-][N+](=O)[O-],1
363.15,Cn1n[nH+]c(N)n1,O=[N+]([O-])[N-][N+](=O)[O-],1
328.15,c1[nH]nn[nH+]1,[O-][Cl+3]([O-])([O-])[O-],1
353.15,NNC(NN)=[NH+]N,O=[N+]([O-])[N-][N+](=O)[O-],1
332.0,CCC#CC[n+]1ccn(C)c1,N#C[N-]C#N,1
339.15,CCCCCCC[N+]1(C)CCCC1,F[P-](F)(F)(F)(F)F,1
486.15,N[NH3+],O=C1C([O-])=C([N+](=O)[O-])C(=O)C([O-])=C1[N+](=O)[O-],1
407.0,c1cc[nH+]cc1,CS(=O)(=O)[O-],1
361.0,CC[NH+](CC)CC,COC(=O)NS(=O)(=O)[O-],1
362.5,CC[NH+](CC)CC,CCOC(=O)NS(=O)(=O)[O-],1
509.0,C[n+]1ccccc1C=Cc1c[nH]c2ccccc12,O=S(=O)([O-])c1ccc(Br)cc1,1
399.15,c1ccc([P+](c2ccccc2)(c2ccccc2)c2ccccc2)cc1,O=[N+]([O-])c1nnn[n-]1,1
464.15,c1ccc([As+](c2ccccc2)(c2ccccc2)c2ccccc2)cc1,S=C[S-],1
472.4,c1c[nH+]c2c(c1)sc1ncccc12,[O-][Cl+3]([O-])([O-])[O-],1
412.15,C[n+]1ccc(C(N)=O)cc1,O=S(=O)([O-])c1ccc(O)cc1,1
467.15,N[NH+]=C(N)N,Nc1nnnn1[N-]C(=O)C(=O)[N-]n1nnnc1N,1
424.15,C[n+]1ccc(C(N)=O)cc1,COc1ccc(S(=O)(=O)[O-])cc1,1
465.15,C[n+]1ccc(C(N)=O)cc1,O=S(=O)([O-])c1ccc(Br)cc1,1
608.15,NC(=[NH2+])NCc1cccc(CNC(N)=[NH2+])c1,O=S(=O)([O-])[O-],1
585.15,c1cc[s+]cc1,O=S(=O)([O-])C(F)(F)F,1
556.15,c1cc[s+]cc1,F[B-](F)(F)F,1
450.15,c1cc[s+]cc1,c1ccc([B-](c2ccccc2)(c2ccccc2)c2ccccc2)cc1,1
478.65,O=C(Nc1ccc[nH+]c1)OCCOC(=O)Nc1ccc[nH+]c1,O=P([O-])(O)O,1
476.65,O=C(Nc1ccc[nH+]c1)OCCOC(=O)Nc1ccc[nH+]c1,[O-][Cl+3]([O-])([O-])[O-],1
500.0,Nc1ccc[nH+]c1,Cn1c(=O)[c-](-c2ccc([N+](=O)[O-])cc2[N+](=O)[O-])c(=O)n(C)c1=O,1
557.0,Nc1cc[nH+]cc1,Cn1c(=O)[c-](-c2ccc([N+](=O)[O-])cc2[N+](=O)[O-])c(=O)n(C)c1=O,1
413.0,CC[NH+](CC)CCO,Cn1c(=O)[c-](-c2ccc([N+](=O)[O-])cc2[N+](=O)[O-])c(=O)n(C)c1=O,1
456.15,Cc1cc(C)cc(NC(N)=NC(N)=[NH+]c2cc(C)cc(C)c2)c1,O=C[O-],1
474.15,Cc1cc(C)cc(NC(N)=NC(N)=[NH+]c2cc(C)cc(C)c2)c1,O=C([O-])CCCCC(=O)[O-],1
469.15,Cc1cc(C)cc(NC(N)=NC(N)=[NH+]c2cc(C)cc(C)c2)c1,O=[N+]([O-])[O-],1
393.15,c1cc[nH+]cc1,CS(=O)(=O)[N-]S(C)(=O)=O,1
477.15,c1cc(-c2cc[nH+]cc2)cc[nH+]1,CS(=O)(=O)[N-]S(C)(=O)=O,1
365.65,Cc1cccc(C)[nH+]1,CS(=O)(=O)[N-]S(C)(=O)=O,1
349.15,O[n+]1ccccc1,CS(=O)(=O)[N-]S(C)(=O)=O,1
393.15,c1c[nH+]c[nH]1,CS(=O)(=O)[N-]S(C)(=O)=O,1
423.15,CC[NH+](CC)CC,S=P1([S-])SP(=S)([S-])c2cccc3cccc1c23,1
413.15,CC[NH+](CC)CC,FP1(=S)SP(=S)([S-])c2cccc3cccc1c23,1
366.65,[NH3+]C[Si]1(CO)CCCC1,Cc1ccc(S(=O)(=O)[O-])cc1,1
472.0,CC[NH+](CC)CCNC(=O)c1cc(Cl)c(N)cc1OC,N#CC(C#N)=C(C#N)[C-](C#N)C#N,1
467.0,[NH3+]c1ccc(N=Nc2ccccc2)cc1,O=C([O-])C(O)C(O)C(=O)O,1
353.0,CC[NH+](CC)CC,O=C([O-])c1cc(Cl)c(Cl)cc1C(=O)O,1
443.0,CC[NH2+]CC,O=C([O-])c1cc(Cl)c(Cl)cc1C(=O)O,1
526.2,C[n+]1cccc2c1C1Cc3ccccc3CC2c2ccccc21,F[B-](F)(F)F,1
479.0,C[n+]1c2ccccc2c(Cc2ccccc2)c2ccccc21,O=S(=O)([O-])C(F)(F)F,1
435.15,Cc1[nH][nH+]c(C)c1-c1ccc(C(=O)O)cc1,O=C([O-])C(F)(F)F,1
420.15,NC1=[NH+]CCS1,O=C([O-])COc1cc(Cl)ccc1Cl,1
410.0,Nc1nccc[nH+]1,O=C([O-])COc1cc(Cl)ccc1Cl,1
461.5,NC1=[NH+]CCS1,O=C([O-])COc1cccc(Cl)c1Cl,1
385.5,Nc1nccc[nH+]1,O=C([O-])COc1cccc(Cl)c1Cl,1
412.65,C[N+]1=C(c2ccccc2)NCCC1,F[P-](F)(F)(F)(F)F,1
349.15,CN1CCC[NH+]=C1c1ccccc1,O=S(=O)([O-])C(F)(F)F,1
336.15,CCCN1CC[N+](C)=C1c1ccccc1,F[P-](F)(F)(F)(F)F,1
511.15,C[N+]1=C(N)C2(CCCCCC2)c2ccccc21,F[B-](F)(F)F,1
350.15,Cc1cc[nH+]cc1,[O-]c1c(Cl)c(Cl)c(Cl)c(Cl)c1Cl,1
460.65,CC1c2ccccc2[BH-]([n+]2ccccc2)[N+]1(C)C,F[B-](F)(F)F,1
385.15,C[NH+]1CCCC1,O=C([O-])c1ccccc1O,1
410.15,c1n[nH+]c[nH]1,O=[N+]([O-])[c-]1nnnn1,1
443.15,C1CCC([NH2+]C2CCCCC2)CC1,Cc1ccc(C(=O)[O-])cc1,1
423.15,C1CCC([NH2+]C2CCCCC2)CC1,Cc1ccccc1C(=O)[O-],1
443.15,C1CCC([NH2+]C2CCCCC2)CC1,O=C([O-])C=Cc1ccccc1[N+](=O)[O-],1
451.15,C1CCC([NH2+]C2CCCCC2)CC1,O=C([O-])c1ccc([N+](=O)[O-])cc1,1
471.15,C1CCC([NH2+]C2CCCCC2)CC1,O=C([O-])c1cccc([N+](=O)[O-])c1,1
459.15,C1CCC([NH2+]C2CCCCC2)CC1,O=C([O-])c1ccccc1[N+](=O)[O-],1
493.15,C1CCC([NH2+]C2CCCCC2)CC1,O=C([O-])C=Cc1ccc([N+](=O)[O-])cc1,1
570.65,CC[n+]1ccc(C=Cc2cc[n+](CC)cc2)cc1,[O-][Cl+3]([O-])([O-])[O-],1
551.65,CC[n+]1ccc(-c2cc[n+](CC)cc2)cc1,[O-][Cl+3]([O-])([O-])[O-],1
513.15,CC[n+]1ccc(CCc2cc[n+](CC)cc2)cc1,[O-][Cl+3]([O-])([O-])[O-],1
547.15,CC[n+]1cccc(C=Cc2ccc[n+](CC)c2)c1,[O-][Cl+3]([O-])([O-])[O-],1
467.0,CCC=NNc1c2ccccc2[nH+]c2ccccc12,[N-]=C=S,1
569.15,CC[n+]1ccc(C=Cc2cc[n+](CC)c3ccccc23)c2ccccc21,[O-][Cl+3]([O-])([O-])[O-],1
541.0,[NH3+]c1cccc(C(=O)O)c1,O=C(O)c1cc(S(=O)(=O)[O-])ccc1O,1
580.0,NC(N)=[NH2+],O=c1c([O-])c(O)c1=O,1
461.15,CCCCCCCCCCCCCCC[NH3+],O=C([O-])c1ccc(N=Nc2ccc(C(=O)O)cc2)cc1,1
400.5,NC(=[NH2+])NC(N)=[NH2+],O=[N+]([O-])[N-][N+](=O)[O-],1
490.0,Cc1ccccc1OC(=O)c1c2ccccc2[n+](C)c2ccccc12,O=S(=O)([O-])C(F)(F)F,1
413.15,CCCc1c(C)[o+]c2ccccc2c1CCC,F[B-](F)(F)F,1
410.65,C=CCC1C(C)[S+]2c3ccccc3[S+]1c1ccccc12,F[B-](F)(F)F,1
456.0,Cc1ccc2ccccc2[nH+]1,O=C([O-])c1ccc([N+](=O)[O-])cc1[N+](=O)[O-],1
438.0,Fc1c2cccc1C[NH+]1CCOCCOCCN(CCOCC1)C2,[O-][Cl+3]([O-])([O-])[O-],1
464.4,C[NH3+],Cc1c(C)c2c(c(C)c1O)CCC(C)(C(=O)[O-])O2,1
429.1,NCC[NH3+],Cc1c(C)c2c(c(C)c1O)CCC(C)(C(=O)[O-])O2,1
443.5,[NH3+]CCO,Cc1c(C)c2c(c(C)c1O)CCC(C)(C(=O)[O-])O2,1
460.15,CC12CCCC(CC1)N2C(=O)C([NH3+])Cc1ccccc1,O=C([O-])C(F)(F)F,1
440.5,[NH2+]=C(NC(=O)Nc1ccccc1)Nc1ccccc1,N#C[N-]C(=O)Nc1ccccc1,1
474.15,CN(C)c1cc[nH+]cc1,COc1ccc(-c2cc(C(=O)[O-])c3cc(Cl)ccc3n2)cc1,1
247.3,CC[n+]1ccn(C)c1,O=S(=O)([N-]S(=O)(=O)C(F)(F)F)C(F)(F)F,1
247.45,CC[n+]1ccn(C)c1,O=S(=O)([O-])C(F)(F)F,1
434.15,COCc1c[nH+]c(C)nc1N,O=[N+]([O-])[O-],1
444.9,CN(C(=O)c1cccc[nH+]1)c1cccc(N(C)C(=O)c2cccc[nH+]2)n1,[O-][Cl+3]([O-])([O-])[O-],1
470.4,CN(C(=O)c1cccc(C(=O)N(C)c2cccc[nH+]2)n1)c1cccc[nH+]1,[O-][Cl+3]([O-])([O-])[O-],1
423.15,CC([NH3+])c1ccccc1,O=C([O-])CC(O)(CN1C(=O)c2ccccc2C1=O)C(F)(F)F,1
415.15,C[NH2+]c1ccccc1,O=[N+]([O-])c1cc([N+](=O)[O-])c([O-])c([N+](=O)[O-])c1,1
487.15,[NH3+]c1ccccc1[NH3+],O=[N+]([O-])c1cc([N+](=O)[O-])c([O-])c([N+](=O)[O-])c1,1
457.15,Nc1cccc([NH3+])c1,O=[N+]([O-])c1cc([N+](=O)[O-])c([O-])c([N+](=O)[O-])c1,1
478.15,Nc1ccc([NH3+])cc1,O=[N+]([O-])c1cc([N+](=O)[O-])c([O-])c([N+](=O)[O-])c1,1
393.0,c1ccc2[nH+]ccnc2c1,O=C([O-])c1c(O)cccc1O,1
426.65,[NH3+]CC[NH3+],O=C([O-])c1ccccc1,1
435.15,Oc1ccc[nH+]c1,O=C([O-])c1cccc(C(=O)O)c1,1
412.5,CCOC1OCc2c[nH+]c(C)c(O)c21,O=P([O-])(CCl)CCl,1
396.15,COC(=O)C1([NH3+])CCC(I)C(OC(C)=O)C1,O=C([O-])C(F)(F)F,1
428.0,c1ccc2[se][s+]nc2c1,F[B-](F)(F)F,1
418.0,c1ccc2s[s+]nc2c1,F[B-](F)(F)F,1
437.15,C[NH+]1CCOCC1,N#CC1=C([S-])NC(=O)CC1c1ccccc1Cl,1
469.65,c1cc[n+](C2Cc3cccc4cc5ccccc5c2c34)cc1,[O-][Cl+3]([O-])([O-])[O-],1
505.0,O=C(O)c1ccc[nH+]c1Nc1cccc(C(F)(F)F)c1,O=S(=O)([O-])c1ccccc1,1
463.0,C1C[NH2+]CC[NH2+]1,O=C([O-])c1cccnc1Nc1cccc(C(F)(F)F)c1,1
447.0,[NH3+]CCc1ccc(O)cc1,O=C([O-])c1cccnc1Nc1cccc(C(F)(F)F)c1,1
404.5,[NH3+]Cc1ccccc1,O=C([O-])c1cccnc1Nc1cccc(C(F)(F)F)c1,1
401.65,C[NH+](CCc1ccc2c(c1)OCO2)CC1CCC2CCOc3cccc1c32,CS(=O)(=O)[O-],1
496.5,c1ccc2nc(-c3ccc4ccccc4[nH+]3)ccc2c1,O=[N+]([O-])[O-],1
580.15,O=C(Nc1cccc[nH+]1)C12CC3CC(C1)CC(C(=O)Nc1cccc[nH+]1)(C3)C2,[O-][Cl+3]([O-])([O-])[O-],1
398.15,O=C(Nc1cccc[nH+]1)C12CC3CC(C1)CC(C(=O)Nc1cccc[nH+]1)(C3)C2,O=C([O-])C=CC(=O)O,1
498.15,CC[n+]1ccc(C=Cc2ccc(OC)c(OC)c2)cc1,[O-][Cl+3]([O-])([O-])[O-],1
488.65,CC[n+]1ccc(C=Cc2ccc(N(C)C)cc2)cc1,[O-][Cl+3]([O-])([O-])[O-],1
432.15,CC[n+]1ccc(C=Cc2ccc(OC)cc2)cc1,[O-][Cl+3]([O-])([O-])[O-],1
467.15,CC[n+]1ccc(C=Cc2ccc(SC)cc2)cc1,[O-][Cl+3]([O-])([O-])[O-],1
407.15,CC[n+]1ccc(C=Cc2ccc(Cl)c(Cl)c2)cc1,[O-][Cl+3]([O-])([O-])[O-],1
447.15,CC[n+]1ccc(C=Cc2ccc([N+](=O)[O-])cc2)cc1,[O-][Cl+3]([O-])([O-])[O-],1
465.0,Brc1ccc(C2CN3CCSC3=[NH+]2)cc1,O=C([O-])C(=O)O,1
422.0,C[Si](C)(C)C12CCCC[NH+]1CCCC2,O=[N+]([O-])c1cc([N+](=O)[O-])c([O-])c([N+](=O)[O-])c1,1
479.65,c1cc(N2CCCC2)c2c([NH+]3CCCC3)cccc2c1,[O-][Cl+3]([O-])([O-])[O-],1
542.15,c1cc(N2CCCCC2)c2c([NH+]3CCCCC3)cccc2c1,[O-][Cl+3]([O-])([O-])[O-],1
459.15,CC([NH3+])c1ccccc1,NC(=O)CC(CC(=O)[O-])c1ccc(Cl)cc1,1
536.5,CN(C)c1ccc(C=Cc2cc[n+](C)cc2)cc1,O=S(=O)([O-])c1ccc(Br)cc1,1
433.0,CCCC[N+](CCCC)(CCCC)Cc1ccccc1,O=S(=O)([O-])c1ccc2cc(O)ccc2c1,1
451.0,CCCC[N+](CCCC)(CCCC)Cc1ccccc1,O=S(=O)([O-])c1cc(O)c2ccccc2c1,1
439.0,CCCC[N+](CCCC)(CCCC)Cc1ccccc1,O=S(=O)([O-])c1cccc2ccc(O)cc12,1
417.6,Nc1cccc[nH+]1,O=C([O-])C=CC(=O)O,1
361.65,CC(C)CC1C(C(C)C)C=C(C(C)C)C=[N+]1Cc1ccccc1,O=S(=O)([O-])C(F)(F)F,1
405.0,Fc1cccc(F)c1[Xe+],O=S(=O)([O-])C(F)(F)F,1
530.15,Cc1n[n+](C)cn1C,c1ccc([B-](c2ccccc2)(c2ccccc2)c2ccccc2)cc1,1
531.15,c1c[nH+]c(-c2[nH]cc[nH+]2)[nH]1,O=[N+]([O-])c1cc([N+](=O)[O-])c([O-])c([N+](=O)[O-])c1,1
423.65,[NH3+]c1cccc([NH3+])c1,O=[N+]([O-])[O-],1
476.5,C[n+]1ccc(C=Cc2cccc3ccccc23)cc1,O=S(=O)([O-])c1ccc(Cl)cc1,1
484.0,COC(=O)c1c([NH3+])cccc1[NH3+],F[B-](F)(F)F,1
464.0,Clc1cccc(C=NNc2cc[nH+]c3cc(Cl)ccc23)c1,O=C([O-])c1cccc(Cl)c1,1
510.15,NC(=S)NN=Cc1cc[nH+]cc1,[O-][Cl+3]([O-])([O-])[O-],1
490.15,NC(=S)NN=Cc1cc[nH+]cc1,O=S(=O)([O-])C(F)(F)F,1
488.15,Fc1c(F)c(F)c(-[n+]2cn3c(n2)C(F)CC3)c(F)c1F,F[B-](F)(F)F,1
433.15,CC(C)C1CCc2n[n+](-c3c(F)c(F)c(F)c(F)c3F)cn21,F[B-](F)(F)F,1
459.15,CC(C)(C)C([NH3+])c1ccccc1Br,O=C(O)CC(O)C(=O)[O-],1
436.5,C1C[NH+]2CCN1CC2,CS(=O)(=O)[N-]S(C)(=O)=O,1
355.15,c1cc[nH+]cc1,O=C([O-])C(F)(F)F,1
436.15,Nc1[nH+]nnn1N,O=[N+]([O-])c1cc([N+](=O)[O-])c([O-])c([N+](=O)[O-])c1,1
428.15,c1ccc2c[nH+]ncc2c1,O=C([O-])C(=O)O,1
366.15,Cc1n(Cc2ccc(Cn3cc[n+](C)c3C)cc2)cc[n+]1C,O=S(=O)([O-])C(F)(F)F,1
468.5,c1c[nH+]c[nH]1,O=C([O-])c1ccc([N+](=O)[O-])cc1,1
419.65,CC([NH3+])c1ccccc1,O=C([O-])C1CSCCC12OCCO2,1
425.65,CC1(C)N([O+])C(c2ccc(N=[N+]=[N-])cc2)=[N+]([O-])C1(C)C,[O-][Cl+3]([O-])([O-])[O-],1
426.65,CC1(C)N([O+])C(c2cccc(N=[N+]=[N-])c2)=[N+]([O-])C1(C)C,[O-][Cl+3]([O-])([O-])[O-],1
438.0,O=C(O)C1CSC[NH2+]1,O=[N+]([O-])c1cc([N+](=O)[O-])c([O-])c([N+](=O)[O-])c1,1
411.8,C=CC1C[NH+]2CCC1CC2CO,O=C([O-])C(O)C(O)C(=O)O,1
413.0,Cc1cccc([NH3+])c1,O=C([O-])c1ccccc1C(=O)O,1
518.15,C[NH+](C)C,O=c1[nH]c([O-])c(-c2c([N+](=O)[O-])cc([N+](=O)[O-])cc2[N+](=O)[O-])c(=O)[nH]1,1
462.15,C1CC[NH+](C2CCCC2[NH+]2CCCCC2)CC1,O=[N+]([O-])c1cc([N+](=O)[O-])c([O-])c([N+](=O)[O-])c1,1
419.15,C1C[NH+]2CC[NH+]1CC2,O=S([O-])C(Cl)(Cl)Cl,1
446.65,Nc1[nH+]cccc1[N+](=O)[O-],Cc1ccc(S(=O)(=O)[O-])cc1,1
474.65,Nc1[nH+]cccc1[N+](=O)[O-],O=[N+]([O-])c1ccc(S(=O)(=O)[O-])cc1,1
458.65,Nc1[nH+]cccc1[N+](=O)[O-],Cc1ccc(C)c(S(=O)(=O)[O-])c1,1
387.65,C1COCC[NH2+]1,CC(C)OCC(OC(C)C(=O)[O-])c1ccccc1,1
449.65,CCCn1c(-c2ccccc2)cc2[nH+]nc3c(c(=O)n(C)c(=O)n3C)c21,[O-][Cl+3]([O-])([O-])[O-],1
550.15,CN(C)c1ccc(C=Cc2cc[n+](C)cc2)cc1,C=Cc1ccc(S(=O)(=O)[O-])cc1,1
511.0,CCC[N+](CCC)(CCC)CCC,[O-][Cl+3]([O-])([O-])[O-],1
428.65,O=C(O)C[n+]1ccccc1,O=[N+]([O-])c1cc(Cl)c([O-])c(Cl)c1,1
414.15,Cc1cccc(C)[n+]1O,O=S(=O)([O-])[O-],1
491.15,COC(=C(c1ccccc1)c1ccc(-[n+]2c(C)cccc2C)cc1)c1ccccc1,[O-][Cl+3]([O-])([O-])[O-],1
428.15,c1ccc2[nH+]c[nH]c2c1,O=P([O-])(O)O,1
370.0,Nc1[nH+]nnn1N,[O-][Cl+3]([O-])([O-])[O-],1
411.65,Nc1[nH+]nnn1N,O=[N+]([O-])[O-],1
394.0,C[n+]1nnn(N)c1N,O=[N+]([O-])[O-],1
409.15,C[n+]1nnn(N)c1N,[N-]=[N+]=[N-],1
413.0,C[N+](C)(C)O,O=C([O-])c1ccc(Cl)cc1Cl,1
412.15,CCCCCCCCc1csc2sc3ccccc3[n+]12,F[B-](F)(F)F,1
405.15,c1ccc(-c2ns[s+]n2)cc1,F[As-](F)(F)(F)(F)F,1
563.0,CC(=O)c1c(C)cc(C)[n+]2cc(-c3ccc(C)cc3)oc12,[O-][Cl+3]([O-])([O-])[O-],1
428.15,Cc1cc(C)c([N+]2=CN(C(CO)C(C)(C)C)CC2)c(C)c1,F[P-](F)(F)(F)(F)F,1
446.15,Cc1cc(C)c([N+]2=CN(C(CO)CC(C)C)CC2)c(C)c1,F[P-](F)(F)(F)(F)F,1
436.15,C[NH3+],CC(=O)C1=C([O-])C(=O)OC12C(=O)c1ccccc1C2=O,1
442.65,C[NH2+]CC(O)c1ccc(O)cc1,CC12CCC(C(Br)C1O)C2(C)CS(=O)(=O)[O-],1
465.9,OCC[N+]1(CCO)CCOCC1,O=[N+]([O-])c1cc([N+](=O)[O-])c([O-])c([N+](=O)[O-])c1,1
365.65,COc1ccc([N+](C)c2ccc(OC)cc2)cc1,F[As-](F)(F)(F)(F)F,1
407.15,CN(C)C=CC(=[NH+]c1ccccc1)c1ccccc1,F[B-](F)(F)F,1
398.15,N[NH3+],O=[N+]([O-])[C-](c1cccc([C-]([N+](=O)[O-])[N+](=O)[O-])n1)[N+](=O)[O-],1
476.15,CC(C)([NH3+])CC(C)(C)[N+](=O)[O-],O=[N+]([O-])c1cc([N+](=O)[O-])c([O-])c([N+](=O)[O-])c1,1
286.0,CC[NH3+],O=[N+]([O-])[O-],1
465.65,CC1CCC[N+](C)(O)CC(c2ccccc2)c2ccccc21,O=C1[N-]S(=O)(=O)c2ccccc21,1
447.65,CCCC[N+](CCCC)(CCCC)CCCC,CCCCNC(=O)Nc1ccc(C(=O)[O-])cc1,1
352.65,OC1C[S+]2CCCC2C(O)C1O,[O-][Cl+3]([O-])([O-])[O-],1
448.65,CC([NH3+])c1ccccc1,CCCCc1c(OC)noc1CC(NC(=O)OC(C)(C)C)C(=O)[O-],1
407.15,Nc1nc[nH+]c2nc[nH]c12,O=C([O-])C=CC(=O)O,1
533.3,c1ccc2[nH+]cccc2c1,O=[N+]([O-])c1cc([N+](=O)[O-])c(S(=O)(=O)[O-])c([N+](=O)[O-])c1,1
557.65,CN(C)C(C(N(C)C)=[N+](C)C)=[N+](C)C,F[P-](F)(F)(F)(F)F,1
469.65,CC(CC(O)(c1ccccc1)c1ccccc1)[NH+]1CCCCC1,O=C([O-])C(O)C(O)C(=O)O,1
445.0,C1C[NH+]2CCN1CC2,O=C([O-])c1cccc(C#CI)c1,1
531.0,COc1cc(C=Cc2ccc3ccccc3[n+]2C)ccc1O,COc1ccc(S(=O)(=O)[O-])cc1,1
491.5,C1CC[NH2+]C1,O=[N+]([O-])c1ccc2[n-]nc([N+](=O)[O-])c2c1,1
450.65,CC=C(C)[S+]1c2ccccc2Oc2ccccc21,F[P-](F)(F)(F)(F)F,1
402.65,COc1ccc(C[n+]2ccccc2)cc1,Cc1ccc(S(=O)(=O)[O-])cc1,1
465.5,[NH3+]c1cccc(C(F)(F)F)c1,O=C([O-])c1cc(Cl)c(Cl)cc1C(=O)O,1
458.5,CCc1ccc([NH3+])cc1,O=C([O-])c1cc(Cl)c(Cl)cc1C(=O)[O-],1
377.15,CN(C)[S+](C(F)(F)F)C(F)(F)F,F[As-](F)(F)(F)(F)F,1
460.15,CN(C)[S+](N(C)C)C(F)(F)F,F[As-](F)(F)(F)(F)F,1
563.15,O=C(O)C1=CC2(CC[NH2+]c3ccccc3C2)CC1,CC1(C)C2CCC1(CS(=O)(=O)[O-])C(=O)C2,1
464.9,CC1(C)OC2OC3C[NH2+]CC3(O)C2O1,Cc1ccc(S(=O)(=O)[O-])cc1,1
510.15,C(=Cc1cc[nH+]cc1)c1cc[nH+]cc1,O=C([O-])c1ccccc1SSc1ccccc1C(=O)O,1
538.15,c1cc(CCc2cc[nH+]cc2)cc[nH+]1,O=C([O-])c1ccccc1SSc1ccccc1C(=O)O,1
511.0,CC(C)(C)[NH3+],CC1=NS(=O)(=O)[N-]C(C)=C1c1ccccc1C(=O)[O-],1
513.15,Cc1ccc2ccc3ccc(C)[nH+]c3c2n1,O=C1C(O)=C(Cl)C(=O)C([O-])=C1Cl,1
383.0,CCC[N+]1(C)CCCCC1,F[P-](F)(F)(F)(F)F,1
399.15,Cn1cnc2c(N)[nH+]cnc21,O=C([O-])c1ccccc1O,1
445.5,CC(=O)N1CC[NH2+]CC1,O=[N+]([O-])c1cc([N+](=O)[O-])c([O-])c([N+](=O)[O-])c1,1
416.65,C[NH2+]C1CCCCC1[NH+]1CCCC1,O=C([O-])C(O)c1ccccc1,1
457.0,CC([NH3+])c1ccccc1,CC(C)c1cc(C(C)C)c(C(=O)c2ccc(C(=O)[O-])cc2)c(C(C)C)c1,1
330.0,CC([NH3+])c1ccccc1,CC(C)c1cc(C(C)C)c2c(c1)C(C)CC2(O)c1ccc(C(=O)[O-])cc1,1
478.0,Nc1cncc[n+]1N,Cc1cc(C)c(S(=O)(=O)[O-])c(C)c1,1
436.0,CC(=O)Nc1c[n+](N)ccn1,Cc1cc(C)c(S(=O)(=O)[O-])c(C)c1,1
395.0,COc1c[n+](N)ccn1,Cc1cc(C)c(S(=O)(=O)[O-])c(C)c1,1
448.0,N[n+]1ccnc(Cl)c1,Cc1cc(C)c(S(=O)(=O)[O-])c(C)c1,1
514.15,c1c(C2=[NH+]CCN2)cc(C2=[NH+]CCN2)cc1C1=[NH+]CCN1,O=C([O-])C(F)(F)F,1
373.15,CC(C)(C)[NH3+],CO[PH](=O)[O-],1
427.95,CC(C)(C)[NH3+],O=[PH]([O-])OCc1ccccc1,1
380.15,CC(C)(C)[NH3+],CCCCO[PH](=O)[O-],1
369.65,CC(C)(C)[NH3+],CCO[PH](=O)[O-],1
353.15,Cc1ccc(-c2cccc(-c3ccc(C)cc3)[n+]2NC(=O)c2ccccc2)cc1,[O-][Cl+3]([O-])([O-])[O-],1
532.65,CC[NH+](CC)CC,CCN1C(=O)C(=CC=Cc2c(C)c(C#N)c(=O)n(CC)c2[O-])C(C)=C(C#N)C1=O,1
497.65,CC([NH3+])c1ccc2ccccc2c1,O=C([O-])c1ccc2cc3ccccc3cc2c1,1
475.65,CC([NH3+])c1ccc2ccccc2c1,O=C([O-])c1ccc2ccccc2c1,1
318.15,CC[n+]1ccccc1,I[I-]I,1
461.15,COC(=O)C1Cc2c([nH]c3ccccc23)C(=[NH+]C(C)(C)C)N1,O=S(=O)([O-])C(F)(F)F,1
426.15,CC(C)(C)NC1=[NH+]CCc2ccccc21,O=S(=O)([O-])C(F)(F)F,1
410.15,CC1(C)Cc2ccccc2C(=[NH+]C(C)(C)C)N1,O=S(=O)([O-])C(F)(F)F,1
404.15,C[NH+]=C1NC(C)(C)Cc2ccccc21,O=S(=O)([O-])C(F)(F)F,1
428.15,Cc1ccc(NC2=[NH+]C(C)(C)Cc3ccccc32)cc1,O=S(=O)([O-])C(F)(F)F,1
495.5,C[n+]1ccc(C=Cc2cccc3ccccc23)cc1,O=S(=O)([O-])c1ccc(Br)cc1,1
586.65,O=C(O)c1ccc(-c2cc(-c3ccccc3)[o+]c(-c3ccccc3)c2)cc1,[O-][Cl+3]([O-])([O-])[O-],1
445.0,CC(=[OH+])NC12CC3CC(CC(C3)C1)C2,CS(=O)(=O)[O-],1
426.15,CC(C)N(C(C)C)P(C=[N+](C(C)C)C(C)C)N(C(C)C)C(C)C,O=P([O-])(Cl)Cl,1
540.65,C[N+](C)(C)CCOC(=O)CCC(=O)OCC[N+](C)(C)C,[O-][Cl+3]([O-])([O-])[O-],1
427.15,N#Cc1ccc(C2CCCc3c[nH+]cn32)cc1,O=C([O-])C(O)C(O)C(=O)O,1
470.65,C1=CSC(c2scc[s+]2)S1,F[B-](F)(F)F,1
478.65,C[NH2+]CCCc1nocc1C(=O)c1cccs1,[O-][Cl+3]([O-])([O-])[O-],1
463.15,c1ccc(-n2ccc[nH+]2)c(-n2cccn2)c1,[O-][Cl+3]([O-])([O-])[O-],1
493.15,O=C1c2c(c3ccccc3c3ccccc23)C(c2ccccc2)[N+]12CCCCC2,F[B-](F)(F)F,1
463.15,O=C1C(c2ccccc2)=C(c2ccccc2)C(c2ccccc2)[N+]12CCCCC2,F[B-](F)(F)F,1
447.35,O=C(Oc1ccc(Br)cc1)N1CC[NH+]2CCC1CC2,O=C([O-])C=CC(=O)O,1
419.5,c1ccc2[nH+]c[nH]c2c1,O=C([O-])c1cccc([N+](=O)[O-])c1,1
436.0,c1ccc2[nH+]c[nH]c2c1,O=C([O-])c1ccc([N+](=O)[O-])cc1,1
437.0,c1c[nH+]c[nH]1,O=C([O-])c1cccc([N+](=O)[O-])c1,1
436.15,[NH3+]CCO,O=[N+]([O-])c1cc([N+](=O)[O-])c([O-])c([N+](=O)[O-])c1,1
430.15,CCCC[Te+](C)c1ccccc1C=Nc1ccccc1,[O-][Cl+3]([O-])([O-])[O-],1
464.0,[NH3+]CCNCC[NH3+],O=C([O-])c1ccc([N+](=O)[O-])cc1,1
459.15,C[NH+]1CCOCC1,COc1cc(C(C2=C([O-])OC(C)(C)OC2=O)C(C#N)C(N)=S)ccc1O,1
351.65,Cc1cc(C)[nH+]c(NNc2ccccc2)n1,O=[N+]([O-])[O-],1
375.15,CC[NH+](CC)CC,O=C([O-])C(=Cc1ccc([N+](=O)[O-])cc1)c1ccccc1,1
400.15,CCC(C)(C)c1ccc(OCCCCCCCC[NH+]2CCCCC2)cc1,O=C([O-])C(=O)O,1
434.15,CCC1SC(=[NH2+])NC1C,O=C([O-])C=CC(=O)[O-],1
415.0,CC1OC(C[N+](C)(C)C)CC1=O,O=[N+]([O-])c1cc([N+](=O)[O-])c([O-])c([N+](=O)[O-])c1,1
391.15,N#[N+]c1ccc(CC(=O)O)cc1,F[B-](F)(F)F,1
456.65,C[P](C)(C)[As+]1c2ccccc2Nc2ccccc21,O=S(=O)([O-])C(F)(F)F,1
472.65,COc1nc(OC)nc([N+]2(C)CCOCC2)n1,F[B-](F)(F)F,1
478.15,C[n+]1ccc(C=Cc2ccc(O)cc2)cc1,Nc1ccc([N+](=O)[O-])cc1[O-],1
364.65,CCCCCCCCC#C[S+]1c2ccccc2Sc2ccccc21,F[B-](F)(F)F,1
434.0,Cl[P+](Cl)(Cl)C1CCCCC1,Cl[P-](Cl)(Cl)(Cl)(Cl)Cl,1
465.15,c1c2c(s[n+]1N1CCOCC1)CCCC2,[O-][Cl+3]([O-])([O-])[O-],1
447.15,CC(C=N[NH+]1CCCCC1)=C(C)SC#N,[O-][Cl+3]([O-])([O-])[O-],1
428.0,IC[S+](c1ccccc1)c1ccccc1,O=S(=O)([O-])C(F)(F)F,1
381.15,C[NH2+]Cc1ccccc1,CN(Cc1ccccc1)C(=S)[S-],1
406.0,OCC[NH+](CCO)CCO,O=C([O-])Cc1ccccc1Nc1c(Cl)cccc1Cl,1
391.0,[NH3+]CCC(=O)O,O=S(=O)([O-])C(F)(F)F,1
484.0,N[n+]1ccccc1-c1cccc[n+]1N,Cc1cc(C)c(S(=O)(=O)[O-])c(C)c1,1
507.0,N[n+]1ccc(-c2cc[n+](N)cc2)cc1,Cc1cc(C)c(S(=O)(=O)[O-])c(C)c1,1
441.15,CC([NH3+])c1ccccc1,O=C([O-])C1OCCc2ccccc21,1
436.3,CC([NH3+])c1ccccc1,O=CNC(Cc1ccccc1)C(=O)[O-],1
371.65,[NH3+]CC[NH3+],O=C([O-])CC(O)C(=O)[O-],1
398.65,Cc1cccc(C[NH3+])c1,O=C([O-])CC(O)C(=O)[O-],1
535.65,CC(C)[NH+]1CC2CC(CN(C(=O)c3ccc(-n4cc[nH+]c4)cc3)C2)C1,[O-][Cl+3]([O-])([O-])[O-],1
490.5,CCOC(=O)C1C[NH+]2CCC1CC2C(O)c1ccnc2ccc(OC)cc12,CCOS(=O)(=O)[O-],1
484.0,COc1ccc2c(c1OC)CCC([NH3+])C2,O=C([O-])C(O)c1ccccc1,1
404.15,C1CN(C23C4CC(CC42)[N+]32CCOCC2)CCO1,F[B-](F)(F)F,1
431.15,CN(C)c1cc[n+](S(C)(=O)=O)cc1,CS(=O)(=O)[N-]S(C)(=O)=O,1
422.15,[NH3+]CCc1c[nH]c2ccccc12,O=C([O-])CCc1ccccc1,1
532.15,CCCCn1c[nH+]c2ccccc21,O=[N+]([O-])[O-],1
432.0,CCCSc1ccc2[nH]c(NC(=O)OC)[nH+]c2c1,O=S(=O)([O-])c1ccccc1,1
451.0,CCCSc1ccc2[nH+]c(NC(=O)OC)[nH]c2c1,O=C([O-])c1c(O)cccc1O,1
418.0,NNC(NN)=[NH+]N,c1nnnn1-c1nn[n-]n1,1
462.25,CC[NH+](CC)CC=CC[NH+](CC)CC,F[P-](F)(F)(F)(F)F,1
409.0,[NH3+]O,c1nnnn1-c1nn[n-]n1,1
507.1499999999999,CC[N+](=C1N(C)CCN1C)c1ccccc1[NH+]=C1N(C)CCN1C,F[P-](F)(F)(F)(F)F,1
509.65,CC(C)[N+](=C1N(C)CCN1C)c1ccccc1[NH+]=C1N(C)CCN1C,F[P-](F)(F)(F)(F)F,1
492.65,COC(=O)c1c(C(=O)OC)c(C)[n+](C)c(C)c1C(=O)OC,[O-][Cl+3]([O-])([O-])[O-],1
417.65,O=c1c2ccccc2[nH+]c2n1CCCCC2,O=C([O-])C(=O)O,1
464.15,CCc1c(C)[nH+]c(C)[nH+]c1C=CN(CC)CC,O=S(=O)([O-])C(F)(F)F,1
415.15,CCc1c(C=CN(CC)CC)nc(C)[nH+]c1C,O=S(=O)([O-])C(F)(F)F,1
410.15,C[P+](C)(C)C,I[IH][I-],1
543.15,c1c[nH+]c[nH]1,O=c1c([O-])c(O)c1=O,1
500.65,[NH3+]C(Cc1c[nH]c[nH+]1)C(=O)[O-],O=c1c([O-])c(O)c1=O,1
525.65,[NH3+]C(Cc1c[nH]c[nH+]1)C(=O)[O-],O=c1c([O-])c([O-])c1=O,1
593.15,Nc1cccc[nH+]1,O=c1c([O-])c(O)c1=O,1
473.15,FC(F)(F)C1CCC[N+]1=CC=Cc1ccccc1,F[P-](F)(F)(F)(F)F,1
388.15,CC[Te+](C)c1ccccc1,CC1(C)C2CCC1(CS(=O)(=O)[O-])C(=O)C2,1
438.15,C[NH+](C)C,O=C([O-])C(=O)O,1
449.65,CC1=[NH+]C(C)(C)C2CCC(C)CC2O1,F[B-](F)(F)F,1
408.65,CCCC[NH3+],O=C([O-])C1(C(=O)O)CCC1,1
422.15,CCCCCCCCC[NH3+],O=C([O-])C1(C(=O)O)CCC1,1
413.15,CCCCCCCCCC[NH3+],O=C([O-])C1(C(=O)O)CCC1,1
410.15,CCCCCCCCCCC[NH3+],O=C([O-])C1(C(=O)O)CCC1,1
402.15,CCCCCCCCCCCC[NH3+],O=C([O-])C1(C(=O)O)CCC1,1
408.15,CCCCCCCCCCCCC[NH3+],O=C([O-])C1(C(=O)O)CCC1,1
406.15,CCCCCCCCCCCCCC[NH3+],O=C([O-])C1(C(=O)O)CCC1,1
386.15,CCCCCCCCCCCCCCC[NH3+],O=C([O-])C1(C(=O)O)CCC1,1
338.65,C[NH+](C)CCC(=O)c1ccccc1,O=C([O-])COCC1=CC2c3ccccc3C1c1ccccc12,1
417.15,CC(=O)c1ccc(N2CC[NH2+]CC2)cc1,O=C([O-])COCC1=CC2c3ccccc3C1c1ccccc12,1
501.15,NC(N)=[NH2+],O=C([O-])c1cc(O)cc(O)c1,1
304.0,C1C[NH2+]CC[NH2+]1,O=[N+]([O-])c1cc([N+](=O)[O-])c([O-])c([N+](=O)[O-])c1,1
450.15,CC(C)(C)C(=O)C[Te+](c1ccccc1)c1ccccc1,F[B-](F)(F)F,1
434.65,CN(C)c1cc[nH+]cc1,O=C([O-])c1cccc([N+](=O)[O-])c1,1
446.65,C1CC[NH2+]CC1,NC(=O)C(=O)[O-],1
423.65,c1c[nH+]c[nH]1,NC(=O)C(=O)[O-],1
483.65,[NH3+]Cc1ccc(Cl)cc1,NC(=O)C(=O)[O-],1
476.65,[NH3+]Cc1cccc(Cl)c1,NC(=O)C(=O)[O-],1
439.15,c1ccc([Te+](c2ccccc2)c2ccccc2)cc1,N#C[S-],1
444.65,c1ccc(-c2ccccc2-[c+]2cccccc2)cc1,F[B-](F)(F)F,1
459.9,c1ccc([S+](c2ccccc2)c2ccccc2)cc1,F[B-](F)(F)F,1
425.0,C[n+]1ccn(C23CC4CC(CC(C4)C2)C3)n1,[O-][Cl+3]([O-])([O-])[O-],1
407.0,C[NH+]1CCOCC1,N#CC1=C(N)NC([S-])=C(C#N)C12CCCCC2,1
390.5,CC1(C)CCCC(C)(C)[N+]1=O,O=S(=O)([N-]S(=O)(=O)C(F)(F)F)C(F)(F)F,1
450.65,CCC1C(=O)OCC1Cc1c[nH+]cn1C,O=[N+]([O-])[O-],1
355.0,CCCC[NH+](CCCC)CCCC,O=C([O-])C(Cl)(Cl)Cl,1
443.0,CC1=[NH+]c2ccccc2NC(C)(C)C1,O=C([O-])c1cccc(C(=O)O)c1,1
502.65,O=C(C1CCc2[nH]c[nH+]c2C1)N1CCc2ccccc21,O=C([O-])C(O)C(O)C(=O)O,1
500.65,O=C(C1CCc2[nH]c[nH+]c2C1)N1CCOc2ccccc21,O=C([O-])C(O)C(O)C(=O)O,1
369.15,Cn1cc[n+](CCCC[n+]2ccn(C)c2)c1,F[B-](F)(F)F,1
446.0,Cc1ccc(OC(=O)c2c3ccccc3[n+](C)c3ccccc23)cc1,O=S(=O)([O-])C(F)(F)F,1
409.0,[NH3+]c1ccc(I)cc1,O=[N+]([O-])[O-],1
408.0,CC(C)NC(=O)c1cc[nH+]cc1,[O-][Cl+3]([O-])([O-])[O-],1
578.0,NC(N)=[NH2+],O=S(=O)([O-])CCS(=O)(=O)[O-],1
815.15,NC(N)=[NH2+],O=S(=O)([O-])S(=O)(=O)[O-],1
361.0,C[NH+]=P(N(C)C)(N(C)C)N(C)C,CC(=O)[O-],1
447.5,O=S(=O)(N[n+]1cc2c(s1)CCCC2)c1ccccc1,[O-][Cl+3]([O-])([O-])[O-],1
371.65,O=C(O)CCCC[n+]1ccccc1,[O-][Cl+3]([O-])([O-])[O-],1
411.15,c1ccc(C[NH2+]C(C2CC2)(C2CC2)C2CC2)cc1,Cc1ccc(S(=O)(=O)[O-])cc1,1
422.65,c1ccc(CC[NH2+]C(C2CC2)(C2CC2)C2CC2)cc1,Cc1ccc(S(=O)(=O)[O-])cc1,1
433.15,CCCCCCCC[NH2+]C(C1CC1)(C1CC1)C1CC1,Cc1ccc(S(=O)(=O)[O-])cc1,1
428.15,NC(=[NH2+])O,O=S(=O)([O-])c1ccccc1,1
457.0,O=C(O)C1CCCC[NH2+]1,O=c1c([O-])c([O-])c1=O,1
498.65,COc1ccc2cc3[n+](cc2c1OC)CCc1cc2c(cc1-3)OCO2,N#C[S-],1
384.15,CC(C)[P+](C(=S)Nc1c(Cl)cccc1Cl)(C(C)C)C(C)C,CS(=O)(=O)[O-],1
425.4,Cc1ccc(C(C)[NH3+])cc1,O=C([O-])C(O)CCc1ccccc1,1
449.15,c1cc(CCCc2cc[nH+]cc2)ccn1,O=C([O-])CC1NC(=O)C(CC(=O)O)NC1=O,1
401.0,c1ccc(-c2cccc[nH+]2)nc1,N#C[S-],1
398.0,c1ccc(-c2cccc[nH+]2)nc1,O=[N+]([O-])c1cc([N+](=O)[O-])c([O-])c([N+](=O)[O-])c1,1
418.0,c1ccc(-c2cccc[nH+]2)nc1,O=S(=O)([O-])O,1
458.0,Nc1cc(N2CCCCC2)nc(N)[n+]1O,O=C([O-])c1ccc(O)cc1O,1
501.0,[NH3+]CCCCCC[NH3+],O=P([O-])(O)CCCCCCP(=O)([O-])O,1
448.15,Cc1ccc([NH3+])cc1,O=[PH]([O-])O,1
432.15,Cc1ccccc1[NH3+],O=[PH](=O)[O-],1
421.65,CN(C)C1C([NH+](C)C)[NH+]=C(CC(C)(C)C)N1C,O=[N+]([O-])c1cc([N+](=O)[O-])c([O-])c([N+](=O)[O-])c1,1
453.15,CC1(C)CCCC(C)(C)[N+]1=O,F[B-](F)(F)F,1
470.15,CC(=O)NC1CC(C)(C)[N+](=O)C(C)(C)C1,F[B-](F)(F)F,1
520.0,COc1ccc(C#Cc2c3ccccc3[n+](C)c3ccccc23)cc1,F[P-](F)(F)(F)(F)F,1
332.15,CNC(N)=[OH+],CS(=O)(=O)[N-]S(C)(=O)=O,1
340.15,CN(C)C(N)=[OH+],CS(=O)(=O)[N-]S(C)(=O)=O,1
417.65,CC(C)(C)Nc1n[n+](C(C)(C)C)nn1NC(C)(C)C,[O-][Cl+3]([O-])([O-])[O-],1
430.15,CC([NH3+])c1ccccc1,Cc1ccc(S(=O)(=O)NC(Cc2ccccc2)C(=O)[O-])cc1,1
427.0,Clc1ccccc1C(c1ccccc1)(c1ccccc1)n1cc[nH+]c1,O=C([O-])c1cc(O)ccc1O,1
500.15,CN(C)c1nc(N2CCOCC2)c2ccccc2[o+]1,[O-][Cl+3]([O-])([O-])[O-],1
525.15,CN(C)[S+](=O)(N(C)C)N(C)C,F[As-](F)(F)(F)(F)F,1
482.5,COc1ccc(CC2c3cc4c(cc3CC[N+]2(C)C)OCO4)cc1OC,[O-][Cl+3]([O-])([O-])[O-],1
488.0,CC([NH2+]C(c1ccccc1)C(C)C)c1ccccc1,O=C([O-])c1ccc([N+](=O)[O-])cc1,1
588.0,O=c1cccc2n1CC1CC2C[NH+]2CCCCC12,[O-][Cl+3]([O-])([O-])[O-],1
483.15,c1cc(C2=[NH+]CCN2)ccc1C1=[NH+]CCN1,O=[N+]([O-])c1cc([N+](=O)[O-])c([O-])c([N+](=O)[O-])c1,1
525.0,NC(N)=[NH2+],O=C([O-])C1CCCCC1C(=O)[O-],1
452.0,NC(=O)C1CC[NH2+]CC1,O=[N+]([O-])c1cc([N+](=O)[O-])c([O-])c([N+](=O)[O-])c1,1
475.0,NC(=O)C1CC[NH2+]CC1,O=C(O)c1cc([N+](=O)[O-])cc([N+](=O)[O-])c1[O-],1
429.0,NC(=O)C1CC[NH2+]CC1,O=C([O-])c1ccccc1[N+](=O)[O-],1
452.0,NC(=O)C1CC[NH2+]CC1,O=C([O-])c1cccc([N+](=O)[O-])c1,1
429.0,C[n+]1c[nH]c(C#Cc2ccccc2)c1C#Cc1ccc(C=O)cc1,O=C([O-])C(F)(F)F,1
318.7964285714285,Cn1cc[n+](C)c1,COS(=O)(=O)[O-],1
440.15,C#CCC[n+]1ccccc1C#Cc1ccc(C)cc1,O=S(=O)([O-])C(F)(F)F,1
364.15,C#CCC[n+]1c(C#CCCCC)sc2ccccc21,O=S(=O)([O-])C(F)(F)F,1
399.15,Cc1ccc(-c2cccc3c2-c2cccc[n+]2CC3)cc1,O=S(=O)([O-])C(F)(F)F,1
371.15,C#CCC[n+]1cccnc1C#Cc1ccccc1,O=S(=O)([O-])C(F)(F)F,1
449.2000000000001,[NH3+]O,O=[N+]([O-])c1n[nH]c([O-])n1,1
365.15,COC(=O)C[n+]1ccccc1,[O-][Cl+3]([O-])([O-])[O-],1
523.65,Cn1c(=O)c2c3ccccc[c+]3n(-c3ccccc3)c2n(C)c1=O,F[B-](F)(F)F,1
505.65,Cn1c(=O)c2c3ccccc[c+]3n(C)c2n(C)c1=O,F[B-](F)(F)F,1
515.15,O=c1[nH]c(=O)n(-c2ccccc2)c2o[c+]3cccccc3c12,F[B-](F)(F)F,1
471.15,CC([NH3+])c1ccccc1,CC1(C(=O)c2ccc(C(=O)[O-])cc2)C2CCC1CC2,1
427.15,Cc1c(O)ccc(C2CN(C)C(=O)[N+]2(C)C)c1O,O=S(=O)([O-])C(F)(F)F,1
372.15,[NH3+]C12CC3CC(CC(C3)C1)C2,Cc1ccc(S(=O)(=O)[O-])cc1,1
467.0,C1COCC[NH2+]1,COc1cc(S(=O)(=O)[O-])c(C)cc1N,1
388.15,Nc1c(C2=[NH+]CC(CSc3ccccc3)O2)cnn1-c1ccc(F)cc1,[O-][Cl+3]([O-])([O-])[O-],1
423.75,COC(c1ccccc1)C1C[Se+](C)c2ccccc2C1=O,F[B-](F)(F)F,1
455.0,COc1ccccc1[NH3+],O=[N+]([O-])c1cc([N+](=O)[O-])c(O)c([N+](=O)[O-])c1[O-],1
428.0,CN(C)n1cn[n+](C)c1N=[N+]=[N-],F[P-](F)(F)(F)(F)F,1
476.0,CN(C)n1cn[n+](C)c1N=NN=c1n(N(C)C)cnn1C,F[P-](F)(F)(F)(F)F,1
466.15,CC[NH2+]CC,[Se]=P([Se-])(CCc1ccccc1)CCc1ccccc1,1
483.0,[NH3+]C(C(=O)O)c1ccccc1,CS(=O)(=O)[O-],1
509.0,OCC(CO)(C[n+]1ccccc1)C[n+]1ccccc1,F[P-](F)(F)(F)(F)F,1
450.0,C[NH+](C)c1cccc2ccc3cccnc3c12,F[B-](F)(F)F,1
451.0,FC(F)(F)c1cc(-c2ccccc2)[n+]2c3c(cccc13)CCC2,O=S(=O)([O-])C(F)(F)F,1
467.0,NC(=O)C1CC[NH2+]CC1,O=C([O-])c1ccc([N+](=O)[O-])cc1C(=O)O,1
507.0,Nc1cc[nH]c(=O)[nH+]1,O=C([O-])c1ccccc1O,1
402.0,COc1ccc(C(Nc2ccccc2)=[NH+]c2ccccc2)cc1,O=[N+]([O-])[O-],1
394.65,CC([NH2+]C1C(=O)N(C)CC1(C)C)c1ccccc1,O=C([O-])C(O)c1ccccc1,1
376.5,COC(=O)c1cccc2cccc([NH+](C)C)c12,O=S(=O)([O-])C(F)(F)F,1
414.5,CC(C)N(C(=O)c1cccc2cccc([NH+](C)C)c12)C(C)C,O=S(=O)([O-])C(F)(F)F,1
429.0,C[NH+](C)c1cccc2cccc(C(=O)O)c12,O=S(=O)([O-])C(F)(F)F,1
372.0,C[n+]1ccc(Nc2ccccc2)cc1Cl,O=S(=O)([O-])C(F)(F)F,1
430.0,c1ccc(-c2c3ccccc3[nH+]c3ccccc23)cc1,O=S(=O)([O-])C(F)(F)F,1
459.0,F[n+]1ccccc1,O=S(=O)([O-])C(F)(F)F,1
553.5,Cc1cccc(C)c1OC(=O)c1c2ccccc2[n+](C)c2ccccc12,O=S(=O)([O-])C(F)(F)F,1
482.0,C1COCC[NH2+]1,O=[N+]([O-])c1cc([N+](=O)[O-])c(O)c([N+](=O)[O-])c1[O-],1
379.4,O=[N+]([O-])C1([N+](=O)[O-])C[NH2+]C1,O=C([O-])c1ccccc1O,1
445.65,c1ccc(C2([NH+]3CCCCC3)CC3CC3C2)cc1,O=[N+]([O-])c1ccc(S(=O)(=O)[O-])c([N+](=O)[O-])c1,1
523.0,[NH3+]NC(=O)C([NH3+])Cc1ccc(O)cc1,O=S(=O)([O-])[O-],1
513.15,CN(C)[S+](N(C)C)N(C)C,[O-]S(F)(F)(F)(F)F,1
388.0,CC(C)(C)[n+]1cn(-c2ccc(F)cc2F)c(-c2ccccc2)n1,[O-][Cl+3]([O-])([O-])[O-],1
434.65,COC1C2(C)CC3(C)CC(C)(C2)C[N+]1(C)C3,F[B-](F)(F)F,1
426.15,O=c1c2ccccc2[nH+]c2n1CCCCC2,O=[N+]([O-])[O-],1
414.15,Cn1cc[n+](C)c1N,CC1(C)OC(=O)C=C([O-])O1,1
495.0,COC(=O)C1CC23CCC[NH+]4CCC5(c6ccccc6[NH2+]C15CC2)C43,O=[N+]([O-])[O-],1
422.15,NC1=[NH+]CCS1,Nc1ccccc1C(=O)[O-],1
424.15,COc1cc(C)[nH+]c(N)n1,O=C([O-])c1ccccc1F,1
409.65,COc1cc(C)[nH+]c(N)n1,O=C([O-])c1cccc(Cl)c1,1
453.65,COc1cc(C)[nH+]c(N)n1,O=C([O-])c1cccc([N+](=O)[O-])c1,1
439.15,COc1cc(C)[nH+]c(N)n1,O=C([O-])c1ccccc1,1
474.65,COc1cc(C)[nH+]c(N)n1,CN(C)c1cccc(C(=O)[O-])c1,1
503.15,Cc1cc[nH+]c(N)n1,O=C([O-])C=CC(=O)[O-],1
338.15,Cc1cc[nH+]c(N)n1,O=C([O-])c1cccc(F)c1,1
378.15,Cc1cc[nH+]c(N)n1,O=[N+]([O-])[O-],1
368.65,Cc1cc[nH+]c(N)n1,O=C([O-])c1cccc(Cl)c1,1
464.15,Cc1cc(Cl)nc(N)[nH+]1,O=C([O-])c1cc([N+](=O)[O-])cc([N+](=O)[O-])c1,1
394.15,c1ccc(-c2[nH]cc[nH+]2)cc1,O=C([O-])C1(C(=O)O)CCC1,1
578.65,CC12CC(O)C3C4[NH+]5CC6(C)CC(=O)CC47C6C5CC3(C1)C7C(=O)O2,[O-][Cl+3]([O-])([O-])[O-],1
374.7,Nc1cccc[nH+]1,O=C([O-])CC(=O)[O-],1
418.25,C[NH2+]C(C)C(O)c1ccccc1,O=C1[N-]S(=O)(=O)c2ccccc21,1
467.15,Nc1ccn(C2CSC(CO)O2)c(=O)[nH+]1,O=C1[N-]S(=O)(=O)c2ccccc21,1
475.95,C[NH2+]C1CCC(c2ccc(Cl)c(Cl)c2)c2ccccc21,O=C1[N-]S(=O)(=O)c2ccccc21,1
425.25,COc1ccc(C(C[NH+](C)C)C2(O)CCCCC2)cc1,O=C1[N-]S(=O)(=O)c2ccccc21,1
458.05,Cc1ccc(-c2[nH+]c3ccc(C)cn3c2CC(=O)N(C)C)cc1,O=C1[N-]S(=O)(=O)c2ccccc21,1
531.15,C1CCC([NH2+]C2CCCCC2)CC1,O=C([O-])c1ccc(C(=O)[O-])cc1,1
441.15,C1CCC([NH2+]C2CCCCC2)CC1,O=C([O-])C#CC(=O)[O-],1
485.15,C1CCC([NH2+]C2CCCCC2)CC1,O=C([O-])c1ccccc1-c1ccccc1C(=O)[O-],1
466.15,C1CCC([NH2+]C2CCCCC2)CC1,O=C([O-])c1ccccc1C(=O)[O-],1
441.15,C1CCC([NH2+]C2CCCCC2)CC1,O=C([O-])c1ccccc1-c1ccccc1C(=O)O,1
455.15,C1CCC([NH2+]C2CCCCC2)CC1,O=C([O-])c1ccccc1C(=O)O,1
497.15,C1CCC([NH2+]C2CCCCC2)CC1,O=C([O-])c1cccc(C(=O)O)c1,1
460.0,CC([NH3+])c1ccccc1,O=C(O)CC1(C(=O)[O-])CCC(=O)O1,1
335.15,C1COCC[NH2+]1,O=C(C=C([O-])C(F)(F)F)C(F)(F)F,1
344.15,CCCC[NH2+]CCCC,O=C(C=C([O-])c1cccs1)C(F)(F)F,1
437.15,CC1=[NH+]c2ccccc2NC(C)(C)C1,O=[N+]([O-])c1cc([N+](=O)[O-])c([O-])c([N+](=O)[O-])c1,1
459.15,CC1=[NH+]c2ccccc2NC(C)(C)C1,O=C([O-])c1cc(C(=O)[O-])cc(C(=O)O)c1,1
513.15,C1=Cc2cc3ccc(cc4[s+]c(cc5ccc(cc1[s+]2)s5)C=C4)s3,[O-][Cl+3]([O-])([O-])[O-],1
549.65,CC1(C)CCCC(C)(C)[NH2+]1,[O-][Cl+3]([O-])([O-])[O-],1
514.15,CC1(C)CCCC(C)(C)[NH2+]1,O=[N+]([O-])[O-],1
444.15,Cc1ccc(C(C)[NH3+])cc1,Cc1cc(C)c(CC(=O)c2ccc(C(=O)[O-])cc2)c(C)c1,1
442.15,CC([NH3+])C(O)c1ccccc1,Cc1cc(C)c(CC(=O)c2ccc(C(=O)[O-])cc2)c(C)c1,1
418.15,C[NH2+]C(C)c1ccccc1,Cc1cc(C)c(CC(=O)c2ccc(C(=O)[O-])cc2)c(C)c1,1
422.65,CC12[NH2+]C(Cc3ccccc31)C1CCCCC12,O=C([O-])C=CC(=O)O,1
467.15,c1cc(-c2cc[nH+]cc2)cc[nH+]1,O=C1[N-]S(=O)(=O)c2ccccc21,1
475.15,Cc1cc[nH+]cc1,O=C1[N-]S(=O)(=O)c2ccccc21,1
458.15,NC(=O)c1cc[nH+]cc1,O=C1[N-]S(=O)(=O)c2ccccc21,1
425.15,Nc1cccc[nH+]1,O=C1[N-]S(=O)(=O)c2ccccc21,1
461.15,Cc1cc(C)[nH+]c(N)n1,O=C1[N-]S(=O)(=O)c2ccccc21,1
446.15,Nc1ccc[nH+]c1,O=C1[N-]S(=O)(=O)c2ccccc21,1
437.0,COc1ccc([I+]c2cc(C)ccc2OC)cc1,O=C([O-])C(F)(F)F,1
376.0,[NH3+]CC(=O)O,[O-][Cl+3]([O-])([O-])[O-],1
513.65,Nc1cccc[nH+]1,O=C(O)c1cc(S(=O)(=O)[O-])ccc1O,1
499.65,CCc1[nH+]cc(OC)c2c1[nH]c1ccccc12,O=C([O-])O,1
509.65,CC(C)Nc1[nH+]c2ccc(F)cc2n2cnnc12,CS(=O)(=O)[O-],1
459.15,[NH3+]C(c1ccccc1)c1c(O)ccc2ccccc12,O=C([O-])C(O)C(O)C(=O)O,1
358.15,C[NH2+]C(C)C(O)c1ccccc1,CCOP([O-])(=S)OCC,1
356.65,COn1cc[n+](OC)c1,F[P-](F)(F)(F)(F)F,1
401.65,COn1cc[n+](OC)c1C,F[P-](F)(F)(F)(F)F,1
373.65,CCOn1cc[n+](OCC)c1,F[P-](F)(F)(F)(F)F,1
316.15,CCOn1cc[n+](OCC)c1,F[B-](F)(F)F,1
421.65,COn1cc[n+](OC)c1Br,F[P-](F)(F)(F)(F)F,1
302.15,COn1cc[n+](OC)c1Br,O=S(=O)([N-]S(=O)(=O)C(F)(F)F)C(F)(F)F,1
365.15,COn1cc[n+](OC)c1N=[N+]=[N-],F[P-](F)(F)(F)(F)F,1
434.15,C1CC[N+]2=C(C1)C1CC(C2)C2CCCCN2C1,[O-][Cl+3]([O-])([O-])[O-],1
413.15,CC[NH2+]CC,N#CC(=C[O-])S(=O)(=O)C(C#N)=C[O-],1
531.65,Cc1c(O)c(C=NNc2cccc[n+]2C)c(CO)c[n+]1C,[O-][Cl+3]([O-])([O-])[O-],1
383.65,CP1P(C)P(C)[P+](C)(C)P1C,O=S(=O)([O-])C(F)(F)F,1
409.5,CCOC(=O)c1cccc2cccc([NH+](C)C)c12,O=[N+]([O-])c1cc([N+](=O)[O-])c([O-])c([N+](=O)[O-])c1,1
402.15,CON(C(N)=O)[n+]1ccccc1,[O-][Cl+3]([O-])([O-])[O-],1
479.5,COc1ccc([C+](c2ccccc2)c2ccccc2)cc1,F[B-](F)(F)F,1
448.15,CC(C)[NH3+],COc1ccc(P(=S)([S-])NC(C)C)cc1,1
521.15,C[n+]1ccc(C=Cc2ccc(O)cc2)cc1,Cc1ccc(S(=O)(=O)[O-])cc1,1
553.15,[NH3+]CCC[NH3+],[O-][Cl+3]([O-])([O-])[O-],1
320.0,C=CCn1c(C)c(C)[n+](CC=C)c1C(C)C,N#C[N-]C#N,1
435.15,COc1ccc(C(=O)c2c(C)n(CC[NH+]3CCOCC3)c3ccccc23)cc1,O=C([O-])C=CC(=O)O,1
516.65,c1cc(-c2cc[n+](C[n+]3ccc(-c4ccncc4)cc3)cc2)ccn1,F[P-](F)(F)(F)(F)F,1
438.65,Cc1ccccc1-c1cc(-c2ccccc2C)c[n+](Cc2ccccc2)c1,O=S(=O)([O-])C(F)(F)F,1
469.0,c1cc2c3c(cccc3c1)[NH+]1CCCN2CCC1,F[B-](F)(F)F,1
431.0,C[N+]1(C)c2cccc3cccc(c23)-n2cccc21,F[B-](F)(F)F,1
336.15,CN1CC[N+](C)(C)P1(F)(F)C[Si](C)(C)C,F[P-](F)(F)(F)(F)F,1
412.15,CN1CC[N+](C)(C)P1(F)(F)c1ccccc1,F[P-](F)(F)(F)(F)F,1
394.15,CN1CC[N+](C)(C)P1(F)(c1ccccc1)n1cccc1,F[P-](F)(F)(F)(F)F,1
466.15,Cn1nn[n+](C)c1N,N(=Nc1nn[n-]n1)c1nn[n-]n1,1
443.15,C[n+]1nnn(N)c1N,N(=Nc1nn[n-]n1)c1nn[n-]n1,1
380.15,Cc1cc(-c2ccccc2)nc(N)[nH+]1,O=C([O-])c1ccccc1,1
423.15,CC[NH+](CC)CC,CC1(C)OC(=O)[C-](n2[nH]c(=O)n(-c3ccccc3)c2=O)C(=O)O1,1
359.15,CN(C)[S+](F)N=C=O,F[As-](F)(F)(F)(F)F,1
383.15,CN(C)[S+](N=C=O)C(F)(F)F,F[As-](F)(F)(F)(F)F,1
414.0,Cn1cc[n+](CCC[n+]2ccn(C)c2)c1,F[P-](F)(F)(F)(F)F,1
308.15,CC(O)=[OH+],O=S(=O)([O-])C(F)(F)F,1
513.0,c1cc[n+](CCCCCC[n+]2ccccc2)cc1,F[P-](F)(F)(F)(F)F,1
373.95,Cc1cc(C)c2c(c1)C[NH+](C)Cc1cc(C)cc(C)c1OCCCO2,[O-][Cl+3]([O-])([O-])[O-],1
427.2,[NH3+]C(CO)C(O)c1ccc([N+](=O)[O-])cc1,O=C([O-])C(O)c1ccc(Br)cc1,1
538.15,C[n+]1ccn(-c2cccc(-c3cccc(-n4cc[n+](C)c4)n3)n2)c1,F[B-](F)(F)F,1
331.65,Cc1n(N)cc[n+]1N,O=S(=O)([N-]S(=O)(=O)C(F)(F)F)C(F)(F)F,1
345.15,Cc1n(O)cc[n+]1O,O=S(=O)([N-]S(=O)(=O)C(F)(F)F)C(F)(F)F,1
343.15,CC[NH+](CC)CCn1cc[n+](C)c1,O=S(=O)([N-]S(=O)(=O)C(F)(F)F)C(F)(F)F,1
466.65,COC(c1cc(C)cc(C)c1)(c1cc(C)cc(C)c1)C1CCC[NH2+]1,F[B-](F)(F)F,1
512.0,CC12CCCC[NH+]1CC1CC2C[NH+]2CCCCC12,[O-][Cl+3]([O-])([O-])[O-],1
528.15,C[N+](C)(C)C,[N-]=[N+]=[N-],1
456.55,NC(=[NH2+])NC(N)=S,O=C([O-])CCCCC(=O)[O-],1
510.25,[NH3+]CC[NH3+],O=C([O-])c1cc([N+](=O)[O-])cc([N+](=O)[O-])c1,1
415.0,Cc1[nH+]cc(CO)c(CO)c1O,O=C([O-])c1ccc(O)cc1,1
384.0,Cc1[nH+]cc(CO)c(CO)c1O,Nc1ccc(C(=O)[O-])cc1,1
468.65,C[n+]1cn(N)cn1,c1ccc([B-](c2ccccc2)(c2ccccc2)c2ccccc2)cc1,1
417.65,Cc1n[n+](C)c(C)n1N,F[P-](F)(F)(F)(F)F,1
378.65,Cc1n[n+](C)c(C)n1N,O=S(=O)([N-]S(=O)(=O)C(F)(F)F)C(F)(F)F,1
395.65,Cc1n[n+](C)c(C)n1N,O=S(=O)([O-])O,1
367.65,CC[n+]1nc(C)n(N)c1C,F[P-](F)(F)(F)(F)F,1
338.65,CC[n+]1nc(C)n(N)c1C,O=S(=O)([N-]S(=O)(=O)C(F)(F)F)C(F)(F)F,1
393.65,CCc1n[n+](C)c(CC)n1N,F[P-](F)(F)(F)(F)F,1
382.65,CCc1n[n+](C)c(CC)n1N,O=S(=O)([N-]S(=O)(=O)C(F)(F)F)C(F)(F)F,1
379.65,CCc1n[n+](CC)c(CC)n1N,O=S(=O)([N-]S(=O)(=O)C(F)(F)F)C(F)(F)F,1
414.15,CN(C)n1cn[n+](C)c1,F[P-](F)(F)(F)(F)F,1
380.65,CN(C)n1cn[n+](C)c1,O=S(=O)([O-])O,1
471.15,CN(C)n1cn[n+](C)c1Br,F[P-](F)(F)(F)(F)F,1
424.0,Cc1[nH+]cc(CO)c(CO)c1O,N#Cc1ccc(C(=O)[O-])cc1,1
421.0,Cc1[nH+]cc(CO)c(CO)c1O,O=C1[N-]S(=O)(=O)c2ccccc21,1
498.0,NC1=N[N+]2(CCOCC2)CC1,COc1ccc(S(=O)(=O)[O-])cc1,1
465.0,NC1=N[N+]2(CCOCC2)CC1,O=[N+]([O-])c1ccc(S(=O)(=O)[O-])cc1,1
431.7,CC(C)NC(Nc1ccccc1C(C)C)=[NH+]C(C)C,O=S(=O)([O-])C(F)(F)F,1
526.15,C[N+]1=CC2(CC3CCC2C3)C2C3CCC(C3)C2C1,[O-][Cl+3]([O-])([O-])[O-],1
424.65,c1ccc(C2([NH+]3CCCCC3)CCC3CC32)cc1,O=[N+]([O-])c1cc([N+](=O)[O-])c([O-])c([N+](=O)[O-])c1,1
466.65,[NH3+]C1(c2ccccc2)CCC2CC21,O=C([O-])C(O)c1ccccc1,1
495.9,CN(C)C1=[N+](c2ccccc2)C(c2ccccc2)C1c1ccc([N+](=O)[O-])cc1,[O-][Cl+3]([O-])([O-])[O-],1
546.15,Cc1cccc(-[n+]2c(-c3ccccc3)cc(-c3ccccc3)cc2-c2ccccc2)c1,F[B-](F)(F)F,1
474.5,C[n+]1c2ccccc2c(C(=O)Oc2ccc(F)cc2)c2ccccc21,O=S(=O)([O-])C(F)(F)F,1
488.5,C[n+]1c2ccccc2c(C(=O)Oc2ccc(Cl)cc2)c2ccccc21,O=S(=O)([O-])C(F)(F)F,1
405.0,ClC[N+]12CCN(CC1)CC2,F[B-](F)(F)F,1
425.0,ClC[N+]12CCN(CC1)CC2,O=S(=O)([O-])C(F)(F)F,1
411.0,NC(N)=NC(N)=[NH+]c1ccccc1,O=C([O-])CCC(=O)O,1
498.5,C[n+]1ccn(CC(CO)(CO)Cn2cc[n+](C)c2)c1,F[P-](F)(F)(F)(F)F,1
484.0,CC(N)=[NH2+],O=S(=O)([O-])[O-],1
468.15,[NH3+]C1CCCCC1,O=P1([O-])OCCC(O)CO1,1
382.55,O=C(NCCO[N+](=O)[O-])c1ccc[nH+]c1,O=C([O-])C=CC(=O)O,1
471.15,N[NH3+],n1nc([N-]Nc2nnnn2-c2nn[n-]n2)n(-c2nn[n-]n2)n1,1
434.65,C[NH2+]C(C)C(O)c1ccccc1,CC(C(O)c1ccccc1)N(C)C(=S)[S-],1
573.0,Cc1cc2oc(-c3ccc(Cl)cc3)c[n+]2c2c1CCCC2,[O-][Cl+3]([O-])([O-])[O-],1
401.15,NC(CC[NH+]1CCCCC1)=NO,O=C([O-])CCl,1
530.65,O=c1c2cc3ccccc3[o+]c2n(-c2ccccc2)c(=O)n1-c1ccccc1,F[B-](F)(F)F,1
508.15,NC(N)=[NH+]CCC1NC(=O)C(Cc2ccccc2)NC1=O,O=[N+]([O-])[O-],1
377.0,C1C[NH2+]CC[NH2+]1,CCCCNC(=O)[N-]S(=O)(=O)c1ccc(C)cc1,1
540.5,COc1cc(C=Cc2cc[n+](C)cc2)ccc1O,O=S(=O)([O-])c1ccc(Cl)cc1,1
430.0,C1C[NH2+]CC[NH2+]1,Cc1ccc(S(=O)(=O)[N-]C(=O)[N-]N2CC3CCCC3C2)cc1,1
384.0,C1C[NH2+]CC[NH2+]1,CCCC[N-]C(=O)[N-]S(=O)(=O)c1ccc(C)cc1,1
393.0,O=C(CCC[NH+]1CCC(O)(c2ccc(Cl)cc2)CC1)c1ccc(F)cc1,O=C([O-])C=CC(=O)O,1
368.5,CC[NH2+]Cc1ccccc1,O=[N+]([O-])[O-],1
406.0,c1cc[nH+]cc1,Cc1cc(C)c([Te](Cl)[I-])c(C)c1,1
360.15,CSc1cccc2cccc([N+]#N)c12,F[B-](F)(F)F,1
363.15,CN(C)c1cccc2cccc([N+]#N)c12,F[B-](F)(F)F,1
389.65,N#[N+]c1cccc2cccc([N+](=O)[O-])c12,F[B-](F)(F)F,1
508.0,O=C(O)c1cn(C2CC2)c2cc(N3CC[NH2+]CC3)c(F)cc2c1=O,CC1=CC(=O)[N-]S(=O)(=O)O1,1
513.0,CCn1cc(C(=O)O)c(=O)c2cc(F)c(N3CC[NH2+]CC3)cc21,CC1=CC(=O)[N-]S(=O)(=O)O1,1
494.5,[NH3+]CCOCCOCC[NH3+],O=C([O-])C(=O)[O-],1
555.15,COc1cc2c[n+]3c(cc2c(CO)c1OC)-c1c(cc2c(c1OC)OCO2)CC3,O=[N+]([O-])[O-],1
428.0,[NH3+]CC(=O)O,O=C([O-])C(=O)[O-],1
403.0,Fc1cccc(F)c1[Xe+],F[B-](F)(F)F,1
443.15,C[N+]12CN3CN(CN(C3)C1)C2,O=[N+]([O-])c1nnc([N+](=O)[O-])[n-]1,1
431.65,CCSc1scn[n+]1-c1ccccc1,F[B-](F)(F)F,1
422.4,COc1cccc(C(C)[NH3+])c1,O=C([O-])C(O)c1ccccc1,1
484.0,COC(=O)Nc1[nH]c2ccccc2[nH+]1,O=S(=O)([O-])c1ccccc1,1
479.65,NC(N)=[NH2+],CS(=O)(=O)[O-],1
430.15,NC(N)=[NH2+],O=S(=O)([O-])C(F)(F)F,1
425.65,NC(N)=[NH2+],CCCCS(=O)(=O)[O-],1
482.15,NC(N)=[NH2+],O=S(=O)([O-])c1ccccc1,1
550.9,NC(N)=[NH2+],O=S(=O)([O-])c1cccc2ccccc12,1
540.65,NC(N)=[NH2+],O=S(=O)([O-])c1ccc2ccccc2c1,1
422.8,CC(C)[NH2+]C(C)C,O=C([O-])c1ccccc1C(=O)NSc1ccc([N+](=O)[O-])cc1[N+](=O)[O-],1
546.15,CN(C)c1cc2cccnc2c2c([NH+](C)C)cccc12,F[B-](F)(F)F,1
486.15,C[N+](C)=NC=CNc1ccccc1,O=[N+]([O-])c1cc([N+](=O)[O-])c([O-])c([N+](=O)[O-])c1,1
433.15,Cc1ccc(C(C)[NH3+])cc1,CCC1(CC)CCc2cc(C(=O)[O-])ccc2C1=O,1
463.0,NC(=[NH2+])NCCCC([NH3+])C(=O)[O-],O=C[O-],1
409.65,C1CCC([NH2+]C2CCCCC2)CC1,CCOP([O-])(=S)OC(C)COC,1
462.0,CCCCCNC(=[NH2+])NN=Cc1c[nH]c2ccc(OC)cc12,O=C([O-])C=CC(=O)O,1
374.3,OCC[NH+]1CCCCC1,O=C([O-])Cc1ccccc1Nc1c(Cl)cccc1Cl,1
365.0,OCC[NH+]1CCOCC1,O=C([O-])Cc1ccccc1Nc1c(Cl)cccc1Cl,1
393.6,OCC[NH+]1CCNCC1,O=C([O-])Cc1ccccc1Nc1c(Cl)cccc1Cl,1
407.15,CCCCn1cc[n+](C)c1,c1ccc([B-](c2ccccc2)(c2ccccc2)c2ccccc2)cc1,1
415.15,[NH3+]Cc1ccc(Cl)cc1,O=C([O-])c1ccc(Cl)cc1Cl,1
396.15,[NH3+]Cc1cccc(Cl)c1,O=C([O-])c1ccc(Cl)cc1Cl,1
432.15,Cc1ccc(C[NH3+])cc1,O=C([O-])c1c(F)c(F)c(F)c(F)c1F,1
440.15,[NH3+]Cc1ccc(Cl)cc1,O=C([O-])c1c(F)c(F)c(F)c(F)c1F,1
419.15,Cc1cccc(C[NH3+])c1,O=C([O-])c1ccccc1,1
493.65,Cn1nn[n+](C)c1N,[O-][Cl+3]([O-])([O-])[O-],1
436.15,Cn1nn[nH+]c1N,O=[N+]([O-])[O-],1
399.65,Cn1nn[nH+]c1N,[O-][Cl+3]([O-])([O-])[O-],1
455.15,Cn1nn[n+](C)c1N,O=[N+]([O-])[O-],1
452.15,Cn1nn[n+](C)c1N,[N-]=[N+]=[N-],1
394.15,Cn1nn[n+](C)c1N,O=[N+]([O-])[N-][N+](=O)[O-],1
448.0,Cc1ccc(-[n+]2c(C)cc(C=Cc3cc4c5c(ccc[n+]5CCC4)c3)cc2C)cc1,[O-][Cl+3]([O-])([O-])[O-],1
340.15,CCCC[NH+]1CCCC1,O=C(C=C([O-])c1ccccc1)C(F)(F)F,1
449.65,[NH3+]CCc1c[nH]c2ccccc12,O=C([O-])C=Cc1ccccc1,1
467.65,[NH3+]CCc1c[nH]c2ccccc12,O=C([O-])COc1ccccc1,1
457.65,[NH3+]CCc1c[nH]c2ccccc12,O=C([O-])CSc1ccccc1,1
493.15,[NH3+]CCc1c[nH]c2ccccc12,O=C([O-])Cc1cccc2ccccc12,1
466.65,[NH3+]CCc1c[nH]c2ccccc12,O=C([O-])C=Cc1ccc([N+](=O)[O-])cc1,1
464.65,[NH3+]CCc1c[nH]c2ccccc12,O=C([O-])C(c1ccccc1)c1ccccc1,1
441.65,CC(C)(C)N1C=CN(C(C)(C)C)[P+]1,F[B-](F)(F)F,1
417.15,CC(C)(C)N1C=C(Cl)N(C(C)(C)C)[P+]1,O=S(=O)([O-])C(F)(F)F,1
477.65,OC1C[N+]2(CCOCC2)C1,O=[N+]([O-])c1cc([N+](=O)[O-])c([O-])c([N+](=O)[O-])c1,1
412.15,CC1=C(C)C(=Cc2[nH]cc(C)c2C)[NH+]=C1,O=C([O-])C(F)(F)F,1
420.3,C1=CC2CC1C1c3ccccc3[S+](c3ccccc3)C21,O=S(=O)([O-])C(F)(F)F,1
468.15,N#CC(=NO)c1[nH+]c2ccccc2o1,N#C[C-](N=O)c1nc2ccccc2o1,1
384.65,C[n+]1ccc(C#N)cc1,COS(=O)(=O)[O-],1
302.65,CC[n+]1cccc(C(F)(F)F)c1,O=S(=O)([N-]S(=O)(=O)C(F)(F)F)C(F)(F)F,1
338.65,C[n+]1ccc(C#N)cc1,O=S(=O)([N-]S(=O)(=O)C(F)(F)F)C(F)(F)F,1
307.15,CC[n+]1ccc(C#N)cc1,O=S(=O)([N-]S(=O)(=O)C(F)(F)F)C(F)(F)F,1
337.15,C[n+]1cccc(C#N)c1,O=S(=O)([N-]S(=O)(=O)C(F)(F)F)C(F)(F)F,1
346.15,CC[n+]1cccc(C#N)c1,O=S(=O)([N-]S(=O)(=O)C(F)(F)F)C(F)(F)F,1
310.15,CC[n+]1ccccc1C#N,O=S(=O)([N-]S(=O)(=O)C(F)(F)F)C(F)(F)F,1
386.15,CC[n+]1cn2ccccc2n1,F[B-](F)(F)F,1
477.15,c1ccc(-[n+]2cn3ccccc3n2)cc1,F[P-](F)(F)(F)(F)F,1
396.4,C[N+](C)(C)O,[O-]c1c(Cl)c(Cl)c(Cl)c(Cl)c1Cl,1
528.0,C1CC[NH2+]CC1,N#Cc1c([O-])ncc2c(=O)oc3ccccc3c12,1
444.0,CC([NH3+])c1ccccc1,O=C([O-])C(O)(c1ccccc1)C1CCC(F)(F)C1,1
497.65,c1ccc([NH+]=c2c3c2CCCCC3)cc1,[O-][Cl+3]([O-])([O-])[O-],1
445.15,c1ccc([N+](c2ccccc2)=c2c3c2CCCCC3)cc1,F[B-](F)(F)F,1
507.65,CC1(C)CCC(C)(C)c2c1c2=[N+](c1ccccc1)c1ccccc1,F[B-](F)(F)F,1
471.15,CCN(CCO)c1ccc(C=Cc2cc[n+](C)cc2)cc1,Cc1ccc(S(=O)(=O)[O-])cc1,1
400.15,[NH3+]OCO[NH3+],[O-][Cl+3]([O-])([O-])[O-],1
302.0,C[NH2+]C,CN(C)C(=O)[O-],1
427.65,O=C(O)C[NH+]1CCCCC1,[O-][Cl+3]([O-])([O-])[O-],1
546.15,CC12CCC(c3c1[o+]c1c(c3-c3ccccc3)C3CCC1(C)C3(C)C)C2(C)C,F[B-](F)(F)F,1
509.15,[NH3+]c1cccc([NH3+])n1,O=C([O-])c1cccc(C(=O)[O-])n1,1
409.15,CCC[N+](CCC)(CCC)CCC,c1ccc(C2=NO[B-]3(ON=C(c4ccccc4)O3)O2)cc1,1
472.15,Cl[Te+]1N2C=CC=CC2=C2C=CC=CN21,O=S(=O)([O-])C(F)(F)F,1
448.65,COc1cc2c[o+]c(-c3ccccc3)cc2cc1OC,F[B-](F)(F)F,1
457.15,CC(C)n1cc[n+](C(C)C)c1,c1ccc([B-](c2ccccc2)(c2ccccc2)c2ccccc2)cc1,1
416.5,c1ccc([I+]c2ccccc2)cc1,O=c1ccc(C(F)(F)F)c[n-]1,1
470.65,C[N+](C)(C)C,[N-]=[N+]=N[B-](c1ccccc1)(c1ccccc1)c1ccccc1,1
516.65,c1cc[nH+]cc1,Cl[Te-](Cl)(Cl)(Cl)c1ccccc1,1
387.65,C#CCCC[n+]1ccccc1C#Cc1ccc2ccccc2[n+]1CCC#C,O=S(=O)([O-])C(F)(F)F,1
532.15,c1cc[n+]2c(c1)-c1c(ccc3c1-c1ccc4ccccc4[n+]1CC3)CCC2,O=S(=O)([O-])C(F)(F)F,1
514.65,c1cc[n+]2c(c1)-c1c(ccc3c1-c1c4ccccc4cc[n+]1CCC3)CC2,O=S(=O)([O-])C(F)(F)F,1
402.0,CCc1cc(C(N)=S)cc[nH+]1,O=C([O-])C(=O)[O-],1
419.5,C[NH+](C)c1cccc2cccc(N3CCCC3)c12,F[B-](F)(F)F,1
500.5,CN1Cc2ccccc2C[NH+](C)c2cccc3cccc1c23,F[B-](F)(F)F,1
509.0,c1ccc2c(c1)ccc1cc[n+]3ccc4ccc5ccccc5c4c3c12,F[P-](F)(F)(F)(F)F,1
393.15,[NH3+]CCO,Cn1c(=O)c2[n-]cnc2n(C)c1=O,1
428.65,CC(C)(C)C=C1c2ccccc2C[Se+]1c1ccccc1,O=S(=O)([O-])C(F)(F)F,1
444.65,CC[NH2+]CC,Nc1ccc(C(=O)[O-])cc1,1
448.15,CC[NH2+]CC,O=[N+]([O-])c1ccc(S(=O)(=O)[O-])nc1,1
516.15,C1COCC[NH2+]1,O=[N+]([O-])c1ccc(S(=O)(=O)[O-])nc1,1
403.15,CCN1CC[N+](c2ccccc2)=N1,[O-][Cl+3]([O-])([O-])[O-],1
403.0,c1ccc(NC(Nc2ccccc2)=[NH+]c2ccccc2)cc1,O=Cc1cccc2cccc(C(=O)[O-])c12,1
405.0,CN(C)C(=[NH2+])N(C)C,O=Cc1cccc2cccc(C(=O)[O-])c12,1
383.15,CC(c1ccccc1)n1cc[n+](C(C)c2ccccc2)c1,F[B-](F)(F)F,1
381.15,CC(c1ccccc1)n1cc[n+](C(C)c2ccccc2)c1,F[P-](F)(F)(F)(F)F,1
473.15,COc1c2c([n+](C)c3ccccc13)OC(C(C)(C)O)C2,[O-][Cl+3]([O-])([O-])[O-],1
655.2,CC(N)=[N+](C)C,CN(C)C(=O)[O-],1
400.65,C[N+](C)(C)O,O=S(=O)([N-]S(=O)(=O)c1ccc(F)cc1)c1ccc(F)cc1,1
446.15,NC1=[NH+]CCS1,O=C([O-])COc1cc(Cl)c(Cl)cc1Cl,1
445.15,Nc1[nH+]c2ccccc2s1,O=C([O-])COc1cc(Cl)c(Cl)cc1Cl,1
367.15,CCc1n[nH+]c(N)s1,O=C([O-])COc1cc(Cl)c(Cl)cc1Cl,1
469.15,CC([NH2+]C(CF)c1ccccc1)c1ccccc1,Cc1ccc(S(=O)(=O)[O-])cc1,1
448.15,CC([NH2+]C(c1ccccc1)C(F)F)c1ccccc1,O=C([O-])c1ccccc1C(=O)O,1
459.15,CC([NH2+]C(c1ccccc1)C(F)(F)F)c1ccccc1,Cc1ccc(S(=O)(=O)[O-])cc1,1
355.15,C[NH+](C)CC[NH+](C)C,O=C(C=C([O-])C(F)(F)F)c1cccs1,1
555.3,O=C(O)C1CC[NH2+]CC1,O=C([O-])C1(C(=O)O)CCC1,1
476.15,Fc1ccccc1[I+]c1c(F)c(F)c(F)c(F)c1F,F[B-](F)(F)F,1
385.15,Fc1ccc([I+]c2c(F)c(F)c(F)c(F)c2F)cc1,F[B-](F)(F)F,1
410.15,Fc1cccc([I+]c2c(F)c(F)c(F)c(F)c2F)c1,F[B-](F)(F)F,1
389.65,Fc1c(F)c(F)c([I+]c2ccccc2)c(F)c1F,F[B-](F)(F)F,1
491.15,NC(=O)c1cc2c(n3cc(-c4ccc(Cl)cc4)[o+]c13)CCC2,[O-][Cl+3]([O-])([O-])[O-],1
385.5,C[NH+](C)CC[NH+](C)C,[Se-]c1ccccc1,1
425.65,NC(=[NH2+])SC#Cc1ccccc1,CS(=O)(=O)[O-],1
427.65,C[N+](C)=C(SC#CC(C)(C)C)c1ccccc1,F[B-](F)(F)F,1
464.2,Oc1cccc2ccc[nH+]c12,CC1(C(=O)[O-])CC(C)(C(=O)O)CC(C)(C(=O)O)C1,1
371.0,Cc1ccc[nH+]c1N,CC(=O)[O-],1
464.5,C1=C2C[NH+]3CCC45c6ccccc6N6CCC(OC1)C(C2CC34)C65,O=C([O-])CCC(=O)O,1
481.0,Nc1[nH+]cccc1[N+](=O)[O-],O=S(=O)([O-])c1ccc(O)cc1,1
438.5,Nc1[nH+]c2cc(Cl)ccc2o1,O=C([O-])COc1ccc(Cl)c(Cl)c1,1
392.8,C[NH2+]C(C)C(O)c1ccccc1,O=C([O-])C(O)c1ccc(F)cc1,1
418.645,Nc1cccc[nH+]1,O=C([O-])CC(=O)O,1
381.65,CC[P+](C=C1C2CCC(C2)C1(C)C)(CC)CC,[O-][Cl+3]([O-])([O-])[O-],1
446.0,[N-]=[N+]=Nc1n[nH]c(N)[nH+]1,O=[N+]([O-])[O-],1
487.65,Cc1cc(N(C)C)cc(C)[n+]1O,Cc1ccc(S(=O)(=O)[O-])cc1,1
507.15,[NH3+]C(CO)C12CC3CC(CC(C3)C1)C2,[O-][Cl+3]([O-])([O-])[O-],1
466.0,CC[NH2+]CC,[S-]P(=[Se])(c1ccccc1)c1ccccc1,1
464.65,CN(C)C=C(C=[N+](C)C)c1ccccc1,F[P-](F)(F)(F)(F)F,1
514.15,C1CC[NH2+]CC1,N#Cc1c(-c2ccccc2)[n-]c(=S)[nH]c1=O,1
533.15,C1CC[NH2+]CC1,N#Cc1c(-c2ccc(Br)cc2)[n-]c(=S)[nH]c1=O,1
540.15,C1CC[NH2+]CC1,N#Cc1c(-c2ccc(Cl)cc2)[n-]c(=S)[nH]c1=O,1
398.15,CC[n+]1ccn([BH-](n2cc[n+](CC)c2)n2cc[n+](CC)c2)c1,F[B-](F)(F)F,1
463.15,[NH3+]CCC[NH3+],S=c1[n-]c(=S)[nH]c(=S)[n-]1,1
413.15,NCC[NH3+],S=c1[n-]c(=S)[nH]c(=S)[n-]1,1
372.0,CON1C=C(c2ccccc2)C=[N+](OC)C2CCCCC21,[O-][Cl+3]([O-])([O-])[O-],1
554.0,Cc1c2c(cc3oc(-c4ccc(Br)cc4)c[n+]13)CCCC2,[O-][Cl+3]([O-])([O-])[O-],1
428.5,CC(C)(C)OC(=O)C([NH3+])Cc1ccc(-c2ccccn2)nc1,O=C([O-])C(O)c1ccccc1,1
451.65,Cc1ccc2c(c1)[I+]c1ccccc1C2C,F[B-](F)(F)F,1
432.15,[NH3+]CCc1c[nH]c2ccccc12,O=C([O-])C=Cc1cccc([N+](=O)[O-])c1,1
405.15,C1CCC[NH2+]CC1,O=C([O-])c1ccc(Cl)cc1,1
416.0,CC[N+](CC)(CC)Cc1ccccc1,[O-][Cl+3]([O-])([O-])[O-],1
394.15,CC(C)(C)n1cn[n+](C(C)(C)C)n1,[O-][Cl+3]([O-])([O-])[O-],1
418.15,C=C(C)n1nc[n+](C(C)(C)C)n1,[O-][Cl+3]([O-])([O-])[O-],1
407.15,[NH3+]Cc1ccccc1,O=C([O-])C=CC(=O)O,1
399.65,Nc1cccc[nH+]1,O=C([O-])C1(C(=O)O)CCC1,1
418.15,[NH3+]Cc1ccccc1,O=C([O-])C1(C(=O)O)CCC1,1
520.15,Oc1cccc2ccc[nH+]c12,O=C([O-])c1cc([N+](=O)[O-])cc([N+](=O)[O-])c1O,1
525.5,O=c1[nH]c(-c2ccccc2)n[n+]2c3c(c4c(c12)CCCC4)CCCC3,O=S(=O)([O-])C(F)(F)F,1
418.0,CC[NH+](CC)CC,O=C(N[N-]C(=S)SCc1ccccc1)c1ccccc1O,1
522.65,C=CC1C[NH+]2CCC1CC2C(c1ccccc1)c1ccnc2ccc(OC)cc12,[N-]=C=S,1
415.0,Nc1[nH+]ncs1,O=[N+]([O-])[O-],1
415.0,Nc1[nH+]ncs1,O=P([O-])(O)O,1
385.0,Nc1[nH+]ncs1,O=S(=O)([O-])O,1
488.65,Clc1ccc(Cl)c(-[n+]2cc(-c3ccccc3)c(-c3ccccc3)s2)c1,[O-][Cl+3]([O-])([O-])[O-],1
410.0,Cn1ccc2ccc3cccc([NH+](C)C)c3c21,F[B-](F)(F)F,1
477.0,Cc1ccc(-c2c(C)c3ccc4cccc([NH+](C)C)c4c3n2C)cc1,F[B-](F)(F)F,1
489.5,Cc1c(-c2ccc([N+](=O)[O-])cc2)n(C)c2c1ccc1cccc([NH+](C)C)c12,F[B-](F)(F)F,1
404.5,C[NH+](C)c1cccc2cccc(-c3ccccc3)c12,F[B-](F)(F)F,1
380.5,C[NH+](C)c1cccc2c(-n3cccc3)cccc12,O=[N+]([O-])c1cc([N+](=O)[O-])c([O-])c([N+](=O)[O-])c1,1
495.0,COc1ccc([NH3+])cc1,O=C([O-])c1cccc(C(=O)O)n1,1
479.0,CN1C(C(=O)Nc2cccc[nH+]2)=C(O)c2sc(Cl)cc2S1(=O)=O,CS(=O)(=O)[O-],1
466.0,C1C[NH2+]CC[NH2+]1,CN1C(C(=O)Nc2ccccn2)=C([O-])c2sc(Cl)cc2S1(=O)=O,1
442.65,c1cnc2c(c1)ccc1ccc[nH+]c12,CS(=O)(=O)[N-]S(C)(=O)=O,1
471.15,CN(C)c1cccc2cccc([NH+](C)C)c12,CS(=O)(=O)[N-]S(C)(=O)=O,1
422.0,CC[NH+]1CCN(c2cc(-c3ccc(F)cc3)c3c(n2)CCCCCC3)CC1,O=C([O-])CCC(=O)O,1
409.0,CC[NH+]1CCN(c2cc(-c3ccc(F)cc3)c3c(n2)CCCCCC3)CC1,O=C([O-])c1cccnc1,1
483.0,CC[NH+]1CCN(c2cc(-c3ccc(F)cc3)c3c(n2)CCCCCC3)CC1,CS(=O)(=O)[O-],1
543.15,Nc1n[nH+]c(N)n1N,O=[N+]([O-])c1cc([N+](=O)[O-])c([O-])c([N+](=O)[O-])c1,1
353.15,C[NH+](C)C,O=S(=O)([N-]S(=O)(=O)C(F)(F)F)C(F)(F)F,1
386.15,CC1=[N+](C)CCC1,O=S(=O)([N-]S(=O)(=O)C(F)(F)F)C(F)(F)F,1
405.15,C[N+]1(C)CCCC1,O=S(=O)([N-]S(=O)(=O)C(F)(F)F)C(F)(F)F,1
378.15,CCC[N+](CCC)(CCC)CCC,O=S(=O)([N-]S(=O)(=O)C(F)(F)F)C(F)(F)F,1
485.0,C[NH2+]CC(=O)O,Cc1ccc(S(=O)(=O)[O-])cc1,1
454.15,CC[n+]1cc(-c2ccc(F)cc2)nc(C#N)c1C#N,F[B-](F)(F)F,1
533.15,[NH3+]Cc1ccccc1,O=C(O)c1cc(C(=O)[O-])[nH]n1,1
528.65,Cc1ccccc1C[NH3+],O=C(O)c1cc(C(=O)[O-])[nH]n1,1
513.65,COc1ccc(C[NH3+])cc1,O=C(O)c1cc(C(=O)[O-])[nH]n1,1
551.15,[NH3+]Cc1ccc(Cl)cc1,O=C(O)c1cc(C(=O)[O-])[nH]n1,1
522.15,[NH3+]c1ccccc1,O=C(O)c1cc(C(=O)[O-])[nH]n1,1
533.65,CC(C)[NH3+],O=C(O)c1cc(C(=O)[O-])[nH]n1,1
530.65,CC(C)C[NH3+],O=C(O)c1cc(C(=O)[O-])[nH]n1,1
522.15,CCCCCCCC[NH3+],O=C(O)c1cc(C(=O)[O-])[nH]n1,1
528.15,Nc1cccc([NH3+])c1,O=C(O)c1cc(C(=O)[O-])[nH]n1,1
505.65,c1ccc(C[NH2+]Cc2ccccc2)cc1,O=C([O-])c1cc(C(=O)O)[nH]n1,1
446.65,CCOC(=O)C1C[NH2+]CC1CC(C)C,O=C([O-])C(O)C(O)C(=O)O,1
367.0,OCC[NH+](CCO)CCO,O=[Se]([O-])O,1
417.5,Cc1cc(C)[n+](C(C)C)c(C)c1C,[O-][Cl+3]([O-])([O-])[O-],1
462.65,Cc1cc(C)c(C([NH3+])CCl)c(C)c1,O=[N+]([O-])c1cc([N+](=O)[O-])c([O-])c([N+](=O)[O-])c1,1
464.15,O=C(Nc1ccccc1)C1CCCC[NH2+]1,O=C([O-])C(F)(F)F,1
539.15,Cc1ccc(O)c(-c2ccc(NN)[nH+]n2)c1,[O-][Cl+3]([O-])([O-])[O-],1
394.15,CC1(C)Nc2cccc3ccc[n+]1c23,CS(=O)(=O)[N-]S(C)(=O)=O,1
449.15,c1c[nH+]c[nH]1,O=C(O)CP(=O)([O-])O,1
473.65,C[n+]1c(-c2ccccc2)cc2c(c1-c1ccccc1)CCC2,F[B-](F)(F)F,1
505.5,O=C(O)C1CC[NH2+]CC1,O=c1c([O-])c(O)c1=O,1
262.15,CC[NH2+]CCN(CC)CC,O=C(C=C([O-])C(F)(F)F)C(F)(F)F,1
677.15,Cc1ccc([NH3+])cc1,O=C([O-])C(Cl)Cl,1
688.15,Cc1ccc([NH3+])cc1C,O=C([O-])C(Cl)Cl,1
694.15,Cc1ccc([NH3+])cc1C,O=C([O-])C(Cl)(Cl)Cl,1
381.65,C[NH2+]CCCc1nnc(SC)s1,[O-][Cl+3]([O-])([O-])[O-],1
392.15,CC(C)[Si](Cc1cccc[n+]1C)(C(C)C)C(C)C,O=S(=O)([O-])C(F)(F)F,1
426.5,CC[NH+](CC)CC,Cc1cc(C(C#N)=C(N)[C-](C#N)C#N)nc(Cl)c1C#N,1
371.15,Cn1c[n+](C)c(N=[N+]=[N-])n1,O=[N+]([O-])[O-],1
420.15,[N-]=[N+]=Nc1n[nH]c[nH+]1,O=[N+]([O-])[O-],1
359.15,Cn1c[n+](N)cn1,[O-][Cl+3]([O-])([O-])[O-],1
454.65,CCC1COCCOc2ccccc2OCCOCC[NH+]1Cc1ccccc1,[O-][Cl+3]([O-])([O-])[O-],1
442.15,CC1CCCC(C)[NH2+]1,O=C([O-])c1ccccc1O,1
375.4,CC1CCCC(C)[NH2+]1,[O-]C(=S)c1ccccc1O,1
351.15,CC[N+](CC)(CC)CC,[O-]C(=S)c1ccccc1O,1
352.15,CC[N+](CC)(CC)CC,Oc1ccccc1C(=S)[S-],1
451.0,Cc1cccc[nH+]1,Cn1c([O-])c(-c2ccc([N+](=O)[O-])cc2[N+](=O)[O-])c(=O)n(C)c1=O,1
480.15,COc1ccc2c[nH]nc(SC)[n+]1-2,[O-][Cl+3]([O-])([O-])[O-],1
440.15,C1CCC([NH2+]C2CCCCC2)CC1,CCC1(CC)C(=O)NC1OC(C)C(=O)[O-],1
395.65,CC([NH3+])c1ccccc1,O=C(O)CC(Cc1ccccc1)C(=O)[O-],1
398.15,C1CCC2(CCN3CCC4(CCCCO4)[NH+]=C3N2)OC1,F[B-](F)(F)F,1
504.15,C1C[NH2+]C1,[O-][Cl+3]([O-])([O-])[O-],1
452.15,c1ccc(C(c2ccccc2)(c2ccccc2)[NH+]2CCC2)cc1,[O-][Cl+3]([O-])([O-])[O-],1
451.65,C[NH2+]C(C)C(O)c1ccccc1,CC1=C(C(=O)[O-])C2c3ccccc3C1c1ccccc12,1
370.15,C[NH3+],COc1ccc(C(C[N+](=O)[O-])S(=O)(=O)[O-])cc1,1
392.65,C[NH2+]C,CCOC(=O)C(C#N)C(c1ccccc1)S(=O)(=O)[O-],1
455.65,C[NH2+]C,O=C(c1ccccc1)C1CCCCC1S(=O)(=O)[O-],1
526.5,C[n+]1ccccc1C=Cc1ccc(O)cc1,Cc1ccc(S(=O)(=O)[O-])cc1,1
598.15,C1=[NH+]c2ccccc2C2=NN3C=[NH+]c4ccccc4C3=NN12,O=S(=O)([O-])O,1
395.15,Nc1cccc[nH+]1,CC#CC(=O)[O-],1
416.15,CC(C)NC(NC(C)C)=[NH+]C(C)C,O=C([O-])C(=O)O,1
457.15,CC(C)NC(NC(C)C)=[NH+]C(C)C,O=C([O-])CCC(=O)O,1
430.15,CC(C)NC(NC(C)C)=[NH+]C(C)C,O=C([O-])C=CC(=O)O,1
513.15,C1C[NH2+]CC[NH2+]1,O=C([O-])c1cccc(C(=O)[O-])n1,1
481.65,COc1ccc(-c2cc(-c3ccccc3)[n+](C)c(-c3ccccc3)c2)cc1,[O-][Cl+3]([O-])([O-])[O-],1
466.15,CC(C)(C)C(C)(C)N[P+](N1CCCC1)(N1CCCC1)N1CCCC1,F[B-](F)(F)F,1
342.15,C[N+](C)(C)CC(=O)O,O=S(=O)([N-]S(=O)(=O)C(F)(F)F)C(F)(F)F,1
385.65,Cc1ccc(O)c[nH+]1,O=C(O)CC(O)C(=O)[O-],1
382.65,c1ccc2[nH+]c[nH]c2c1,O=C(O)CC(O)C(=O)[O-],1
360.65,Oc1ccc[nH+]c1,O=C(O)CC(O)C(=O)[O-],1
434.65,[NH3+]Cc1ccccc1Cl,O=C(O)CC(O)C(=O)[O-],1
413.65,Nc1cccc2cccc([NH3+])c12,O=C([O-])C=CC(=O)O,1
439.15,COC(=O)C(c1ccccc1Cl)[NH+]1CCc2sccc2C1,CC(C)OS(=O)(=O)[O-],1
470.5,COc1ccc(C=Cc2cccc[n+]2C)cc1,O=S(=O)([O-])c1ccc(Cl)cc1,1
496.0,NC(N)=[NH2+],O=C([O-])C=CC(=O)O,1
459.15,[NH3+]CC(C(=O)O)c1ccccc1,CC1(C)C2CCC1(CS(=O)(=O)[O-])C(=O)C2,1
418.9,COc1ccc2c(c1)C1(C)CC[NH+](C)C1S2,O=C([O-])C(O)C(O)C(=O)O,1
453.0,CCC[P+](CCC)(CCC)CC12CCC(CC1NC(C)=O)C2(C)C,[O-][Cl+3]([O-])([O-])[O-],1
349.65,C[P+]1(c2ccccc2)CC1,O=S(=O)([O-])C(F)(F)F,1
365.65,C[NH+](C)Cc1ccccc1,O=[N+]([O-])c1cc([N+](=O)[O-])c([O-])c([N+](=O)[O-])c1,1
404.15,CC(C)c1cccc(C(C)C)c1[NH+]1CCCCC1,O=[N+]([O-])c1cc([N+](=O)[O-])c([O-])c([N+](=O)[O-])c1,1
458.15,c1cc2c3ccc(c2cc[cH+]1)CCc1ccc(cc1)CC3,[O-][Cl+3]([O-])([O-])[O-],1
582.15,c1c[nH+]c[nH]1,O=C([O-])c1cccc2cccc(-c3cccc4cccc(C(=O)O)c34)c12,1
397.65,[NH3+]CC1CCC=CO1,O=C([O-])C(O)c1ccccc1,1
411.15,CN(C)[S+](N(C)C)N(C)C,c1cc[cH-]c1,1
435.15,Cc1ccc2c(c1)CCC(C)[NH2+]2,[O-][Cl+3]([O-])([O-])[O-],1
389.15,C[N+](C)(C)c1ccccc1,C[b-]1ccccc1,1
455.1499999999999,COc1cc(Cl)ccc1OC(c1ccccc1)C1C[NH2+]CCO1,O=S(=O)([O-])c1ccccc1,1
353.0,CC[NH+](CC)CC,CCS(=O)(=O)N=S(C(C(C)=O)=C(C)[O-])c1ccccc1,1
476.65,CC1CSc2n(-c3ccccc3)nn[n+]2C1(C)C,[O-][Cl+3]([O-])([O-])[O-],1
381.65,CCCC[N+](CCCC)(CCCC)CCCC,c1cc[cH-]c1,1
479.65,COc1cc2c(cc1OC)C13C=CCC1CCC1=[N+]3C(CO1)C2,F[B-](F)(F)F,1
469.65,CN(C)C=CC=CC=CC=[N+](C)C,c1ccc([B-](c2ccccc2)(c2ccccc2)c2ccccc2)cc1,1
348.15,Nc1[nH+]nnn1N,O=[N+]([O-])[N-][N+](=O)[O-],1
393.0,CC(C)[NH2+]C(C)C,CN(C)C(=S)[B-](F)(F)F,1
494.15,CC(C)(C)Cn1c[n+](CC(C)(C)C)c2ccccc21,F[P-](F)(F)(F)(F)F,1
491.15,CC(C)c1cccc(C(C)C)c1N1C=C2C=CC=CN2[P+]1,O=S(=O)([O-])C(F)(F)F,1
405.15,CC(C)(C)N1C=C2C=CC=CN2[P+]1,O=S(=O)([O-])C(F)(F)F,1
431.65,CC(=O)NC1(c2ccccc2)CC(C)[NH+](CCc2ccccc2)CC1C,O=S(=O)([O-])O,1
469.65,CC1([NH2+]O)CCCCC1[NH2+]O,O=S(=O)([O-])[O-],1
442.65,[NH3+]C(CSc1cccc2ccccc12)c1ccccc1,Cc1ccc(S(=O)(=O)[O-])cc1,1
439.65,C[NH+](C)N=C1[N-]C(NC(C)(C)C)=N[N+]1(C)C,O=[N+]([O-])c1cc([N+](=O)[O-])c([O-])c([N+](=O)[O-])c1,1
470.15,Nc1nc(N)n([C+](N)N)n1,O=[N+]([O-])[N-][N+](=O)[O-],1
448.15,NC(=N[C+](N)N)n1ncnc1N,O=[N+]([O-])[N-][N+](=O)[O-],1
456.15,NC(=N[C+](N)N)n1nc(N)nc1N,O=[N+]([O-])[N-][N+](=O)[O-],1
505.0,C[n+]1ccccc1NC1CCCCC1Nc1cccc[n+]1C,O=S(=O)([O-])C(F)(F)F,1
434.0,C[n+]1ccccc1Cl,O=S(=O)([O-])C(F)(F)F,1
505.0,C[n+]1ccccc1NCCNc1cccc[n+]1C,O=S(=O)([O-])C(F)(F)F,1
398.15,Cn1n[nH+]c(N)n1,[O-][Cl+3]([O-])([O-])[O-],1
396.15,Cn1n[nH+]c(N)n1,O=[N+]([O-])[O-],1
405.15,Cn1n[n+](C)nc1N,[O-][Cl+3]([O-])([O-])[O-],1
423.15,Cn1n[n+](C)nc1N,O=[N+]([O-])[O-],1
444.15,Cn1n[n+](C)nc1N,[N-]=[N+]=[N-],1
331.15,Cn1n[n+](C)nc1N,O=[N+]([O-])[N-][N+](=O)[O-],1
412.0,CC([NH3+])c1ccccc1,O=C([O-])C(O)c1ccccc1,1
422.15,C[P+](c1ccccc1)(c1ccccc1)c1ccccc1,Cc1cc(C)c([O-])c(C)c1,1
378.15,CN(C)C=[N+](C)C,CCOC(=S)[CH-]C(=S)OCC,1
485.05,Nc1cc(N)[nH+]c(N)n1,O=C([O-])Cc1cccc2ccccc12,1
454.15,C[N+](C)=CC1=C2OC3(CCCCC3)NC(Cl)=C2CCC1,[O-][Cl+3]([O-])([O-])[O-],1
341.65,[NH3+]c1ccccc1,O=S(=O)([N-]S(=O)(=O)C(F)(F)F)C(F)(F)F,1
400.4,[NH3+]c1c(Cl)cccc1Cl,O=S(=O)([N-]S(=O)(=O)C(F)(F)F)C(F)(F)F,1
403.75,Cc1ccc([NH3+])cc1,O=S(=O)([N-]S(=O)(=O)C(F)(F)F)C(F)(F)F,1
445.5,Cc1cc(-c2ccccc2)c([NH+](C)C)c(-c2ccccc2)c1,F[B-](F)(F)F,1
562.0,CN(C)c1c(-c2ccccc2)ccc2ccc(-c3ccccc3)c([NH+](C)C)c12,F[B-](F)(F)F,1
542.0,CN(C)c1c(-c2ccccc2)ccc2cccc([NH+](C)C)c12,F[B-](F)(F)F,1
417.15,CCOc1n2ccccc2c2cccc[n+]12,F[B-](F)(F)F,1
409.15,COc1n2ccccc2c2cccc[n+]12,F[B-](F)(F)F,1
473.15,CC(C)(C)c1ccn2c[n+]3ccc(C(C)(C)C)cc3c2c1,F[B-](F)(F)F,1
438.15,N[P+](c1ccccc1)(c1ccccc1)c1ccccc1,N#C[C-](C#N)c1ccccc1,1
436.15,CC[NH2+]CC,S=P([S-])(Sc1ccccc1)Sc1ccccc1,1
475.5,C[P+](Cl)(Cl)Cl,O=S(=O)([O-])C(F)(F)F,1
389.5,C[P+](Br)(Br)Br,O=S(=O)([O-])C(F)(F)F,1
442.15,[NH3+]c1ccccc1C(=O)O,O=C([O-])c1cc([N+](=O)[O-])cc([N+](=O)[O-])c1O,1
481.15,[NH3+]c1cccc(C(=O)O)c1,O=C(O)c1cc([N+](=O)[O-])cc([N+](=O)[O-])c1[O-],1
363.0,Cn1cc[nH+]c1,O=C([O-])c1ccccc1C(=O)O,1
372.575,Cn1cc[nH+]c1,O=C([O-])C(O)C(O)C(=O)O,1
498.0,Nc1ccc[nH+]c1,O=C([O-])c1cccc(C(=O)O)c1,1
526.65,[NH3+]C1CCCCC1[NH3+],O=C([O-])C(O)C(O)C(=O)[O-],1
526.15,C[NH+]1CC2C(C1)C2N1CCN(C2C3C[NH+](C)CC32)CC1,O=S(=O)([O-])C(F)(F)F,1
457.15,[NH3+]CCCCCC[NH3+],O=C([O-])C=Cc1ccccc1,1
432.65,[NH3+]CCCCC[NH3+],O=C([O-])C=Cc1ccccc1,1
424.15,[NH3+]CC[NH3+],O=C([O-])C=Cc1ccccc1Cl,1
442.65,[NH3+]CC[NH3+],O=C([O-])C=Cc1cccc([N+](=O)[O-])c1,1
370.65,CC[N+](CC)(CC)C(C)C(=O)Nc1cccc(Br)c1,O=S(=O)([O-])C(F)(F)F,1
394.15,C=Cn1cc[nH+]c1,O=C([O-])C(O)C(O)C(=O)O,1
424.65,CC(=O)c1ccc(-n2cc[nH+]c2)cc1,O=C([O-])C(O)C(O)C(=O)O,1
315.15,CCc1[nH]cc[nH+]1,O=C([O-])C(O)C(O)C(=O)O,1
357.95,C1C[NH2+]CC[NH2+]1,CCCCCCCCC=CCCCCCCCC(=O)[O-],1
397.0,CC1C(c2ccccc2)c2ccccc2C2O[N+]21C,F[B-](F)(F)F,1
413.15,CC(C)[NH+]=C1CCC(CSc2ccc([N+](=O)[O-])cc2)O1,[O-][Cl+3]([O-])([O-])[O-],1
394.65,C[PH+](=O)(O)CC(O)CN,CS(=O)(=O)[O-],1
447.65,C[Se+]1c2ccccc2COCc2ccccc21,O=S(=O)([O-])C(F)(F)F,1
430.0,C[N+]1(C)CC2C=CC21,c1ccc([B-](c2ccccc2)(c2ccccc2)c2ccccc2)cc1,1
464.15,C1CCC([NH2+]C2CCCCC2)CC1,O=P1([S-])OCCS1,1
598.15,CC(C)(C)c1cc[n+](-[n+]2ccc(C(C)(C)C)cc2)cc1,[O-][Cl+3]([O-])([O-])[O-],1
553.65,Cc1ccc(-[n+]2c(C)cc(-c3ccccc3)nc2-c2ccccc2)cc1,[O-][Cl+3]([O-])([O-])[O-],1
543.65,Cc1ccc2c(c1)c1ccccc1c1nc(-c3ccccc3)cc(C)[n+]21,[O-][Cl+3]([O-])([O-])[O-],1
399.0,OCC[NH2+]CCO,O=C([O-])Cc1ccccc1Nc1c(Cl)cccc1Cl,1
442.0,[NH3+]c1ccccc1C(=O)O,O=C([O-])c1nccnc1C(=O)[O-],1
505.0,Cc1[nH+]cc(CO)c(C=NNC(N)=O)c1O,O=[N+]([O-])[O-],1
480.0,Nc1[nH]nc[nH+]1,O=C([O-])c1cc([N+](=O)[O-])ccc1O,1
502.0,Nc1[nH]nc[nH+]1,O=C(O)c1cc([N+](=O)[O-])cc([N+](=O)[O-])c1[O-],1
409.65,C[Si](C)(C)C[S+]1CCc2ccccc2C1c1ccccc1,O=S(=O)([O-])C(F)(F)F,1
329.0,C[NH+](CC(C)(C)O)C(C)(C)CO,O=C[O-],1
476.0,CC12C[NH2+]CCN1C(c1ccccc1)=NO2,CC1(C)C2CCC1(CS(=O)(=O)[O-])C(=O)C2,1
347.15,COC1OC(C[n+]2ccccc2)C(OC(C)=O)C(OC(C)=O)C1OC(C)=O,O=[N+]([O-])[O-],1
447.65,c1ccc(S[P+](c2ccccc2)(c2ccccc2)c2ccccc2)cc1,[O-][Cl+3]([O-])([O-])[O-],1
414.65,c1ccc(CS[P+](c2ccccc2)(c2ccccc2)c2ccccc2)cc1,[O-][Cl+3]([O-])([O-])[O-],1
382.15,c1ccc(C[n+]2cc[nH]c2)cc1,O=P([O-])(O)c1ccccc1,1
427.15,CCc1[nH]cc[nH+]1,O=P([O-])(O)c1ccccc1,1
443.65,Cc1[nH]cc[nH+]1,O=P([O-])(O)c1ccccc1,1
469.15,CN(C)c1ccc([N+](=O)[O-])c2cccc([NH+](C)C)c12,[O-][Cl+3]([O-])([O-])[O-],1
495.65,C[n+]1c(-c2ccccc2)cc(-c2ccccc2)cc1-c1ccccc1,F[B-](F)(F)F,1
421.0,c1ccc(-c2ccc[cH+]cc2)cc1,F[B-](F)(F)F,1
484.15,C[N+](C)(C)C,COC(=O)CCC(=O)[O-],1
355.9,CCCC(F)=C(CCC)[Se+](C)C,O=[N+]([O-])c1cc([N+](=O)[O-])c([O-])c([N+](=O)[O-])c1,1
428.65,C[N+](C)=P(c1ccccc1)(c1ccccc1)c1ccccc1,F[B-](F)(F)F,1
384.0,C1C[NH2+]CC[NH2+]1,[2H]C([2H])([2H])C([2H])([2H])C([2H])([2H])C([2H])([2H])C([2H])([2H])C(=O)[O-],1
384.65,C1C[NH2+]CC[NH2+]1,CCCCCC(=O)[O-],1
497.65,CC1CCc2c(ccc(F)c2Br)[NH2+]1,CC1(C)C2CCC1(CS(=O)(=O)[O-])C(=O)C2,1
368.65,CC([NH3+])c1ccccc1,CC(CSc1ccccc1)C(C)OC(=O)c1ccccc1C(=O)[O-],1
421.15,C[NH2+]C(C(=O)N(C)C)C(C)(C)C,O=S(=O)([O-])C(F)(F)F,1
343.15,c1ccc([PH+](c2ccccc2)c2ccccc2)cc1,O=S(=O)(F)[N-]S(=O)(=O)F,1
438.15,c1ccc([Te+](c2ccccc2)c2ccccc2)cc1,N#C[Se-],1
378.15,[NH3+]O,O=S(=O)([O-])C(F)(F)F,1
396.65,C1CC[NH2+]C1,O=C([O-])c1ccc(Br)cc1,1
455.725,[NH3+]c1ccccc1,O=[N+]([O-])c1cc([N+](=O)[O-])c([O-])c([N+](=O)[O-])c1,1
542.5,COc1cc(CC[NH3+])c(-c2n[nH]c3ncccc23)cc1OC,[O-][Cl+3]([O-])([O-])[O-],1
401.0,Cn1c[nH+]nc1Cl,[O-][Cl+3]([O-])([O-])[O-],1
467.0,CC[n+]1cn(C(C)(C)C)nc1Cl,[O-][Cl+3]([O-])([O-])[O-],1
517.15,Nc1n[n+](-c2nn[nH]n2)c(N)n1N,[O-][Cl+3]([O-])([O-])[O-],1
412.0,COC(=O)c1cnoc1C1CCCC[NH2+]1,O=C([O-])C(F)(F)F,1
506.35,Clc1ccc(COC(Cn2cc[nH+]c2)c2ccc(Cl)cc2Cl)cc1,O=C([O-])C=CC(=O)O,1
560.0,[NH3+]C(Cc1c[nH+]c[nH]1)C(=O)[O-],O=c1c([O-])c(O)c1=O,1
433.0,C[N+](C)(Cc1ccccc1)Cc1ccc(Br)cc1,F[B-](F)(F)F,1
513.0,NC1=N[N+]2(CCOCC2)CC1,O=C([O-])c1ccc(Br)cc1,1
456.15,Cn1c(=O)c2c([nH+]cn2C)n(C)c1=O,O=C([O-])c1c(O)cccc1O,1
475.15,Cn1c(=O)[nH]c(=O)c2c1[nH]c[n+]2C,O=C([O-])c1c(O)cccc1O,1
422.4,CC([NH2+]Cc1ccccc1)c1ccccc1,O=C([O-])C(O)c1cccc(Cl)c1,1
528.0,CC(N)=[NH2+],O=[N+]([O-])c1cc([N+](=O)[O-])c([O-])c([N+](=O)[O-])c1,1
295.0,CNC(O)=[NH+]C,O=[N+]([O-])[O-],1
300.0,C[NH+]=C(N)O,O=[N+]([O-])[O-],1
391.175,CCCC[N+](CCCC)(CCCC)CCCC,O=[N+]([O-])[O-],1
453.15,C[NH+]1Cc2c(N)cccc2C(c2ccccc2)C1,O=C([O-])/C=C\C(=O)O,1
481.15,CC(CN1c2ccccc2Sc2ccccc21)[N+](C)(C)C,COS(=O)(=O)[O-],1
568.15,O=C1CC2OCC=C3C[NH+]4CC[C@]56c7ccccc7N1C5[C@H]2[C@H]3C[C@H]46,O=[N+]([O-])[O-],1
405.65,C[NH+](C)CCC(c1ccc(Cl)cc1)c1ccccn1,O=C([O-])/C=C\C(=O)O,1
478.15,C[N+]1(C)CCN(CC(O)(c2ccccc2)C2CCCCC2)CC1,COS(=O)(=O)[O-],1
450.65,Oc1cccc2ccc[nH+]c12,O=S(=O)([O-])[O-],1
539.15,C[n+]1cc2c3c(ccc2c2ccc4cc5c(cc4c21)OCO5)OCO3,O=[N+]([O-])[O-],1
416.65,CN(C)C(=O)Oc1cccc([N+](C)(C)C)c1,COS(=O)(=O)[O-],1
476.15,C[N+]1(CCCCC[N+]2(C)CCCC2)CCCC1,O=C([O-])[C@H](O)[C@@H](O)C(=O)O,1
436.15,C[N+]1(C)C2CCC1CC(OC(=O)C(CO)c1ccccc1)C2,O=[N+]([O-])[O-],1
423.25,CNC(=O)Oc1ccc2c(c1)[C@]1(C)CC[NH+](C)[C@@H]1[NH+]2C,O=C([O-])c1ccccc1[O-],1
371.15,CC[N+](C)(C)Cc1ccccc1Br,Cc1ccc(S(=O)(=O)[O-])cc1,1
467.65,C[N+]1(C)CCC(=C(c2ccccc2)c2ccccc2)CC1,COS(=O)(=O)[O-],1
523.15,C[NH+]1CC[C@@]23c4c5ccc(O)c4OC2[C@H](O)C=C[C@@H]3[C@@H]1C5,O=S(=O)([O-])[O-],1
379.15,C[N+](C)(C)CCO,O=C(O)CC(O)(CC(=O)O)C(=O)[O-],1
421.65,C[N+](C)(C)CCO,O=C([O-])[C@H](O)[C@@H](O)C(=O)O,1
385.65,[Hg+]c1ccccc1,[O-]B(O)O,1
327.15,CC[Hg+],CC(=O)[O-],1
443.65,CCCCCCCCCCCC[n+]1c(C)cc(N)c2ccccc21,CC(=O)[O-],1
509.65,CN1C=CC=C/C1=C\[NH+]=O,CS(=O)(=O)[O-],1
430.15,C[n+]1c2ccccc2nc2ccccc21,COS(=O)(=O)[O-],1
413.65,CN[NH3+],O=S(=O)([O-])O,1
522.15,CCC[N+](CCC)(CCC)CCC,F[B-](F)(F)F,1
365.15,CC[O+](CC)CC,F[B-](F)(F)F,1
378.65,CC[S+](CC)CC,F[B-](F)(F)F,1
394.65,N#[N+]c1ccccc1,F[B-](F)(F)F,1
435.425,CCCC[N+](CCCC)(CCCC)CCCC,F[B-](F)(F)F,1
429.15,N#[N+]c1ccc([N+](=O)[O-])cc1,F[B-](F)(F)F,1
440.15,N#[N+]c1cccc(Cl)c1,F[B-](F)(F)F,1
383.15,Cc1ccc([N+]#N)cc1,F[B-](F)(F)F,1
471.15,Cc1ncc(Cn2c[s+]c(CCO)c2C)c(N)n1,O=[N+]([O-])[O-],1
439.15,CCCCN(CCCC)C(=O)OCC[N+](C)(C)CC,O=S(=O)([O-])[O-],1
463.15,NC([NH3+])=NCCCCN=C(N)[NH3+],O=S(=O)([O-])[O-],1
427.65,C[N+]1(C)CCCC1COC(=O)C(O)(c1ccccc1)c1ccccc1,COS(=O)(=O)[O-],1
483.15,CCN(CC)c1ccc([C+](c2ccccc2)c2ccc(N(CC)CC)cc2)cc1,O=S(=O)([O-])O,1
547.65,COc1ccc2cc3[n+](cc2c1OC)CCc1cc2c(cc1-3)OCO2,O=S(=O)([O-])O,1
583.15,C[N+](C)(C)C,F[B-](F)(F)F,1
580.65,C[S+](C)C,F[B-](F)(F)F,1
376.65,CC[N+](CC)(CC)CC,Cc1ccc(S(=O)(=O)[O-])cc1,1
496.15,Cc1cc(C)[o+]c(C)c1,F[B-](F)(F)F,1
495.15,C[N+](C)(C)C,COS(=O)(=O)[O-],1
376.15,CC[n+]1ccccc1Br,F[B-](F)(F)F,1
363.45,CCCC[N+](CCCC)(CCCC)CCCC,O=[N+]([O-])c1cc([N+](=O)[O-])c([O-])c([N+](=O)[O-])c1,1
353.15,CCCC[N+](CCCC)(CCCC)CCCC,[N-]=[N+]=[N-],1
412.15,C[NH+](C)CCOc1ccccc1Cc1ccccc1,O=C([O-])CC(O)(CC(=O)O)C(=O)O,1
384.9,CN1C=CC=C/C1=C\[NH+]=O,COS(=O)(=O)[O-],1
373.65,C[NH+](C)CC/C=C1/c2ccccc2CS(=O)c2ccccc21,O=C([O-])CCC(=O)O,1
562.15,c1ccc(-c2cc(-c3ccccc3)[o+]c(-c3ccccc3)c2)cc1,[O-][Cl+3]([O-])([O-])[O-],1
424.65,Cc1ccc2ccccc2[n+]1C,COS(=O)(=O)[O-],1
478.65,CCCC[N+](CCCC)(CCCC)CCCC,[O-][Cl+3]([O-])([O-])[O-],1
683.15,C[N+](C)(C)C,O=[N+]([O-])[O-],1
553.15,CC[N+](CC)(CC)CC,O=[N+]([O-])[O-],1
408.15,N#[N+]c1ccc([N+](=O)[O-])cc1,Cc1ccc(S(=O)(=O)[O-])cc1,1
414.65,CC[NH+](CC)CCc1nc(-c2ccccc2)no1,O=C([O-])CC(O)(CC(=O)O)C(=O)O,1
322.65,C[N+](C)(C)CCO,O=C([O-])c1ccccc1O,1
544.15,Oc1cc2c3c(c1)c1cc4c(cc1c[n+]3CC2)OCO4,CC(=O)[O-],1
369.9,[NH3+]Cc1ccccc1,CC(=O)[O-],1
457.65,NC([NH3+])=NCc1ccccc1,O=S(=O)([O-])O,1
452.65,CC[Hg+],O=P([O-])(O)O,1
510.15,CSc1sc2cc([N+](=O)[O-])ccc2[n+]1C,COS(=O)(=O)[O-],1
387.15,C[N+]1(CCN=C=NC2CCCCC2)CCOCC1,Cc1ccc(S(=O)(=O)[O-])cc1,1
438.15,CN(C)/C=C/C=CC=[N+](C)C,[O-][Cl+3]([O-])([O-])[O-],1
573.15,C[N+](C)(C)C,[O-][Cl+3]([O-])([O-])[O-],1
369.15,CC(O)[NH+](C(C)O)C(C)O,O=C(C[O-])Oc1ccc(Cl)cc1Cl,1
459.15,Cc1sc2ccccc2[n+]1C,Cc1ccc(S(=O)(=O)[O-])cc1,1
469.15,[NH3+]CCC1=C[NH2+]c2ccc(O)cc21,O=C([O-])C(=O)[O-],1
442.15,CCCOC(=O)c1cc(C)c(NC(=O)C(C)[NH+]2CCCCC2)c(C)c1,[O-][Cl+3]([O-])([O-])[O-],1
517.425,CCCC[N+](CCCC)(CCCC)CCCC,F[P-](F)(F)(F)(F)F,1
488.15,N[C@@H](CCC[NH3+])C(=O)O,N[C@@H](CC(=O)O)C(=O)[O-],1
472.15,Oc1cc[nH+]cc1,O=[N+]([O-])[O-],1
320.825,CCCCC[N+](CCCCC)(CCCCC)CCCCC,N#C[S-],1
380.15,CCCCCCCCCCSCC(O)C[N+](C)(C)C,Cc1ccc(S(=O)(=O)[O-])cc1,1
392.65,CCCC[N+](CCCC)(CCCC)CCCC,N#C[S-],1
441.15,CC[N+](CC)(CC(=O)Nc1c(C)cccc1C)Cc1ccccc1,O=C([O-])c1ccccc1,1
443.65,C[N+](C)(CCOc1ccccc1)Cc1ccccc1,O=C([O-])c1cc2ccccc2cc1O,1
362.15,CCCCCCCCSCC(O)C[N+](C)(C)C,Cc1ccc(S(=O)(=O)[O-])cc1,1
480.15,Cn1cc([O+])c2cc(NN=C(N)N)c(O)cc21,CS(=O)(=O)[O-],1
586.15,Cn1c2ccccc2c2c[s+]c3ccccc3c21,[O-][Cl+3]([O-])([O-])[O-],1
416.15,[NH3+]CCO,O=C([O-])c1ccccc1,1
456.15,[NH3+]c1ccc(-c2ccccc2)cc1O,O=S(=O)([O-])O,1
339.65,C[NH+](C)C(=O)Nc1ccccc1,O=C([O-])C(Cl)(Cl)Cl,1
515.15,CC[N+](CC)(CC)CC,N#C[S-],1
383.0,CCn1cc2ccccc2[o+]1,F[B-](F)(F)F,1
408.65,C[N+](C)(C)CCOC(c1ccccc1)c1ccccc1,COS(=O)(=O)[O-],1
447.65,CCN(CC)C(=O)c1ccc[n+](C)c1,CC12CCC(C(S(=O)(=O)[O-])C1=O)C2(C)C,1
440.65,c1ccc2c(CC3=NCC[NH2+]3)cccc2c1,O=[N+]([O-])[O-],1
407.65,C[N+]1(C)CCCCC1COC(=O)C(O)(c1ccccc1)c1ccccc1,COS(=O)(=O)[O-],1
377.65,C[n+]1csc2ccccc21,COS(=O)(=O)[O-],1
422.15,N#[N+]c1ccc([N+](=O)[O-])cc1Cl,O=S(=O)([O-])c1ccc2ccccc2c1,1
457.15,c1ccc(-c2ccc3ccccc3[o+]2)cc1,[O-][Cl+3]([O-])([O-])[O-],1
452.65,c1ccc([I+]c2ccccc2)cc1,Cc1ccc(S(=O)(=O)[O-])cc1,1
416.15,C=Cc1ccc(C)[n+](C)c1,COS(=O)(=O)[O-],1
364.15,OC[P+](CO)(CO)CO,CC(=O)[O-],1
547.15,Cc1cc(-c2ccccc2)cc(-c2ccccc2)[o+]1,[O-][Cl+3]([O-])([O-])[O-],1
384.15,CCC(C)C(C(=O)OC1CC[N+](C)(C)CC1)c1ccccc1,COS(=O)(=O)[O-],1
393.15,[NH3+]O,O=S(=O)([O-])[O-],1
461.15,CCCC[N+](CCCC)(CCCC)CCCC,[C-]#N,1
334.65,C[S+](c1ccccc1)c1ccccc1,F[B-](F)(F)F,1
463.15,CC[n+]1c2ccccc2nc2ccccc21,CCOS(=O)(=O)[O-],1
393.15,Cc1ccn(C(C)(C)C)[o+]1,[O-][Cl+3]([O-])([O-])[O-],1
387.65,CCCC[N+](CCCC)(CCCC)CCCC,CC(=O)[O-],1
378.65,CCCCCCCCCCCC(=O)NCCC[N+](C)(C)C,COS(=O)(=O)[O-],1
485.95,CCCC[NH2+]CCCC,F[B-](F)(F)F,1
513.15,CC[N+](CC)(CC)CC,[C-]#N,1
465.65,CC12CCC(C[N+](C)(CCC[N+](C)(C)C)C1)C2(C)C,COS(=O)(=O)[O-],1
466.15,Clc1ccc([I+]c2ccc(Cl)cc2)cc1,O=S(=O)([O-])O,1
456.65,[NH3+]CCCCCC[NH3+],O=C([O-])CCCCC(=O)[O-],1
581.65,C[N+](C)(C)C,N#C[S-],1
553.65,[NH3+]CC[NH3+],[O-][Cl+3]([O-])([O-])[O-],1
334.65,CCCCCCCCCCCCCCCCCC(=O)NCC[NH+](CC)CC,O=P([O-])(O)O,1
411.15,CCOc1ccc(Cc2[nH+]ccc3cc(OCC)c(OCC)cc23)cc1OCC,NS(=O)(=O)[O-],1
557.15,CC[N+](CC)(CC)CC,N#C[O-],1
478.75,c1ccc2c[n+]3ccccc3cc2c1,[O-][Cl+3]([O-])([O-])[O-],1
332.65,CCCCCCCCCCCCOCC(O)C[N+](C)(CCO)CCO,COS(=O)(=O)[O-],1
487.65,[NH3+]C1CCCCC1,S=C([S-])NC1CCCCC1,1
413.15,CC[n+]1c(C)sc2ccccc21,CCOS(=O)(=O)[O-],1
416.15,CC[NH+](CC)CCNc1ccc(CO)c2sc3ccccc3c(=O)c12,CS(=O)(=O)[O-],1
424.65,C[N+](C)(C)CCO,O=C([O-])c1cc(=O)[nH]c(=O)[nH]1,1
502.15,CCN(CC)c1ccc2nc3ccc(N(CC)CC)cc3[o+]c2c1,[O-][Cl+3]([O-])([O-])[O-],1
529.4,CCOc1ccc2c(ccc(C=Cc3cccc([N+](=O)[O-])c3)[n+]2C)c1,COS(=O)(=O)[O-],1
380.15,CCCC[N+](CCCC)(CCCC)CCCC,O=N[O-],1
498.65,N[C+](N)N,O=C([O-])c1ccccc1,1
515.15,c1ccc[cH+]cc1,F[B-](F)(F)F,1
378.15,CC[NH2+]CC,O=[N+]([O-])[O-],1
385.15,CC[NH+](CC)CC,O=[N+]([O-])[O-],1
438.65,CCOC(=O)c1c[n+](C)c2n(c1=O)C(C)CCC2,COS(=O)(=O)[O-],1
386.15,N#[N+]c1cccc2ccccc12,F[B-](F)(F)F,1
475.65,c1ccc[cH+]cc1,F[P-](F)(F)(F)(F)F,1
348.15,C[NH2+]C,O=[N+]([O-])[O-],1
443.65,CCCC[N+](CCCC)(CCCC)CCCC,O=S(=O)([O-])O,1
370.65,CCCCCC[N+](CCCCCC)(CCCCCC)CCCCCC,O=S(=O)([O-])[O-],1
412.15,c1ccc([S+](c2ccccc2)C2CC2)cc1,F[B-](F)(F)F,1
360.15,CCCC[N+](CCCC)(CCCC)CCCC,N#C[O-],1
454.15,CCOc1cc(-c2ccc(OC)cc2)[o+]c2ccccc12,[O-][Cl+3]([O-])([O-])[O-],1
401.65,C=C(C)C(=O)OCC[N+](C)(C)C,Cc1ccc(S(=O)(=O)[O-])cc1,1
425.65,CC[n+]1c(C)sc2ccc3ccccc3c21,Cc1ccc(S(=O)(=O)[O-])cc1,1
417.65,CCCC[N+](CCCC)(CCCC)CCCC,[BH3-]C#N,1
438.15,c1ccc([I+]c2ccccc2)cc1,O=S(=O)([O-])O,1
432.15,C[N+](C)(C)c1ccccc1,Cc1ccc(S(=O)(=O)[O-])cc1,1
543.15,c1ccc(-c2cc(-c3ccccc3)c3c([o+]2)-c2ccccc2CC3)cc1,F[B-](F)(F)F,1
587.65,C[N+](C)(C)C,N#CC(C#N)=C(C#N)[C-](C#N)C#N,1
387.15,C[NH2+]C,CC(Oc1cc(Cl)c(Cl)cc1Cl)C(=O)[O-],1
404.15,CCCC[N+](CCCC)(CCCC)CCCC,O=[Cr](=O)([O-])[O-],1
405.15,C[n+]1ccccc1F,Cc1ccc(S(=O)(=O)[O-])cc1,1
462.65,Cc1sc2ccc3ccccc3c2[n+]1C,Cc1ccc(S(=O)(=O)[O-])cc1,1
472.65,C[N+](C)(C)CC(=O)O,O=P([O-])(O)O,1
403.15,C[n+]1c(Cl)sc2ccccc21,O=S(=O)([O-])C(F)(F)F,1
428.15,NC(CCCC[NH3+])C(=O)O,CC(=O)Oc1ccccc1C(=O)[O-],1
430.15,O=C1c2ccccc2C(=O)c2c(NCC[NH2+]CCO)ccc(NCC[NH2+]CCO)c21,CC(=O)[O-],1
406.15,CN(C)c1ccc([N+]#N)cc1Cl,F[B-](F)(F)F,1
351.15,CCCC[N+](CCCC)(CCCC)CCCC,CS(=O)(=O)[O-],1
406.15,COc1ccc(CCC(C)[NH2+]CC(O)c2ccc(O)c(SC)c2)cc1,CC(=O)[O-],1
471.35,CCCC[NH3+],F[B-](F)(F)F,1
466.65,CCN(CC)c1ccc2nc3ccc(N(CC)CC)cc3[o+]c2c1,O=[N+]([O-])[O-],1
452.65,[NH3+]CCCCC([NH3+])C(=O)[O-],O=C([O-])COc1nn(Cc2ccccc2)c2ccccc12,1
491.65,N=C([NH3+])c1ccc2cc(OC(=O)c3ccc(N=C(N)[NH3+])cc3)ccc2c1,CS(=O)(=O)[O-],1
440.65,CN(C)c1ccc([N+]#N)cc1,O=C(O)c1cc(C(=O)O)cc(S(=O)(=O)[O-])c1,1
392.35,CC(C)[NH2+]CC(O)COc1cccc2ccccc12,CC(=O)[O-],1
344.65,CCOCC(O)COc1ccc(NC(=O)CC[S+](C)C)cc1,Cc1ccc(S(=O)(=O)[O-])cc1,1
327.95,CCCC[NH2+]CCCC,O=S(=O)([O-])O,1
460.65,OC1(c2ccc(Cl)cc2)N=CN[n+]2ccc3ccccc3c21,CCS(=O)(=O)[O-],1
396.65,N#[N+]c1ccc(Br)c2c1CCCC2,F[B-](F)(F)F,1
326.15,CCCCCCCCCCCCCC[P+](CCCC)(CCCC)CCCC,F[B-](F)(F)F,1
390.65,CCCCCCCCCCCCCCCCCC[n+]1c2n(c3ccccc31)CCC2,F[B-](F)(F)F,1
443.15,F[N+]12CC[N+](CCl)(CC1)CC2,F[B-](F)(F)F,1
383.0,CCCCCC[N+](CCCCCC)(CCCCCC)CCCCCC,[O-][Cl+3]([O-])([O-])[O-],1
314.15,Cn1cc[nH+]c1,[Br-],1
430.15,Cn1cc[nH+]c1,[O-][Cl+3]([O-])([O-])[O-],1
310.15,Cn1cc[nH+]c1,F[B-](F)(F)F,1
282.15,Cn1cc[nH+]c1,O=S(=O)([N-]S(=O)(=O)C(F)(F)F)C(F)(F)F,1
284.15,Cn1cc[nH+]c1,O=S(=O)([N-]S(=O)(=O)C(F)(F)C(F)(F)F)C(F)(F)C(F)(F)F,1
343.15,Cn1cc[nH+]c1,O=[N+]([O-])[O-],1
357.15,Cn1cc[nH+]c1,O=S(=O)([O-])C(F)(F)F,1
389.15,Cn1cc[nH+]c1,F[P-](F)(F)(F)(F)F,1
324.15,Cn1cc[nH+]c1,O=C([O-])C(F)(F)F,1
250.15,Cn1cc[nH+]c1,CC(=O)[O-],1
331.15,CCn1cc[nH+]c1,[Cl-],1
333.15,CCn1cc[nH+]c1,[Br-],1
294.15,CCn1cc[nH+]c1,[O-][Cl+3]([O-])([O-])[O-],1
304.15,CCn1cc[nH+]c1,O=[N+]([O-])[O-],1
281.15,CCn1cc[nH+]c1,O=S(=O)([O-])C(F)(F)F,1
398.15,Cn1cc[n+](C)c1,[Cl-],1
376.15,Cn1cc[n+](C)c1,F[B-](F)(F)F,1
295.15,Cn1cc[n+](C)c1,O=S(=O)([N-]S(=O)(=O)C(F)(F)F)C(F)(F)F,1
325.15,Cn1cc[n+](C)c1,O=C([O-])C(F)(F)F,1
288.15,Cn1cc[n+](C)c1,F[B-](F)(F)C(F)(F)F,1
300.15,Cn1cc[n+](C)c1,F[B-](F)(F)C(F)(F)C(F)(F)F,1
284.15,Cn1cc[n+](C)c1,F[B-](F)(F)C(F)(F)C(F)(F)C(F)(F)F,1
289.15,Cn1cc[n+](C)c1,F[B-](F)(F)C(F)(F)C(F)(F)C(F)(F)C(F)(F)F,1
454.15,Cc1[nH+]ccn1C,[Cl-],1
449.15,Cc1[nH+]ccn1C,[Br-],1
337.15,Cc1[nH+]ccn1C,[O-][Cl+3]([O-])([O-])[O-],1
295.15,Cc1[nH+]ccn1C,O=S(=O)([N-]S(=O)(=O)C(F)(F)F)C(F)(F)F,1
288.15,Cc1[nH+]ccn1C,O=S(=O)([N-]S(=O)(=O)C(F)(F)C(F)(F)F)C(F)(F)C(F)(F)F,1
357.15,Cc1[nH+]ccn1C,O=[N+]([O-])[O-],1
392.15,Cc1[nH+]ccn1C,O=S(=O)([O-])C(F)(F)F,1
388.15,Cc1[nH+]ccn1C,F[P-](F)(F)(F)(F)F,1
353.15,CC[n+]1ccn(C)c1,[Cl-],1
352.15,CC[n+]1ccn(C)c1,[I-],1
253.15,CC[n+]1ccn(C)c1,F[B-](F)(F)C(F)(F)F,1
274.15,CC[n+]1ccn(C)c1,F[B-](F)(F)C(F)(F)C(F)(F)F,1
281.15,CC[n+]1ccn(C)c1,F[B-](F)(F)C(F)(F)C(F)(F)C(F)(F)F,1
269.15,CC[n+]1ccn(C)c1,F[B-](F)(F)C(F)(F)C(F)(F)C(F)(F)C(F)(F)F,1
259.15,CC[n+]1ccn(C)c1,CCC[B-](F)(F)F,1
264.15,CC[n+]1ccn(C)c1,CCCC[B-](F)(F)F,1
289.15,CC[n+]1ccn(C)c1,CCCCC[B-](F)(F)F,1
272.15,CC[n+]1ccn(C)c1,O=S(=O)([N-]S(=O)(=O)C(F)(F)C(F)(F)F)C(F)(F)C(F)(F)F,1
252.15,CC[n+]1ccn(C)c1,N#C[N-]C#N,1
276.15,CC[n+]1ccn(C)c1,O=C([N-]S(=O)(=O)C(F)(F)F)C(F)(F)F,1
260.15,CC[n+]1ccn(C)c1,O=S(=O)(F)[N-]S(=O)(=O)F,1
301.15,CC[n+]1ccn(C)c1,O=S(=O)([O-])C(F)(F)C(F)(F)C(F)(F)C(F)(F)F,1
257.15,CC[n+]1ccn(C)c1,O=S(=O)([O-])OCC(F)(F)C(F)(F)C(F)(F)C(F)F,1
278.15,CC[n+]1ccn(C)c1,COS(=O)(=O)[O-],1
208.15,CC[n+]1ccn(C)c1,O=S(=O)([O-])OC(F)(F)C(F)(F)F,1
236.15,CC[n+]1ccn(C)c1,FC(F)(F)C(F)(F)[P-](F)(F)(F)(C(F)(F)C(F)(F)F)C(F)(F)C(F)(F)F,1
259.15,CC[n+]1ccn(C)c1,O=C([O-])C(F)(F)F,1
228.15,CC[n+]1ccn(C)c1,CC(=O)[O-],1
226.15,CC[n+]1ccn(C)c1,O=C([O-])c1ccccc1C(=O)O,1
312.15,CC[n+]1ccn(C)c1,O=S(=O)([C-](S(=O)(=O)C(F)(F)F)S(=O)(=O)C(F)(F)F)C(F)(F)F,1
263.15,CC[n+]1ccn(C)c1,N#C[C-](C#N)C#N,1
282.15,CC[n+]1ccn(C)c1,Cl[Al-](Cl)(Cl)Cl,1
267.15,CC[n+]1ccn(C)c1,N#C[S-],1
451.15,CCn1cc[nH+]c1C,[Cl-],1
417.15,CCn1cc[nH+]c1C,[Br-],1
280.15,CCn1cc[nH+]c1C,[O-][Cl+3]([O-])([O-])[O-],1
254.15,CCn1cc[nH+]c1C,O=S(=O)([N-]S(=O)(=O)C(F)(F)C(F)(F)F)C(F)(F)C(F)(F)F,1
348.15,CCn1cc[nH+]c1C,O=[N+]([O-])[O-],1
306.15,CCn1cc[nH+]c1C,O=S(=O)([O-])C(F)(F)F,1
233.15,Cn1cc[n+](CC(F)(F)F)c1,O=S(=O)([N-]S(=O)(=O)C(F)(F)F)C(F)(F)F,1
318.15,Cn1cc[n+](CC(F)(F)F)c1,O=S(=O)([O-])C(F)(F)F,1
296.15,CCn1cc[n+](CC)c1,O=S(=O)([O-])C(F)(F)F,1
333.15,CCC[n+]1ccn(C)c1,[Cl-],1
256.15,CCC[n+]1ccn(C)c1,F[B-](F)(F)F,1
252.15,CCC[n+]1ccn(C)c1,F[B-](F)(F)C(F)(F)F,1
231.15,CCC[n+]1ccn(C)c1,F[B-](F)(F)C(F)(F)C(F)(F)F,1
268.15,CCC[n+]1ccn(C)c1,F[B-](F)(F)C(F)(F)C(F)(F)C(F)(F)F,1
261.15,CCC[n+]1ccn(C)c1,F[B-](F)(F)C(F)(F)C(F)(F)C(F)(F)C(F)(F)F,1
186.15,CCC[n+]1ccn(C)c1,O=S(=O)([N-]S(=O)(=O)C(F)(F)F)C(F)(F)F,1
307.15,CCC[n+]1ccn(C)c1,O=S(=O)([O-])C(F)(F)C(F)(F)C(F)(F)C(F)(F)F,1
313.15,CCC[n+]1ccn(C)c1,F[P-](F)(F)(F)(F)F,1
387.15,CC(C)[n+]1ccn(C)c1,[I-],1
289.15,CC(C)[n+]1ccn(C)c1,O=S(=O)([N-]S(=O)(=O)C(F)(F)F)C(F)(F)F,1
302.15,CC(C)[n+]1ccn(C)c1,O=S(=O)([N-]S(=O)(=O)C(F)(F)C(F)(F)C(F)(F)C(F)(F)F)C(F)(F)C(F)(F)C(F)(F)C(F)(F)F,1
375.15,CC(C)[n+]1ccn(C)c1,F[P-](F)(F)(F)(F)F,1
340.15,COCC[n+]1ccn(C)c1,[Cl-],1
275.15,COCC[n+]1ccn(C)c1,F[B-](F)(F)C(F)(F)F,1
264.15,COCC[n+]1ccn(C)c1,F[B-](F)(F)C(F)(F)C(F)(F)F,1
300.15,COCC[n+]1ccn(C)c1,O=S(=O)([O-])C(F)(F)F,1
299.15,COCC[n+]1ccn(C)c1,F[P-](F)(F)(F)(F)F,1
201.15,CCCC[n+]1ccn(C)c1,[I-],1
377.15,CCCC[n+]1ccn(C)c1,FC(F)(F)c1cc([B-](c2cc(C(F)(F)F)cc(C(F)(F)F)c2)(c2cc(C(F)(F)F)cc(C(F)(F)F)c2)c2cc(C(F)(F)F)cc(C(F)(F)F)c2)cc(C(F)(F)F)c1,1
377.15,CCCC[n+]1ccn(C)c1,C[Si](C)(CCC(F)(F)F)c1ccc([B-](c2ccc([Si](C)(C)CCC(F)(F)F)cc2)(c2ccc([Si](C)(C)CCC(F)(F)F)cc2)c2ccc([Si](C)(C)CCC(F)(F)F)cc2)cc1,1
363.15,CCCC[n+]1ccn(C)c1,FC(F)(F)C(F)(F)C(F)(F)C(F)(F)C(F)(F)C(F)(F)c1ccc([B-](c2ccc(C(F)(F)C(F)(F)C(F)(F)C(F)(F)C(F)(F)C(F)(F)F)cc2)(c2ccc(C(F)(F)C(F)(F)C(F)(F)C(F)(F)C(F)(F)C(F)(F)F)cc2)c2ccc(C(F)(F)C(F)(F)C(F)(F)C(F)(F)C(F)(F)C(F)(F)F)cc2)cc1,1
231.15,CCCC[n+]1ccn(C)c1,F[B-](F)(F)C(F)(F)C(F)(F)F,1
188.15,CCCC[n+]1ccn(C)c1,CC(CC#N)[B-](F)(F)F,1
264.15,CCCC[n+]1ccn(C)c1,O=S(=O)([N-]S(=O)(=O)C(F)(F)F)C(F)(F)F,1
267.15,CCCC[n+]1ccn(C)c1,N#C[N-]C#N,1
293.15,CCCC[n+]1ccn(C)c1,O=S(=O)([O-])C(F)(F)C(F)(F)C(F)(F)C(F)(F)F,1
256.15,CCCC[n+]1ccn(C)c1,CCCCCOS(=O)(=O)[O-],1
258.15,CCCC[n+]1ccn(C)c1,O=S(=O)([O-])OCCCC(F)(F)C(F)(F)F,1
212.15,CCCC[n+]1ccn(C)c1,O=S(=O)([O-])OCC(F)(F)C(F)(F)C(F)(F)C(F)F,1
233.15,CCCC[n+]1ccn(C)c1,O=C([O-])C(F)(F)F,1
253.15,CCCC[n+]1ccn(C)c1,CC(=O)[O-],1
263.15,CCCC[n+]1ccn(C)c1,Cl[Al-](Cl)(Cl)Cl,1
355.15,CCCCC[n+]1ccn(C)c1,FC(F)(F)c1cc([B-](c2cc(C(F)(F)F)cc(C(F)(F)F)c2)(c2cc(C(F)(F)F)cc(C(F)(F)F)c2)c2cc(C(F)(F)F)cc(C(F)(F)F)c2)cc(C(F)(F)F)c1,1
264.15,CCCCC[n+]1ccn(C)c1,O=S(=O)([N-]S(=O)(=O)C(F)(F)F)C(F)(F)F,1
337.15,CCCCC[n+]1ccn(C)c1,O=C1[N-]S(=O)(=O)c2ccccc21,1
265.15,CCCC[n+]1ccn(CC)c1,O=S(=O)([N-]S(=O)(=O)C(F)(F)F)C(F)(F)F,1
275.15,CCCC[n+]1ccn(CC)c1,O=S(=O)([O-])C(F)(F)F,1
294.15,CCCC[n+]1ccn(CC)c1,O=S(=O)([O-])C(F)(F)C(F)(F)C(F)(F)C(F)(F)F,1
233.15,CCCC[n+]1ccn(CC)c1,O=C([O-])C(F)(F)F,1
198.15,CCCCCC[n+]1ccn(C)c1,[Cl-],1
355.15,CCCCCC[n+]1ccn(C)c1,FC(F)(F)c1cc([B-](c2cc(C(F)(F)F)cc(C(F)(F)F)c2)(c2cc(C(F)(F)F)cc(C(F)(F)F)c2)c2cc(C(F)(F)F)cc(C(F)(F)F)c2)cc(C(F)(F)F)c1,1
263.15,CCCCCC[n+]1ccn(C)c1,F[B-](F)(F)C(F)(F)C(F)(F)F,1
266.15,CCCCCC[n+]1ccn(C)c1,O=S(=O)([N-]S(=O)(=O)C(F)(F)F)C(F)(F)F,1
302.15,CCCCCC[n+]1ccn(C)c1,O=S(=O)([O-])C(F)(F)F,1
223.15,CCCCCC[n+]1ccn(C)c1,FC(F)(F)C(F)(F)[P-](F)(F)(F)(C(F)(F)C(F)(F)F)C(F)(F)C(F)(F)F,1
322.15,Cn1cc[n+](CC(=O)c2ccccc2)c1,[Br-],1
342.15,CCCCCCC[n+]1ccn(C)c1,FC(F)(F)c1cc([B-](c2cc(C(F)(F)F)cc(C(F)(F)F)c2)(c2cc(C(F)(F)F)cc(C(F)(F)F)c2)c2cc(C(F)(F)F)cc(C(F)(F)F)c2)cc(C(F)(F)F)c1,1
280.15,CCCCCCC[n+]1ccn(C)c1,O=S(=O)([N-]S(=O)(=O)C(F)(F)F)C(F)(F)F,1
328.15,CCCCn1cc[n+](CCCC)c1,[Cl-],1
399.15,Cn1cc[n+](Cc2ccccc2)c1,[Br-],1
300.15,Cn1cc[n+](Cc2ccccc2)c1,O=S(=O)([O-])C(F)(F)F,1
403.15,Cn1cc[n+](Cc2ccccc2)c1,F[P-](F)(F)(F)(F)F,1
318.15,COc1ccc(-[n+]2ccn(C)c2)cc1,O=S(=O)([O-])C(F)(F)F,1
348.15,CCCCCCCC[n+]1ccn(C)c1,FC(F)(F)c1cc([B-](c2cc(C(F)(F)F)cc(C(F)(F)F)c2)(c2cc(C(F)(F)F)cc(C(F)(F)F)c2)c2cc(C(F)(F)F)cc(C(F)(F)F)c2)cc(C(F)(F)F)c1,1
233.15,CCCCCCCC[n+]1ccn(C)c1,F[P-](F)(F)(F)(F)F,1
310.15,Cn1cc[n+](CCc2ccccc2)c1,O=S(=O)([N-]S(=O)(=O)C(F)(F)F)C(F)(F)F,1
376.15,Cn1cc[n+](CCc2ccccc2)c1,F[P-](F)(F)(F)(F)F,1
311.15,CCCCCCCOC[n+]1ccn(C)c1,F[P-](F)(F)(F)(F)F,1
321.15,CCCCOC[n+]1ccn(COCCC)c1,F[P-](F)(F)(F)(F)F,1
287.15,CCCCCCCCC[n+]1ccn(C)c1,F[P-](F)(F)(F)(F)F,1
343.15,CCCCCCCC[n+]1ccn(CC)c1,Cc1ccc(S(=O)(=O)[O-])cc1,1
321.15,Cn1cc[n+](CCCc2ccccc2)c1,O=S(=O)([N-]S(=O)(=O)C(F)(F)F)C(F)(F)F,1
325.15,Cn1cc[n+](CCCc2ccccc2)c1,F[P-](F)(F)(F)(F)F,1
330.15,CCCCOCn1cc[n+](COCCCC)c1,F[P-](F)(F)(F)(F)F,1
243.15,CCCCCCCC[n+]1ccn(CCC)c1,F[P-](F)(F)(F)(F)F,1
311.15,CCCCCCCCCC[n+]1ccn(C)c1,[Cl-],1
358.15,CCCCCCCCCC[n+]1ccn(C)c1,FC(F)(F)c1cc([B-](c2cc(C(F)(F)F)cc(C(F)(F)F)c2)(c2cc(C(F)(F)F)cc(C(F)(F)F)c2)c2cc(C(F)(F)F)cc(C(F)(F)F)c2)cc(C(F)(F)F)c1,1
271.15,CCCCCCCCCC[n+]1ccn(C)c1,O=S(=O)([N-]S(=O)(=O)C(F)(F)F)C(F)(F)F,1
352.15,CCCCCCCCCC[n+]1ccn(C)c1,Cc1ccc(S(=O)(=O)[O-])cc1,1
305.15,CCCCCCCCCC[n+]1ccn(C)c1,F[P-](F)(F)(F)(F)F,1
294.15,CCCCCCCCCCC[n+]1ccn(C)c1,F[B-](F)(F)F,1
370.15,CCCCCCCCCCCC[n+]1ccn(C)c1,[Cl-],1
268.15,CCCCCCCCCCCC[n+]1ccn(C)c1,[Br-],1
307.15,CCCCCCCCCCCC[n+]1ccn(C)c1,F[B-](F)(F)F,1
290.15,CCCCCCCCCCCC[n+]1ccn(C)c1,O=S(=O)([N-]S(=O)(=O)C(F)(F)F)C(F)(F)F,1
313.15,CCCCCCCCCCCC[n+]1ccn(C)c1,O=S(=O)([O-])C(F)(F)F,1
333.15,CCCCCCCCCCCC[n+]1ccn(C)c1,F[P-](F)(F)(F)(F)F,1
345.15,CCCCCCCCCCCC[n+]1ccn(C)c1,FC(F)(F)c1cc([B-](c2cc(C(F)(F)F)cc(C(F)(F)F)c2)(c2cc(C(F)(F)F)cc(C(F)(F)F)c2)c2cc(C(F)(F)F)cc(C(F)(F)F)c2)cc(C(F)(F)F)c1,1
322.15,CCCCCCCCCCCCCn1cc[n+](C)c1,F[B-](F)(F)F,1
292.15,CCCCCCCCCCCCCC[n+]1ccn(C)c1,[Cl-],1
327.15,CCCCCCCCCCCCCC[n+]1ccn(C)c1,[Br-],1
311.15,CCCCCCCCCCCCCC[n+]1ccn(C)c1,F[B-](F)(F)F,1
307.15,CCCCCCCCCCCCCC[n+]1ccn(C)c1,O=S(=O)([N-]S(=O)(=O)C(F)(F)F)C(F)(F)F,1
323.15,CCCCCCCCCCCCCC[n+]1ccn(C)c1,O=S(=O)([O-])C(F)(F)F,1
346.15,CCCCCCCCCCCCCC[n+]1ccn(C)c1,F[P-](F)(F)(F)(F)F,1
328.15,CCCCCCCCCCCCCCC[n+]1ccn(C)c1,F[B-](F)(F)F,1
315.15,CCCCCCCCCCCCCCCC[n+]1ccn(C)c1,[Cl-],1
313.15,CCCCCCCCCCCCCCCC[n+]1ccn(C)c1,[Br-],1
319.15,CCCCCCCCCCCCCCCC[n+]1ccn(C)c1,F[B-](F)(F)F,1
315.15,CCCCCCCCCCCCCCCC[n+]1ccn(C)c1,O=S(=O)([N-]S(=O)(=O)C(F)(F)F)C(F)(F)F,1
331.15,CCCCCCCCCCCCCCCC[n+]1ccn(C)c1,O=S(=O)([O-])C(F)(F)F,1
348.15,CCCCCCCCCCCCCCCC[n+]1ccn(C)c1,F[P-](F)(F)(F)(F)F,1
326.15,CCCCCCCCCCCCCCCCCC[n+]1ccn(C)c1,[Cl-],1
340.15,CCCCCCCCCCCCCCCCCC[n+]1ccn(C)c1,F[B-](F)(F)F,1
318.15,CCCCCCCCCCCCCCCCCC[n+]1ccn(C)c1,O=S(=O)([N-]S(=O)(=O)C(F)(F)F)C(F)(F)F,1
339.15,CCCCCCCCCCCCCCCCCC[n+]1ccn(C)c1,O=S(=O)([O-])C(F)(F)F,1
353.15,CCCCCCCCCCCCCCCCCC[n+]1ccn(C)c1,F[P-](F)(F)(F)(F)F,1
333.15,CCCCCCCCCCCCCCCCCCCC[n+]1ccn(C)c1,[Br-],1
290.15,COC[n+]1ccn(C)c1,[Cl-],1
290.15,COC[n+]1ccn(C)c1,F[B-](F)(F)C(F)(F)F,1
252.15,COC[n+]1ccn(C)c1,F[B-](F)(F)C(F)(F)C(F)(F)F,1
414.15,C[n+]1ccn(C(F)(F)C(F)F)c1,[I-],1
337.15,C[n+]1ccn(C(F)(F)C(F)F)c1,F[B-](F)(F)F,1
315.15,C[n+]1ccn(C(F)(F)C(F)F)c1,O=S(=O)([N-]S(=O)(=O)C(F)(F)F)C(F)(F)F,1
364.15,CC[n+]1ccn(C(F)(F)C(F)F)c1,[I-],1
298.15,CC[n+]1ccn(C(F)(F)C(F)F)c1,F[B-](F)(F)F,1
289.15,CC[n+]1ccn(C(F)(F)C(F)F)c1,O=S(=O)([N-]S(=O)(=O)C(F)(F)F)C(F)(F)F,1
351.15,CCC[n+]1ccn(C(F)(F)C(F)F)c1,[I-],1
347.15,CCCC[n+]1ccn(C(F)(F)C(F)F)c1,[I-],1
318.15,CCOC(=O)[C@@H](C)[n+]1ccn(C)c1,O=S(=O)([N-]S(=O)(=O)C(F)(F)F)C(F)(F)F,1
346.15,CCOC(=O)[C@@H](C)[n+]1ccn(C)c1,O=S(=O)([O-])C(F)(F)F,1
327.15,CCCCCCCCOCn1cc[n+](COCCCCCCCC)c1,F[B-](F)(F)F,1
330.15,CCCCCCCCCOCn1cc[n+](COCCCCCCCCC)c1,F[B-](F)(F)F,1
342.15,CCCCCCCCCCOCn1cc[n+](COCCCCCCCCCC)c1,F[B-](F)(F)F,1
344.15,CCCCCCCCCCCOCn1cc[n+](COCCCCCCCCCCC)c1,F[B-](F)(F)F,1
352.15,CCCCCCCCCCCCOCn1cc[n+](COCCCCCCCCCCCC)c1,F[B-](F)(F)F,1
334.15,Cn1cc[n+](CCO)c1,[Cl-],1
296.15,Cn1cc[n+](CCO)c1,F[P-](F)(F)(F)(F)F,1
230.15,COC(=O)C[n+]1ccn(C)c1,O=S(=O)([N-]S(=O)(=O)C(F)(F)F)C(F)(F)F,1
350.15,COC(=O)C[n+]1ccn(C)c1,F[P-](F)(F)(F)(F)F,1
316.15,CCC(C)[n+]1ccn(C)c1,O=S(=O)([O-])C(F)(F)C(F)(F)C(F)(F)C(F)(F)F,1
313.15,CC(C)CC[n+]1ccn(C)c1,O=S(=O)([N-]S(=O)(=O)C(F)(F)C(F)(F)C(F)(F)C(F)(F)F)C(F)(F)C(F)(F)C(F)(F)C(F)(F)F,1
342.15,C[n+]1ccn(CCO[Si](C)(C)C)c1,[I-],1
399.15,C[Si](C)(C)OCCn1cc[n+](CCF)c1,[Br-],1
406.15,C[Si](C)(C)OCCn1cc[n+](CCC(F)(F)F)c1,[I-],1
401.15,CCC(=O)C[n+]1ccn(CCC(F)(F)F)c1,O=S(=O)([N-]S(=O)(=O)C(F)(F)F)C(F)(F)F,1
308.15,C[n+]1ccn(CC#N)c1,F[B-](F)(F)F,1
351.15,C[n+]1ccn(CC#N)c1,F[P-](F)(F)(F)(F)F,1
323.15,C[n+]1ccn(CCC#N)c1,[Cl-],1
293.15,C[n+]1ccn(CCC#N)c1,F[B-](F)(F)F,1
308.15,C[n+]1ccn(CCC#N)c1,F[P-](F)(F)(F)(F)F,1
353.15,C[n+]1ccn(CCCC#N)c1,[Cl-],1
201.15,C[n+]1ccn(CCCC#N)c1,F[B-](F)(F)F,1
196.15,C[n+]1ccn(CCCC#N)c1,CC(CC#N)[B-](F)(F)F,1
305.15,C[n+]1ccn(CCCCC#N)c1,[Cl-],1
201.15,C[n+]1ccn(CCCCC#N)c1,F[B-](F)(F)F,1
213.15,C[n+]1ccn(CCCCC#N)c1,F[P-](F)(F)(F)(F)F,1
192.15,CCCC[NH+]1C=CN(CCP(=O)(OCC)OCC)C1,F[B-](F)(F)F,1
223.15,CCCC[NH+]1C=CN(CCP(=O)(OCC)OCC)C1,F[P-](F)(F)(F)(F)F,1
209.15,CCCC[NH+]1C=CN(CCCP(=O)(OCC)OCC)C1,F[B-](F)(F)F,1
220.15,CCCC[NH+]1C=CN(CCCP(=O)(OCC)OCC)C1,F[P-](F)(F)(F)(F)F,1
190.15,CCCCCC[NH+]1C=CN(CCP(=O)(OCC)OCC)C1,F[B-](F)(F)F,1
211.15,CCCCCC[NH+]1C=CN(CCP(=O)(OCC)OCC)C1,F[P-](F)(F)(F)(F)F,1
197.15,CCCCCC[NH+]1C=CN(CCCP(=O)(OCC)OCC)C1,F[B-](F)(F)F,1
207.15,CCCCCC[NH+]1C=CN(CCCP(=O)(OCC)OCC)C1,F[P-](F)(F)(F)(F)F,1
193.15,CCCCCCCC[NH+]1C=CN(CCP(=O)(OCC)OCC)C1,F[B-](F)(F)F,1
209.15,CCCCCCCC[NH+]1C=CN(CCP(=O)(OCC)OCC)C1,F[P-](F)(F)(F)(F)F,1
208.15,CCCCCCCC[NH+]1C=CN(CCCP(=O)(OCC)OCC)C1,F[B-](F)(F)F,1
180.15,CCCCCCCC[NH+]1C=CN(CCCP(=O)(OCC)OCC)C1,F[P-](F)(F)(F)(F)F,1
217.15,C[n+]1ccn(CCC(F)(F)C(F)(F)S(F)(F)(F)(F)F)c1,O=S(=O)([N-]S(=O)(=O)C(F)(F)F)C(F)(F)F,1
216.15,C[n+]1ccn(CCCCC(F)(F)C(F)(F)S(F)(F)(F)(F)F)c1,O=S(=O)([N-]S(=O)(=O)C(F)(F)F)C(F)(F)F,1
223.15,C[n+]1ccn(CCC(F)(F)C(F)(F)C(F)(F)C(F)(F)S(F)(F)(F)(F)F)c1,O=S(=O)([N-]S(=O)(=O)C(F)(F)F)C(F)(F)F,1
327.15,C[n+]1ccn(CCCSC(=S)N(c2ccccc2)c2ccccc2)c1,F[P-](F)(F)(F)(F)F,1
324.15,C[n+]1ccn(CCCSC(=S)N2CCOCC2)c1,F[P-](F)(F)(F)(F)F,1
398.15,C[n+]1ccn(CCCSC(=S)n2ccnc2)c1,F[P-](F)(F)(F)(F)F,1
319.15,Cn1cc[n+](CCCBr)c1,F[P-](F)(F)(F)(F)F,1
410.15,CCCCn1cc[n+](CC(C)O)c1,[Cl-],1
338.15,CCCCNC(=O)Cn1cc[n+](C)c1,F[P-](F)(F)(F)(F)F,1
336.15,CCCCN(C)C(=O)Cn1cc[n+](C)c1,F[P-](F)(F)(F)(F)F,1
340.15,CCN(CC)C(=O)C[n+]1ccn(C)c1,[Br-],1
317.15,CCN(CC)C(=O)C[n+]1ccn(C)c1,O=S(=O)([N-]S(=O)(=O)C(F)(F)F)C(F)(F)F,1
338.15,CCN(CC)C(=O)C[n+]1ccn(C)c1,F[P-](F)(F)(F)(F)F,1
193.15,C#CCn1cc[n+](C)c1,CC(CC#N)[B-](F)(F)F,1
192.15,C=CCn1cc[n+](C)c1,F[B-](F)(F)F,1
184.15,C=CCn1cc[n+](C)c1,CC(CC#N)[B-](F)(F)F,1
214.15,C[n+]1ccn(CCCC(=O)O)c1,CC(CC#N)[B-](F)(F)F,1
340.15,C#CCn1cc[n+](CC#C)c1,F[B-](F)(F)F,1
218.15,C#CCn1cc[n+](CC#C)c1,CC(CC#N)[B-](F)(F)F,1
186.15,C=CCn1cc[n+](CC=C)c1,CC(CC#N)[B-](F)(F)F,1
203.15,N#CCCCn1cc[n+](CCCC#N)c1,CC(CC#N)[B-](F)(F)F,1
311.15,O=C(O)CCCn1cc[n+](CCCC(=O)O)c1,CC(CC#N)[B-](F)(F)F,1
331.15,C[C@H](C[n+]1ccn(C)c1)OCc1ccccc1,[Br-],1
315.15,C[C@H](C[n+]1ccn(C)c1)OCc1ccccc1,F[B-](F)(F)F,1
366.15,C[C@H](C[n+]1ccn(C)c1)OCc1ccccc1,F[P-](F)(F)(F)(F)F,1
344.15,Cn1cc[n+](CC(Br)CBr)c1,F[P-](F)(F)(F)(F)F,1
338.15,C#CCCCn1cc[n+](CCCC#C)c1,[Cl-],1
250.15,C#CCCCn1cc[n+](CCCC#C)c1,F[B-](F)(F)F,1
346.15,c1ccc(Cn2cc[n+](Cc3ccccc3)c2)cc1,O=S(=O)([O-])C(F)(F)F,1
387.15,c1ccc(Cn2cc[n+](Cc3ccccc3)c2)cc1,Cc1ccc(S(=O)(=O)[O-])cc1,1
467.15,CC1=NC(C)=C(C)[NH2+]1,[Cl-],1
462.15,Cc1n(C)cc[n+]1C,[Cl-],1
461.15,CCn1cc[n+](C)c1C,[Cl-],1
414.15,CCn1cc[n+](C)c1C,[Br-],1
298.15,CCn1cc[n+](C)c1C,O=S(=O)([N-]S(=O)(=O)C(F)(F)C(F)(F)F)C(F)(F)C(F)(F)F,1
382.15,CCn1cc[n+](C)c1C,O=S(=O)([O-])C(F)(F)F,1
332.15,CCn1cc[n+](C)c1C,O=C([O-])C(F)(F)F,1
234.15,CC[n+]1cn(C)cc1C,O=S(=O)([N-]S(=O)(=O)C(F)(F)F)C(F)(F)F,1
279.15,CC[n+]1cn(C)cc1C,O=S(=O)([O-])C(F)(F)F,1
289.15,CCn1cc(C)[n+](CC)c1,O=C([O-])c1ccccc1,1
251.15,CCn1cc(C)[n+](CC)c1,O=S(=O)([N-]S(=O)(=O)C(F)(F)F)C(F)(F)F,1
308.15,CCn1cc(C)[n+](CC)c1,O=S(=O)([O-])C(F)(F)F,1
411.15,CCCn1cc[n+](CC)c1CC,[Cl-],1
288.15,CCCn1cc[n+](C)c1C,O=S(=O)([N-]S(=O)(=O)C(F)(F)F)C(F)(F)F,1
307.15,CCCn1cc[n+](C)c1C,O=S(=O)([N-]S(=O)(=O)C(F)(F)C(F)(F)F)C(F)(F)C(F)(F)F,1
351.15,CCCn1cc[n+](C)c1C,F[P-](F)(F)(F)(F)F,1
301.15,CCc1n(C)cc[n+]1CC,O=S(=O)([N-]S(=O)(=O)C(F)(F)F)C(F)(F)F,1
386.15,CCc1n(C)cc[n+]1CC,O=S(=O)([O-])C(F)(F)F,1
343.15,CCCC[n+]1ccn(C)c1C,O=C1[N-]S(=O)(=O)c2ccccc21,1
333.15,CCCC[n+]1ccn(C)c1C,O=S(=O)([O-])C(F)(F)C(F)(F)C(F)(F)C(F)(F)F,1
286.15,CCCC[n+]1ccn(C)c1C,O=S(=O)([O-])OCCCC(F)(F)C(F)(F)F,1
259.15,CCCC[n+]1ccn(C)c1C,O=S(=O)([O-])OCC(F)(F)C(F)(F)C(F)(F)C(F)F,1
309.15,CCCC[n+]1ccn(C)c1C,CCCCCCOCCOCCOCCOCCOCCOCCOCCOCCOCCOCCOS(=O)(=O)[O-],1
235.15,CCCCCCCC[n+]1ccn(C)c1C,O=S(=O)([O-])C(F)(F)F,1
378.15,Cc1[nH+]ccn1CCCC#N,[Cl-],1
313.15,Cc1[nH+]ccn1CCCC#N,F[B-](F)(F)F,1
358.15,Cc1[nH+]ccn1CCCC#N,F[P-](F)(F)(F)(F)F,1
445.15,Cn1cc([N+](=O)[O-])[n+](C)c1,[O-][Cl+3]([O-])([O-])[O-],1
436.15,Cn1cc([N+](=O)[O-])[n+](C)c1,O=[N+]([O-])[O-],1
357.15,Cn1cc[n+]2c1CCC2,O=S(=O)([N-]S(=O)(=O)C(F)(F)F)C(F)(F)F,1
268.15,CCCCCC[n+]1ccn(C)c1C,O=S(=O)([N-]S(=O)(=O)C(F)(F)F)C(F)(F)F,1
279.15,CCn1cc[n+](C(C)CO)c1,[Br-],1
285.15,CCn1cc[n+](C(CO)C(C)C)c1,[Br-],1
289.15,CCn1cc[n+](C(CO)CC(C)C)c1,[Br-],1
320.15,C[n+]1ccn2c1CCCC2,O=S(=O)([N-]S(=O)(=O)C(F)(F)F)C(F)(F)F,1
251.15,CCn1cc[n+](CC)c1C,O=S(=O)([N-]S(=O)(=O)C(F)(F)F)C(F)(F)F,1
459.15,Cc1n(C)cc([N+](=O)[O-])[n+]1C,[O-][Cl+3]([O-])([O-])[O-],1
434.15,Cc1n(C)cc([N+](=O)[O-])[n+]1C,O=[N+]([O-])[O-],1
419.15,CC[n+]1c([N+](=O)[O-])cn(C)c1C,[O-][Cl+3]([O-])([O-])[O-],1
338.15,CC[n+]1c([N+](=O)[O-])cn(C)c1C,O=[N+]([O-])[O-],1
486.15,Cc1c(C)[n+](C)c(C)n1C,[I-],1
439.15,Cc1c(C)[n+](C)c(C)n1C,F[P-](F)(F)(F)(F)F,1
541.15,Cn1c(Br)c(Br)[n+](C)c1Br,F[B-](F)(F)F,1
302.15,CCCC[n+]1nn(C)c2ccccc21,O=S(=O)([N-]S(=O)(=O)C(F)(F)F)C(F)(F)F,1
330.15,CCCC[n+]1nn(C)c2ccccc21,CS(=O)(=O)[O-],1
393.15,CCCC[n+]1nn(C)c2ccccc21,Cc1ccc(S(=O)(=O)[O-])cc1,1
446.15,Cn1n[n+](Cc2ccccc2)c2ccccc21,[Br-],1
342.15,Cn1n[n+](Cc2ccccc2)c2ccccc21,O=S(=O)([N-]S(=O)(=O)C(F)(F)F)C(F)(F)F,1
365.15,Cn1n[n+](Cc2ccccc2)c2ccccc21,CS(=O)(=O)[O-],1
416.15,Cn1n[n+](Cc2ccccc2)c2ccccc21,Cc1ccc(S(=O)(=O)[O-])cc1,1
327.15,Cn1cn[n+](CCN=[N+]=[N-])c1,[I-],1
336.15,C[n+]1cn(CCN=[N+]=[N-])cn1,[O-][Cl+3]([O-])([O-])[O-],1
372.15,[N-]=[N+]=NCC[NH+]1C=NC=N1,O=[N+]([O-])[O-],1
358.15,[N-]=[N+]=NCC[n+]1cn(N)cn1,[Br-],1
343.15,[N-]=[N+]=NCC[n+]1cn(N)cn1,O=[N+]([O-])[O-],1
306.15,CCCC[n+]1cn(CCC(F)(F)F)cn1,O=S(=O)([O-])C(F)(F)F,1
342.15,CCCC[n+]1cn(CCC(F)(F)F)cn1,O=S(=O)([N-]S(=O)(=O)C(F)(F)F)C(F)(F)F,1
328.15,CCCCCCCn1c[n+](CCC(F)(F)C(F)(F)C(F)(F)C(F)(F)F)cn1,O=S(=O)([N-]S(=O)(=O)C(F)(F)F)C(F)(F)F,1
326.15,CCCCCCCCCCn1c[n+](CCC(F)(F)C(F)(F)C(F)(F)C(F)(F)F)cn1,O=S(=O)([N-]S(=O)(=O)C(F)(F)F)C(F)(F)F,1
335.15,Cn1c[n+](CCC(F)(F)C(F)(F)C(F)(F)C(F)(F)C(F)(F)C(F)(F)F)cn1,O=S(=O)([N-]S(=O)(=O)C(F)(F)F)C(F)(F)F,1
301.15,CCCCn1c[n+](CCC(F)(F)C(F)(F)C(F)(F)C(F)(F)C(F)(F)C(F)(F)F)cn1,O=S(=O)([N-]S(=O)(=O)C(F)(F)F)C(F)(F)F,1
295.15,CCCCCCCn1c[n+](CCC(F)(F)C(F)(F)C(F)(F)C(F)(F)C(F)(F)C(F)(F)F)cn1,O=S(=O)([N-]S(=O)(=O)C(F)(F)F)C(F)(F)F,1
325.15,CCCCCCC[n+]1cn(C(C)F)cn1,F[B-](F)(F)F,1
319.15,CCCCCCCCCC[n+]1cn(C(C)F)cn1,O=S(=O)([O-])C(F)(F)F,1
484.15,CCCCCCCn1c[n+](CC(O)C(F)(F)F)cn1,[Br-],1
274.15,Cn1c[n+](C)cn1,O=[N+]([O-])[O-],1
359.15,C[n+]1cn(N)cn1,[O-][Cl+3]([O-])([O-])[O-],1
327.15,C[n+]1cn(N)cn1,O=[N+]([O-])[O-],1
316.15,C[n+]1cn(N)cn1,[N-]=[N+]=[N-],1
328.15,C[NH+]1C=NC(N=[N+]=[N-])=N1,[O-][Cl+3]([O-])([O-])[O-],1
339.15,C[NH+]1C=NC(N=[N+]=[N-])=N1,O=[N+]([O-])[O-],1
353.15,C[NH+]1C=NC(N=[N+]=[N-])=N1,O=C([O-])c1nc([N+](=O)[O-])c([N+](=O)[O-])[nH]1,1
391.15,CC1=NC(N=[N+]=[N-])=N[NH2+]1,O=[N+]([O-])[O-],1
420.15,[N-]=[N+]=NC1=N[NH2+]C=N1,O=[N+]([O-])[O-],1
365.15,[N-]=[N+]=NC1=N[NH2+]C=N1,O=C([O-])c1nc([N+](=O)[O-])c([N+](=O)[O-])[nH]1,1
370.15,[N-]=[N+]=NC1=N[NH2+]C(N=[N+]=[N-])=N1,O=[N+]([O-])[O-],1
341.15,Cn1c[n+](C)nc1N=[N+]=[N-],[O-][Cl+3]([O-])([O-])[O-],1
371.15,Cn1c[n+](C)nc1N=[N+]=[N-],O=[N+]([O-])[O-],1
218.15,CCCn1c[n+](CCCCC(F)(F)C(F)(F)S(F)(F)(F)(F)F)cn1,O=S(=O)([N-]S(=O)(=O)C(F)(F)F)C(F)(F)F,1
364.15,N[NH+]1C=NC=N1,[O-][Cl+3]([O-])([O-])[O-],1
394.15,N[NH+]1C=NC=N1,O=[N+]([O-])[O-],1
410.15,[NH3+]n1cnnc1,O=C([O-])c1nc([N+](=O)[O-])c([N+](=O)[O-])[nH]1,1
356.15,[NH3+]n1cnnc1,[O-][Cl+3]([O-])([O-])[O-],1
342.15,[NH3+]n1cnnc1,O=[N+]([O-])[O-],1
381.15,Cn1cn[n+](N)c1,[O-][Cl+3]([O-])([O-])[O-],1
211.15,Cn1cn[n+](N)c1,O=[N+]([O-])[O-],1
411.15,NC1=NC=N[NH+]1N,[O-][Cl+3]([O-])([O-])[O-],1
432.15,NC1=NC=N[NH+]1N,O=[N+]([O-])[O-],1
426.15,NC1=NC=N[NH+]1N,O=C([O-])c1nc([N+](=O)[O-])c([N+](=O)[O-])[nH]1,1
429.15,C1=NC=N[NH2+]1,O=C([O-])c1nc([N+](=O)[O-])c([N+](=O)[O-])[nH]1,1
375.15,C[NH+]1C=NC=N1,O=C([O-])c1nc([N+](=O)[O-])c([N+](=O)[O-])[nH]1,1
374.15,CCCC[n+]1nn(CC)c2ccccc21,F[P-](F)(F)(F)(F)F,1
361.15,CCCCn1n[n+](CCCC)c2ccccc21,[Br-],1
358.15,CCCCn1n[n+](CCCC)c2ccccc21,F[B-](F)(F)F,1
386.15,CCCCn1n[n+](CCCC)c2ccccc21,F[P-](F)(F)(F)(F)F,1
388.15,Cc1n(C)c(C(F)(F)F)n[n+]1CCCF,[I-],1
322.15,Cc1n(C)c(C(F)(F)F)n[n+]1CCCF,O=S(=O)([N-]S(=O)(=O)C(F)(F)F)C(F)(F)F,1
363.15,Cc1n(C)nc(C(F)(F)C(F)(F)C(F)(F)C(F)(F)C(F)(F)C(F)(F)C(F)(F)C(F)(F)F)[n+]1C,[O-][Cl+3]([O-])([O-])[O-],1
371.15,Cc1n(C)nc(C(F)(F)C(F)(F)C(F)(F)C(F)(F)C(F)(F)C(F)(F)C(F)(F)C(F)(F)F)[n+]1C,F[B-](F)(F)F,1
354.15,Cc1n(C)nc(C(F)(F)C(F)(F)C(F)(F)C(F)(F)C(F)(F)C(F)(F)C(F)(F)C(F)(F)F)[n+]1C,O=S(=O)([N-]S(=O)(=O)C(F)(F)F)C(F)(F)F,1
401.15,Cc1n(C)c(C(F)(F)F)n[n+]1C,[O-][Cl+3]([O-])([O-])[O-],1
403.15,Cc1n(C)c(C(F)(F)F)n[n+]1C,F[B-](F)(F)F,1
343.15,Cc1n(C)c(C(F)(F)F)n[n+]1C,O=S(=O)([N-]S(=O)(=O)C(F)(F)F)C(F)(F)F,1
410.15,Cc1n(C)c(C(F)(F)F)n[n+]1C,O=S(=O)([O-])C(F)(F)F,1
360.15,Cn1cc[n+](N)n1,O=[N+]([O-])[O-],1
323.15,Cn1cc[n+](N)n1,[N-]=[N+]=[N-],1
304.15,CCn1cc[n+](N)n1,O=[N+]([O-])[O-],1
307.15,CCCn1cc[n+](N)n1,O=[N+]([O-])[O-],1
283.15,C=CCn1cc[n+](N)n1,O=[N+]([O-])[O-],1
322.15,CCCCn1cc[n+](N)n1,O=[N+]([O-])[O-],1
404.15,Nn1cn[n+](CCBr)c1,[Br-],1
388.15,C[N+]1(C)CCCC1,N#C[N-]C#N,1
287.15,C[N+]1(C)CCCC1,O=C([N-]S(=O)(=O)C(F)(F)F)C(F)(F)F,1
321.15,C[N+]1(C)CCCC1,CS(=O)(=O)[N-]S(C)(=O)=O,1
473.15,C[N+]1(C)CCCC1,CS(=O)(=O)[O-],1
471.15,C[N+]1(C)CCCC1,O=S(=O)([O-])C(F)(F)C(F)(F)C(F)(F)C(F)(F)F,1
440.15,C[N+]1(C)CCCC1,Cc1ccc(S(=O)(=O)[O-])cc1,1
347.15,C[N+]1(C)CCCC1,O=C([O-])C=CC(=O)O,1
361.15,C[N+]1(C)CCCC1,O=C([O-])c1ccccc1C(=O)O,1
263.15,CC[N+]1(C)CCCC1,N#C[N-]C#N,1
313.15,CC[N+]1(C)CCCC1,CS(=O)(=O)[O-],1
449.15,CC[N+]1(C)CCCC1,O=S(=O)([O-])C(F)(F)C(F)(F)C(F)(F)C(F)(F)F,1
238.15,CCC[N+]1(C)CCCC1,N#C[N-]C#N,1
353.15,CCC[N+]1(C)CCCC1,CS(=O)(=O)[O-],1
353.15,CCC[N+]1(C)CCCC1,Cc1ccc(S(=O)(=O)[O-])cc1,1
351.15,CCCC[N+]1(C)CCCC1,F[B-](F)(F)F,1
255.15,CCCC[N+]1(C)CCCC1,F[B-](F)(F)C(F)(F)F,1
295.15,CCCC[N+]1(C)CCCC1,F[B-](F)(F)C(F)(F)C(F)(F)F,1
326.15,CCCC[N+]1(C)CCCC1,F[B-](F)(F)C(F)(F)C(F)(F)C(F)(F)F,1
334.15,CCCC[N+]1(C)CCCC1,F[B-](F)(F)C(F)(F)C(F)(F)C(F)(F)C(F)(F)F,1
218.15,CCCC[N+]1(C)CCCC1,N#C[N-]C#N,1
336.15,CCCC[N+]1(C)CCCC1,CS(=O)(=O)[O-],1
367.15,CCCC[N+]1(C)CCCC1,O=S(=O)([O-])C(F)(F)C(F)(F)C(F)(F)C(F)(F)F,1
385.15,CCCC[N+]1(C)CCCC1,O=P([O-])(O)O,1
354.15,CCCC[N+]1(C)CCCC1,CC(=O)[O-],1
218.15,CCCCCC[N+]1(C)CCCC1,N#C[N-]C#N,1
218.15,CCCCCC[N+]1(C)CCCC1,CS(=O)(=O)[N-]S(C)(=O)=O,1
359.15,CCCCCC[N+]1(C)CCCC1,CS(=O)(=O)[O-],1
393.15,CCCCCC[N+]1(C)CCCC1,O=S(=O)([O-])C(F)(F)C(F)(F)C(F)(F)C(F)(F)F,1
410.15,CCCCCC[N+]1(C)CCCC1,Cc1ccc(S(=O)(=O)[O-])cc1,1
231.15,COC(=O)C[N+]1(C)CCCC1,O=S(=O)([N-]S(=O)(=O)C(F)(F)F)C(F)(F)F,1
390.15,CCCCC[N+]1(C)CCCC1,O=S(=O)([O-])C(F)(F)C(F)(F)C(F)(F)C(F)(F)F,1
311.15,C[NH+]1CCCC1,O=C([O-])C(F)(F)F,1
241.15,C[NH+]1CCCC1,O=C[O-],1
255.15,COC[N+]1(C)CCCC1,F[B-](F)(F)F,1
252.15,COC[N+]1(C)CCCC1,O=S(=O)([N-]S(=O)(=O)C(F)(F)F)C(F)(F)F,1
269.15,COC[N+]1(C)CCCC1,F[B-](F)(F)C(F)(F)F,1
299.15,COC[N+]1(C)CCCC1,F[B-](F)(F)C(F)(F)C(F)(F)F,1
285.15,COCC[N+]1(C)CCCC1,F[B-](F)(F)F,1
257.15,COCC[N+]1(C)CCCC1,F[B-](F)(F)C(F)(F)F,1
270.15,COCC[N+]1(C)CCCC1,F[B-](F)(F)C(F)(F)C(F)(F)F,1
269.15,CCC[N+]1(C)CCCCC1,O=S(=O)([N-]S(=O)(=O)C(F)(F)C(F)(F)F)C(F)(F)F,1
231.15,CC[N+]1(CC(=O)OC)CCCCC1,O=S(=O)([N-]S(=O)(=O)C(F)(F)F)C(F)(F)F,1
361.15,CC1(C)CC(N)CC(C)(C)[NH2+]1,O=C([CH-]C(=O)C(F)(F)F)C(F)(F)F,1
425.15,CC1(C)CC(N)CC(C)(C)[NH2+]1,O=C([CH-]C(=O)C(F)(F)F)c1ccco1,1
257.15,COCC[N+]1(C)CCCCC1,F[B-](F)(F)C(F)(F)F,1
258.15,COCC[N+]1(C)CCCCC1,F[B-](F)(F)C(F)(F)C(F)(F)F,1
264.15,COCC[N+]1(C)CCCCC1,F[B-](F)(F)C(F)(F)C(F)(F)C(F)(F)F,1
293.15,COCC[N+]1(C)CCCCC1,F[B-](F)(F)C(F)(F)C(F)(F)C(F)(F)C(F)(F)F,1
419.15,CCCC[N+]1(C)CCCCC1,F[B-](F)(F)F,1
285.15,CCCC[N+]1(C)CCCCC1,F[B-](F)(F)C(F)(F)F,1
314.15,CCCC[N+]1(C)CCCCC1,F[B-](F)(F)C(F)(F)C(F)(F)F,1
354.15,CCCC[N+]1(C)CCCCC1,F[B-](F)(F)C(F)(F)C(F)(F)C(F)(F)F,1
365.15,CCCC[N+]1(C)CCCCC1,F[B-](F)(F)C(F)(F)C(F)(F)C(F)(F)C(F)(F)F,1
365.15,CCCCCCCC[N+]1(C)CCCCC1,F[B-](F)(F)F,1
320.15,CCCCCCCC[N+]1(C)CCCCC1,O=S(=O)([O-])C(F)(F)F,1
318.15,CC[NH+]1CCC=C1C,O=S(=O)([N-]S(=O)(=O)C(F)(F)F)C(F)(F)F,1
358.15,CCC[NH+]1CCC=C1C,[I-],1
292.15,CCC[NH+]1CCC=C1C,O=S(=O)([N-]S(=O)(=O)C(F)(F)F)C(F)(F)F,1
384.15,CCCC[NH+]1CCC=C1C,[I-],1
309.15,CCCC[NH+]1CCC=C1C,O=S(=O)([N-]S(=O)(=O)C(F)(F)F)C(F)(F)F,1
288.15,CCCC[n+]1ccccc1,F[B-](F)(F)F,1
299.15,CCCC[n+]1ccccc1,O=S(=O)([N-]S(=O)(=O)C(F)(F)F)C(F)(F)F,1
276.15,CCCC[n+]1ccccc1,O=S(=O)([O-])OCC(F)(F)C(F)(F)C(F)(F)C(F)F,1
284.15,CCCC[n+]1ccccc1,O=C([O-])c1ccccc1,1
379.15,CCCCCCCCCCCC[n+]1ccccc1,F[P-](F)(F)(F)(F)F,1
337.15,CCCCCCCCCCCC[n+]1ccccc1,FC(F)(F)c1cc([B-](c2cc(C(F)(F)F)cc(C(F)(F)F)c2)(c2cc(C(F)(F)F)cc(C(F)(F)F)c2)c2cc(C(F)(F)F)cc(C(F)(F)F)c2)cc(C(F)(F)F)c1,1
397.15,CCCCCCCCCCCCCC[n+]1ccccc1,F[P-](F)(F)(F)(F)F,1
399.15,CCCCCCCCCCCCCCCC[n+]1ccccc1,F[P-](F)(F)(F)(F)F,1
399.15,CCCCCCCCCCCCCCCCCC[n+]1ccccc1,F[P-](F)(F)(F)(F)F,1
283.15,CCCC[n+]1ccc(C)cc1,O=C([O-])c1ccccc1,1
328.15,CCCCCCCCCCCC[n+]1cccc(C)c1,F[P-](F)(F)(F)(F)F,1
329.15,CCCCCCCCCCCC[n+]1ccc(C)cc1,F[P-](F)(F)(F)(F)F,1
341.15,CCCCCCCCCCCCCC[n+]1cccc(C)c1,F[P-](F)(F)(F)(F)F,1
344.15,CCCCCCCCCCCCCC[n+]1ccc(C)cc1,F[P-](F)(F)(F)(F)F,1
347.15,CCCCCCCCCCCCCCCC[n+]1cccc(C)c1,F[P-](F)(F)(F)(F)F,1
348.15,CCCCCCCCCCCCCCCC[n+]1ccc(C)cc1,F[P-](F)(F)(F)(F)F,1
360.15,CCCCCCCCCCCCCCCCCC[n+]1cccc(C)c1,F[P-](F)(F)(F)(F)F,1
361.15,CCCCCCCCCCCCCCCCCC[n+]1ccc(C)cc1,F[P-](F)(F)(F)(F)F,1
374.15,N#CCCC[n+]1ccccc1,[Cl-],1
335.15,N#CCCC[n+]1ccccc1,F[B-](F)(F)F,1
208.15,N#CCCC[n+]1ccccc1,O=S(=O)([N-]S(=O)(=O)C(F)(F)F)C(F)(F)F,1
368.15,N#CCCC[n+]1ccccc1,F[P-](F)(F)(F)(F)F,1
262.15,CC[n+]1ccccc1,O=S(=O)([O-])OCC(F)(F)C(F)(F)C(F)(F)C(F)F,1
306.15,FC(F)(CC[n+]1ccccc1)C(F)(F)S(F)(F)(F)(F)F,O=S(=O)([N-]S(=O)(=O)C(F)(F)F)C(F)(F)F,1
291.15,FC(F)(CCCC[n+]1ccccc1)C(F)(F)S(F)(F)(F)(F)F,O=S(=O)([N-]S(=O)(=O)C(F)(F)F)C(F)(F)F,1
309.15,FC(F)(CC[n+]1ccccc1)C(F)(F)C(F)(F)C(F)(F)S(F)(F)(F)(F)F,O=S(=O)([N-]S(=O)(=O)C(F)(F)F)C(F)(F)F,1
335.15,FCCC[n+]1ccc(-c2ccncc2)cc1,O=S(=O)([N-]S(=O)(=O)C(F)(F)F)C(F)(F)F,1
361.15,FCCC[n+]1ccc(-c2ccncc2)cc1,O=S(=O)([O-])C(F)(F)F,1
340.15,FC(F)(F)CC[n+]1ccc(-c2ccncc2)cc1,O=S(=O)([N-]S(=O)(=O)C(F)(F)F)C(F)(F)F,1
371.15,FC(F)(F)CC[n+]1ccc(-c2ccncc2)cc1,O=S(=O)([O-])C(F)(F)F,1
325.15,FC(F)(F)C(F)(F)C(F)(F)C(F)(F)C(F)(F)C(F)(F)CC[n+]1ccc(-c2ccncc2)cc1,O=S(=O)([N-]S(=O)(=O)C(F)(F)F)C(F)(F)F,1
377.15,FC(F)(F)C(F)(F)C(F)(F)C(F)(F)C(F)(F)C(F)(F)CC[n+]1ccc(-c2ccncc2)cc1,O=S(=O)([O-])C(F)(F)F,1
367.15,FC(F)(F)C(F)(F)C(F)(F)C(F)(F)C(F)(F)C(F)(F)C(F)(F)C(F)(F)CC[n+]1ccc(-c2ccncc2)cc1,O=S(=O)([N-]S(=O)(=O)C(F)(F)F)C(F)(F)F,1
382.15,FC(F)(F)C(F)(F)C(F)(F)C(F)(F)C(F)(F)C(F)(F)C(F)(F)C(F)(F)CC[n+]1ccc(-c2ccncc2)cc1,O=S(=O)([O-])C(F)(F)F,1
368.15,CCCC[n+]1cc(C)cc(C)c1,[Br-],1
495.15,CCCC[n+]1ccc(N(C)C)cc1,[Br-],1
288.15,CCCCOC(=O)c1ccc[n+](CCCC)c1,O=S(=O)([N-]S(=O)(=O)C(F)(F)F)C(F)(F)F,1
283.15,CCCCCC[n+]1cc(C)cc(C)c1,O=S(=O)([N-]S(=O)(=O)C(F)(F)F)C(F)(F)F,1
469.15,CCCCCC[n+]1ccc(N(C)C)cc1,[Br-],1
392.15,CCCCCC[n+]1ccc(N(C)C)c(C)c1,[Br-],1
271.15,CCCCCC[n+]1ccc(N(C)C)c(C)c1,O=S(=O)([N-]S(=O)(=O)C(F)(F)F)C(F)(F)F,1
310.15,CCCCCC[n+]1ccc(N2CCC(C)CC2)cc1,O=S(=O)([N-]S(=O)(=O)C(F)(F)F)C(F)(F)F,1
363.15,O=S(=O)(O)CCC[n+]1ccccc1,O=P([O-])(O)O,1
345.15,CCCCCCCCCCCC[n+]1ccc2ccccc2c1,FC(F)(F)c1cc([B-](c2cc(C(F)(F)F)cc(C(F)(F)F)c2)(c2cc(C(F)(F)F)cc(C(F)(F)F)c2)c2cc(C(F)(F)F)cc(C(F)(F)F)c2)cc(C(F)(F)F)c1,1
304.15,CCCCCCCCCCCCCCCCCC[n+]1ccc2ccccc2c1,FC(F)(F)c1cc([B-](c2cc(C(F)(F)F)cc(C(F)(F)F)c2)(c2cc(C(F)(F)F)cc(C(F)(F)F)c2)c2cc(C(F)(F)F)cc(C(F)(F)F)c2)cc(C(F)(F)F)c1,1
410.15,CCCC[N+]1=C(C(C)C)SC[C@H]1CC,[I-],1
384.15,CCCC[N+]1=C(C(C)C)SC[C@H]1CC,F[B-](F)(F)F,1
409.15,CCCC[N+]1=C(C(C)C)SC[C@H]1CC,F[P-](F)(F)(F)(F)F,1
315.15,CCCCCCCCCCCC[N+]1=C(C(C)C)SC[C@H]1CC,F[P-](F)(F)(F)(F)F,1
318.15,C[S+](C)C,O=S(=O)([N-]S(=O)(=O)C(F)(F)F)C(F)(F)F,1
272.15,C[S+](C)C,N#C[N-]C#N,1
305.15,C[S+](C)C,O=C([N-]S(=O)(=O)C(F)(F)F)C(F)(F)F,1
305.15,CC[S+](CC)CC,O=C([N-]S(=O)(=O)C(F)(F)F)C(F)(F)F,1
265.15,CCCC[S+](CCCC)CCCC,O=S(=O)([N-]S(=O)(=O)C(F)(F)F)C(F)(F)F,1
245.15,CC[S+](C)C,N#C[N-]C#N,1
409.15,C[N+](C)(C)C,O=S(=O)([N-]S(=O)(=O)C(F)(F)F)C(F)(F)F,1
378.15,CC[N+](C)(C)C,O=S(=O)([N-]S(=O)(=O)C(F)(F)F)C(F)(F)F,1
263.15,CC[N+](C)(C)C,O=C([N-]S(=O)(=O)C(F)(F)F)C(F)(F)F,1
319.15,COC[N+](C)(C)C,F[B-](F)(F)F,1
278.15,COC[N+](C)(C)C,O=S(=O)([N-]S(=O)(=O)C(F)(F)F)C(F)(F)F,1
292.15,CCC[N+](C)(C)C,O=S(=O)([N-]S(=O)(=O)C(F)(F)F)C(F)(F)F,1
283.15,CCC[N+](C)(C)C,O=C([N-]S(=O)(=O)C(F)(F)F)C(F)(F)F,1
292.15,CCC[N+](C)(C)C,O=S(=O)([N-]S(=O)(=O)C(F)(F)C(F)(F)F)C(F)(F)F,1
402.15,CC(C)[N+](C)(C)C,O=S(=O)([N-]S(=O)(=O)C(F)(F)F)C(F)(F)F,1
302.15,CC(C)[N+](C)(C)C,O=C([N-]S(=O)(=O)C(F)(F)F)C(F)(F)F,1
369.15,CC[N+](C)(C)CC,O=S(=O)([N-]S(=O)(=O)C(F)(F)F)C(F)(F)F,1
314.15,C=CC[N+](C)(C)C,O=S(=O)([N-]S(=O)(=O)C(F)(F)F)C(F)(F)F,1
270.15,C=CC[N+](C)(C)C,O=C([N-]S(=O)(=O)C(F)(F)F)C(F)(F)F,1
318.15,C#CC[N+](C)(C)C,O=S(=O)([N-]S(=O)(=O)C(F)(F)F)C(F)(F)F,1
257.15,COC=C(C)[NH+](C)C,F[B-](F)(F)F,1
324.15,COC=C(C)[NH+](C)C,O=C1O[B-]2(OC1=O)OC(=O)C(=O)O2,1
259.15,CCC[N+](C)(C)CC,O=S(=O)([N-]S(=O)(=O)C(F)(F)F)C(F)(F)F,1
402.15,CC[N+](C)(CC)CC,O=S(=O)([N-]S(=O)(=O)C(F)(F)F)C(F)(F)F,1
293.15,CC[N+](C)(CC)CC,O=C([N-]S(=O)(=O)C(F)(F)F)C(F)(F)F,1
299.15,CC[N+](C)(CC)CC,O=C1[N-]S(=O)(=O)c2ccccc21,1
320.15,CCOC=C(C)[NH+](C)C,O=C1O[B-]2(OC1=O)OC(=O)C(=O)O2,1
321.15,CC[N+](C)(C)CCOC,O=C1O[B-]2(OC1=O)OC(=O)C(=O)O2,1
378.15,CC[N+](CC)(CC)CC,O=S(=O)([N-]S(=O)(=O)C(F)(F)F)C(F)(F)F,1
356.15,CC[N+](CC)(CC)CC,O=S(=O)([N-]S(=O)(=O)C(F)(F)C(F)(F)F)C(F)(F)C(F)(F)F,1
293.15,CC[N+](CC)(CC)CC,O=C([N-]S(=O)(=O)C(F)(F)F)C(F)(F)F,1
342.15,CC[N+](CC)(CC)CC,O=S(=O)([N-]S(=O)(=O)C(F)(F)C(F)(F)F)C(F)(F)F,1
278.15,CC[N+](CC)(CC)CC,O=S(=O)([O-])OCC(F)(F)F,1
264.15,CC[N+](CC)(CC)CC,O=S(=O)([O-])OCC(F)(F)C(F)F,1
260.15,CC[N+](CC)(CC)CC,O=S(=O)([O-])OCC(F)(F)C(F)(F)C(F)(F)C(F)F,1
319.15,CC[N+](CC)(CC)CC,O=S(=O)([C-](S(=O)(=O)C(F)(F)F)S(=O)(=O)C(F)(F)F)C(F)(F)F,1
431.15,CCCC[N+](C)(C)CC,F[B-](F)(F)F,1
265.15,CCCC[N+](C)(C)CC,O=S(=O)([N-]S(=O)(=O)C(F)(F)F)C(F)(F)F,1
288.15,CCCC[N+](C)(C)CCC,O=S(=O)([N-]S(=O)(=O)C(F)(F)F)C(F)(F)F,1
280.15,CCCC[N+](C)(C)CCC,N#C[C-](C#N)C#N,1
399.15,CCCCCC[N+](C)(C)C,F[B-](F)(F)F,1
300.15,CCCCCC[N+](C)(C)C,O=S(=O)([N-]S(=O)(=O)C(F)(F)F)C(F)(F)F,1
413.15,CC[N+](C)(C(C)C)C(C)C,O=S(=O)([N-]S(=O)(=O)C(F)(F)F)C(F)(F)F,1
421.15,CC[N+](CC)(C(C)C)C(C)C,O=S(=O)([N-]S(=O)(=O)C(F)(F)F)C(F)(F)F,1
278.15,CCCCCCCC[N+](C)(C)C,O=S(=O)([N-]S(=O)(=O)C(F)(F)F)C(F)(F)F,1
373.15,CCC(C)C[N+](CC)(CC)CC,[Br-],1
369.15,CCC[N+](CCC)(CCC)CCC,O=C1[N-]S(=O)(=O)c2ccccc21,1
293.15,CCCCCC[N+](CC)(CC)CC,O=S(=O)([N-]S(=O)(=O)C(F)(F)F)C(F)(F)F,1
219.15,CCCCCC[N+](CC)(CC)CC,CS(=O)(=O)[N-]S(C)(=O)=O,1
335.15,CCCCCC[N+](CC)(CC)CC,CS(=O)(=O)[O-],1
382.15,CCCCCC[N+](CC)(CC)CC,Cc1ccc(S(=O)(=O)[O-])cc1,1
363.15,CCCC[N+](CCCC)(CCCC)CCCC,O=S(=O)([N-]S(=O)(=O)C(F)(F)F)C(F)(F)F,1
353.15,CCCC[N+](CCCC)(CCCC)CCCC,O=S(=O)([O-])OCC(F)(F)F,1
269.15,CCCC[N+](CCCC)(CCCC)CCCC,O=S(=O)([O-])OCC(F)(F)C(F)F,1
265.15,CCCC[N+](CCCC)(CCCC)CCCC,O=S(=O)([O-])OCC(F)(F)C(F)(F)C(F)(F)C(F)F,1
332.15,CCCC[N+](CCCC)(CCCC)CCCC,O=S(=O)([C-](S(=O)(=O)C(F)(F)F)S(=O)(=O)C(F)(F)F)C(F)(F)F,1
230.15,CCCCCC[N+](CCCC)(CCCC)CCCC,N#C[N-]C#N,1
323.15,CCCCCC[N+](CCCC)(CCCC)CCCC,Cc1ccc(S(=O)(=O)[O-])cc1,1
298.15,CCCCC[N+](CCCCC)(CCCCC)CCCCC,O=S(=O)([N-]S(=O)(=O)C(F)(F)F)C(F)(F)F,1
289.15,CCCCC[N+](CCCCC)(CCCCC)CCCCC,O=C([N-]S(=O)(=O)C(F)(F)F)C(F)(F)F,1
298.15,CCCCC[N+](CCCCC)(CCCCC)CCCCC,O=S(=O)([N-]S(=O)(=O)C(F)(F)C(F)(F)F)C(F)(F)F,1
265.15,CCCCCC[N+](CCCCCC)(CCCCCC)CCCCCC,O=S(=O)([N-]S(=O)(=O)C(F)(F)F)C(F)(F)F,1
223.15,CCCCCC[N+](CCCCCC)(CCCCCC)CCCCCC,O=C([O-])c1ccccc1,1
347.15,CCCCCCCC[N+](CCC)(CCCCCCCC)CCCCCCCC,[Br-],1
264.15,CCCCCCC[N+](CCCCCCC)(CCCCCCC)CCCCCCC,[Cl-],1
284.15,CCCCCCC[N+](CCCCCCC)(CCCCCCC)CCCCCCC,O=S(=O)([N-]S(=O)(=O)C(F)(F)F)C(F)(F)F,1
336.15,CCCCCCCCCCCCCC[N+](CCCCC)(CCCCC)CCCCC,[Br-],1
304.15,CCCCCCCC[N+](CCCCCCCC)(CCCCCCCC)CCCCCCCC,O=S(=O)([N-]S(=O)(=O)C(F)(F)F)C(F)(F)F,1
348.15,CCCCCCCCCCCC[N+](C)(CCCCCCCCCCCC)CCCCCCCCCCCC,[Br-],1
304.15,CCCCCCCCCCCCCC[NH3+],O=S(=O)([N-]S(=O)(=O)C(F)(F)F)C(F)(F)F,1
436.15,CC[N+](C)(C)CO[C@H]1C[C@@H](C)CC[C@@H]1C(C)C,F[B-](F)(F)F,1
478.15,CC(C)[C@@H]1CC[C@@H](C)C[C@H]1OC[N+](C)(C)C(C)C,F[B-](F)(F)F,1
314.15,CC(C)[C@@H]1CC[C@@H](C)C[C@H]1OC[N+](C)(C)C(C)C,O=S(=O)([N-]S(=O)(=O)C(F)(F)F)C(F)(F)F,1
355.15,CCCC[N+](C)(C)CO[C@H]1C[C@@H](C)CC[C@@H]1C(C)C,[I-],1
351.15,CCCC[N+](C)(C)CO[C@H]1C[C@@H](C)CC[C@@H]1C(C)C,[O-][Cl+3]([O-])([O-])[O-],1
343.15,CCCC[N+](C)(C)CO[C@H]1C[C@@H](C)CC[C@@H]1C(C)C,F[B-](F)(F)F,1
377.15,CCCC[N+](C)(C)CO[C@H]1C[C@@H](C)CC[C@@H]1C(C)C,F[P-](F)(F)(F)(F)F,1
346.15,CCCC[N+](C)(C)CO[C@H]1C[C@@H](C)CC[C@@H]1C(C)C,O=C([O-])C(F)(F)F,1
316.15,CCCCCC[N+](C)(C)CO[C@H]1C[C@@H](C)CC[C@@H]1C(C)C,F[B-](F)(F)F,1
344.15,CCCCCCC[N+](C)(C)CO[C@H]1C[C@@H](C)CC[C@@H]1C(C)C,F[B-](F)(F)F,1
361.15,CCCCCCCC[N+](C)(C)CO[C@@H]1C[C@H](C)CC[C@H]1C(C)C,F[B-](F)(F)F,1
344.15,CCCCCCCCC[N+](C)(C)CO[C@@H]1C[C@H](C)CC[C@H]1C(C)C,F[B-](F)(F)F,1
330.15,CCCCCCCCCC[N+](C)(C)CO[C@H]1C[C@@H](C)CC[C@@H]1C(C)C,F[B-](F)(F)F,1
319.15,CCCCCCCCCCC[N+](C)(C)CO[C@H]1C[C@@H](C)CC[C@@H]1C(C)C,F[B-](F)(F)F,1
316.15,CCCCCCCCCCCC[N+](C)(C)CO[C@H]1C[C@@H](C)CC[C@@H]1C(C)C,F[B-](F)(F)F,1
372.15,CC(C)[C@H]1CC[C@H](C)C[C@@H]1OC[N+](C)(C)Cc1ccccc1,F[B-](F)(F)F,1
320.15,CC(C)[C@H]1CC[C@H](C)C[C@@H]1OC[N+](C)(C)Cc1ccccc1,O=S(=O)([N-]S(=O)(=O)C(F)(F)F)C(F)(F)F,1
424.15,CC[N+](C)(CC)CO[C@H]1C[C@@H](C)CC[C@@H]1C(C)C,F[B-](F)(F)F,1
399.15,CC[N+](CC)(CC)CO[C@H]1C[C@@H](C)CC[C@@H]1C(C)C,F[B-](F)(F)F,1
459.15,CCC[N+](C)(CC)CC,F[B-](F)(F)F,1
287.15,CCC[N+](C)(CC)CC,O=S(=O)([N-]S(=O)(=O)C(F)(F)F)C(F)(F)F,1
368.15,CCC[N+](C)(CC)CC,F[B-](F)(F)C(F)(F)F,1
327.15,CCC[N+](C)(CC)CC,F[B-](F)(F)C(F)(F)C(F)(F)F,1
330.15,CCC[N+](C)(CC)CC,F[B-](F)(F)C(F)(F)C(F)(F)C(F)(F)F,1
327.15,CCC[N+](C)(CC)CC,F[B-](F)(F)C(F)(F)C(F)(F)C(F)(F)C(F)(F)F,1
438.15,CCCC[N+](C)(CC)CC,F[B-](F)(F)F,1
282.15,CCCC[N+](C)(CC)CC,O=S(=O)([N-]S(=O)(=O)C(F)(F)F)C(F)(F)F,1
270.15,CCCC[N+](C)(CC)CC,F[B-](F)(F)C(F)(F)F,1
288.15,CCCC[N+](C)(CC)CC,F[B-](F)(F)C(F)(F)C(F)(F)F,1
323.15,CCCC[N+](C)(CC)CC,F[B-](F)(F)C(F)(F)C(F)(F)C(F)(F)F,1
333.15,CCCC[N+](C)(CC)CC,F[B-](F)(F)C(F)(F)C(F)(F)C(F)(F)C(F)(F)F,1
327.15,COCC[N+](C)(C)C,F[B-](F)(F)F,1
310.15,COCC[N+](C)(C)C,O=S(=O)([N-]S(=O)(=O)C(F)(F)F)C(F)(F)F,1
350.15,COCC[N+](C)(C)C,F[B-](F)(F)C(F)(F)F,1
303.15,COCC[N+](C)(C)C,F[B-](F)(F)C(F)(F)C(F)(F)F,1
296.15,COCC[N+](C)(C)C,F[B-](F)(F)C(F)(F)C(F)(F)C(F)(F)F,1
323.15,COCC[N+](C)(C)C,F[B-](F)(F)C(F)(F)C(F)(F)C(F)(F)C(F)(F)F,1
277.15,CC[N+](C)(C)CCOC,F[B-](F)(F)F,1
281.15,CC[N+](C)(C)CCOC,F[B-](F)(F)C(F)(F)F,1
240.15,CC[N+](C)(C)CCOC,F[B-](F)(F)C(F)(F)C(F)(F)F,1
245.15,CC[N+](C)(C)CCOC,F[B-](F)(F)C(F)(F)C(F)(F)C(F)(F)C(F)(F)F,1
251.15,CC[N+](C)(CC)CCOC,F[B-](F)(F)C(F)(F)F,1
329.15,CC[N+](CC)(CC)CCOC,F[B-](F)(F)F,1
283.15,CC[N+](CC)(CC)CCOC,F[B-](F)(F)C(F)(F)F,1
276.15,CC[N+](CC)(CC)CCOC,F[B-](F)(F)C(F)(F)C(F)(F)F,1
279.15,CC[N+](CC)(CC)CCOC,F[B-](F)(F)C(F)(F)C(F)(F)C(F)(F)F,1
284.15,CC[N+](CC)(CC)CCOC,F[B-](F)(F)C(F)(F)C(F)(F)C(F)(F)C(F)(F)F,1
333.15,CCCCCCCC[N+](C)(CCCCCCCC)CCCCCCCC,F[B-](F)(F)F,1
309.15,CCCCCCCC[N+](C)(CCCCCCCC)CCCCCCCC,FC(F)(F)c1cc([B-](c2cc(C(F)(F)F)cc(C(F)(F)F)c2)(c2cc(C(F)(F)F)cc(C(F)(F)F)c2)c2cc(C(F)(F)F)cc(C(F)(F)F)c2)cc(C(F)(F)F)c1,1
265.15,CCCCCCCC[N+](C)(CCCCCCCC)CCCCCCCC,[BH4-],1
234.15,CCCCCCCC[N+](C)(CCCCCCCC)CCCCCCCC,O=S(=O)([N-]S(=O)(=O)C(F)(F)F)C(F)(F)F,1
286.15,CCCCCCCC[N+](C)(CCCCCCCC)CCCCCCCC,O=[N+]([O-])[O-],1
351.15,CCCCCCCC[N+](C)(CCCCCCCC)CCCCCCCC,Cc1ccc(S(=O)(=O)[O-])cc1,1
277.15,CCCCCCCC[N+](C)(CCCCCCCC)CCCCCCCC,O=S(=O)([O-])OCC(F)(F)F,1
268.15,CCCCCCCC[N+](C)(CCCCCCCC)CCCCCCCC,O=S(=O)([O-])OCC(F)(F)C(F)F,1
271.15,CCCCCCCC[N+](C)(CCCCCCCC)CCCCCCCC,O=S(=O)([O-])OCC(F)(F)C(F)(F)C(F)(F)C(F)F,1
251.15,CCCCCCCC[N+](C)(CCCCCCCC)CCCCCCCC,O=S(=O)([O-])O,1
332.15,CCCCCCCC[N+](C)(CCCCCCCC)CCCCCCCC,F[P-](F)(F)(F)(F)F,1
250.15,CCCCCCCC[N+](C)(CCCCCCCC)CCCCCCCC,O=P([O-])(O)O,1
250.15,CCCCCCCC[N+](C)(CCCCCCCC)CCCCCCCC,CC(=O)[O-],1
277.15,CCCCCCCC[N+](C)(CCCCCCCC)CCCCCCCC,O=C[O-],1
266.15,CCCCCCCC[N+](C)(CCCCCCCC)CCCCCCCC,O=C([O-])O,1
291.15,CCCCCCCC[N+](C)(CCCCCCCC)CCCCCCCC,CC=CC(=O)[O-],1
299.15,CCCCCCCC[N+]12CCN(CC1)CC2,O=S(=O)([N-]S(=O)(=O)C(F)(F)F)C(F)(F)F,1
263.15,CCC[NH+](CCC)CCC,O=C([CH-]C(=O)C(F)(F)F)C(F)(F)F,1
190.15,CCC[NH+](CCC)CCC,CC(C)(C)C(=O)[CH-]C(=O)C(F)(F)C(F)(F)C(F)(F)F,1
191.15,CCC[NH+](CCC)CCC,O=C([CH-]C(=O)C(F)(F)F)c1ccco1,1
208.15,CCC[NH+](CCC)CCC,O=C([CH-]C(=O)C(F)(F)F)c1cccs1,1
295.15,CCCC[NH+](CCCC)CCCC,O=[N+]([O-])[O-],1
180.15,CCCC[NH+](CCCC)CCCC,O=C([CH-]C(=O)C(F)(F)F)C(F)(F)F,1
208.15,CCCC[NH+](CCCC)CCCC,CC(C)(C)C(=O)[CH-]C(=O)C(F)(F)C(F)(F)C(F)(F)F,1
208.15,CCCC[NH+](CCCC)CCCC,O=C([CH-]C(=O)C(F)(F)F)c1ccco1,1
325.15,CCCC[NH+](CCCC)CCCC,O=C([CH-]C(=O)C(F)(F)F)c1cccs1,1
262.15,CC(C)CCCCC[NH+](CCCCCC(C)C)CCCCCC(C)C,O=C([CH-]C(=O)C(F)(F)F)C(F)(F)F,1
177.14999999999998,CC(C)CCCCC[NH+](CCCCCC(C)C)CCCCCC(C)C,CC(C)(C)C(=O)[CH-]C(=O)C(F)(F)C(F)(F)C(F)(F)F,1
181.15,CC(C)CCCCC[NH+](CCCCCC(C)C)CCCCCC(C)C,O=C([CH-]C(=O)C(F)(F)F)c1ccco1,1
187.15,CC(C)CCCCC[NH+](CCCCCC(C)C)CCCCCC(C)C,O=C([CH-]C(=O)C(F)(F)F)c1cccs1,1
370.15,CCC[NH2+]CCC,O=C([CH-]C(=O)C(F)(F)F)C(F)(F)F,1
376.15,CCC[NH2+]CCC,O=C([CH-]C(=O)C(F)(F)F)c1cccs1,1
279.15,CCC[NH2+]CCC,N#C[S-],1
364.15,CC(C)[NH2+]C(C)C,CC(C)(C)C(=O)[CH-]C(=O)C(F)(F)C(F)(F)C(F)(F)F,1
397.15,CC(C)[NH2+]C(C)C,O=C([CH-]C(=O)C(F)(F)F)c1cccs1,1
357.15,CCCC[NH2+]CCCC,O=C([CH-]C(=O)C(F)(F)F)C(F)(F)F,1
344.15,CCCC[NH2+]CCCC,O=C([CH-]C(=O)C(F)(F)F)c1cccs1,1
336.15,CC(C)C[NH2+]CC(C)C,CC(C)(C)C(=O)[CH-]C(=O)C(F)(F)C(F)(F)C(F)(F)F,1
413.15,CC(C)C[NH2+]CC(C)C,O=C([CH-]C(=O)C(F)(F)F)c1cccs1,1
349.15,CC[N+]12CCN(CC1)CC2,O=S(=O)([N-]S(=O)(=O)C(F)(F)F)C(F)(F)F,1
276.15,CC[NH+](CC)CC,O=S(=O)([N-]S(=O)(=O)C(F)(F)F)C(F)(F)F,1
321.15,CC[NH3+],O=S(=O)([N-]S(=O)(=O)C(F)(F)F)C(F)(F)F,1
313.15,CC[NH3+],O=S(=O)([O-])O,1
360.15,CC[NH3+],CC(=O)[O-],1
258.15,CC[NH3+],O=C[O-],1
308.15,C[N+](C)(C)CC#N,O=S(=O)([N-]S(=O)(=O)C(F)(F)F)C(F)(F)F,1
324.15,[NH3+]CCO,O=[N+]([O-])[O-],1
191.15,[NH3+]CCO,O=C[O-],1
372.15,[NH3+]CCO,COS(=O)(=O)[O-],1
349.15,CCCCC[N+](C)(C)CCCCC,[Br-],1
359.15,CCCCC[N+](C)(C)CCCCC,[I-],1
327.15,CCCCCC[N+](C)(C)CCCCCC,[Br-],1
318.15,CCCCCC[N+](C)(C)CCCCCC,[I-],1
331.15,CCCCC[N+](CC)(CC)CCCCC,[Br-],1
368.15,CCCCC[N+](CC)(CC)CCCCC,[I-],1
348.15,CCCCCC[N+](CC)(CC)CCCCCC,[Br-],1
346.15,CCCCCC[N+](CC)(CC)CCCCCC,[I-],1
318.15,O=C1CCCCC[NH2+]1,O=[N+]([O-])[O-],1
304.15,O=C1CCCCC[NH2+]1,O=C([O-])c1ccccc1,1
302.15,O=C1CCCCC[NH2+]1,O=C([O-])CCl,1
362.15,CCCC(=O)OCC[N+](C)(C)C,O=C1[N-]S(=O)(=O)c2ccccc21,1
322.15,CCCC(=O)OCC[N+](C)(C)C,CC1=CC(=O)[N-]S(=O)(=O)O1,1
281.15,O=C1CCC[NH2+]1,O=[N+]([O-])[O-],1
280.15,O=C1CCC[NH2+]1,O=C([O-])c1ccccc1,1
305.15,O=C1CCC[NH2+]1,O=C([O-])CCl,1
301.15,CCCCCCCCCC[N+](C)(C)CCCCCCCCCC,F[B-](F)(F)F,1
271.15,CCCCCCCCCC[N+](C)(C)CCCCCCCCCC,O=N[O-],1
329.15,CCCCCCCCCCCCC[N+](C)(C)Cc1ccccc1,F[B-](F)(F)F,1
309.15,CCCCCCCCCCCCC[N+](C)(C)Cc1ccccc1,O=[N+]([O-])[O-],1
262.15,C[N+](C)(C)CCCCS(=O)(=O)O,O=S(=O)([O-])O,1
286.15,C[NH3+],O=C[O-],1
277.15,CCC[NH3+],O=[N+]([O-])[O-],1
340.15,CCC[NH3+],O=C([O-])C(F)(F)F,1
323.15,CCC[NH3+],O=C[O-],1
275.15,CCCC[NH3+],O=C[O-],1
294.15,CCCC[NH3+],N#C[S-],1
285.15,CCCCC[NH3+],O=C[O-],1
299.15,CC(C)C[NH3+],O=C[O-],1
272.15,CCC(C)C[NH3+],O=C[O-],1
320.15,CC(C)CC[NH3+],O=C[O-],1
261.15,C[N+](C)(C)CCCS(=O)(=O)O,O=S(=O)([O-])O,1
264.15,CC[N+](CC)(CC)CCCS(=O)(=O)O,O=S(=O)([O-])O,1
266.15,CCCC[N+](CCCC)(CCCC)CCCS(=O)(=O)O,O=S(=O)([O-])O,1
356.15,CC[N+](CC)(CC)Cc1ccccc1,N#C[N-]C#N,1
382.15,CC[N+](CC)(CC)Cc1ccccc1,O=S(=O)([O-])C(F)(F)F,1
424.15,CC[N+](CC)(CC)Cc1ccccc1,O=C1[N-]S(=O)(=O)c2ccccc21,1
361.15,CC[N+](CC)(CC)Cc1ccccc1,N#C[S-],1
390.15,C[N+](C)(C)c1ccccc1,N#C[N-]C#N,1
356.15,C[N+](C)(C)c1ccccc1,O=S(=O)([O-])C(F)(F)F,1
467.15,C[N+](C)(C)c1ccccc1,O=C1[N-]S(=O)(=O)c2ccccc21,1
389.15,C[N+](C)(C)c1ccccc1,N#C[S-],1
280.15,CCCCCCCCCCCC[N+](CC)(CC)CC,O=S(=O)([N-]S(=O)(=O)C(F)(F)F)C(F)(F)F,1
270.15,CC[N+](CC)(CC)COC,O=S(=O)([N-]S(=O)(=O)C(F)(F)F)C(F)(F)F,1
448.15,C[N+](C)(Cc1ccccc1)Cc1ccccc1,[Br-],1
504.15,Cc1ccccc1C[N+](C)(C)Cc1ccccc1C,F[B-](F)(F)F,1
543.15,Cc1ccccc1C[N+](C)(C)Cc1ccccc1C,F[P-](F)(F)(F)(F)F,1
422.15,Cc1cccc(C[N+](C)(C)Cc2cccc(C)c2)c1,[Cl-],1
434.15,Cc1cccc(C[N+](C)(C)Cc2cccc(C)c2)c1,F[P-](F)(F)(F)(F)F,1
475.15,Cc1ccc(C[N+](C)(C)Cc2ccc(C)cc2)cc1,[Br-],1
437.15,CCCC[N+](C)(C)CCCC,F[P-](F)(F)(F)(F)F,1
345.15,CCCC[N+](C)=C(N(C)C)N(C)C,O=[N+]([O-])[O-],1
348.15,CCCC[N+](C)=C(N(C)C)N(C)C,O=[N+]([O-])[N-][N+](=O)[O-],1
347.15,Cn1cnn(C)c1=[N+](C)C,O=[N+]([O-])[O-],1
276.15,C[NH+]=C1N(C)CCN1C,O=[N+]([O-])[O-],1
279.15,CCC[NH+]=C1N(C)CCN1C,[O-][Cl+3]([O-])([O-])[O-],1
312.15,CCC[N+](C)=C1N(C)CCN1C,[O-][Cl+3]([O-])([O-])[O-],1
304.15,CCC[N+](C)=C1N(C)CCN1C,O=[N+]([O-])[O-],1
301.15,CCCC[N+](C)=C1N(C)CCN1C,[O-][Cl+3]([O-])([O-])[O-],1
280.15,CCCC[N+](C)=C1N(C)CCN1C,O=[N+]([O-])[O-],1
258.15,CCCC[N+](C)=C1N(C)CCN1C,F[P-](F)(F)(F)(F)F,1
401.15,CCC[N+](C)=C1N(C)CCCN1C,[O-][Cl+3]([O-])([O-])[O-],1
330.15,CCC[N+](C)=C1N(C)CCCN1C,O=[N+]([O-])[O-],1
351.15,CCCC[N+](C)=C1N(C)CCCN1C,[O-][Cl+3]([O-])([O-])[O-],1
279.15,CCCC[N+](C)=C1N(C)CCCN1C,O=[N+]([O-])[O-],1
367.15,CCC[N+](C)=C1N(C)COCN1C,[O-][Cl+3]([O-])([O-])[O-],1
338.15,CCC[N+](C)=C1N(C)COCN1C,O=[N+]([O-])[O-],1
319.15,CCCCCCOc1cc2c3cc(OCCCCCC)c(OCCCCCC)cc3c3cc(OCCCCC[NH+]=C(N(C)C)N(C)C)c(OCCCCCC)cc3c2cc1OCCCCCC,[Cl-],1
423.15,C[P+](C)(C)C,O=S(=O)([N-]S(=O)(=O)C(F)(F)F)C(F)(F)F,1
391.15,CC[P+](CC)(CC)CC,O=S(=O)([N-]S(=O)(=O)C(F)(F)F)C(F)(F)F,1
292.15,CC[P+](CC)(CC)CC,O=C([N-]S(=O)(=O)C(F)(F)F)C(F)(F)F,1
374.15,CCCCCCCCCCCCC[PH2+]C,[Cl-],1
368.15,CCCCCCCCCCCCC[PH2+]C,[Br-],1
333.15,CCCCCCCCCCCCC[PH2+]C,O=[N+]([O-])[O-],1
312.15,CCCCCCCCCCCCCC[P+](CCCCCC)(CCCCCC)CCCCCC,F[B-](F)(F)F,1
313.15,CCCCCCCCCCCCCC[P+](CCCCCC)(CCCCCC)CCCCCC,F[P-](F)(F)(F)(F)F,1
333.15,CCCCCC[P+](CC)(CCCCCC)CCCCCC,[Br-],1
343.15,CCCCCC[P+](CCCCCC)(CCCCCC)CCCCCC,[Br-],1
292.15,CCCC[P+](c1ccccc1)(c1ccccc1)c1ccccc1,O=C([O-])c1ccccc1,1
294.15,CCCCCC[P+](C)(C)C,O=S(=O)([N-]S(=O)(=O)C(F)(F)F)C(F)(F)F,1
280.15,CCCCCC[P+](C)(C)C,O=C([N-]S(=O)(=O)C(F)(F)F)C(F)(F)F,1
313.15,CCCCCC[P+](C)(C)C,O=S(=O)([N-]S(=O)(=O)C(F)(F)C(F)(F)F)C(F)(F)F,1
364.15,O=S(=O)(Cl)CCCC[P+](c1ccccc1)(c1ccccc1)c1ccccc1,O=S(=O)([O-])C(F)(F)F,1
370.15,CC[P+](C)(CC)CC,O=S(=O)([N-]S(=O)(=O)C(F)(F)F)C(F)(F)F,1
328.15,CCCC[P+](CC)(CC)CC,O=S(=O)([N-]S(=O)(=O)C(F)(F)F)C(F)(F)F,1
290.15,CCCCC[P+](CC)(CC)CC,O=S(=O)([N-]S(=O)(=O)C(F)(F)F)C(F)(F)F,1
286.15,CCCCCCCCCCCC[P+](CC)(CC)CC,O=S(=O)([N-]S(=O)(=O)C(F)(F)F)C(F)(F)F,1
287.15,CC[P+](CC)(CC)COC,O=S(=O)([N-]S(=O)(=O)C(F)(F)F)C(F)(F)F,1
283.15,CC[P+](CC)(CC)CCOC,O=S(=O)([N-]S(=O)(=O)C(F)(F)F)C(F)(F)F,1
332.15,CCCCCCCCCCCCCCCC[P+](CCCC)(CCCC)CCCC,[Br-],1
306.15,CCOC(N(C)C)=[N+](C)C,FC(F)(F)C(F)(F)[P-](F)(F)(F)(C(F)(F)C(F)(F)F)C(F)(F)C(F)(F)F,1
274.15,CCSC(N(C)C)=[N+](C)C,FC(F)(F)C(F)(F)[P-](F)(F)(F)(C(F)(F)C(F)(F)F)C(F)(F)C(F)(F)F,1
423.15,C[N+]1(CCO)CCOCC1,[Br-],1
231.15,C[N+]1(CCO)CCOCC1,O=S(=O)([N-]S(=O)(=O)C(F)(F)F)C(F)(F)F,1
364.15,CCC[N+]1(C)CCOCC1,[O-][Cl+3]([O-])([O-])[O-],1
331.15,CCC[N+]1(C)CCOCC1,O=[N+]([O-])[O-],1
359.15,CCC[N+]1(C)CCOCC1,F[P-](F)(F)(F)(F)F,1
331.15,C[N+]1(CCCF)CCOCC1,O=[N+]([O-])[O-],1
341.15,C[N+]1(CCCF)CCOCC1,O=S(=O)([O-])C(F)(F)F,1
353.15,C[N+]1(CCCF)CCOCC1,F[P-](F)(F)(F)(F)F,1
345.15,C[N+]1(CCOCC(F)(F)F)CCOCC1,F[P-](F)(F)(F)(F)F,1
335.15,C[N+]1(C(OCCC(F)(F)C(F)(F)C(F)F)C(F)F)CCOCC1,F[P-](F)(F)(F)(F)F,1
335.15,C1COCC[NH2+]1,O=C([CH-]C(=O)C(F)(F)F)C(F)(F)F,1
359.15,C1COCC[NH2+]1,CC(C)(C)C(=O)[CH-]C(=O)C(F)(F)C(F)(F)C(F)(F)F,1
345.15,C1COCC[NH2+]1,O=C([CH-]C(=O)C(F)(F)F)c1ccco1,1
375.15,C1COCC[NH2+]1,O=C([CH-]C(=O)C(F)(F)F)c1cccs1,1
302.15,CC[N+]1(C)CCOCC1,O=S(=O)([N-]S(=O)(=O)C(F)(F)F)C(F)(F)F,1
339.15,CCCC[N+]1(C)CCOCC1,F[B-](F)(F)F,1
308.15,CCCC[N+]1(C)CCOCC1,O=S(=O)([N-]S(=O)(=O)C(F)(F)F)C(F)(F)F,1
342.15,CCCC[N+]1(C)CCOCC1,F[B-](F)(F)C(F)(F)C(F)(F)C(F)(F)F,1
349.15,CCCC[N+]1(C)CCOCC1,F[B-](F)(F)C(F)(F)C(F)(F)C(F)(F)C(F)(F)F,1
358.15,COCC[N+]1(C)CCOCC1,F[B-](F)(F)F,1
358.15,COCC[N+]1(C)CCOCC1,O=S(=O)([N-]S(=O)(=O)C(F)(F)F)C(F)(F)F,1
274.15,COCC[N+]1(C)CCOCC1,F[B-](F)(F)C(F)(F)F,1
399.15,COCC[N+]1(C)CCOCC1,F[B-](F)(F)C(F)(F)C(F)(F)C(F)(F)C(F)(F)F,1
358.15,Cn1nn[n+](N)c1N,O=[N+]([O-])[N-][N+](=O)[O-],1
406.15,CC1=[NH+]N(C)NN1C,[O-][Cl+3]([O-])([O-])[O-],1
394.15,Cc1n(C)nn[n+]1N,[I-],1
324.15,Cc1n(C)nn[n+]1N,[O-][Cl+3]([O-])([O-])[O-],1
397.15,CC1=[NH+]N(N)NN1C,[I-],1
413.15,CC1=[NH+]N(N)NN1C,[O-][Cl+3]([O-])([O-])[O-],1
367.15,CC1=[NH+]N(N)NN1C,O=[N+]([O-])[O-],1
317.15,CCC[N+]1(C)CCOC1,O=S(=O)([N-]S(=O)(=O)C(F)(F)F)C(F)(F)F,1
314.15,CCC[N+]1(C)CCOC1,F[P-](F)(F)(F)(F)F,1
261.15,CCCC[N+]1(C)CCOC1,F[B-](F)(F)F,1
285.15,CCCC[N+]1(C)CCOC1,O=S(=O)([N-]S(=O)(=O)C(F)(F)F)C(F)(F)F,1
269.15,CCCC[N+]1(C)CCOC1,F[B-](F)(F)C(F)(F)C(F)(F)F,1
326.15,CCCC[N+]1(C)CCOC1,F[B-](F)(F)C(F)(F)C(F)(F)C(F)(F)F,1
327.15,CCCC[N+]1(C)CCOC1,F[B-](F)(F)C(F)(F)C(F)(F)C(F)(F)C(F)(F)F,1
274.15,COCC[N+]1(C)CCOC1,F[B-](F)(F)C(F)(F)C(F)(F)F,1
283.15,COCC[N+]1(C)CCOC1,F[B-](F)(F)C(F)(F)C(F)(F)C(F)(F)F,1
291.15,COCC[N+]1(C)CCOC1,F[B-](F)(F)C(F)(F)C(F)(F)C(F)(F)C(F)(F)F,1
266.15,CC[N+]1(CC)CCNCC1,O=S(=O)([O-])OCC(F)(F)C(F)(F)C(F)(F)C(F)F,1
259.15,FC(F)(CC[n+]1ccccn1)C(F)(F)S(F)(F)(F)(F)F,O=S(=O)([N-]S(=O)(=O)C(F)(F)F)C(F)(F)F,1
459.15,[NH3+]CC(=O)O,[Cl-],1
389.15,[NH3+]CC(=O)O,F[B-](F)(F)F,1
384.15,[NH3+]CC(=O)O,O=[N+]([O-])[O-],1
374.15,[NH3+]CC(=O)O,F[P-](F)(F)(F)(F)F,1
351.15,C[C@H]([NH3+])C(=O)O,F[B-](F)(F)F,1
432.15,C[C@H]([NH3+])C(=O)O,O=[N+]([O-])[O-],1
355.15,C[C@H]([NH3+])C(=O)O,O=C([O-])C(F)(F)F,1
349.15,O=C(O)[C@@H]1CCC[NH2+]1,F[B-](F)(F)F,1
351.15,O=C(O)[C@@H]1CCC[NH2+]1,O=C([O-])C(F)(F)F,1
407.15,CC(C)[C@H]([NH3+])C(=O)O,O=[N+]([O-])[O-],1
378.15,CC[C@H](C)[C@H]([NH3+])C(=O)O,O=[N+]([O-])[O-],1
317.15,COC(=O)C[NH3+],O=[N+]([O-])[O-],1
322.15,CCOC(=O)C[NH3+],O=[N+]([O-])[O-],1
255.15,COC(=O)C(C)[NH3+],F[B-](F)(F)F,1
256.15,COC(=O)C(C)[NH3+],O=S(=O)([N-]S(=O)(=O)C(F)(F)F)C(F)(F)F,1
334.15,COC(=O)C(C)[NH3+],O=[N+]([O-])[O-],1
311.15,COC(=O)C(C)[NH3+],C[C@H](O)C(=O)[O-],1
335.15,COC(=O)C(C)[NH3+],N#C[S-],1
378.15,COC(=O)C([NH3+])CO,O=[N+]([O-])[O-],1
256.15,CC[NH2+]C(C)C(=O)OCC,O=[N+]([O-])[O-],1
248.15,CC[NH2+]C(C)C(=O)OCC,C[C@H](O)C(=O)[O-],1
261.15,COC(=O)C([NH3+])C(C)O,O=[N+]([O-])[O-],1
257.15,COC(=O)C1CCC[NH2+]1,O=[N+]([O-])[O-],1
347.15,COC(=O)C([NH3+])C(C)C,O=[N+]([O-])[O-],1
256.15,CCOC(=O)C1CCC[NH2+]1,O=[N+]([O-])[O-],1
259.15,CCC(C)C([NH3+])C(=O)OC,O=[N+]([O-])[O-],1
348.15,CC(C)C[C@H]([NH3+])C(=O)O,O=[N+]([O-])[O-],1
365.15,COC(=O)C([NH3+])Cc1ccccc1,O=[N+]([O-])[O-],1
312.15,CCCn1cc(C[C@@H](NC(=O)c2ccccc2)C(=O)OC)[n+](CCC)c1,[Br-],1
328.15,COC(=O)[C@@H](Cc1cn(C(C)C)c[n+]1C(C)C)NC(=O)c1ccccc1,[I-],1
328.15,CC(=O)[C@@H](Cc1cn(C(C)C)c[n+]1C(C)C)NC(=O)OC(C)(C)C,[I-],1
344.15,Cc1cc(C)c(-n2cc[n+](C)c2)c(C)c1,O=S(=O)([N-]S(=O)(=O)C(F)(F)F)C(F)(F)F,1
194.15,CCCC[n+]1ccn(-c2ccc(OC)cc2)c1,FC(F)(F)C(O[B-](OC(C(F)(F)F)C(F)(F)F)(OC(C(F)(F)F)C(F)(F)F)OC(C(F)(F)F)C(F)(F)F)C(F)(F)F,1
299.15,CCCC[n+]1ccn(-c2c(C)cc(C)cc2C)c1,O=S(=O)([N-]S(=O)(=O)C(F)(F)F)C(F)(F)F,1
313.15,CCCCCC[n+]1ccn(-c2c(C)cc(C)cc2C)c1,O=S(=O)([N-]S(=O)(=O)C(F)(F)F)C(F)(F)F,1
305.15,CCCCCCCCCCC[n+]1ccn(-c2c(C)cc(C)cc2C)c1,O=S(=O)([N-]S(=O)(=O)C(F)(F)F)C(F)(F)F,1
357.15,CCCC[N+]1(C)CCCC(C)C1,O=S(=O)([O-])C(F)(F)F,1
355.15,CCCCCC[N+]1(C)CCCC(C)C1,O=S(=O)([O-])C(F)(F)F,1
331.15,CCCC[N+]1(C)CCCC(C)C1,O=C([O-])C(F)(F)F,1
314.15,CCCCCC[N+]1(C)CCCC(C)C1,O=C([O-])C(F)(F)F,1
417.15,CCCC[N+]1(C)CCCC(C)C1,[I-],1
396.15,CCCCCC[N+]1(C)CCCC(C)C1,[I-],1
317.15,CCC[n+]1ccccc1,O=S(=O)([N-]S(=O)(=O)C(F)(F)F)C(F)(F)F,1
419.15,CCCCc1c[n+](-c2ccccc2)nn1C,Cc1ccc(S(=O)(=O)[O-])cc1,1
375.15,CCCCc1c[n+](-c2ccccc2)nn1C,O=S(=O)([O-])C(F)(F)F,1
379.15,CCCCc1c[n+](C)nn1C,Cc1ccc(S(=O)(=O)[O-])cc1,1
372.15,Cn1cc[n+](C)n1,Cc1ccc(S(=O)(=O)[O-])cc1,1
368.15,Cn1cc[n+](C)c1,Cc1ccc(S(=O)(=O)[O-])cc1,1
414.15,CCCCCC[P+](CCCC)(CCCC)CCCC,F[P-](F)(F)(F)(F)F,1
440.15,CCCCCC[N+](CCCC)(CCCC)CCCC,F[P-](F)(F)(F)(F)F,1
297.15,CCCCCC[N+](CCCC)(CCCC)CCCC,O=S(=O)([N-]S(=O)(=O)C(F)(F)F)C(F)(F)F,1
368.15,C[N+]1(C)CCCC1,COS(=O)(=O)[O-],1
372.15,C[N+]1(C)CCCCC1,COS(=O)(=O)[O-],1
193.15,CC[N+]1(C)CCCCC1,CCOS(=O)(=O)[O-],1
386.15,C[N+]1(C)CCOCC1,COS(=O)(=O)[O-],1
318.15,CC[N+]1(C)CCOCC1,COS(=O)(=O)[O-],1
205.15,CC[N+]1(C)CCOCC1,CCOS(=O)(=O)[O-],1
288.15,CC[N+](CC)(CCOC)CCOC,O=S(=O)(F)[N-]S(=O)(=O)F,1
294.15,COCC[N+](CCOC)(CCOC)CCOC,O=S(=O)(F)[N-]S(=O)(=O)F,1
280.15,CC[N+](CC)(CCOC)CCOC,O=S(=O)([N-]S(=O)(=O)C(F)(F)F)C(F)(F)F,1
299.15,COCC[N+](CCOC)(CCOC)CCOC,O=S(=O)([N-]S(=O)(=O)C(F)(F)F)C(F)(F)F,1
341.15,CCC[N+](CCC)(CCC)CC(=O)OCC,O=S(=O)([N-]S(=O)(=O)C(F)(F)F)C(F)(F)F,1
327.15,CCCC[N+](CCCC)(CCCC)CC(=O)OCC,F[B-](F)(F)F,1
281.15,CCOCC[N+](CCOC)=C(N(C)C)N(C)C,O=S(=O)([N-]S(=O)(=O)C(F)(F)F)C(F)(F)F,1
257.15,CCCC[P+](CC)(CC)CC,O=S(=O)(F)[N-]S(=O)(=O)F,1
238.15,CCCCC[P+](CC)(CC)CC,O=S(=O)(F)[N-]S(=O)(=O)F,1
259.15,CC[P+](CC)(CC)COC,O=S(=O)(F)[N-]S(=O)(=O)F,1
255.15,CCOC[P+](CC)(CC)CC,O=S(=O)(F)[N-]S(=O)(=O)F,1
299.15,C=CC[N+](C)(C)CC(=O)OCC,O=S(=O)([N-]S(=O)(=O)C(F)(F)F)C(F)(F)F,1
256.15,CCCCC[N+](C)(C)CC(=O)OCC,O=S(=O)([N-]S(=O)(=O)C(F)(F)F)C(F)(F)F,1
245.15,C=CC[N+](CC)(CC)CC(=O)OCC,O=S(=O)([N-]S(=O)(=O)C(F)(F)F)C(F)(F)F,1
311.15,CCOC(=O)C[N+](C)(C)C,COS(=O)(=O)[O-],1
294.15,CCOC(=O)C[N+](C)(C)CC,CCOS(=O)(=O)[O-],1
242.15,CCOC(=O)C[N+](C)(CC)CC,COS(=O)(=O)[O-],1
243.15,CCOC(=O)C[N+](CC)(CC)CC,CCOS(=O)(=O)[O-],1
240.15,CCCC[N+](CC)(CC)CC(=O)OCC,CCCCOS(=O)(=O)[O-],1
273.15,CCC[P+](C)(C)C,O=S(=O)(F)[N-]S(=O)(=O)F,1
313.15,CCC[P+](C)(C)C,O=S(=O)([N-]S(=O)(=O)C(F)(F)F)C(F)(F)F,1
267.15,COC[P+](C)(C)C,O=S(=O)(F)[N-]S(=O)(=O)F,1
286.15,COC[P+](C)(C)C,O=S(=O)([N-]S(=O)(=O)C(F)(F)F)C(F)(F)F,1
268.15,C=CC[P+](C)(C)C,O=S(=O)(F)[N-]S(=O)(=O)F,1
191.15,CCCC[n+]1ccn(C)c1,F[B-](F)(F)F,1
191.15,CCCCCC[n+]1ccn(C)c1,F[B-](F)(F)F,1
352.15,CCCCCCCC[n+]1ccn(C)c1,F[B-](F)(F)F,1
283.15,CCCC[n+]1ccn(C)c1,F[P-](F)(F)(F)(F)F,1
212.15,CCCCCC[n+]1ccn(C)c1,F[P-](F)(F)(F)(F)F,1
338.15,CCCC[n+]1ccn(C)c1,[Cl-],1
455.15,C=C(C)c1n(C)cc[n+]1CC(=O)c1ccccc1,[Br-],1
473.15,C=C(c1n(C)cc[n+]1CC(=O)c1ccccc1)C(C)(C)C,[Br-],1
458.15,C=C(c1ccccc1)c1n(C)cc[n+]1CC(=O)c1ccccc1,[Br-],1
436.15,CCCn1cc[n+](CCC)c1CC(C)C,[Br-],1
344.15,C=CCn1cc[n+](CCCCCCCCCC)c1C,[Br-],1
371.15,C=CC[n+]1ccn(C)c1CCCCCCCCC,[Br-],1
460.15,CCCCCCCc1n(C)cc[n+]1Cc1ccccc1,[Br-],1
427.15,CCn1c[n+](CC)c(-c2ccccc2)c1-c1ccccc1,[Br-],1
467.15,CCCCCCCCCc1n(C)cc[n+]1Cc1ccccc1,[Br-],1
460.15,CCCCCCCCCCCc1n(Cc2ccccc2)cc[n+]1C,[Br-],1
390.15,CCCCCCCCCCCc1n(Cc2ccccc2)cc[n+]1CCCCC,[Br-],1
485.15,c1ccc(Cn2c[n+](Cc3ccccc3)c(-c3ccccc3)c2-c2ccccc2)cc1,[Br-],1
494.15,Cn1cc[n+](C)c1SC#N,[Br-],1
541.15,Cn1c(Br)c(Br)[n+](C)c1Br,[Br-],1
556.15,C[n+]1c(N)cn(-c2ccccc2)c1-c1ccccc1,[Br-],1
474.15,Cc1n(C)cc[n+]1CC(=O)c1ccc(Cl)cc1,[Br-],1
479.15,Cc1ccc(C(=O)C[n+]2ccn(-c3ccccc3)c2C)cc1,[Br-],1
556.15,Nc1cn(-c2ccccc2)c(-c2ccccc2)[n+]1-c1ccccc1,[Br-],1
545.15,CC(=O)Nc1cn(-c2ccccc2)c(-c2ccccc2)[n+]1C,[Br-],1
408.15,Cc1c(CCO)[n+](Cc2ccccc2)cn1Cc1ccccc1,[Br-],1
541.15,Cc1ccc(-[n+]2c(N)cn(-c3ccccc3)c2-c2ccccc2)cc1,[Br-],1
502.15,Cc1n(Cc2ccccc2)cc[n+]1CC(=O)c1ccc(Cl)cc1,[Br-],1
475.15,COc1ccc(C(=O)C[n+]2ccn(Cc3ccccc3)c2C)cc1,[Br-],1
498.15,COc1ccc(Cn2cc[n+](CC(=O)c3ccc(C)cc3)c2C)cc1,[Br-],1
373.15,C=Cn1cc[n+](CC)c1,[Br-],1
428.15,C=Cn1cc[n+](CCC)c1,[Br-],1
356.15,C=C[n+]1ccn(CCCC)c1,[Br-],1
557.15,Cn1cc[n+](C)c1-c1ccccc1,[Br-],1
362.15,C[n+]1ccn(C(=O)c2ccccc2)c1,[Br-],1
475.15,O=C(C[n+]1ccn(O)c1)c1ccc(Cl)cc1,[Br-],1
388.15,On1cc[n+](Cc2ccc(Cl)cc2Cl)c1,[Br-],1
429.15,COn1cc[n+](CC(=O)c2ccc(Cl)cc2)c1,[Br-],1
403.15,CCOn1cc[n+](CC(=O)c2ccc(Cl)cc2)c1,[Br-],1
407.15,CCOn1cc[n+](Cc2ccc(Cl)cc2Cl)c1,[Br-],1
473.15,Cc1n(O)cc[n+]1CC(=O)c1ccc(Cl)cc1,[Br-],1
393.15,CCOn1cc[n+](Cc2ccc([N+](=O)[O-])cc2)c1,[Br-],1
472.15,CCc1n(O)cc[n+]1CC(=O)c1ccc(Cl)cc1,[Br-],1
390.15,C=CCOn1cc[n+](Cc2ccc(Cl)cc2Cl)c1,[Br-],1
463.15,COc1cc(C[n+]2ccn(O)c2)cc(OC)c1OC,[Br-],1
411.15,COc1cc(C[n+]2ccn(OC)c2)cc(OC)c1OC,[Br-],1
410.15,C=CCOn1cc[n+](Cc2ccc3c(c2)OCO3)c1,[Br-],1
414.15,CN(C)c1ccc(C(=O)C[n+]2ccn(Oc3ccccc3)c2)cc1,[Br-],1
439.15,CC(C)(C)C(=O)On1cc[n+](CC(=O)c2ccc(Cl)cc2)c1,[Br-],1
411.15,Clc1ccc(C[n+]2ccn(OCCc3ccccc3)c2)c(Cl)c1,[Br-],1
444.15,CCc1n(Oc2ccccc2)cc[n+]1CC(=O)c1ccc(Cl)cc1,[Br-],1
413.15,Cc1n(OC(=O)C(C)(C)C)cc[n+]1CC(=O)c1ccc(Cl)cc1,[Br-],1
457.15,CCc1n(OC(=O)C(C)(C)C)cc[n+]1CC(=O)c1ccc(Cl)cc1,[Br-],1
447.15,Cc1n(OCc2ccc(Br)cc2)cc[n+]1OCc1ccc(Br)cc1,[Br-],1
417.15,CCc1n(OCc2ccccc2)cc[n+]1Cc1ccc(Cl)cc1Cl,[Br-],1
443.15,CCc1n(OCc2ccc(Br)cc2)cc[n+]1OCc1ccc(Br)cc1,[Br-],1
432.15,CCc1n(OCc2ccccc2)cc[n+]1Cc1cc(OC)c(OC)c(OC)c1,[Br-],1
378.15,Cc1n(OCc2ccc(Cl)cc2Cl)cc[n+]1CC(=O)c1ccc(Cl)cc1,[Br-],1
449.15,CCc1n(OCc2ccc(Cl)cc2Cl)cc[n+]1OCc1ccc(Cl)cc1Cl,[Br-],1
463.15,Cc1n(OCc2ccc(Cl)cc2Cl)cc[n+]1OCc1ccc(Cl)cc1Cl,[Br-],1
441.15,Cc1n(OCc2ccc([N+](=O)[O-])cc2)cc[n+]1OCc1ccc([N+](=O)[O-])cc1,[Br-],1
403.15,CCc1n(OCc2ccc(Cl)cc2Cl)cc[n+]1Cc1ccc([N+](=O)[O-])cc1,[Br-],1
429.15,CCc1n(OCc2c(Cl)cccc2Cl)cc[n+]1OCc1c(Cl)cccc1Cl,[Br-],1
442.15,CCc1n(OCc2ccc([N+](=O)[O-])cc2)cc[n+]1OCc1ccc([N+](=O)[O-])cc1,[Br-],1
523.15,Cn1c[n+](CC(=O)c2ccccc2)c(C(N)=O)c1N,[Br-],1
469.15,Cn1c[n+](C)cc1Cl,[Br-],1
451.15,CCOC(=O)C(Cn1cc[n+](C)c1)=NO,[Br-],1
497.15,Cc1n(C)cc[n+]1Cc1ccccc1C(=O)Oc1ccc([N+](=O)[O-])cc1,[Br-],1
393.15,CC[C@@H]1C(=O)OC[C@@H]1Cc1c[n+](CCO)cn1C,[Br-],1
388.15,CC[C@@H]1C(=O)OC[C@@H]1Cc1c[n+](Cc2cccc(C)c2)cn1C,[Br-],1
388.15,CC[C@@H]1C(=O)OC[C@@H]1Cc1c[n+](Cc2ccccc2C)cn1C,[Br-],1
322.15,CC[C@@H]1C(=O)OC[C@@H]1Cc1c[n+](CC(=O)c2ccccc2)cn1C,[Br-],1
355.15,CC[C@@H]1C(=O)OC[C@@H]1Cc1c[n+](CCOc2ccccc2)cn1C,[Br-],1
324.15,CC[C@@H]1C(=O)OC[C@@H]1Cc1c[n+](CCCOc2ccccc2)cn1C,[Br-],1
428.15,CC[C@@H]1C(=O)OC[C@@H]1Cc1c[n+](Cc2cccc(Cl)c2)cn1C,[Br-],1
430.15,CC[C@@H]1C(=O)OC[C@@H]1Cc1c[n+](Cc2ccc([N+](=O)[O-])cc2)cn1C,[Br-],1
454.15,CC[C@@H]1C(=O)OC[C@@H]1Cc1c[n+](Cc2cccc([N+](=O)[O-])c2)cn1C,[Br-],1
364.15,CC[C@@H]1C(=O)OC[C@@H]1Cc1c[n+](CC(=O)c2ccc(F)cc2)cn1C,[Br-],1
427.15,COC(=O)C=Cc1ccc(C[n+]2ccn(C(C)=O)c2)cc1,[Br-],1
402.15,CCOC(=O)n1cc[n+](Cc2ccc(C=CC(=O)OC)cc2)c1,[Br-],1
428.15,COC(=O)C=Cc1ccc(C[n+]2ccn(C(=O)c3ccccc3)c2)cc1,[Br-],1
399.15,CC(=O)n1cc[n+](Cc2ccccc2)c1,[Br-],1
407.15,ON=CC[n+]1cc[nH]c1C1OCCO1,[Br-],1
467.15,Cn1cc[n+](CC=NO)c1C1OCCO1,[Br-],1
493.15,Cc1n(CC2CC(c3ccccc3)(c3ccccc3)C(=O)O2)cc[n+]1Cc1ccccc1,[Br-],1
504.15,CC(=O)N1CCC(c2cn(C(c3ccccc3)(c3ccccc3)c3ccccc3)c[n+]2CC(=O)c2ccccc2)CC1,[Br-],1
470.15,Cn1cc[n+](CC(O)c2ccccc2)c1,[Br-],1
352.15,CCCCCCCn1cc[n+](CC(=O)c2ccc(NS(C)(=O)=O)cc2)c1,[Br-],1
415.15,C=CCn1cc(Cl)[n+](C)c1,[Br-],1
453.15,Cn1cc[n+](C2(C(C)(C)C)C=C(C(C)(C)C)C(=O)C(C(C)(C)C)=C2)c1,[Br-],1
459.15,Cc1cccc(C(=O)C[n+]2ccn(C)c2)c1,[Br-],1
426.15,Cc1ccccc1C(=O)C[n+]1ccn(C)c1,[Br-],1
420.15,Cn1cc[n+](CC(=O)c2ccco2)c1,[Br-],1
437.15,Cc1ccc(C(=O)C[n+]2ccn(C)c2)cc1C,[Br-],1
453.15,Cc1ccc(C(=O)C[n+]2ccn(C)c2)c(C)c1,[Br-],1
422.15,Cn1cc[n+](CC(=O)c2ccc(Cl)cc2)c1,[Br-],1
452.15,Cn1cc[n+](CC(=O)c2ccccc2F)c1,[Br-],1
431.15,COc1ccc(C(=O)C[n+]2ccn(C)c2)cc1,[Br-],1
449.15,Cn1cc[n+](CC(=O)c2cccc(Cl)c2)c1,[Br-],1
418.15,CCOc1ccc(C(=O)C[n+]2ccn(C)c2)cc1,[Br-],1
485.15,Cn1cc[n+](CC(=O)c2ccc(C#N)cc2)c1,[Br-],1
496.15,Cc1cc(C)c(C(=O)C[n+]2ccn(C)c2)c(C)c1,[Br-],1
504.15,Cn1cc[n+](CC(=O)c2cccc3ccccc23)c1,[Br-],1
512.15,Cn1cc[n+](CC(=O)c2ccc3ccccc3c2)c1,[Br-],1
445.15,COc1cccc(C(=O)C[n+]2ccn(C)c2)c1,[Br-],1
411.15,CCOc1cccc(C(=O)C[n+]2ccn(C)c2)c1,[Br-],1
439.15,COc1ccccc1C(=O)C[n+]1ccn(C)c1,[Br-],1
358.15,CCCOc1cccc(C(=O)C[n+]2ccn(C)c2)c1,[Br-],1
451.15,COc1cccc(C(=O)C[n+]2ccn(C(C)C)c2)c1,[Br-],1
457.15,Cn1cc[n+](CC(=O)c2ccc(Cl)c(Cl)c2)c1,[Br-],1
476.15,CC(=O)Nc1cccc(C(=O)C[n+]2ccn(C)c2)c1,[Br-],1
513.15,COc1cc(OC)cc(C(=O)C[n+]2ccn(C)c2)c1,[Br-],1
505.15,COc1ccc(C(=O)C[n+]2ccn(C)c2)cc1OC,[Br-],1
420.15,COc1cccc(C(=O)C[n+]2ccn(-c3ccccc3)c2)c1,[Br-],1
489.15,COc1cccc(C(=O)C[n+]2ccn(C)c2)c1OC,[Br-],1
482.15,COc1ccc(OC)c(C(=O)C[n+]2ccn(C)c2)c1,[Br-],1
431.15,COc1cccc(C(=O)C[n+]2ccn(C)c2SC(C)C)c1,[Br-],1
455.15,Cc1ccc(C(=O)C[n+]2cn(C)c(-c3ccccc3)c2-c2ccccc2)cc1,[Br-],1
524.15,Cc1n(CC(=O)c2ccc(Sc3ccccc3)cc2)cc[n+]1CC(=O)c1ccc(Sc2ccccc2)cc1,[Br-],1
362.15,C=CCn1cc[n+](CCC#N)c1,[Br-],1
546.15,Cc1cc(C)c(C)c(C(=O)Cn2cc[n+](CC(=O)c3c(C)c(C)cc(C)c3C)c2)c1C,[Br-],1
377.15,Cn1cc[n+](CCCCCC(=O)O)c1,[Br-],1
389.15,C=CC[n+]1cn(CCC#N)cc1-c1ccccc1,[Br-],1
405.15,N#CCCC[n+]1cn(CCC#N)cc1-c1ccccc1,[Br-],1
447.15,N#CCCn1cc(-c2ccccc2)[n+](Cc2ccccc2)c1,[Br-],1
479.15,COC(=O)c1ccc(NC(=O)C[n+]2cn(CCC#N)cc2-c2ccccc2)cc1,[Br-],1
427.15,Cc1n(O)cc(Br)[n+]1O,[Br-],1
454.15,On1cc[n+](O)c1Br,[Br-],1
425.15,Cc1c(C)[n+](O)c(Br)n1O,[Br-],1
434.15,N#Cc1n(O)cc(Br)[n+]1O,[Br-],1
431.15,On1cc(Br)[n+](O)c1-c1ccccc1,[Br-],1
523.15,Cc1c(C)[n+](Cc2ccc(F)cc2)cn1Cc1ccc(F)cc1,[Br-],1
367.15,Cn1cc[n+](Cc2ccc(C(=O)c3ccccc3)cc2)c1,[Br-],1
498.15,Cc1ccccc1C[n+]1ccn(CCC(C(N)=O)(c2ccccc2)c2ccccc2)c1C,[Br-],1
445.15,Cc1n(CCCC(C(N)=O)(c2ccccc2)c2ccccc2)cc[n+]1Cc1ccccc1,[Br-],1
472.15,Cc1n(CCC(C(N)=O)(c2ccccc2)c2ccccc2)cc[n+]1Cc1ccccc1Cl,[Br-],1
484.15,Cc1cccc(C[n+]2ccn(CCC(C(N)=O)(c3ccccc3)c3ccccc3)c2C)c1,[Br-],1
495.15,Cc1n(CCC(C(N)=O)(c2ccccc2)c2ccccc2)cc[n+]1Cc1cccc(Cl)c1,[Br-],1
407.15,Cc1n(CCC(C(N)=O)(c2ccccc2)c2ccccc2)cc[n+]1Cc1ccc(Cl)cc1,[Br-],1
429.15,Cc1n(CCCCC(C(N)=O)(c2ccccc2)c2ccccc2)cc[n+]1Cc1ccccc1,[Br-],1
489.15,Cc1n(CCC(C(N)=O)(c2ccccc2)c2ccccc2)cc[n+]1Cc1ccc([N+](=O)[O-])cc1,[Br-],1
338.15,CC(C)(C)[n+]1ccn(Cc2ccccn2)c1,[Br-],1
391.15,CCN(CC)C(=O)C[n+]1ccn(C(C)(C)C)c1,[Br-],1
380.15,Cn1cc[n+](Cc2ccccc2)c1Sc1ccccc1,[Br-],1
448.15,CCN(CC)C(=O)C[n+]1ccn(-c2c(C)cc(C)cc2C)c1,[Br-],1
457.15,CC(C)(C)c1cc(Cn2cc[n+](C(C)(C)C)c2)c(N)c(C(C)(C)C)c1,[Br-],1
457.15,CC(C)(C)c1cc(Cn2cc[n+](C(C)(C)C)c2)c([N+](=O)[O-])c(C(C)(C)C)c1,[Br-],1
316.15,CC[n+]1ccn(CCc2ccccc2)c1,[Br-],1
444.15,c1ccc(Cn2cc[n+](Cc3ccccc3)c2Sc2ccccc2)cc1,[Br-],1
440.15,CC(C[n+]1ccn(C)c1)=NO,[Br-],1
285.15,CC[n+]1ccn([C@H](CO)C(C)C)c1,[Br-],1
289.15,CC[n+]1ccn([C@H](CO)CC(C)C)c1,[Br-],1
581.15,Cc1cc(C)c(-n2cc[n+](-c3c(C)cc(C)cc3C)c2)c(C)c1,[Br-],1
397.15,CCCCCCCCCCCCCCCCn1cc[n+](CC(C)=NO)c1,[Br-],1
352.15,CCCCCCCCCCCCCCCCCCOCC(COC[n+]1ccn(C)c1)OCCCCCCCCCCCCCCCCCC,[Br-],1
391.15,Cc1cscc1OCCC[n+]1ccn(C)c1C,[Br-],1
404.15,COC(=O)Cn1cc(C(=O)OC)[n+](CC(=O)OC)c1,[Br-],1
456.15,COC(=O)Cn1cc(C(=O)Nc2ccccc2)[n+](CC(=O)OC)c1,[Br-],1
354.15,CCCCCCCCCCCC(=O)NCCCC[C@H](NC(=O)CCCCCCCCCC[n+]1ccn(C)c1)C(=O)OCC,[Br-],1
385.15,C[n+]1ccn(Cc2cc3ccc2CCc2ccc(c(C4=NC(C)(C)CO4)c2)CC3)c1,[Br-],1
352.15,CCCCCCCCCCCC(=O)NCCCC[C@H](NC(=O)CCCCC)C(=O)OCCCCCCCCCCC[n+]1ccn(C)c1,[Br-],1
431.15,C#CC[n+]1ccn(C=C)c1,[Br-],1
339.15,C#CC[n+]1ccn(CC=C)c1,[Br-],1
358.15,CC(C)Cn1cc[n+](CC(C)C)c1,[Br-],1
405.15,CCCCCCNC(=O)Cn1cc[n+](CC(=O)NCCCCCC)c1,[Br-],1
548.15,Cc1cc(C)c(-[n+]2ccn(Cc3cc4ccc3CCc3ccc(c(P(c5ccccc5)c5ccccc5)c3)CC4)c2)c(C)c1,[Br-],1
303.15,C=CCn1cc[n+](CCC)c1,[Br-],1
415.15,C#CCn1cc[n+](CC#C)c1,[Br-],1
294.15,C=CCn1cc[n+](CCCCC)c1,[Br-],1
279.15,CCCCCCCCCCCCn1cc[n+](CC[C@H](C)CCC=C(C)C)c1,[Br-],1
314.15,CCCCCCCCCCCCCCCCCCn1cc[n+](CC[C@H](C)CCC=C(C)C)c1,[Br-],1
472.15,CC(=O)c1sc(Nc2ccccc2)c(-n2cc[n+](CC(=O)c3ccccc3)c2)c1-c1ccccc1,[Br-],1
504.15,CCOC(=O)CCCn1c(C)[n+](Cc2ccccc2)c2ccccc21,[Br-],1
344.15,CCCCCCCCCCCC[n+]1cn(CC)c2ccccc21,[Br-],1
543.15,C[n+]1c(-c2ccccc2C(=O)O)[nH]c2ccccc21,[Br-],1
370.15,CCCCCCCCCn1c[n+](CCCCCCCCC)c2ccccc21,[Br-],1
340.15,CCCCCCCCCCCCCCCC[n+]1cn(CC)c2ccccc21,[Br-],1
528.15,Cn1c(-c2ccc([N+](=O)[O-])cc2)[n+](C)c2cc([N+](=O)[O-])ccc21,[Br-],1
533.15,Cn1c(C(F)(F)F)[n+](C)c2ccccc21,[Br-],1
518.15,CCc1n(C)c2ccc([N+](=O)[O-])cc2[n+]1C,[Br-],1
553.15,CCn1c(C)[n+](CCC=O)c2cc(Cl)c(Cl)cc21,[Br-],1
465.15,Cn1c(C(F)(F)F)[n+](C)c2cc(Cl)ccc21,[Br-],1
486.15,Cn1c(C(F)(F)F)[n+](C)c2c(Br)c(Br)c(Br)c(Br)c21,[Br-],1
446.15,CCn1c(Cc2ccccc2)[n+](CCC(C)=O)c2cc(Cl)c(Cl)cc21,[Br-],1
480.15,CCOC(=O)C[n+]1c(-c2ccc(-c3ccc(Cl)cc3)o2)n(C)c2ccc(C#N)cc21,[Br-],1
482.15,CCOC(=O)C[n+]1c(-c2ccc(-c3ccc(Cl)cc3)o2)n(C)c2ccc(C(=O)OC)cc21,[Br-],1
498.15,CCOC(=O)C[n+]1c(-c2ccc(-c3ccc(Cl)cc3)o2)n(C)c2ccc(S(C)(=O)=O)cc21,[Br-],1
461.15,CCN1C(=CC=Cc2n(CCOC(C)=O)c3ccc(C#N)cc3[n+]2CCO)N(CC)c2cc(C#N)ccc21,[Br-],1
488.15,CCN1C(=CC=Cc2n(CC)c3c(Br)c(Br)c(Br)c(Br)c3[n+]2CC)N(CC)c2c(Br)c(Br)c(Br)c(Br)c21,[Br-],1
556.15,CCN1C(=CC=Cc2n(CC)c3c(Br)c(Cl)c(Cl)c(Br)c3[n+]2CC)N(CC)c2c(Br)c(Cl)c(Cl)c(Br)c21,[Br-],1
436.15,CCN1C(=CC=Cc2n(CCOC(C)=O)c3ccc(C#N)cc3[n+]2CCOC(C)=O)N(CC)c2cc(Cl)c(Cl)cc21,[Br-],1
426.15,CCNS(=O)(=O)c1ccc2c(c1)[n+](CCCCS(=O)(=O)NC(C)=O)c(C=CC=C1Oc3cc(C)c(C)cc3N1CC)n2CC,[Br-],1
498.15,CCN1C(=CC=Cc2n(CC)c3cc(Cl)c(Cl)cc3[n+]2CCOCCC(=O)O)N(CCOCCC(=O)O)c2cc(Cl)c(Cl)cc21,[Br-],1
516.15,Cc1n(C)c2ccccc2[n+]1CC#N,[Br-],1
534.15,CCn1c(C)[n+](CC#N)c2ccccc21,[Br-],1
545.15,Cc1ccc(C(=O)C[n+]2c(N)n(C)c3ccccc32)cc1,[Br-],1
532.15,Cn1c(N)[n+](CC(=O)c2ccco2)c2ccccc21,[Br-],1
592.15,CC[n+]1c(-c2cc(C)nc3ccccc23)[nH]c2ccccc21,[Br-],1
469.15,COc1ccc2c(c1)[n+](CC(=O)c1ccccc1)cn2C,[Br-],1
497.15,Cn1c[n+](CC(=O)c2ccccc2)c2cc([N+](=O)[O-])ccc21,[Br-],1
538.15,Cc1n(C)c2ccc([N+](=O)[O-])cc2[n+]1CC(=O)c1ccccc1,[Br-],1
486.15,CCCCn1c(N)[n+](CC(=O)c2ccccc2)c2ccccc21,[Br-],1
527.15,CCn1c[n+](CC(=O)c2ccc([N+](=O)[O-])cc2)c2cc(C)c(C)cc21,[Br-],1
512.15,COc1ccc2c(c1)[n+](CC(=O)c1ccc([N+](=O)[O-])cc1)cn2C,[Br-],1
500.15,Cc1n(-c2ccccc2)c2ccccc2[n+]1CC(=O)c1ccc([N+](=O)[O-])cc1,[Br-],1
509.15,Cn1c[n+](CC(=O)c2ccc([N+](=O)[O-])cc2)c2cc([N+](=O)[O-])ccc21,[Br-],1
471.15,CCN(CC)CCn1c(C)[n+](CC(=O)c2ccc([N+](=O)[O-])cc2)c2ccccc21,[Br-],1
500.15,COc1ccc(OC)c2c1n(Cc1ccccc1)c[n+]2CC(=O)c1ccc([N+](=O)[O-])cc1,[Br-],1
521.15,CC(C)(C)C(=O)C[n+]1c(N)n(N)c2ccccc21,[Br-],1
531.15,Nc1n(N)c2ccccc2[n+]1CC(=O)c1ccccc1,[Br-],1
553.15,COc1ccc(C(=O)C[n+]2c(N)n(N)c3ccccc32)cc1,[Br-],1
481.15,CC(C)n1c(N)[n+](CC(=O)c2ccccc2)c2ccccc21,[Br-],1
514.15,COC(=O)C[n+]1c(N)n(C)c2ccccc21,[Br-],1
525.15,CCOC(=O)C[n+]1c(N)n(C)c2ccccc21,[Br-],1
501.15,CCCCn1c(N)[n+](CC(=O)OC)c2ccccc21,[Br-],1
590.15,Nc1n(Cc2ccc([N+](=O)[O-])cc2)c2ccccc2[n+]1Cc1ccc([N+](=O)[O-])cc1,[Br-],1
396.15,Cn1c(SCC(=O)c2ccccc2)[n+](N)c2ccccc21,[Br-],1
424.15,N#CCCCn1c[n+](CCC#N)c2ccccc21,[Br-],1
504.15,COC(=O)Cn1c(C)[n+](CC(C)=O)c2ccccc21,[Br-],1
508.15,CCOC(=O)Cn1c(CC)[n+](CC(=O)c2ccccc2)c2ccccc21,[Br-],1
488.15,COC(=O)Cn1c(C)[n+](CC(=O)c2ccc(OC)cc2)c2ccccc21,[Br-],1
449.15,O=C(O)Cn1c(Cc2ccccc2)[n+](CC(=O)c2ccccc2)c2ccccc21,[Br-],1
490.15,CCCCNC(=O)Cn1c(C)[n+](CC(=O)c2ccccc2)c2ccccc21,[Br-],1
501.15,COC(=O)Cn1c(C)[n+](CC(=O)c2ccc([N+](=O)[O-])cc2)c2ccccc21,[Br-],1
485.15,CCOC(=O)Cn1c(Cc2ccccc2)[n+](CC(=O)c2ccccc2)c2ccccc21,[Br-],1
521.15,CCN1C(=CC=Cc2n(CC)c3cc(Cl)c(Cl)cc3[n+]2CCCC(=O)O)N(CCCC(=O)O)c2cc(Cl)c(Cl)cc21,[Br-],1
382.15,CCCCCCCCN1C(=CC=Cc2n(CCCCCCCC)c3cc(Cl)c(Cl)cc3[n+]2CCCC(=O)O)N(CCCC(=O)O)c2cc(Cl)c(Cl)cc21,[Br-],1
369.15,CCCCCCCCCCCCN1C(=CC=Cc2n(CCCCCCCCCCCC)c3cc(Cl)c(Cl)cc3[n+]2CCCC(=O)O)N(CCCC(=O)O)c2cc(Cl)c(Cl)cc21,[Br-],1
454.15,C=CC[n+]1cn(C(C)CC#N)c2cccc(C)c21,[Br-],1
461.15,Cc1cccc2c1[n+](CCCC#N)cn2C(C)CC#N,[Br-],1
488.15,Cc1cccc2c1[n+](Cc1ccccc1)cn2C(C)CC#N,[Br-],1
415.15,COC(=O)c1ccc(NC(=O)C[n+]2cn(C(C)CC#N)c3cccc(C)c32)cc1,[Br-],1
489.15,COC(=O)C[n+]1c(N)n(NCc2ccccc2)c2ccccc21,[Br-],1
460.15,C#CC[n+]1c(CO)n(CCC#N)c2ccccc21,[Br-],1
460.15,C=CC[n+]1c(CO)n(CCC#N)c2ccccc21,[Br-],1
431.15,CCc1n(CCC#N)c2ccccc2[n+]1CC(=O)c1ccccc1,[Br-],1
475.15,Cc1n(CCC#N)c2ccccc2[n+]1CC(=O)c1ccccc1,[Br-],1
482.15,CCCc1n(CCC#N)c2ccccc2[n+]1CC(=O)c1ccccc1,[Br-],1
478.15,N#CCCn1c(CO)[n+](CC(=O)c2ccccc2)c2ccccc21,[Br-],1
529.15,Cc1n(CCC(N)=O)c2ccccc2[n+]1CC(=O)c1ccccc1,[Br-],1
446.15,CCCCc1n(CCC#N)c2ccccc2[n+]1CC(=O)c1ccccc1,[Br-],1
456.15,CC(O)c1n(CCC#N)c2ccccc2[n+]1CC(=O)c1ccccc1,[Br-],1
503.15,Cc1n(N)c2ccccc2[n+]1CC(=O)c1ccccc1,[Br-],1
495.15,Cc1n(N)c2ccccc2[n+]1CC(=O)c1cccs1,[Br-],1
493.15,Cc1n(N=Cc2ccccc2)c2ccccc2[n+]1CC(=O)c1ccccc1,[Br-],1
492.15,Cc1n(NCc2ccccc2)c2ccccc2[n+]1CC(=O)c1ccccc1,[Br-],1
511.15,Cc1n(N=Cc2ccc([N+](=O)[O-])cc2)c2ccccc2[n+]1CC(=O)c1ccccc1,[Br-],1
502.15,Cc1n(NCc2ccccc2)c2ccccc2[n+]1CC(=O)c1ccc([N+](=O)[O-])cc1,[Br-],1
386.15,CCn1c[n+](CC(=O)c2ccccc2)c2ccccc21,[Br-],1
379.15,C=CCn1c[n+](CC(=O)c2ccccc2)c2ccccc21,[Br-],1
456.15,O=C(C[n+]1cn(CO)c2ccccc21)c1ccccc1,[Br-],1
488.15,C=CCn1c[n+](CC(=O)c2ccc(Br)cc2)c2ccccc21,[Br-],1
471.15,CCn1c[n+](CC(=O)c2ccc(Br)cc2)c2ccccc21,[Br-],1
437.15,C=C(Br)Cn1c[n+](CC(=O)c2ccccc2)c2ccccc21,[Br-],1
512.15,O=C(C[n+]1cn(CO)c2ccccc21)c1ccc(Br)cc1,[Br-],1
415.15,C=C(Br)Cn1c[n+](CC(=O)c2ccc(Br)cc2)c2ccccc21,[Br-],1
399.15,O=C(C[n+]1cn(Cc2ccccc2)c2ccccc21)c1ccc(Br)cc1,[Br-],1
544.15,Cn1c[n+](CCCn2c(=O)nc3n(-c4ccccc4)c4ccccc4nc-3c2=O)c2ccccc21,[Br-],1
402.15,CC(=O)C[n+]1cn(Cc2ccccc2)c2ccccc21,[Br-],1
515.15,CCOC(=O)C[n+]1c(C)n(Cc2ccccc2)c2ccccc21,[Br-],1
523.15,CCOC(=O)Cn1c(C)[n+](CC(=O)OCC)c2ccccc21,[Br-],1
392.15,CC(=O)C[n+]1cn(C)c2ccccc21,[Br-],1
435.15,Cn1c(Sc2ccccc2)[n+](Cc2ccccc2)c2ccccc21,[Br-],1
369.15,C=CCn1c[n+](CC=C)c2ccccc21,[Br-],1
380.15,CC=CC[n+]1cn(CCOCC)c2ccccc21,[Br-],1
451.15,C#CC[n+]1cn(CC=C)c2ccccc21,[Br-],1
474.15,C=CCn1c[n+](Cc2ccccc2)c2ccccc21,[Br-],1
350.15,CC=CC[n+]1cn(CCOCC)c2ccc(C)cc21,[Br-],1
401.15,C=CC[n+]1cn(CCOCC)c2ccc(C)cc21,[Br-],1
481.15,CC[n+]1cn(CCC[Si](C)(C)C)c2ccccc21,[Br-],1
398.15,C=CC[n+]1cn(CCC[Si](C)(C)C)c2ccccc21,[Br-],1
452.15,C=CCn1c[n+](Cc2ccc(Br)cc2)c2ccccc21,[Br-],1
359.15,CCOCCn1c[n+](CCc2ccccc2)c2ccccc21,[Br-],1
418.15,C=CCn1c[n+](CC#C[Si](C)(C)C)c2ccccc21,[Br-],1
439.15,C#CC[n+]1cn(CCC[Si](C)(C)C)c2ccccc21,[Br-],1
395.15,COCCn1c[n+](CCc2ccccc2)c2cc(C)ccc21,[Br-],1
402.15,C[Si](C)(C)CCCn1c[n+](Cc2ccccc2)c2ccccc21,[Br-],1
396.15,Cc1ccc2c(c1)[n+](CCc1ccccc1)cn2CCc1ccccc1,[Br-],1
449.15,COc1ccccc1C[n+]1cn(CCC[Si](C)(C)C)c2ccccc21,[Br-],1
453.15,O=[N+]([O-])c1ccc2c(c1)[n+](CCc1ccccc1)cn2CCc1ccccc1,[Br-],1
571.15,c1ccc2c(c1)n(C13CC4CC(CC(C4)C1)C3)c[n+]2C12CC3CC(CC(C3)C1)C2,[Br-],1
478.15,O=C(C[n+]1cn(Cc2ccccc2)c2ccccc21)c1cccs1,[Br-],1
488.15,CCCCCCCC[n+]1c(C)n(CC(=O)O)c2cc(Cl)c(Cl)cc21,[Br-],1
526.15,CCCCCC[n+]1c(C)n(CCCC(=O)O)c2cc(Cl)c(Cl)cc21,[Br-],1
520.15,CCCCCCC[n+]1c(C)n(CCCC(=O)O)c2cc(Cl)c(Cl)cc21,[Br-],1
474.15,CCCCCCCC[n+]1c(C)n(CCC(=O)O)c2cc(Cl)c(Cl)cc21,[Br-],1
488.15,CCCCCCCC[n+]1c(C)n(CCCCC(=O)O)c2cc(Cl)c(Cl)cc21,[Br-],1
528.15,CCCCCCCC[n+]1c(C)n(CCCCCC(=O)O)c2cc(Cl)c(Cl)cc21,[Br-],1
430.15,CCCCCCCCCCC[n+]1c(C)n(CCCC(=O)O)c2cc(Cl)c(Cl)cc21,[Br-],1
419.15,CCCCCCN1C(=CC=Cc2n(CCCC(=O)O)c3cc(Cl)c(Cl)cc3[n+]2CCCCCC)N(CCCC(=O)O)c2cc(Cl)c(Cl)cc21,[Br-],1
387.15,CCCCCCCCN1C(=CC=Cc2n(CCC(=O)O)c3cc(Cl)c(Cl)cc3[n+]2CCCCCCCC)N(CCC(=O)O)c2cc(Cl)c(Cl)cc21,[Br-],1
401.15,CCCCCCCN1C(=C/C=C/c2n(CCCC(=O)O)c3cc(Cl)c(Cl)cc3[n+]2CCCCCCC)N(CCCC(=O)O)c2cc(Cl)c(Cl)cc21,[Br-],1
380.15,CCCCCCCCCCN1C(=CC=Cc2n(CCCC(=O)O)c3cc(Cl)c(Cl)cc3[n+]2CCCCCCCCCC)N(CCCC(=O)O)c2cc(Cl)c(Cl)cc21,[Br-],1
459.15,CC(C)Cn1c[n+](C)c2ccccc21,[Br-],1
398.15,CC(C)n1c[n+](C(C)C)c2ccccc21,[Br-],1
451.15,CC(C)Cn1c[n+](CC(C)C)c2ccccc21,[Br-],1
579.15,CCC[n+]1c(N)n(Cc2ccccc2)c2ccccc21,[Br-],1
433.15,Nc1n(Cc2ccccc2)c2ccccc2[n+]1CC(=O)O,[Br-],1
545.15,CNC(=O)C[n+]1c(N)n(Cc2ccccc2)c2ccccc21,[Br-],1
569.15,Nc1n(Cc2ccccc2)c2ccccc2[n+]1CC(=O)Nc1ccccc1,[Br-],1
547.15,Nc1n(Cc2ccccc2)c2ccccc2[n+]1CCCCCCO,[Br-],1
530.15,Nc1n(Cc2ccccc2)c2ccccc2[n+]1CCCCCCCCBr,[Br-],1
506.15,CCCCCCCCCCCC[n+]1c(N)n(Cc2ccccc2)c2ccccc21,[Br-],1
516.15,CCCCCCCCCCCC[n+]1c(N)n(Cc2ccc(C)cc2)c2ccccc21,[Br-],1
536.15,CCCCCCCCCCCC[n+]1c(N)n(Cc2ccc(OC)cc2)c2ccccc21,[Br-],1
501.15,CCCCCCCCCCCC[n+]1c(N)n(CCCc2ccccc2)c2ccccc21,[Br-],1
545.15,CCCCCCCCCCCC[n+]1c(N)n(Cc2ccc(Cl)cc2)c2ccccc21,[Br-],1
513.15,Nc1n(Cc2ccccc2)c2ccccc2[n+]1CCCCCCCCCCCCBr,[Br-],1
548.15,CCCCCCCCCCCC[n+]1c(N)n(Cc2ccc(Cl)c(Cl)c2)c2ccccc21,[Br-],1
489.15,CC(C)(C)OC(=O)NCCCCCCCCCCC[n+]1c(N)n(Cc2ccccc2)c2ccccc21,[Br-],1
473.15,Nc1n(Cc2ccccc2)c2ccccc2[n+]1CCCCCCCCCCCCN1C(=O)c2ccccc2C1=O,[Br-],1
538.15,O=C(Cn1cc[n+](CC(=O)c2ccccc2)c1)c1ccccc1,[Br-],1
548.15,Cn1c[n+](C)c2cc(Cl)ccc21,[Br-],1
498.15,CC(C(=O)c1ccc(-c2ccccc2)cc1)n1cc[n+](C(C)C(=O)c2ccc(-c3ccccc3)cc2)c1,[Br-],1
508.15,Cn1cc[n+](CC(=O)c2ccc(C(N)=O)cc2)c1,[Br-],1
504.15,Cc1n(CCC(C(N)=O)(c2ccccc2)c2ccccc2)cc[n+]1Cc1ccccc1,[Br-],1
522.15,Cc1n(CCC(C(N)=O)(c2ccccc2)c2ccccc2)cc[n+]1Cc1ccc(-c2ccccc2)cc1,[Br-],1
507.15,CC(=O)Cn1c(C)[n+](C)c2ccccc21,[Br-],1
506.15,CCOC(=O)C[n+]1c(C)n(CC)c2ccccc21,[Br-],1
507.15,Cn1c[n+](CC(=O)c2ccccc2)c2cc(Cl)ccc21,[Br-],1
512.15,CCCCCCCCCCCCCCCCn1c(C)[n+](CCCCCCCCCCCCCCCC)c2ccccc21,[Br-],1
479.15,Cc1cn(C(c2ccccc2)(c2ccccc2)c2ccccc2)c[n+]1CC(=O)c1ccccc1,[Br-],1
493.15,CC[C@@H]1C(=O)OC[C@@H]1Cc1c[n+](CC(=O)c2ccc(Br)cc2)cn1C,[Br-],1
479.15,CCn1c[n+](CC)c2ccccc21,[Br-],1
484.15,Cn1c[n+](CC(=O)c2ccccc2)c2ccccc21,[Br-],1
490.15,COC(=O)Cn1c(C)[n+](CC(=O)c2ccc(C)cc2)c2ccccc21,[Br-],1
484.15,COC(=O)Cn1c(C)[n+](CC(=O)c2ccc(Br)cc2)c2ccccc21,[Br-],1
481.15,CCCCCCCCn1c(C)[n+](CCCC(=O)O)c2cc(Cl)c(Cl)cc21,[Br-],1
466.15,Cc1n(CCc2ccccc2)cc[n+]1CC(=O)c1ccc(Br)cc1,[Br-],1
446.15,CC[C@@H]1C(=O)OC[C@@H]1Cc1c[n+](CCc2ccccc2)cn1C,[Br-],1
452.15,CC[C@@H]1C(=O)OC[C@@H]1Cc1c[n+](CC(=O)c2ccc(-c3ccccc3)cc2)cn1C,[Br-],1
451.15,CCc1ccc(C(=O)C[n+]2ccn(C)c2)cc1,[Br-],1
447.15,C[n+]1ccn(C(c2ccccc2)c2ccccc2)c1,[Br-],1
451.15,O=C(Cn1c[n+](CC(=O)c2ccccc2)c2ccccc21)c1ccccc1,[Br-],1
440.15,CCOC(=O)C[n+]1cn(Cc2ccccc2)c2ccccc21,[Br-],1
432.15,CC[C@@H]1C(=O)OC[C@@H]1Cc1c[n+](Cc2ccc(Br)cc2)cn1C,[Br-],1
423.15,Cc1ccc(C(=O)C[n+]2ccn(C)c2)cc1,[Br-],1
422.15,CCCn1cc[n+](CC(=O)c2ccccc2)c1,[Br-],1
410.15,CC[n+]1ccn(C(c2ccccc2)c2ccccc2)c1,[Br-],1
430.15,CCOC(=O)C[n+]1cn(C)c2ccccc21,[Br-],1
428.15,C[Si](C)(C)CCCn1c[n+](Cc2ccc(Br)cc2)c2ccccc21,[Br-],1
376.15,CCCCCCCCCCCCCC[n+]1ccn(Cc2ccccc2)c1C,[Br-],1
384.15,CCCC[n+]1cc(C[C@H]2COC(=O)[C@H]2CC)n(C)c1,[Br-],1
398.15,COC(=O)Cn1cc[n+](CC(=O)c2ccccc2)c1,[Br-],1
380.15,CCCCCCCCn1c[n+](CCCCCCCC)c2ccccc21,[Br-],1
393.15,CCCn1c[n+](CCC#N)c2ccccc21,[Br-],1
358.15,CCCCCCCCCCn1cc[n+](C)c1C,[Br-],1
351.15,CC[n+]1ccn(C)c1,[Br-],1
370.15,Cn1cc[n+](CCO)c1,[Br-],1
336.15,c1ccc(Cn2cc[n+](Cc3ccccc3)c2)cc1,[Br-],1
308.15,CCC[n+]1ccn(C)c1,[Br-],1
562.15,O=C(Cn1cc[n+](CC(=O)c2ccc(Br)cc2)c1)c1ccc(Br)cc1,[Br-],1
551.15,CCCCCCCC[n+]1c(N)n(Cc2ccccc2)c2ccccc21,[Br-],1
512.15,Cc1n(Cc2ccccc2)cc[n+]1CC(=O)c1ccccc1,[Br-],1
514.15,CC(C)(C(=O)c1ccc(-c2ccccc2)cc1)n1cc[n+](C(C)(C)C(=O)c2ccc(-c3ccccc3)cc2)c1,[Br-],1
522.15,Cn1cc[n+](CC(=O)c2ccc(-c3ccccc3)cc2)c1,[Br-],1
514.15,Cc1ccc(C[n+]2ccn(CCC(C(N)=O)(c3ccccc3)c3ccccc3)c2C)cc1,[Br-],1
508.15,Cc1n(CCCC(=O)O)c2ccccc2[n+]1Cc1ccccc1,[Br-],1
528.15,CC(=O)C(C)[n+]1c(C)n(C)c2ccccc21,[Br-],1
518.15,Cc1ccc2c(c1)[n+](CC(=O)c1ccccc1)cn2C,[Br-],1
521.15,Cc1n(Cc2ccccc2)c2ccccc2[n+]1CC(=O)c1ccc([N+](=O)[O-])cc1,[Br-],1
519.15,CCCCCCCCCn1c(C)[n+](CCCCCCCCC)c2ccccc21,[Br-],1
488.15,O=C(Cn1cc[n+](CC(=O)c2ccc([N+](=O)[O-])cc2)c1)c1ccc([N+](=O)[O-])cc1,[Br-],1
493.15,Cc1n(CCC(C(N)=O)(c2ccccc2)c2ccccc2)cc[n+]1Cc1ccc(Br)cc1,[Br-],1
488.15,CCOC(=O)C[n+]1c(C)n(C)c2ccccc21,[Br-],1
478.15,COC(=O)Cn1c(C)[n+](CC(=O)c2ccccc2)c2ccccc21,[Br-],1
488.15,CCOC(=O)Cn1c(C)[n+](CC(=O)c2ccccc2)c2ccccc21,[Br-],1
490.15,CCCCn1c(C)[n+](CCCC(=O)O)c2cc(Cl)c(Cl)cc21,[Br-],1
473.15,CCCCN1C(=CC=Cc2n(CCCC)c3cc(Cl)c(Cl)cc3[n+]2CCCC(=O)O)N(CCCC(=O)O)c2cc(Cl)c(Cl)cc21,[Br-],1
458.15,Cn1cc[n+](CCc2ccc([N+](=O)[O-])cc2)c1,[Br-],1
461.15,CC[C@@H]1C(=O)OC[C@@H]1Cc1c[n+](Cc2ccc(C)cc2)cn1C,[Br-],1
442.15,CC(C(=O)c1ccccc1)[n+]1ccn(C)c1,[Br-],1
459.15,N#CCC[n+]1ccn(CC(=O)c2ccccc2)c1,[Br-],1
436.15,C=CC[n+]1cn(C)c2ccccc21,[Br-],1
453.15,O=C(C[n+]1cn(Cc2ccccc2)c2ccccc21)c1ccccc1,[Br-],1
448.15,C=CCn1c[n+](CC)c2ccccc21,[Br-],1
413.15,CC[C@@H]1C(=O)OC[C@@H]1Cc1c[n+](CC(=O)c2ccc([N+](=O)[O-])cc2)cn1C,[Br-],1
412.15,Cn1cc[n+](C(C)(C)C(=O)c2ccccc2)c1,[Br-],1
408.15,CCCn1cc[n+](CCC)c1,[Br-],1
410.15,CC(C)n1cc[n+](C(C)C)c1,[Br-],1
415.15,CCCCCCCCCCCCn1c(C)[n+](CCCC(=O)O)c2cc(Cl)c(Cl)cc21,[Br-],1
430.15,CCCCCCCCCC[n+]1c(C)n(CCCC(=O)O)c2cc(Cl)c(Cl)cc21,[Br-],1
385.15,Cn1cc[n+](C)c1,[Br-],1
399.15,CC[C@@H]1C(=O)OC[C@@H]1Cc1c[n+](Cc2ccccc2)cn1C,[Br-],1
400.15,CCCCCCCCCCCCCCCCN1C(=CC=Cc2n(CCCCCCCCCCCCCCCC)c3ccccc3[n+]2CCCCCCCCCCCCCCCC)N(CCCCCCCCCCCCCCCC)c2ccccc21,[Br-],1
387.15,C=CCn1c[n+](CCC#N)c2ccccc21,[Br-],1
361.15,CCCCCCCCCC[n+]1ccn(Cc2ccccc2)c1C,[Br-],1
351.15,CCCC[n+]1ccn(C)c1,[Br-],1
326.15,C=CCn1cc[n+](C)c1,[Br-],1
279.15,CC[n+]1ccn([C@@H](C)CO)c1,[Br-],1
432.15,CCOC(=O)C[N+](C)(C)C,[Br-],1
357.15,CCCCCCCCCCCCCCCC[N+](C)(C)CCCC,[Br-],1
376.15,CCCCCCC(=O)C[N+](CC)(CC)CC,[Br-],1
402.15,CCCCCCCCCCCCCCCC[N+](C)(CCO)CCO,[Br-],1
390.15,CCCCCCCCCCCCCCCC[N+](C)(C)c1ccccc1,[Br-],1
390.15,CCCCCCCC[N+](C)(C)CCO,[Br-],1
395.15,CCCCCCCCC[N+](C)(C)CCO,[Br-],1
468.15,CCCCCCCCCCCC[N+](C)(C)CCO,[Br-],1
477.15,CCCCCCCCCCCCCCC[N+](C)(C)CCO,[Br-],1
477.15,CCCCCCCCCCCCCCCCCC[N+](C)(C)CCO,[Br-],1
352.15,CCCCCCCCCCCCCCC(O)C[N+](C)(C)CCO,[Br-],1
339.15,CCCCCCCCCCCCCCCC[N+](C)(C)CC(O)CO,[Br-],1
411.15,CCCCCCCCCCCCCCCCCCCC[N+](C)(C)CCCCCCCCCCCCCCCCCCCC,[Br-],1
483.15,CC(C)CCC[N+](C)(C)C,[Br-],1
547.15,CC(C)[N+](C)(C)CCO,[Br-],1
481.15,CCCC[N+](CC)(CC)CC,[Br-],1
439.15,CCCC[N+](C)(C)CCCC,[Br-],1
442.15,CCC(C)(O)C[N+](C)(C)C,[Br-],1
396.15,CCC(C[N+](C)(C)C)OC,[Br-],1
433.15,CCOC(CC)C[N+](C)(C)C,[Br-],1
375.15,CCCC(C[N+](C)(C)C)OC,[Br-],1
485.15,CCCCCCCCC[N+](C)(C)C,[Br-],1
358.15,C[N+](C)(C)CCOCCO,[Br-],1
421.15,CCCOC(CC)C[N+](C)(C)C,[Br-],1
372.15,CCCCC(C[N+](C)(C)C)OC,[Br-],1
421.15,CCCC(C[N+](C)(C)C)OCC,[Br-],1
383.15,CCCCCCC[N+](CC)(CC)CC,[Br-],1
400.15,CC[N+](C)(CCC(C)C)CCC(C)C,[Br-],1
394.15,CCCC[N+](C)(CCCC)CCCC,[Br-],1
371.15,CCOCC[N+](CC)(CC)CC,[Br-],1
472.15,C#CC[N+](CC)(CC)CC,[Br-],1
422.15,CCCCC(C[N+](C)(C)C)OCC,[Br-],1
402.15,CCCCOC(CC)C[N+](C)(C)C,[Br-],1
384.15,CCCCOC(CCC)C[N+](C)(C)C,[Br-],1
363.15,C=CC[N+](C)(CC=C)CC=C,[Br-],1
499.15,CCCCCCCCC(CC)C[N+](C)(C)C,[Br-],1
379.15,CCCCCOC(CCC)C[N+](C)(C)C,[Br-],1
398.15,CC[N+](C)(CC)CC(C)(O)CC(C)(C)C,[Br-],1
424.15,C=C(OCC)[N+](C)(C)C,[Br-],1
546.15,CC(CC1CCCCCC1)[N+](C)(C)C,[Br-],1
368.15,C=COCC[N+](CC)(CC)CC,[Br-],1
522.15,CC(CC1CCCCCCC1)[N+](C)(C)C,[Br-],1
483.15,CC(CC(C)(C)C)C[N+](C)(C)CC(C)CC(C)(C)C,[Br-],1
313.15,CCCCCCCCCCCC[N+](C)(C)CCCC,[Br-],1
376.15,C#CC[N+](CC=C)(CC=C)CC=C,[Br-],1
352.15,C=CC(O)C[N+](C)(C)CCCC,[Br-],1
362.15,C=CC[N+](C)(C)Cc1ccccc1,[Br-],1
362.15,C#CC[N+](CC#C)(CC=C)CCCC,[Br-],1
474.15,Cc1ccccc1C[N+](C)(C)C,[Br-],1
397.15,C=CC[N+](C)(C)c1ccccc1,[Br-],1
374.15,CCCC(=O)OCC[N+](C)(C)C,[Br-],1
453.15,C[N+](C)(C)CCCCc1ccccc1,[Br-],1
436.15,C[N+](C)(C)CCCCCc1ccccc1,[Br-],1
413.15,CCC[N+](C)(C)Cc1ccccc1,[Br-],1
419.15,COc1ccc(C[N+](C)(C)C)cc1,[Br-],1
433.15,CCCCCCCCCCCCCCCCCC[N+](CC)(CC)CC,[Br-],1
324.15,CCCCCCCCCCCCCCCC[N+](C)(CCCC)CCCC,[Br-],1
356.15,C[N+](C)(CCO)Cc1ccccc1,[Br-],1
428.15,CC[N+](C)(CC)CC(O)c1ccccc1,[Br-],1
426.15,CCCCCCCCCC[N+](C)(C)CC(=O)O,[Br-],1
411.15,C#CC[N+](CC=C)(CC=C)c1ccccc1,[Br-],1
461.15,CCC[N+](CCC)(CCC)Cc1ccccc1,[Br-],1
426.15,CC[N+](C)(CC)C(CO)c1ccccc1,[Br-],1
414.15,CCCCCCCCCCCCCCCC[N+](C)(C)C1CCCCC1,[Br-],1
361.15,Cc1ccccc1C[N+](C)(C)c1ccccc1,[Br-],1
420.15,CC[N+](CC)(Cc1ccccc1)Cc1ccccc1,[Br-],1
432.15,CCc1ccc([N+](C)(C)Cc2ccccc2)cc1,[Br-],1
338.15,CCCCCCCCCCCC[N+](C)(C)CCOC(C)=O,[Br-],1
378.15,CCC=Cc1ccc([N+](C)(C)Cc2ccccc2)cc1,[Br-],1
455.15,CCCCCC[N+](C)(C)c1ccccc1OC,[Br-],1
459.15,C[N+](C)(CC(=O)c1ccccc1)CC1CCCCC1,[Br-],1
421.15,C=CC[N+](C)(Cc1ccccc1)c1ccc(OC)cc1,[Br-],1
410.15,C[N+](C)(C)C(OC(=O)c1ccccc1)c1ccccc1,[Br-],1
383.15,CCCCCCCCCC[N+](C)(C)CCCCCCCCCCC(=O)O,[Br-],1
398.15,C[N+](C)(CCCc1ccccc1)CC(=O)c1ccccc1,[Br-],1
328.15,CCCCCCCCCCCCCCCC[N+](C)(C)CC(=O)OCC,[Br-],1
346.15,CCCCCCCCCCCCCCCC[N+](C)(C)CCOC(C)=O,[Br-],1
363.15,CCCCCCCc1ccc([N+](C)(C)Cc2ccccc2)cc1,[Br-],1
361.15,CCCCCCCCc1ccc([N+](C)(C)Cc2ccccc2)cc1,[Br-],1
322.15,CCCCCCCCCCCCCC[N+](C)(C)Cc1ccccc1,[Br-],1
424.15,COc1cccc(C[N+](C)(C)CC(=O)c2ccccc2)c1,[Br-],1
344.15,CCCCCCCCCCCCCCCC[N+](CC)(CC)CCOC(C)=O,[Br-],1
340.15,CCCCCCCCCCCCCCCC[N+](C)(C)CCCCCC(=O)OC,[Br-],1
333.15,CCCCCCCCCCCCCCC[N+](C)(C)Cc1ccccc1,[Br-],1
351.15,CC[N+](CC)(CCCOc1ccccc1)CCCOc1ccccc1,[Br-],1
333.15,CCCCCCCCCCCCCCCC[N+](C)(C)CCCCCCCC(=O)OC,[Br-],1
360.15,CCCCCCCCCCCc1ccc([N+](C)(C)Cc2ccccc2)cc1,[Br-],1
326.15,CCCCCCCCCCCCCCCC[N+](CCCC)(CCCC)CCOC(C)=O,[Br-],1
312.15,CCCCCCCCCCCCOc1ccccc1[N+](C)(C)CCCCCCCCCC,[Br-],1
317.15,CCCCCCCCCCCCOc1ccccc1[N+](C)(C)CCCCCCCCCCCC,[Br-],1
320.15,CCCCCCCCCCCCCC[N+](C)(C)c1ccccc1OCCCCCCCCCCCC,[Br-],1
507.15,C[N+](C)(C)CCc1ccccc1,[Br-],1
519.15,C[N+](C)(C)O,[Br-],1
500.15,CCCC(C)[N+](C)(C)C,[Br-],1
554.15,C[N+](C)(C)C1CCCC1,[Br-],1
521.15,C=CC[N+](C)(C)C(C)(C)C,[Br-],1
523.15,C[N+](C)(C)C1CCOC1,[Br-],1
551.15,C[N+](C)(C)C1CCCCCC1,[Br-],1
527.15,Cc1cc(C)c(C[N+](C)(C)C)cc1C,[Br-],1
343.15,CCCCCCCCCCCC[N+](CC)(CCO)CCO,[Br-],1
506.15,Cc1ccc(C[N+](C)(C)C)c2ccccc12,[Br-],1
324.15,CCCCCCCCCCCCCC[N+](C)(C)CCCCCCCCCCCCCC,[Br-],1
334.15,CCCCCCCCCCCCCCCCCC[N+](C)(C)CCCCCCCCCC,[Br-],1
420.15,CCCCC(C(=O)OC)[N+](C)(C)Cc1ccccc1,[Br-],1
402.15,C[N+](C)(CCCCOc1ccccc1)Cc1ccccc1,[Br-],1
363.15,CCCC(C(=O)OCC[N+](C)(CC)CC)c1ccccc1,[Br-],1
391.15,CCCCC(C(=O)OCC)[N+](C)(C)Cc1ccccc1,[Br-],1
400.15,C[N+](C)(Cc1cccc(Oc2ccccc2)c1)c1ccccc1,[Br-],1
375.15,CCCCCC[N+](CCCCCC)(CCCCCC)Cc1ccccc1,[Br-],1
413.15,C[N+](C)(CCCCCOc1ccccc1)Cc1ccccc1,[Br-],1
499.15,Cc1ccc(C(C)C)cc1C[N+](C)(C)Cc1cc(C(C)C)ccc1C,[Br-],1
351.15,CCCCC(C(=O)OCC[N+](C)(CC)CC)c1ccccc1,[Br-],1
480.15,Cc1ccc(C(C)C)cc1C[N+](C)(Cc1ccccc1)Cc1ccccc1,[Br-],1
413.15,C[N+](C)(CCCCOc1cccc2ccccc12)Cc1ccccc1,[Br-],1
435.15,C[N+](C)(CCCCOc1ccc2ccccc2c1)Cc1ccccc1,[Br-],1
456.15,CCCCCCC[N+](C)(C)C,[Br-],1
337.15,C=CC[N+](C)(C)C=C(C)C,[Br-],1
357.15,CC[N+](C)(C)C1CCCCO1,[Br-],1
390.15,CC#CC[N+](CC)(CC)CC,[Br-],1
512.15,Cc1cc(C)cc(C[N+](C)(C)C)c1,[Br-],1
445.15,C#CC[N+](C)(C)CC#Cc1ccccc1,[Br-],1
438.15,CC(C)=C[N+](C)(C)Cc1ccccc1,[Br-],1
490.15,COc1ccc(CC[N+](C)(C)C)cc1,[Br-],1
331.15,CCCCCCCCCCCCCCCCCC[N+](C)(C)CCCCCCCC,[Br-],1
443.15,C[N+](C)(CCc1ccccc1)c1ccccc1,[Br-],1
393.15,CC(c1ccccc1)[N+](C)(C)c1ccccc1,[Br-],1
421.15,Cc1cccc(C[N+](C)(C)CCO)c1C,[Br-],1
402.15,Cc1ccccc1C[N+](C)(C)CCCO,[Br-],1
399.15,CC(=O)OCC[N+](C)(C)Cc1ccccc1,[Br-],1
443.15,Cc1cccc(C[N+](C)(C)CCCO)c1C,[Br-],1
336.15,CCCCCCCCCCCCCCCCCC[N+](C)(C)CCCCCCCCCCCC,[Br-],1
391.15,CCOC(=O)C(C)[N+](C)(C)Cc1ccccc1,[Br-],1
435.15,CC[N+](CC)(CC)Cc1cccc(Oc2ccccc2)c1,[Br-],1
427.15,CCCCCCCCCCCC[N+](C)(C)Cc1cc(C(C)C)ccc1C,[Br-],1
387.15,CCCCCCCCCCCC[N+](C)(C)CCc1cc(C(C)C)ccc1C,[Br-],1
416.15,CCC(CC(C)C)(C(=O)OCC[N+](C)(CC)CC)c1ccccc1,[Br-],1
371.15,CCCCCCCCCCCC[N+](CC)(CC)CCC,[Br-],1
449.15,CCCCCCCCCCCC[N+](C)(CC)COCC,[Br-],1
424.15,C[N+](C)(CCC(=O)O)CC(=O)O,[Br-],1
376.15,CCCCCCCCCCCC[N+](C)(CC)CC(=O)O,[Br-],1
377.15,CCCCCCCCCCCC[N+](C)(CC)Cc1ccccc1,[Br-],1
351.15,CCCCCCCCCCCC[N+](C)(CCCC)Cc1ccccc1,[Br-],1
439.15,C[N+](C)(C)Cc1ccc(O)cc1,[Br-],1
402.15,CCCCCCCCCCCCCCCC[N+](C)(C)Cc1ccc(O)cc1,[Br-],1
396.15,CC(=O)C[N+](C)(C)Cc1ccccc1C,[Br-],1
390.15,COC(=O)C[N+](C)(C)Cc1ccc(C)cc1,[Br-],1
405.15,COC(=O)C[N+](C)(C)Cc1ccccc1C,[Br-],1
407.15,CC(C)CC(=O)C[N+](C)(C)C,[Br-],1
424.15,CCOC(C[N+](C)(C)C)OCC,[Br-],1
394.15,C[N+](C)(C)CC(O)CO,[Br-],1
430.15,CC[N+](CC)(CC)CC#Cc1ccccc1,[Br-],1
424.15,C=CC[N+](C)(C)c1cc(C)ccc1O,[Br-],1
467.15,COc1cc(C[N+](C)(C)C)cc(OC)c1,[Br-],1
379.15,C=CC[N+](C)(C)c1cc(C)cc(C)c1O,[Br-],1
426.15,C=C(C)C[N+](C)(C)c1cc(C)ccc1O,[Br-],1
402.15,COc1ccc([N+](C)(C)Cc2ccccc2)cc1,[Br-],1
424.15,C#CC[N+](C)(C)C(C(=O)c1ccccc1)c1ccccc1,[Br-],1
425.15,Cc1ccc(O)c([N+](C)(C)CC=Cc2ccccc2)c1,[Br-],1
435.15,COC(=O)C[N+](C)(C)Cc1cccc2ccccc12,[Br-],1
399.15,CCCCCCCCCCCC[N+](C)(C)Cc1ccc(C(=O)c2ccccc2)cc1,[Br-],1
482.15,C[N+](C)(C)c1ccc(C=O)cc1,[Br-],1
432.15,C=CC=C(C)C[N+](C)(C)CC=Cc1ccccc1,[Br-],1
419.15,C[N+](C)(CC#Cc1ccccc1)CC=Cc1ccccc1,[Br-],1
400.15,C[C@@H](c1ccccc1)[N+](C)(C)CC(=O)c1ccccc1,[Br-],1
391.15,C[N+](C)(C)CCCCCCCCCCOc1ccc(C=O)cc1,[Br-],1
415.15,C#CC[N+](C)(C)CC#Cc1cccc2ccccc12,[Br-],1
399.15,C#CC[N+](CC)(CC)CC#Cc1cccc2ccccc12,[Br-],1
439.15,CC[N+](CC)(CC)CCCO,[Br-],1
380.15,CCCCCCCCCC[N+](CC)(CC)CC,[Br-],1
480.15,C[N+](C)(C)c1cccc(O)c1,[Br-],1
452.15,CC(C[N+](C)(C)C)c1ccccc1,[Br-],1
390.15,CCCCCCCCCCCCCCCC[N+](C)(C)C(C)O,[Br-],1
444.15,CC(C)C(C[N+](C)(C)C)c1ccccc1,[Br-],1
387.15,C=C(C)C[N+](C)(C)c1cccc(O)c1,[Br-],1
480.15,C[N+](C)(C)CCC(=O)c1ccc(O)cc1,[Br-],1
417.15,COc1cccc(C(=O)CC[N+](C)(C)C)c1,[Br-],1
519.15,Cc1ccc(C(C[N+](C)(C)C)c2ccc(C)cc2)cc1,[Br-],1
375.15,Cc1ccc([N+](C)(C)C(C)c2ccccc2)cc1,[Br-],1
381.15,COc1ccc([N+](C)(C)C(C)c2ccccc2)cc1,[Br-],1
415.15,C=C(C)C[N+](C)(C)c1cc(C(C)(C)C)c(O)c(C(C)(C)C)c1,[Br-],1
409.15,CC(C)=CC[N+](C)(C)c1cc(C(C)(C)C)c(O)c(C(C)(C)C)c1,[Br-],1
502.15,COc1ccc(C(C[N+](C)(C)C)c2ccc(OC)cc2)cc1,[Br-],1
423.15,C=C(C)C#CC[N+](C)(C)c1cc(C(C)(C)C)c(O)c(C(C)(C)C)c1,[Br-],1
446.15,CC(C)(C)c1cc([N+](C)(C)Cc2ccccc2)cc(C(C)(C)C)c1O,[Br-],1
324.15,CCCCCCCCCCCCCCCC[N+](C)(C)Cc1ccccc1O,[Br-],1
433.15,CC(C)(C)c1cc([N+](C)(C)CC=Cc2ccccc2)cc(C(C)(C)C)c1O,[Br-],1
351.15,C=CC[N+](C)(CCOC(=O)CCCCCCCCCCC)CCOC(=O)CCCCCCCCCCC,[Br-],1
362.15,C=CC[N+](C)(CCOC(=O)CCCCCCCCCCCCCCC)CCOC(=O)CCCCCCCCCCCCCCC,[Br-],1
426.15,CC[N+](C)(CC)C(C)c1ccccc1,[Br-],1
422.15,CC[N+](CC)(CC)C(C)c1ccccc1,[Br-],1
435.15,CCC[N+](CCC)(CCC)C(C)c1ccccc1,[Br-],1
428.15,CC(c1ccccc1)[N+](C)(C)Cc1ccccc1,[Br-],1
415.15,CC[N+](CC)(Cc1ccccc1)C(C)c1ccccc1,[Br-],1
398.15,C=CCC=CC[N+](C)(C)Cc1ccccc1,[Br-],1
409.15,C=CCC(C)(C=C)[N+](C)(C)Cc1ccccc1,[Br-],1
398.15,COCC[N+](C)(C)Cc1ccccc1,[Br-],1
374.15,C[N+](C)(CCCO)Cc1ccccc1,[Br-],1
444.15,CC=CC(C)[N+](C)(C)C,[Br-],1
421.15,CC(=O)OC(C)C[N+](C)(C)C,[Br-],1
429.15,CC[N+](C)(Cc1ccccc1)c1ccccc1,[Br-],1
469.15,C[N+](C)(C)CC(O)c1ccc(O)c(O)c1,[Br-],1
456.15,C[N+](C)(C)CCCCCC(=O)O,[Br-],1
396.15,CCC[N+](C)(CC)Cc1ccccc1,[Br-],1
422.15,CC(=O)C[N+](C)(C)CC(=O)c1ccccc1,[Br-],1
419.15,COc1ccc(C(=O)C[N+](C)(C)CC(C)=O)cc1,[Br-],1
405.15,Cc1cc(C[N+](C)(C)c2ccccc2)cc(C)c1O,[Br-],1
347.15,CCCCOC[N+](C)(C)C,[Br-],1
303.15,CCCCCCCCCC[n+]1cccc(CCCCC)c1,[Br-],1
308.15,CCC(=O)OCCCCCCCCCCC[n+]1ccccc1,[Br-],1
308.15,CCOC(=O)c1c[n+](Cc2ccccc2)ccc1C(c1ccccc1)c1ccccc1,[Br-],1
310.15,CCCCCCCC[n+]1ccc(CCC)cc1,[Br-],1
310.15,CCCCCCCCCCCCCC[n+]1ccc(CCCCCC)cc1,[Br-],1
312.15,CCCCCCCCCCCCCC[n+]1cccc(CCCCC)c1,[Br-],1
314.15,CCCCCCCCCC[n+]1ccc(C(=O)OCC)cc1,[Br-],1
314.15,CCCCCCCCCCCC[n+]1ccc(CCC)cc1,[Br-],1
315.15,CCCCCCCCCCC[n+]1ccccc1,[Br-],1
316.15,CCCCCCCC[n+]1ccc(CC)cc1,[Br-],1
317.15,CCCCCCCCCCCC[n+]1ccc(CC)cc1,[Br-],1
318.15,CCCCCCCCCC[n+]1ccccc1,[Br-],1
318.15,CCCCCCCCCCCC[n+]1ccccc1,[Br-],1
320.15,CCCCCC[C@@H](C)Cc1cccc[n+]1CCCCCC,[Br-],1
324.15,CCCCc1ccc(C)[n+](CC(=O)OCC)c1,[Br-],1
327.15,COc1ccc(OC)c(CC[n+]2ccccc2)c1,[Br-],1
328.15,CCCCCCCCCCCCC[n+]1ccccc1,[Br-],1
331.15,Fc1ccc(C[n+]2ccccc2)cc1,[Br-],1
332.15,CCCCCCCCCCCCCC[n+]1ccccc1,[Br-],1
333.15,CCCC[n+]1ccc(C(=O)OCC)cc1,[Br-],1
337.15,CC(C)C[n+]1ccccc1,[Br-],1
337.15,C[n+]1cccc(CCCO)c1,[Br-],1
338.15,Cc1ccc[n+](Cc2ccccc2)c1,[Br-],1
338.15,CCCC[n+]1ccccc1SCc1ccccc1,[Br-],1
342.15,O=C(C[n+]1ccccc1)C1CCCCC1,[Br-],1
343.15,CCCc1cccc[n+]1C,[Br-],1
344.15,CCOC(=O)CC[n+]1ccccc1,[Br-],1
346.15,CCOC(=O)[C@H](CC)[n+]1ccccc1,[Br-],1
349.15,CCC[n+]1ccccc1,[Br-],1
350.15,CCN(CC)C(=O)c1ccc[n+](CC)c1,[Br-],1
351.15,c1ccc(OCC[n+]2ccccc2)cc1,[Br-],1
352.15,Cc1cc(C)[n+](C)c(C)c1C,[Br-],1
352.15,C[n+]1ccc(CCCO)cc1,[Br-],1
353.15,CC[n+]1c(C)cccc1C,[Br-],1
353.15,C[n+]1cccc(-c2ccccn2)c1,[Br-],1
353.15,CC(C)OC(=O)C[n+]1ccccc1,[Br-],1
356.15,Cc1cc[n+](CN2CCOCC2)cc1,[Br-],1
359.15,C[n+]1ccc(Cc2ccccc2)cc1,[Br-],1
360.15,CCOC(=O)c1ccc[n+](CCF)c1,[Br-],1
363.15,Cc1cc[n+](CCc2ccccc2)cc1,[Br-],1
364.15,CCCC[n+]1cccc(C(=O)O)c1,[Br-],1
365.15,C=CC[n+]1cccc(C(=O)N(CC)CC)c1,[Br-],1
367.15,CCOC(=O)C(C(=O)OCC)[n+]1ccccc1,[Br-],1
368.15,CC(=O)OCCCC[n+]1cccc(O)c1,[Br-],1
368.15,c1ccc(CO[n+]2ccccc2)cc1,[Br-],1
369.15,C=CC[n+]1ccccc1,[Br-],1
369.15,CCOC(=O)c1ccc[n+](C)c1,[Br-],1
370.15,Cc1ccc[n+](CCO)c1,[Br-],1
370.15,CC[n+]1ccccc1C,[Br-],1
370.15,CC(C)[n+]1ccccc1,[Br-],1
371.15,CCCC[n+]1ccccc1,[Br-],1
371.15,CC[n+]1ccc(-c2ccncc2)cc1,[Br-],1
371.15,C=CC[n+]1cccc(O)c1,[Br-],1
372.15,c1ccc(C[n+]2ccccc2)cc1,[Br-],1
373.15,CCOC(=O)CCc1cc[n+](C)cc1,[Br-],1
373.15,CC[n+]1cccc(C(C)=O)c1,[Br-],1
373.15,C=CC[n+]1cccc(C=O)c1,[Br-],1
377.15,CC(=O)C[n+]1c(C)cccc1C,[Br-],1
379.15,CC[n+]1cccc(O)c1,[Br-],1
382.15,CCO[n+]1ccc(OC)cc1,[Br-],1
383.15,CCCOC(=O)C[n+]1ccccc1,[Br-],1
383.15,C=CC[n+]1ccccc1CO,[Br-],1
383.15,OCC[n+]1ccccc1,[Br-],1
384.15,C=CC[n+]1ccc(CO)cc1,[Br-],1
387.15,C#CCCCC[n+]1ccccc1,[Br-],1
389.15,Cc1ccc[n+](CCC#N)c1,[Br-],1
391.15,c1cc[n+](-c2ccccn2)cc1,[Br-],1
392.15,CC(C)[n+]1ccc(CO)cc1,[Br-],1
393.15,ClCCC[n+]1ccccc1,[Br-],1
394.15,CC[n+]1ccccc1,[Br-],1
394.15,C=CC[n+]1ccc(C#N)cc1,[Br-],1
394.15,CC[n+]1ccc(C)cc1,[Br-],1
395.15,CC(C)[n+]1ccccc1CO,[Br-],1
396.15,OCC[n+]1cccc(O)c1,[Br-],1
400.15,Cc1cc[n+](CCO)cc1C,[Br-],1
401.15,CC(C)=CC[n+]1ccc(C)cc1,[Br-],1
406.15,CC(=O)[C@@H](C)[n+]1ccccc1C,[Br-],1
406.15,Cc1cc[n+](CCC#N)cc1C,[Br-],1
410.15,CCOC(=O)C[n+]1ccccc1,[Br-],1
413.15,Cc1cc[n+](CCCBr)cc1,[Br-],1
413.15,CC=C(C)[C@@H](C)[n+]1ccccc1,[Br-],1
414.15,COC(=O)c1ccc[n+](C)c1,[Br-],1
415.15,N#CCC[n+]1cccc(N)c1,[Br-],1
417.15,CC(=O)[C@@H](C)[n+]1ccccc1,[Br-],1
417.15,Cc1cc(C)c[n+](CC#N)c1,[Br-],1
419.15,Cc1cc[n+](C)cc1O,[Br-],1
420.15,Cc1cc[n+](CCC#N)cc1,[Br-],1
422.15,N#CCC[n+]1ccccc1,[Br-],1
423.15,C[n+]1ccccc1,[Br-],1
427.15,C[n+]1cccc(O)c1,[Br-],1
428.15,C=C[n+]1ccccc1,[Br-],1
428.15,c1ccc(-[n+]2ccccc2)cc1,[Br-],1
430.15,OCC=C[n+]1ccccc1,[Br-],1
430.15,C=C(C[n+]1ccccc1)C(=O)O,[Br-],1
433.15,C1=C[C@H]([n+]2ccccc2)CCC1,[Br-],1
434.15,Cc1cc(C)c[n+](CCC#N)c1,[Br-],1
436.15,O=C(O)CCC[n+]1ccccc1,[Br-],1
437.15,COC(=O)c1cc[n+](C)cc1,[Br-],1
439.15,CC[n+]1ccc(C#N)cc1,[Br-],1
440.15,N#CC[n+]1ccccc1,[Br-],1
441.15,C[n+]1ccccc1CO,[Br-],1
442.15,C=C[n+]1ccc(C)cc1,[Br-],1
443.15,COc1cc[n+](C(C)C)cc1,[Br-],1
446.15,Cc1cc[n+](C)cc1,[Br-],1
448.15,COC(=O)C[n+]1ccccc1,[Br-],1
448.15,CCC[n+]1cccc(C(N)=O)c1,[Br-],1
449.15,CC[n+]1ccc(N(C)C)cc1,[Br-],1
451.15,C#CC[n+]1ccc(C)cc1,[Br-],1
452.15,Cc1cc[n+](CC#N)cc1,[Br-],1
453.15,FCC[n+]1ccccc1,[Br-],1
457.15,CC(=O)c1cc[n+](C)cc1,[Br-],1
458.15,C=CC[n+]1ccc(C=NO)cc1,[Br-],1
459.15,NNC(=O)C[n+]1ccccc1,[Br-],1
460.15,CC(=O)C[n+]1ccccc1,[Br-],1
461.15,CC[n+]1ccc(C(N)=O)cc1,[Br-],1
462.15,O=C(O)C=C[n+]1ccccc1,[Br-],1
463.15,C[C@H](C(N)=O)[n+]1ccccc1,[Br-],1
464.15,Cc1ccc[n+](C=CC(=O)O)c1,[Br-],1
466.15,C=CC[n+]1ccccc1C=NO,[Br-],1
469.15,CC(=O)C[n+]1ccccc1C,[Br-],1
472.15,OCC[n+]1ccccc1C=NO,[Br-],1
472.15,Cc1cc[n+](CC#N)c(C)c1,[Br-],1
472.15,O=C(O)C[n+]1ccccc1,[Br-],1
472.15,NC(=O)CC[n+]1ccccc1,[Br-],1
473.15,NC(=O)C[n+]1ccccc1,[Br-],1
300.15,C[N+]1(CCCC(F)(F)F)CCCC1,O=S(=O)([N-]S(=O)(=O)C(F)(F)F)C(F)(F)F,1
299.15,C[N+]1(CCCC(F)(F)F)CCCCC1,O=S(=O)([N-]S(=O)(=O)C(F)(F)F)C(F)(F)F,1
293.15,CC[n+]1ccn(C)c1,CCOP(=O)([O-])OCC,1
302.15,OCC[NH2+]CCO,CCCCOP(=O)([O-])OCCCC,1
302.15,OCC[NH2+]CCO,CS(=O)(=O)[O-],1
316.15,OCC[NH+](CCO)CCO,CCCCOP(=O)([O-])OCCCC,1
321.15,OCC[NH+](CCO)CCO,CC(=O)[O-],1
336.15,OCC[NH+](CCO)CCO,O=C[O-],1
343.15,OCC[NH+](CCO)CCO,CS(=O)(=O)[O-],1
336.15,CCCC[NH2+]CCCC,CCCCOP(=O)([O-])OCCCC,1
318.15,CCCC[NH2+]CCCC,CC(=O)[O-],1
301.15,CCCC[NH2+]CCCC,O=C[O-],1
345.15,CCCC[NH2+]CCCC,CS(=O)(=O)[O-],1
360.15,CCCC[NH2+]CCCC,NS(=O)(=O)[O-],1
361.15,CCCC[NH2+]CCCC,O=C1[N-]S(=O)(=O)c2ccccc21,1
344.15,CCCC[NH+](CCCC)CCCC,CS(=O)(=O)[O-],1
255.15,NCC[NH3+],CCCCOP(=O)([O-])OCCCC,1
328.15,NCC[NH3+],CS(=O)(=O)[O-],1
297.15,CC[NH+](CC)CC,CS(=O)(=O)[O-],1
345.15,CC[NH+](CC)CC,O=C1[N-]S(=O)(=O)c2ccccc21,1
266.15,CC[NH2+]CC,CCCCOP(=O)([O-])OCCCC,1
321.15,CC[NH2+]CC,CC(=O)[O-],1
309.15,CC[NH2+]CC,O=C[O-],1
318.15,CC[NH2+]CC,CS(=O)(=O)[O-],1
351.15,CC[NH2+]CC,O=C1[N-]S(=O)(=O)c2ccccc21,1
269.15,C1CC[NH2+]C1,CCCCOP(=O)([O-])OCCCC,1
304.15,C1CC[NH2+]C1,CC(=O)[O-],1
284.15,C1CC[NH2+]C1,O=C[O-],1
395.15,C1CC[NH2+]C1,CS(=O)(=O)[O-],1
306.15,C1CC[NH2+]C1,O=C1[N-]S(=O)(=O)c2ccccc21,1
309.15,CSC(N)=[NH2+],COS(=O)(=O)[O-],1
360.15,CCSC(N)=[NH2+],[Br-],1
300.15,CCSC(N)=[NH2+],O=S(=O)([N-]S(=O)(=O)C(F)(F)F)C(F)(F)F,1
335.15,CCSC(NC)=[NH+]C,[Br-],1
305.15,CCSC(NC)=[NH+]C,CCOS(=O)(=O)[O-],1
292.15,CCSC(NC)=[NH+]C,O=S(=O)([N-]S(=O)(=O)C(F)(F)F)C(F)(F)F,1
365.15,CCSC(N(C)C)=[N+](C)C,[Br-],1
313.15,CCNC(=[NH+]CC)SCC,[Br-],1
356.15,CCCCSC(N)=[NH2+],[Br-],1
322.15,CCCCSC(N)=[NH2+],O=S(=O)([N-]S(=O)(=O)C(F)(F)F)C(F)(F)F,1
333.15,CCCCSC(NC)=[NH+]C,[Br-],1
355.15,CCCCSC(N(C)C)=[N+](C)C,[Br-],1
359.15,CCCCCCSC(N)=[NH2+],[Br-],1
368.15,CCCCCCSC(NC)=[NH+]C,[Br-],1
346.15,CCCCCCSC(N(C)C)=[N+](C)C,[Br-],1
322.15,CCCCCCSC(NCC)=[NH+]CC,[Br-],1
369.15,CCCCCCCCSC(N)=[NH2+],[Br-],1
327.15,CCCCCCCCSC(NC)=[NH+]C,[Br-],1
362.15,CCCCCCCC[P+](C)(CCCCCCCC)CCCCCCCC,[Cl-],1
339.15,CCCCCCCC[P+](CC)(CCCCCCCC)CCCCCCCC,[Cl-],1
302.15,CCCCCCCC[P+](CCC)(CCCCCCCC)CCCCCCCC,[Cl-],1
243.15,CCCCCCCCCCCC[P+](CCCCCCCC)(CCCCCCCC)CCCCCCCC,[Cl-],1
253.15,CCCCCCCCCCCCCC[P+](CCCCCCCC)(CCCCCCCC)CCCCCCCC,[Cl-],1
315.15,Cc1n(CC[Si](C)(C)C)cc[n+]1C,O=S(=O)([N-]S(=O)(=O)C(F)(F)F)C(F)(F)F,1
293.15,CCCC[P+](C)(CCCC)CCCC,[Cl-],1
343.15,CCCC[P+](CC)(CCCC)CCCC,[Cl-],1
351.15,CCCC[P+](CCC)(CCCC)CCCC,[Cl-],1
344.15,CCCC[P+](CCCC)(CCCC)CCCC,[Cl-],1
321.15,CCCCC[P+](CCCC)(CCCC)CCCC,[Cl-],1
297.15,CCCCCC[P+](CCCC)(CCCC)CCCC,[Cl-],1
326.15,CCCCCCC[P+](CCCC)(CCCC)CCCC,[Cl-],1
292.15,CCCCCCCC[P+](CCCC)(CCCC)CCCC,[Cl-],1
296.15,CCCCCCCCCCCC[P+](CCCC)(CCCC)CCCC,[Cl-],1
312.15,CCCCCCCCCCCCCC[P+](CCCC)(CCCC)CCCC,[Cl-],1
280.15,CC[n+]1ccn(C)c1,O=P([O-])(F)F,1
510.15,Cc1cc2cccc[n+]2cc1C,[Br-],1
334.15,Cc1cc2cccc[n+]2cc1C,O=S(=O)([N-]S(=O)(=O)C(F)(F)F)C(F)(F)F,1
459.15,Cc1cc2cccc[n+]2cc1C,F[B-](F)(F)F,1
411.15,Cc1cc2cccc[n+]2cc1C,N#C[N-]C#N,1
495.15,CCc1cc2cccc[n+]2cc1CC,[Br-],1
323.15,CCc1cc2cccc[n+]2cc1CC,O=S(=O)([N-]S(=O)(=O)C(F)(F)F)C(F)(F)F,1
389.15,CCc1cc2cccc[n+]2cc1CC,F[B-](F)(F)F,1
341.15,CCc1cc2cccc[n+]2cc1CC,N#C[N-]C#N,1
281.15,CC[N+](C)(CC)CCOC,F[B-](F)(F)F,1
309.15,COCC[N+](C)(C)CCOC,F[B-](F)(F)F,1
279.15,CCOCC[N+](C)(C)CCOC,F[B-](F)(F)F,1
309.15,CC[N+](C)(CC)CCOC,CC(=O)[O-],1
313.15,COCC[N+](C)(C)CCOC,CC(=O)[O-],1
304.15,CCOCC[N+](C)(C)CCOC,CC(=O)[O-],1
307.15,CCOCC[N+](C)(C)CCOCC,CC(=O)[O-],1
454.15,CCCCCCCC[N+](C)(C)C1CCCCC1,[Br-],1
296.15,C[NH+](C)CCCCCCC1CCCCC1,O=C[O-],1
329.15,CCCCCCCC[N+](C)(C)C1CCCCC1,O=C[O-],1
323.15,CCCC[N+](C)(C)C1CCCCC1,CC(=O)[O-],1
357.15,CCCCC(CC)C[N+](C)(C)CC(CC)CCCC,[Cl-],1
363.15,CCCCC(CC)C[N+](C)(C)CC(CC)CCCC,[Br-],1
346.15,CCCCC(CC)C[N+](C)(C)CC(CC)CCCC,[I-],1
353.15,CCCCC(CC)C[N+](C)(C)CC(CC)CCCC,O=[N+]([O-])[O-],1
351.15,CCCCC(CC)C[N+](C)(C)CC(CC)CCCC,Cc1ccc(S(=O)(=O)[O-])cc1,1
539.15,CCCCC(CC)C[N+](C)(C)CC(CC)CCCC,O=C([O-])c1ccncc1,1
497.15,CCCCC(CC)C[N+](C)(C)CC(CC)CCCC,O=C([O-])c1cccnc1,1
339.15,C[n+]1ccn(CCC(F)(F)C(F)(F)C(F)(F)C(F)(F)C(F)(F)C(F)(F)F)c1,F[P-](F)(F)(F)(F)F,1
362.15,CCCC[n+]1ccn(CCC(F)(F)C(F)(F)C(F)(F)C(F)(F)C(F)(F)C(F)(F)F)c1,F[P-](F)(F)(F)(F)F,1
255.15,CCCC[N+](CCCC)(CCCC)CCCC,O=S(=O)([O-])C(F)(F)C(F)(F)C(F)(F)C(F)(F)C(F)(F)C(F)(F)C(F)(F)C(F)(F)F,1
327.15,CCCC[N+](CCCC)(CCCC)CCCC,O=S(=O)([O-])C(F)(F)C(F)(F)C(F)(F)C(F)(F)F,1
278.15,CC[n+]1cccc(C)c1,O=S(=O)([O-])C(F)(F)C(F)(F)C(F)(F)C(F)(F)C(F)(F)C(F)(F)C(F)(F)C(F)(F)F,1
297.15,CCCCCC[n+]1ccn(C)c1,O=S(=O)([O-])C(F)(F)C(F)(F)C(F)(F)C(F)(F)C(F)(F)C(F)(F)C(F)(F)C(F)(F)F,1
308.15,CCCCCCCC[n+]1ccn(C)c1,O=S(=O)([O-])C(F)(F)C(F)(F)C(F)(F)C(F)(F)C(F)(F)C(F)(F)C(F)(F)C(F)(F)F,1
632.15,CCCC[N+]1(C)CCCC1,O=S(=O)([O-])C(F)(F)C(F)(F)C(F)(F)C(F)(F)C(F)(F)C(F)(F)C(F)(F)C(F)(F)F,1
306.15,C[N+]1(CCO)CCCC1,[Cl-],1
314.15,C[N+]1(CCCO)CCCC1,[Cl-],1
313.15,C[N+]1(CCO)CCCCC1,[Cl-],1
331.15,COCC[N+]1(C)CCCCC1,[Cl-],1
361.15,CC[N+]1(CCO)CCCCC1,[Cl-],1
248.15,C[N+]1(CCO)CCCC1,O=S(=O)([N-]S(=O)(=O)C(F)(F)F)C(F)(F)F,1
285.15,C[N+]1(CCCO)CCCC1,O=S(=O)([N-]S(=O)(=O)C(F)(F)F)C(F)(F)F,1
250.15,C[N+]1(CCO)CCCCC1,O=S(=O)([N-]S(=O)(=O)C(F)(F)F)C(F)(F)F,1
253.15,CC[N+]1(CCO)CCCCC1,O=S(=O)([N-]S(=O)(=O)C(F)(F)F)C(F)(F)F,1
297.15,CCCCCCCCCCCCCCCCCC[P+](CCCC)(CCCC)CCCC,[c-]1c[nH]nn1,1
280.15,CCCC[P+](CCCC)(CCCC)COC,[c-]1c[nH]nn1,1
290.15,CCCC[P+](CC)(CC)CC,Cc1ncc([N+](=O)[O-])[n-]1,1
317.15,CCCC[P+](CC)(CC)CC,O=[N+]([O-])c1cn[n-]c1,1
289.15,CCCCCCC[P+](CC)(CC)CC,O=[N+]([O-])c1cn[n-]c1,1
278.15,CCCCCCCC[P+](CC)(CC)CC,O=[N+]([O-])c1cn[n-]c1,1
289.15,CCCCCCCCC[P+](CC)(CC)CC,O=[N+]([O-])c1cn[n-]c1,1
284.15,CCCCCCCCCC[P+](CC)(CC)CC,O=[N+]([O-])c1cn[n-]c1,1
245.15,CCCCCCCC[P+](CC)(CC)CC,O=[N+]([O-])c1c[n-]cn1,1
333.15,CCCCCC[N+](CC)(CC)CC,[c-]1c[nH]nn1,1
302.15,CC[P+](CC)(CC)COCCOC,[c-]1c[nH]nn1,1
258.15,CC[P+](CC)(CC)COCCOC,O=[N+]([O-])c1cn[n-]c1,1
324.15,CC[P+](CC)(CC)C1CCCC1,O=[N+]([O-])c1cn[n-]c1,1
312.15,C=CCC[P+](CC)(CC)CC,O=[N+]([O-])c1cn[n-]c1,1
322.15,C=CCC[P+](CC)(CC)CC,O=S(=O)([N-]S(=O)(=O)C(F)(F)F)C(F)(F)F,1
263.15,CCCC[S+]1CCCCC1,O=S(=O)([N-]S(=O)(=O)C(F)(F)F)C(F)(F)F,1
306.15,CCCCCC[n+]1ccn(C)c1,O=[N+]([O-])c1cn[n-]c1,1
307.15,CCCCCC[n+]1ccn(C)c1,[c-]1nc[nH]n1,1
365.15,Cc1n(C)cc[n+]1C1CCCC1,O=[N+]([O-])c1cn[n-]c1,1
331.15,COCCOC[n+]1ccn(C)c1C,[c-]1c[nH]nn1,1
378.15,CC[N+]1=C2CCCCCN2CCC1,[Br-],1
355.15,CCCC[N+]1=C2CCCCCN2CCC1,[Br-],1
317.15,CCCCCC[N+]1=C2CCCCCN2CCC1,[Cl-],1
303.15,CCCCCCCC[N+]1=C2CCCCCN2CCC1,[Cl-],1
313.15,CC[N+]1=C2CCCCCN2CCC1,N#C[S-],1
323.15,CCCC[N+]1=C2CCCCCN2CCC1,N#C[S-],1
321.15,CCCCCCCCCCCCCC[N+]1=C2CCCCCN2CCC1,N#C[S-],1
344.15,CC[N+](CC)(CC)CC,F[B-](F)(F)F,1
350.15,CC[N+](CC)(CC)CC,F[P-](F)(F)(F)(F)F,1
435.15,CCCC[N+](CC)(CC)CC,F[B-](F)(F)F,1
452.15,CCCC[N+](CC)(CC)CC,F[P-](F)(F)(F)(F)F,1
361.15,CCCCCC[N+](CC)(CC)CC,F[B-](F)(F)F,1
435.15,CCCCCC[N+](CC)(CC)CC,F[P-](F)(F)(F)(F)F,1
374.15,CCCCCCCC[N+](CC)(CC)CC,F[B-](F)(F)F,1
361.15,CCCCCCCC[N+](CC)(CC)CC,F[P-](F)(F)(F)(F)F,1
513.15,C[n+]1ccc(-c2ccncc2)cc1,[I-],1
343.15,C[n+]1ccc(-c2ccncc2)cc1,O=S(=O)([N-]S(=O)(=O)C(F)(F)F)C(F)(F)F,1
463.15,CCCCCC[n+]1ccc(-c2ccncc2)cc1,[I-],1
397.15,CCCCCCCCCC[n+]1ccc(-c2ccncc2)cc1,[I-],1
453.15,CCC(=O)C[n+]1ccccc1,[Br-],1
422.15,CC(C)C(=O)C[n+]1ccccc1,[Br-],1
360.15,CC(C)COC(=O)C[n+]1ccccc1,[Br-],1
354.15,CCCCCCCCCCCC(=O)OCC[n+]1ccccc1,[Br-],1
353.15,CCCCCCCCCCCCCCCC(=O)OCC[n+]1ccccc1,[Br-],1
354.15,CCCCCCCCCCCCCCCCCCCC(=O)OCC[n+]1ccccc1,[Br-],1
415.15,CC(O)c1c(O)c(O)cc[n+]1C,[Br-],1
382.15,O=C1OCCN1C(=O)c1ccc[n+](Cc2ccccc2)c1,[Br-],1
432.15,CN(C)C(=O)c1ccc[n+](Cc2ccccc2)c1,[Br-],1
356.15,N#CCCC[n+]1ccccc1,[Br-],1
456.15,Cc1ccc[n+](CC#N)c1,[Br-],1
467.15,Cc1cccc[n+]1CC#N,[Br-],1
433.15,Cc1ccc(C)[n+](CC#N)c1,[Br-],1
397.15,Cc1cc[n+](CCCC#N)cc1,[Br-],1
412.15,Cc1cccc[n+]1CCCC#N,[Br-],1
415.15,Cc1ccc(C)[n+](CCCC#N)c1,[Br-],1
393.15,CCc1cc[n+](CC#N)cc1,[Br-],1
446.15,CCc1cccc[n+]1CC#N,[Br-],1
425.15,CCc1cc[n+](CCCC#N)cc1,[Br-],1
455.15,COC(=O)c1ccc[n+](CCCC#N)c1,[Br-],1
465.15,C[N+]1(CC#N)CCCCC1,[Br-],1
410.15,C[N+]1(CCCC#N)CCCCC1,[Br-],1
415.15,N#CC[N+]1(CC#N)CCCC1,[Br-],1
472.15,N#CC[N+]1(CC#N)CCCCC1,[Br-],1
317.15,N#CC[n+]1ccccc1,O=S(=O)([N-]S(=O)(=O)C(F)(F)F)C(F)(F)F,1
324.15,Cc1cccc[n+]1CC#N,O=S(=O)([N-]S(=O)(=O)C(F)(F)F)C(F)(F)F,1
321.15,CCc1cc[n+](CC#N)cc1,O=S(=O)([N-]S(=O)(=O)C(F)(F)F)C(F)(F)F,1
331.15,N#CC[N+]1(CC#N)CCCC1,O=S(=O)([N-]S(=O)(=O)C(F)(F)F)C(F)(F)F,1
335.15,N#CC[N+]1(CC#N)CCCCC1,O=S(=O)([N-]S(=O)(=O)C(F)(F)F)C(F)(F)F,1
364.15,Cn1cc[n+](C)c1,CS(=O)(=O)[O-],1
304.15,CC[n+]1ccn(C)c1,CS(=O)(=O)[O-],1
313.15,CCC[n+]1ccn(C)c1,CS(=O)(=O)[O-],1
347.15,CCCC[n+]1ccn(C)c1,CS(=O)(=O)[O-],1
350.15,CCCCC[n+]1ccn(C)c1,CS(=O)(=O)[O-],1
311.15,CCCCCCCC[n+]1ccn(C)c1,CS(=O)(=O)[O-],1
330.15,CCCCCCCCCC[n+]1ccn(C)c1,CS(=O)(=O)[O-],1
292.15,CCC[n+]1ccn(C)c1,CCS(=O)(=O)[O-],1
330.15,CCCC[n+]1ccn(C)c1,CCS(=O)(=O)[O-],1
327.15,CCCCC[n+]1ccn(C)c1,CCS(=O)(=O)[O-],1
339.15,CCCCCC[n+]1ccn(C)c1,CCS(=O)(=O)[O-],1
305.15,CCC[n+]1ccn(C)c1,CCCS(=O)(=O)[O-],1
326.15,CCCC[n+]1ccn(C)c1,CCCS(=O)(=O)[O-],1
320.15,CCC[n+]1ccn(C)c1,CCCCS(=O)(=O)[O-],1
292.15,CC[n+]1ccn(C)c1,CCCCCCS(=O)(=O)[O-],1
403.15,c1ccn2cc[nH+]c2c1,O=C([O-])C(=O)O,1
361.15,c1ccn2cc[nH+]c2c1,O=C([O-])c1ccccc1C(=O)O,1
335.15,c1ccn2cc[nH+]c2c1,O=S(=O)([O-])O,1
296.15,ClCC[NH+]1CCOCC1,O=S(=O)([N-]S(=O)(=O)C(F)(F)F)C(F)(F)F,1
307.15,ClCC[NH+]1CCCCC1,O=S(=O)([N-]S(=O)(=O)C(F)(F)F)C(F)(F)F,1
302.15,ClCC[NH+]1CCCC1,O=S(=O)([N-]S(=O)(=O)C(F)(F)F)C(F)(F)F,1
264.65,CC[NH+](CC)CCCl,O=S(=O)([N-]S(=O)(=O)C(F)(F)F)C(F)(F)F,1
297.15,C[NH+](C)CCCl,O=S(=O)([N-]S(=O)(=O)C(F)(F)F)C(F)(F)F,1
305.15,C[NH+](C)CCCCl,O=S(=O)([N-]S(=O)(=O)C(F)(F)F)C(F)(F)F,1
350.15,CCC[N+]1(C)CCCC1,O=S(=O)([O-])C(F)(F)F,1
362.15,CCCC[n+]1ccc(C#N)cc1,N#C[C-](C#N)C#N,1
283.15,Cn1cc[n+](CC(CBr)N=[N+]=[N-])c1,[Br-],1
290.15,Cn1cc[n+](CC(Br)CN=[N+]=[N-])c1,[Br-],1
271.15,Cn1cc[n+](CC(CBr)N=[N+]=[N-])c1,N#C[N-]C#N,1
279.15,Cn1cc[n+](CC(Br)CN=[N+]=[N-])c1,N#C[N-]C#N,1
395.15,CCCC[n+]1csc2ccccc21,F[P-](F)(F)(F)(F)F,1
412.15,CCCCC[n+]1csc2ccccc21,F[P-](F)(F)(F)(F)F,1
359.15,CCCCCC[n+]1csc2ccccc21,F[P-](F)(F)(F)(F)F,1
359.15,CCCCCCC[n+]1csc2ccccc21,F[P-](F)(F)(F)(F)F,1
334.15,CCCCCCCC[n+]1csc2ccccc21,F[P-](F)(F)(F)(F)F,1
287.15,C[N+]1(CCCO)CCOCC1,O=S(=O)([N-]S(=O)(=O)C(F)(F)F)C(F)(F)F,1
550.15,c1ccc([P+](c2ccccc2)(c2ccccc2)c2ccccc2)cc1,[Cl-],1
366.15,[NH4+],O=[N+]([O-])[N-][N+](=O)[O-],1
276.15,CC(C)CCC[n+]1ccn(C)c1,O=S(=O)([N-]S(=O)(=O)C(F)(F)F)C(F)(F)F,1
273.15,CC(C)CC[n+]1ccn(C)c1,O=S(=O)([N-]S(=O)(=O)C(F)(F)F)C(F)(F)F,1
284.15,CC(C)CCCC[n+]1ccn(C)c1,O=S(=O)([N-]S(=O)(=O)C(F)(F)F)C(F)(F)F,1
323.15,CC[n+]1cnn(C)c1,O=S(=O)([N-]S(=O)(=O)C(F)(F)F)C(F)(F)F,1
305.15,CCC[n+]1cnn(C)c1,O=S(=O)([N-]S(=O)(=O)C(F)(F)F)C(F)(F)F,1
290.15,CCCCCCCC[n+]1cnn(C)c1,O=S(=O)([N-]S(=O)(=O)C(F)(F)F)C(F)(F)F,1
328.15,CCCC[n+]1cnn(C)c1,F[P-](F)(F)(F)(F)F,1
261.15,CC[S+](C)CC,O=S(=O)([N-]S(=O)(=O)C(F)(F)F)C(F)(F)F,1
255.15,CC[S+](CC)CC,O=S(=O)([N-]S(=O)(=O)C(F)(F)F)C(F)(F)F,1
267.15,CCC[S+](CC)CC,O=S(=O)([N-]S(=O)(=O)C(F)(F)F)C(F)(F)F,1
284.15,CCCC[P+](CC)(CC)CC,FC(F)(F)c1cc[n-]n1,1
294.15,CCCC[P+](CC)(CC)CC,Cc1cc(C(F)(F)F)[n-]n1,1
264.15,CCCCCCCC[P+](CC)(CC)CC,c1ccc2[n-]ncc2c1,1
265.15,CCCCC[N+](C)(C)CC,O=S(=O)([N-]S(=O)(=O)C(F)(F)F)C(F)(F)F,1
309.15,CC[N+](C)(CC)CCCC(F)(F)F,O=S(=O)([N-]S(=O)(=O)C(F)(F)F)C(F)(F)F,1
344.15,CCCC[P+](CCCC)(CCCC)CCCC,c1ccc2[n-]cnc2c1,1
342.15,CCCC[P+](CCCC)(CCCC)CCCC,Brc1ccc2[n-]cnc2c1,1
439.15,CC[P+](CC)(CC)CC,c1ccc2[n-]cnc2c1,1
236.15,CCCC[n+]1ccc(-c2ccncc2)cc1,O=S(=O)([N-]S(=O)(=O)C(F)(F)F)C(F)(F)F,1
342.15,C[n+]1cccc2ccc3cccnc3c21,O=S(=O)([N-]S(=O)(=O)C(F)(F)F)C(F)(F)F,1
347.15,C1CC[NH2+]C1,F[B-](F)(F)F,1
382.15,C1CC[NH2+]C1,O=S(=O)([O-])C(F)(F)F,1
421.15,C1CC[NH2+]C1,O=S(=O)([O-])C(F)(F)C(F)(F)C(F)(F)C(F)(F)F,1
383.15,C1CC[NH2+]C1,O=S(=O)([O-])C(F)(F)C(F)(F)C(F)(F)C(F)(F)C(F)(F)C(F)(F)F,1
393.15,C1CC[NH2+]C1,O=S(=O)([O-])C(F)(F)C(F)(F)C(F)(F)C(F)(F)C(F)(F)C(F)(F)C(F)(F)C(F)(F)F,1
358.15,Cc1n(Cn2cccn2)cc[n+]1CCC(F)(F)F,O=S(=O)([N-]S(=O)(=O)C(F)(F)F)C(F)(F)F,1
348.15,Cc1n(Cn2cccn2)cc[n+]1CCCC(F)(F)F,O=S(=O)([N-]S(=O)(=O)C(F)(F)F)C(F)(F)F,1
385.15,Cc1n(Cn2cccn2)cc[n+]1CCC(F)(F)C(F)(F)C(F)(F)C(F)(F)F,O=S(=O)([N-]S(=O)(=O)C(F)(F)F)C(F)(F)F,1
387.15,Cc1n(Cn2cccn2)cc[n+]1CCCC(F)(F)F,F[P-](F)(F)(F)(F)F,1
353.15,Cc1cc(C)n(Cn2cc[n+](C)c2C)n1,O=S(=O)([N-]S(=O)(=O)C(F)(F)F)C(F)(F)F,1
436.15,Cc1cc(C)n(Cn2cc[n+](C)c2C)n1,F[P-](F)(F)(F)(F)F,1
280.15,CCC[N+]1(C)CCCC1,O=S(=O)([N-]S(=O)(=O)C(F)(F)F)C(F)(F)F,1
282.15,CCC[N+]1(C)CCCCC1,O=S(=O)([N-]S(=O)(=O)C(F)(F)F)C(F)(F)F,1
347.15,CCCCn1cc(C[n+]2ccn(C)c2C)nn1,F[P-](F)(F)(F)(F)F,1
387.15,Cc1n(C)cc[n+]1Cc1cn(Cc2ccccc2)nn1,F[P-](F)(F)(F)(F)F,1
358.15,Cn1cc[n+](Cc2cn(Cc3ccccc3)nn2)c1,F[P-](F)(F)(F)(F)F,1
360.15,CCCCn1cc[n+](Cc2cn(Cc3ccccc3)nn2)c1,F[P-](F)(F)(F)(F)F,1
386.15,CCCCn1cc[n+](Cc2cn(-c3ccccc3)nn2)c1,F[P-](F)(F)(F)(F)F,1
321.15,Cc1cc(C)c(-n2cc[n+](Cc3cn(Cc4ccccc4)nn3)c2)c(C)c1,F[P-](F)(F)(F)(F)F,1
311.15,C[n+]1ccn(CCC(F)(F)C(F)(F)C(F)(F)C(F)(F)C(F)(F)C(F)(F)F)c1,O=S(=O)([N-]S(=O)(=O)C(F)(F)C(F)(F)F)C(F)(F)C(F)(F)F,1
316.15,CC[NH+](CC)CC,O=[PH]([O-])O,1
341.15,CC[NH+](CC)CC,Cc1ccc(S(=O)(=O)[O-])cc1,1
282.15,CC[NH+](CC)CC,O=C([O-])C(F)(F)F,1
407.15,c1ccc([P+](c2ccccc2)(c2ccccc2)c2ccccc2)cc1,O=S(=O)([N-]S(=O)(=O)C(F)(F)F)C(F)(F)F,1
301.15,C[N+](C)(C)CCN=[N+]=[N-],N#C[N-][N+](=O)[O-],1
282.15,C[N+](C)(C)CCN=[N+]=[N-],N#C[N-]C#N,1
365.15,C[N+](C)(C)CCN=[N+]=[N-],[N-]=[N+]=[N-],1
331.15,[N-]=[N+]=NCC[NH2+]CCN=[N+]=[N-],N#C[N-][N+](=O)[O-],1
353.15,CC[NH+](CC)CC,[N-]=[N+]=[N-],1
348.15,CC(C)[NH+](C)C,[N-]=[N+]=[N-],1
290.15,C#CCn1cc[n+](C)c1,N#C[N-]C#N,1
322.15,CC#CC[n+]1ccn(C)c1,N#C[N-]C#N,1
413.15,CC[n+]1ccn(C)c1,FC(F)(F)c1cc([B-](c2cc(C(F)(F)F)cc(C(F)(F)F)c2)(c2cc(C(F)(F)F)cc(C(F)(F)F)c2)c2cc(C(F)(F)F)cc(C(F)(F)F)c2)cc(C(F)(F)F)c1,1
448.15,CC[n+]1ccn(C)c1,FC(F)(F)C(O[Al-](OC(C(F)(F)F)(C(F)(F)F)C(F)(F)F)(OC(C(F)(F)F)(C(F)(F)F)C(F)(F)F)OC(C(F)(F)F)(C(F)(F)F)C(F)(F)F)(C(F)(F)F)C(F)(F)F,1
341.15,CCCCCC[n+]1ccn(C)c1,FC(F)(F)C(O[Al-](OC(C(F)(F)F)(C(F)(F)F)C(F)(F)F)(OC(C(F)(F)F)(C(F)(F)F)C(F)(F)F)OC(C(F)(F)F)(C(F)(F)F)C(F)(F)F)(C(F)(F)F)C(F)(F)F,1
382.15,CC[n+]1cn(C)c2ccccc21,FC(F)(F)c1cc([B-](c2cc(C(F)(F)F)cc(C(F)(F)F)c2)(c2cc(C(F)(F)F)cc(C(F)(F)F)c2)c2cc(C(F)(F)F)cc(C(F)(F)F)c2)cc(C(F)(F)F)c1,1
488.15,CC[n+]1cn(C)c2ccccc21,FC(F)(F)C(O[Al-](OC(C(F)(F)F)(C(F)(F)F)C(F)(F)F)(OC(C(F)(F)F)(C(F)(F)F)C(F)(F)F)OC(C(F)(F)F)(C(F)(F)F)C(F)(F)F)(C(F)(F)F)C(F)(F)F,1
409.15,CC[N+]1=C(C)N(C)CC1,FC(F)(F)c1cc([B-](c2cc(C(F)(F)F)cc(C(F)(F)F)c2)(c2cc(C(F)(F)F)cc(C(F)(F)F)c2)c2cc(C(F)(F)F)cc(C(F)(F)F)c2)cc(C(F)(F)F)c1,1
489.15,CC[N+]1=C(C)N(C)CC1,FC(F)(F)C(O[Al-](OC(C(F)(F)F)(C(F)(F)F)C(F)(F)F)(OC(C(F)(F)F)(C(F)(F)F)C(F)(F)F)OC(C(F)(F)F)(C(F)(F)F)C(F)(F)F)(C(F)(F)F)C(F)(F)F,1
297.15,CC[N+]1=C2CCCN2CCC1,O=S(=O)([N-]S(=O)(=O)C(F)(F)F)C(F)(F)F,1
289.15,CCC[N+]1=C2CCCN2CCC1,O=S(=O)([N-]S(=O)(=O)C(F)(F)F)C(F)(F)F,1
297.15,CCCC[N+]1=C2CCCN2CCC1,O=S(=O)([N-]S(=O)(=O)C(F)(F)F)C(F)(F)F,1
302.15,CC[N+]1=C2CCCCCN2CCC1,O=S(=O)([N-]S(=O)(=O)C(F)(F)F)C(F)(F)F,1
311.15,COCCOCC[N+](C)(C)CCOCCOC,[Cl-],1
317.15,CC[N+](CCOCCOC)(CCOCCOC)CCOCCOC,[Br-],1
365.15,c1ccc([S+](c2ccccc2)c2ccccc2)cc1,O=S(=O)([N-]S(=O)(=O)C(F)(F)F)C(F)(F)F,1
309.15,c1ccc([S+](c2ccccc2)c2ccccc2)cc1,O=S(=O)([N-]S(=O)(=O)C(F)(F)C(F)(F)F)C(F)(F)C(F)(F)F,1
336.15,c1ccc(Oc2ccccc2[S+](c2ccccc2)c2ccccc2)cc1,O=S(=O)([N-]S(=O)(=O)C(F)(F)F)C(F)(F)F,1
378.15,O=S(=O)(c1ccccc1)c1ccccc1[S+](c1ccccc1)c1ccccc1,O=S(=O)([N-]S(=O)(=O)C(F)(F)F)C(F)(F)F,1
405.15,O=S(=O)(c1ccccc1)c1ccccc1[S+](c1ccccc1)c1ccccc1,O=S(=O)([N-]S(=O)(=O)C(F)(F)C(F)(F)F)C(F)(F)C(F)(F)F,1
328.15,CC[N+](CC)(CC)CC,Fc1c(F)c(F)c([B-](F)(F)F)c(F)c1F,1
313.15,CC[n+]1ccn(C)c1,Fc1c(F)c(F)c([B-](F)(F)F)c(F)c1F,1
308.15,CCCC[n+]1ccn(C)c1,Fc1c(F)c(F)c([B-](F)(F)F)c(F)c1F,1
283.15,CCCCCCCC[n+]1ccn(C)c1,Fc1c(F)c(F)c([B-](F)(F)F)c(F)c1F,1
308.15,CCCC[n+]1ccn(C)c1C,Fc1c(F)c(F)c([B-](F)(F)F)c(F)c1F,1
282.15,CCCC[n+]1ccn(C)c1,COc1c(F)c(F)c([B-](F)(F)F)c(F)c1F,1
270.15,CCCC[n+]1ccn(C)c1,CCCOc1c(F)c(F)c([B-](F)(F)F)c(F)c1F,1
306.15,CCCC[n+]1ccn(C)c1,CC(C)(C)Oc1c(F)c(F)c([B-](F)(F)F)c(F)c1F,1
295.15,CCCC[n+]1ccn(C)c1,Fc1c(F)c([B-](F)(F)F)c(F)c(F)c1OCc1ccccc1,1
351.15,CCCC[n+]1ccn(C)c1,Fc1c(F)c([B-](F)(F)F)c(F)c(F)c1Oc1ccccc1,1
343.15,CCCC[n+]1ccn(C)c1,CC1(C)C2CCC1(C)C(Oc1c(F)c(F)c([B-](F)(F)F)c(F)c1F)C2,1
374.15,C1CCC2=NCCC[NH+]2CC1,CC1=CC(=O)[N-]S(=O)(=O)O1,1
501.15,C1CCC2=NCCC[NH+]2CC1,CCCCN(C)C(=O)[O-],1
337.15,CN(C)C(=[NH2+])N(C)C,CCN(CC)C(=O)[O-],1
312.15,CN(C)C(=[NH2+])N(C)C,CC(C)N(C(=O)[O-])C(C)C,1
345.15,CN(C)C(=[NH2+])N(C)C,CC1=CC(=O)[N-]S(=O)(=O)O1,1
327.15,CN(C)C(=[NH2+])N(C)C,CCCCN(C)C(=O)[O-],1
330.15,CCCCCCCCCCCCCCCC[N+](C)(C)C,Cc1cc(Cl)ccc1OCC(=O)[O-],1
347.15,CCCCCCCCCCCCCCCC[N+](C)(C)C,O=C([O-])COc1ccc(Cl)cc1Cl,1
374.15,CCCCCCCCCCCCCCCC[N+](C)(C)C,COc1c(Cl)ccc(Cl)c1C(=O)[O-],1
341.15,CCCCCCCCCCCCCCCCCC[N+](C)(C)C,Cc1cc(Cl)ccc1OCC(=O)[O-],1
328.15,CCCCCCCCCCCCCCCCCC[N+](C)(C)C,O=C([O-])COc1ccc(Cl)cc1Cl,1
349.15,CCCCCCCCCCCCCCCCCC[N+](C)(C)C,COc1c(Cl)ccc(Cl)c1C(=O)[O-],1
336.15,CCCCCCCCCCCCCCCCCCCCCC[N+](C)(C)C,Cc1cc(Cl)ccc1OCC(=O)[O-],1
334.15,CCCCCCCCCCCCCCCCCCCCCC[N+](C)(C)C,O=C([O-])COc1ccc(Cl)cc1Cl,1
345.15,CCCCCCCCCCCCCCCCCCCCCC[N+](C)(C)C,COc1c(Cl)ccc(Cl)c1C(=O)[O-],1
250.15,C=Cn1cc[n+](CC)c1,O=S(=O)(F)[N-]S(=O)(=O)F,1
270.15,C=CCn1cc[n+](C)c1,O=S(=O)(F)[N-]S(=O)(=O)F,1
277.15,C=Cn1cc[n+](CC)c1,O=S(=O)([N-]S(=O)(=O)C(F)(F)F)C(F)(F)F,1
459.15,NC(N)=[NH2+],O=S(=O)([O-])C(F)(F)C(F)(F)C(F)(F)C(F)(F)F,1
321.15,CCCCCCCCC[n+]1cccnc1,F[B-](F)(F)F,1
215.15,C[n+]1cccnc1,O=S(=O)([N-]S(=O)(=O)C(F)(F)F)C(F)(F)F,1
320.15,CC[n+]1cccnc1,O=S(=O)([N-]S(=O)(=O)C(F)(F)F)C(F)(F)F,1
221.15,CCCCCCCCC[n+]1cccnc1,O=S(=O)([N-]S(=O)(=O)C(F)(F)F)C(F)(F)F,1
388.15,CCCC[P+](CCCC)(CCCC)CCCC,COc1cc(C=CC(=O)[O-])ccc1O,1
392.15,CCCC[N+](CCCC)(CCCC)CCCC,COc1cc(C=CC(=O)[O-])ccc1O,1
418.15,CCCC[P+](CCCC)(CCCC)CCCC,O=C([O-])C=Cc1ccc(O)cc1,1
423.15,CCCC[N+](CCCC)(CCCC)CCCC,O=C([O-])C=Cc1ccc(O)cc1,1
290.15,CCC[N+](C)(C)CC,Br[Al-](Br)(Br)Br,1
338.15,CCCC[N+](C)(C)CCC,Br[Al-](Br)(Br)Br,1
364.15,CCCC[N+](C)(CC)CC,Br[Al-](Br)(Br)Br,1
320.15,CCCCC[N+](CC)(CC)CC,Br[Al-](Br)(Br)Br,1
308.15,CCCCC[P+](CC)(CC)CC,Br[Al-](Br)(Br)Br,1
282.15,CCCC[N+]1(C)CCCC1,O=S(=O)([N-]S(=O)(=O)C(F)(F)C(F)(F)F)C(F)(F)C(F)(F)F,1
279.15,CCC[N+]1(C)CCCC1,O=S(=O)([N-]S(=O)(=O)C(F)(F)C(F)(F)F)C(F)(F)C(F)(F)F,1
406.15,C[N+]1(C)CCCC1,O=S(=O)([N-]S(=O)(=O)C(F)(F)C(F)(F)F)C(F)(F)C(F)(F)F,1
306.15,CCCCCCCCCCCCCC[P+](CCCCCC)(CCCCCC)CCCCCC,O=S(=O)([N-]S(=O)(=O)C(F)(F)F)C(F)(F)F,1
301.15,CCCC[n+]1ccccc1C,F[B-](F)(F)F,1
283.15,CC[n+]1ccn(C)c1,CCCCCCCCOS(=O)(=O)[O-],1
303.15,CCCC[n+]1cccc(C)c1,O=S(=O)([O-])C(F)(F)F,1
272.15,CC[n+]1cccc(C)c1,O=S(=O)([N-]S(=O)(=O)C(F)(F)F)C(F)(F)F,1
396.15,c1ccc2c(c1)CCC[NH2+]2,O=[N+]([O-])[O-],1
373.15,CCCCCCC[N+](CCCCCC)(CCCCCC)CCCCCCC,[I-],1
396.15,CCCCCCC[N+](CCCCCCC)(CCCCCCC)CCCCCCC,[I-],1
345.15,CCCCCCC[N+](CCCCCC)(CCCCCC)CCCCCC,O=[N+]([O-])[O-],1
395.15,CCCC[N+](CCCC)(CCCC)CCCC,[Br-],1
376.15,CCCCC[N+](CCCCC)(CCCCC)CCCCC,[Br-],1
314.15,CCCC[N+](CCCC)(CCCC)CCCC,[Cl-],1
367.15,CCCCCC[N+](CCCCCC)(CCCCCC)CCCCCC,F[B-](F)(F)F,1
345.15,CCCCCC[N+](CCCCCC)(CCCCCC)CCCCCC,O=[N+]([O-])[O-],1
378.15,CCCCCCC[N+](CCCCCC)(CCCCCC)CCCCCCC,[O-][Cl+3]([O-])([O-])[O-],1
399.15,CCCCCCC[N+](CCCCCCC)(CCCCCCC)CCCCCCC,[O-][Cl+3]([O-])([O-])[O-],1
377.15,CCCCCC[N+](CCCCCC)(CCCCCC)CCCCCC,[Br-],1
371.15,CCCCCCC[N+](CCCCCC)(CCCCCC)CCCCCC,[I-],1
381.15,CCCCCCC[N+](CCCCCC)(CCCCCC)CCCCCC,[Br-],1
369.15,CCCCCCC[N+](CCCCCCC)(CCCCCCC)CCCCCCC,[Br-],1
395.15,CCCC[N+](CCC(C)C)(CCC(C)C)CCC(C)C,[Br-],1
387.15,CCCCC[N+](CCCCC)(CCCCC)CCCCC,O=[N+]([O-])[O-],1
376.15,CCCCCCC[N+](CCCCCC)(CCCCCC)CCCCCC,[O-][Cl+3]([O-])([O-])[O-],1
372.15,CCC[N+](C)(C)CCO,[Br-],1
359.15,CCCC[N+](C)(C)CCO,[Br-],1
355.15,CCCCCC[N+](C)(C)CCO,[Br-],1
335.15,CCCC[P+](CCCC)(CCCC)CCCC,CS(=O)(=O)[O-],1
329.15,CCCCCC[n+]1cccc(C)c1,Cc1ccc(S(=O)(=O)[O-])cc1,1
236.15,CC[n+]1ccn(C)c1,CCOS(=O)(=O)[O-],1
333.15,CC[n+]1ccn(C)c1,F[P-](F)(F)(F)(F)F,1
323.15,CC[n+]1ccn(C)c1,Cc1ccc(S(=O)(=O)[O-])cc1,1
285.15,CCCCCCCC[n+]1ccn(C)c1,[Cl-],1
280.15,CCCCCCCCCC(=O)OCC[N+](C)(C)COCCCCC,O=C([O-])C(F)(F)F,1
283.15,CCCCCCCCCCCOC[N+](C)(C)CCO,N#C[N-]C#N,1
305.15,CCCCCCCCCC[N+](C)(C)CCCCCCCCCC,O=[N+]([O-])[O-],1
262.15,CCn1cc[n+](CC)c1,O=S(=O)([N-]S(=O)(=O)C(F)(F)F)C(F)(F)F,1
325.15,CCCC[n+]1ccc(C)cc1,Cc1ccc(S(=O)(=O)[O-])cc1,1
291.15,CCCC[n+]1ccc(C)cc1,O=S(=O)([N-]S(=O)(=O)C(F)(F)F)C(F)(F)F,1
404.15,Cc1cc(C)[nH+]c(C)c1,Cc1ccc(S(=O)(=O)[O-])cc1,1
324.15,CCCC[n+]1cccc(C)c1,Cc1ccc(S(=O)(=O)[O-])cc1,1
317.15,CCCCCC[n+]1cccc2ccccc21,O=S(=O)([N-]S(=O)(=O)C(F)(F)F)C(F)(F)F,1
358.15,CC[N+]1(C)CCCCC1,O=S(=O)([N-]S(=O)(=O)C(F)(F)F)C(F)(F)F,1
304.15,CCCC[N+]1(C)CCCCC1,N#C[S-],1
338.15,CCCCCC[n+]1cccc(C)c1,O=S(=O)([O-])C(F)(F)F,1
295.15,CCCC[N+]1(C)CCCC1,N#C[S-],1
401.15,Nc1[nH]nn[n+]1N,[O-][Cl+3]([O-])([O-])[O-],1
325.15,C[NH+]1C=CN(CCCc2ccccc2)C1,F[P-](F)(F)(F)(F)F,1
310.15,C[NH+]1C=CN(CCc2ccccc2)C1,O=S(=O)([N-]S(=O)(=O)C(F)(F)F)C(F)(F)F,1
321.15,C[NH+]1C=CN(CCCc2ccccc2)C1,O=S(=O)([N-]S(=O)(=O)C(F)(F)F)C(F)(F)F,1
376.15,C[NH+]1C=CN(CCc2ccccc2)C1,F[P-](F)(F)(F)(F)F,1
269.15,CCCC[n+]1ccn(C)c1,COS(=O)(=O)[O-],1
394.15,Cn1nn[n+](N)c1N,O=[N+]([O-])[O-],1
277.15,CCCC[N+]1(C)CCCC1,FC(F)(F)C(F)(F)[P-](F)(F)(F)(C(F)(F)C(F)(F)F)C(F)(F)C(F)(F)F,1
298.15,CCn1cc[n+](C)c1C,O=S(=O)([N-]S(=O)(=O)C(F)(F)F)C(F)(F)F,1
315.15,CN(C)C(=[NH2+])N(C)C,O=C([O-])C(F)(F)F,1
314.15,CN(C)C(=[NH2+])N(C)C,O=S(=O)([O-])C(F)(F)F,1
223.15,CN(C)C(=[NH2+])N(C)C,CC(O)C(=O)[O-],1
299.15,CCCC[P+](CCCC)(CCCC)CCCC,CC(C)[C@H](N)C(=O)[O-],1
306.15,CC[N+](C)(CC)CC,COS(=O)(=O)[O-],1
326.15,CCCC[N+]1(CC)CCCC1,CCOS(=O)(=O)[O-],1
298.15,CC[N+]1(C)CCCC1,CCOS(=O)(=O)[O-],1
354.15,CC[NH2+]CC,O=S(=O)([O-])O,1
402.15,C[NH+](C)C,O=S(=O)([O-])O,1
389.15,C[NH+](C)C,O=P([O-])(O)O,1
379.15,[NH3+]CCO,O=C([O-])CO,1
302.15,CCCC[n+]1ccn(C)c1,O=S(=O)([O-])O,1
250.15,CCCCCCCC[n+]1ccn(C)c1,O=S(=O)([N-]S(=O)(=O)C(F)(F)F)C(F)(F)F,1
375.15,C[NH2+]C,F[B-](F)(F)F,1
366.15,CCCC[n+]1ccn(C)c1C,[Cl-],1
319.15,CCC[N+](C)(CCC)CCC,O=S(=O)([N-]S(=O)(=O)C(F)(F)F)C(F)(F)F,1
290.15,CCC[NH+]1C(C)=CC(C)N1C,O=S(=O)([N-]S(=O)(=O)C(F)(F)F)C(F)(F)F,1
279.15,CC[NH+]1C=CN(C)C1,Cl[Al-](Cl)(Cl)Cl,1
293.15,CCCC[N+]1(C)CCCC1,N#C[B-](C#N)(C#N)C#N,1
264.15,CC[NH+]1C=CN(C)C1,N#C[C-](C#N)C#N,1
266.15,CCCC[N+]1(C)CCCC1,N#C[C-](C#N)C#N,1
303.15,CC[n+]1ccccc1,O=S(=O)([N-]S(=O)(=O)C(F)(F)F)C(F)(F)F,1
273.15,CCCCC[n+]1ccccc1,O=S(=O)([N-]S(=O)(=O)C(F)(F)F)C(F)(F)F,1
240.15,CC[n+]1ccccc1,N#C[N-]C#N,1
276.15,CCC[n+]1ccccc1,N#C[N-]C#N,1
281.15,CCCCC[N+]1(C)CCCC1,O=S(=O)([N-]S(=O)(=O)C(F)(F)F)C(F)(F)F,1
276.15,CCCCCC[N+]1(C)CCCC1,O=S(=O)([N-]S(=O)(=O)C(F)(F)F)C(F)(F)F,1
287.15,CCCCCCCC[N+](CC)(CC)CC,O=S(=O)([N-]S(=O)(=O)C(F)(F)F)C(F)(F)F,1
273.15,COCC[N+]1(C)CCCC1,FC(F)(F)C(F)(F)[P-](F)(F)(F)(C(F)(F)C(F)(F)F)C(F)(F)C(F)(F)F,1
309.15,CCCCCC[N+]12CCN(CC1)CC2,O=S(=O)([N-]S(=O)(=O)C(F)(F)F)C(F)(F)F,1
279.15,CC[N+](C)(C)CCO,O=S(=O)([N-]S(=O)(=O)C(F)(F)F)C(F)(F)F,1
369.15,C[N+](C)(C)CCO,CC(C)(C)C(=O)[O-],1
226.15,CCCCCC=CCC=CCCCCCCCCN1C=C[NH+](C)C1,O=S(=O)([N-]S(=O)(=O)C(F)(F)F)C(F)(F)F,1
289.15,CCCCCCCC/C=C/CCCCCCCCN1C=C[NH+](C)C1,O=S(=O)([N-]S(=O)(=O)C(F)(F)F)C(F)(F)F,1
252.15,CCCCCCCCC=CCCCCCCCCn1cc[n+](C)c1,O=S(=O)([N-]S(=O)(=O)C(F)(F)F)C(F)(F)F,1
311.15,CCCc1ccc[n+](C)c1,F[P-](F)(F)(F)(F)F,1
383.15,CCC[N+]1(C)CCCC1,F[P-](F)(F)(F)(F)F,1
498.15,CCCC[P+](CCCC)(CCCC)CCCC,F[P-](F)(F)(F)(F)F,1
312.15,CC[NH+]1C=CN(C)C1,O=S(=O)([C-](S(=O)(=O)C(F)(F)F)S(=O)(=O)C(F)(F)F)C(F)(F)F,1
411.15,CCCn1cc[n+](C)c1C,[Cl-],1
328.15,CCCCCC[n+]1ccc2ccccc2c1,O=S(=O)([N-]S(=O)(=O)C(F)(F)F)C(F)(F)F,1
366.15,C[n+]1ccn(CC#N)c1,N#Cc1nc(C(F)(F)F)[n-]c1C#N,1
395.15,CCn1c(C)cc(C)[n+]1-c1ccccc1,CS(=O)(=O)[O-],1
341.15,CCCCn1c(C)cc(C)[n+]1-c1ccccc1,F[B-](F)(F)F,1
365.15,CCCn1c(C)cc(C)[n+]1-c1ccccc1,CS(=O)(=O)[O-],1
418.15,Cc1cc(C)[n+](-c2ccccc2)n1C,F[B-](F)(F)F,1
353.15,CCCn1c(C)cc(C)[n+]1-c1ccccc1,F[B-](F)(F)F,1
386.15,CCn1c(C)cc(C)[n+]1-c1ccccc1,F[B-](F)(F)F,1
318.15,CCCCCCCCCC[N+](CC)(CC)CCCCCCCCCC,[Br-],1
538.15,CCCCCCCCCCCC[N+](C)(C)C,[Br-],1
520.15,CCCCCCCCCCCCCCCC[N+](C)(C)C,[Br-],1
343.15,CCCC[n+]1ccc(C)cc1,O=S(=O)([O-])C(F)(F)C(F)(F)C(F)(F)C(F)(F)F,1
311.15,CCCC[n+]1ccc(C)cc1,O=S(=O)([O-])C(F)(F)F,1
305.15,CCCCCCCC[n+]1ccn(C)c1,O=S(=O)([O-])C(F)(F)C(F)(F)C(F)(F)C(F)(F)F,1
278.15,CCCCCCCC[n+]1ccn(C)c1,O=S(=O)([O-])C(F)(F)F,1
268.15,CCCCCCCC[n+]1ccn(C)c1,N#C[N-]C#N,1
360.15,CCCCCCCC[n+]1cc(CC)ccc1C,[I-],1
364.15,CCCC[n+]1cc(C)cc(C)c1,O=S(=O)([O-])C(F)(F)F,1
355.15,CCCCCCCC[n+]1cc(C)cc(C)c1,[I-],1
290.15,CCCC[n+]1cccc(C)c1C,O=S(=O)([O-])C(F)(F)F,1
347.15,CCCC[n+]1cc(C)cc(C)c1C,O=S(=O)([O-])C(F)(F)F,1
349.15,CCCCCCCC[n+]1cc(C)cc(C)c1,O=S(=O)([O-])C(F)(F)F,1
272.15,CCCC[n+]1cc(C)cc(C)c1,N#C[N-]C#N,1
326.15,CCCCCCCC[n+]1cc(CC)ccc1C,N#C[N-]C#N,1
286.15,CCCC[n+]1cc(C)cc(C)c1,N#C[S-],1
235.15,CCCCCCCC[n+]1cc(C)cc(C)c1,N#C[S-],1
293.15,CCCCCCCC[n+]1cc(C)cc(C)c1C,N#C[S-],1
329.15,CCCCCCCC[n+]1cc(C)cc(C)c1,F[B-](F)(F)F,1
360.15,CCCCCCCCCCCC[n+]1cccc(C)c1,[Cl-],1
352.15,CCCCCCCC[n+]1cccc(C)c1,[Cl-],1
384.15,CCCC[n+]1cccc(C)c1,[Cl-],1
349.15,CCCCCCCCCC[n+]1cccc(C)c1,[Cl-],1
385.15,CCCCCCCCCCCCCCCCCC[n+]1cccc(C)c1,[Cl-],1
383.15,CCCCCCCCCCCCCCCC[n+]1cccc(C)c1,[Cl-],1
368.15,CCCCCCCCCCCCCC[n+]1cccc(C)c1,[Cl-],1
238.15,CCCCCCOC[n+]1ccccc1,O=S(=O)([O-])NC1CCCCC1,1
306.15,CCCCCCCCCCCCOC[n+]1ccccc1,O=S(=O)([O-])NC1CCCCC1,1
297.15,CCCCCCCCCCCOC[n+]1ccccc1,O=S(=O)([O-])NC1CCCCC1,1
259.15,CCCCCCCOC[n+]1ccccc1,O=S(=O)([O-])NC1CCCCC1,1
282.15,CCCCCCCCCOC[n+]1ccccc1,O=S(=O)([O-])NC1CCCCC1,1
388.15,CCCCCCCCCCCC[n+]1ccccc1,O=S(=O)([O-])NC1CCCCC1,1
378.15,CCCCCCCCCCCCCCCC[n+]1ccccc1,O=S(=O)([O-])NC1CCCCC1,1
323.15,CCCCCCCCCC[N+](C)(C)CCCCCCCCCC,O=S(=O)([O-])NC1CCCCC1,1
345.15,CCCC[NH+]1C=CN(C)C1,O=S(=O)([O-])NC1CCCCC1,1
335.15,CCCC[N+](C)(CCCC)CCCC,COS(=O)(=O)[O-],1
311.15,CCCC[P+](C)(CCCC)CCCC,COS(=O)(=O)[O-],1
523.15,CCC[N+]1(C)CCCCC1,[Br-],1
536.15,CCCC[N+](CCC(C)C)(CCC(C)C)CCC(C)C,c1ccc([B-](c2ccccc2)(c2ccccc2)c2ccccc2)cc1,1
345.15,CCCCCCC[n+]1cccc(C)c1,[Cl-],1
337.15,CCCCCCCCC[n+]1cccc(C)c1,[Cl-],1
365.15,CCCCC[n+]1cccc(C)c1,[Cl-],1
365.15,CCC[n+]1cccc(C)c1,[Cl-],1
350.15,CCCCCC[n+]1cccc(C)c1,[Cl-],1
381.15,C=CC[n+]1cccc(C)c1,[Cl-],1
364.15,CC[N+]1(C)CCCC1,O=S(=O)([N-]S(=O)(=O)C(F)(F)F)C(F)(F)F,1
339.15,CC[N+]1(C)CCCC1,F[B-](F)(F)F,1
477.15,CCCC[N+]1(C)CCCC1,[Br-],1
365.15,CCCCCCCCCCCCc1cc[nH+]cc1,[I-],1
397.15,CCCCCCCCCCCCc1cc[nH+]cc1,[Cl-],1
345.15,CCCCCCCCCCCCCCCCC(CCCCCCCCCCCCCCCC)c1cc[n+](C)cc1,[I-],1
337.15,CCCCCCCCCCCCCCCCC(CCCCCCCCCCCCCCCC)c1cc[n+](C)cc1,[Cl-],1
324.15,CCCCCCCCCCCCc1cc[n+](C)cc1,[Cl-],1
392.15,CCCCCCCCCc1cc[nH+]cc1,[Cl-],1
386.15,CCCCCCCCCCCCc1cc[n+](C)cc1,[I-],1
366.15,CCCCCCCCCCCCc1cc[n+](C)cc1,[O-][Cl+3]([O-])([O-])[O-],1
318.15,C[n+]1ccn(Cc2ccc3ccccc3c2)c1,O=S(=O)([N-]S(=O)(=O)C(F)(F)F)C(F)(F)F,1
315.15,c1ccc(Cn2cc[n+](Cc3ccccc3)c2)cc1,O=S(=O)([N-]S(=O)(=O)C(F)(F)F)C(F)(F)F,1
292.15,CCCC[N+](C)(C)C,O=S(=O)([N-]S(=O)(=O)C(F)(F)F)C(F)(F)F,1
296.15,CCCCCCCCCC[n+]1ccn(C)c1,O=S(=O)([O-])C(F)(F)F,1
275.15,CC[n+]1cccc(C)c1,O=C([O-])C(F)(F)C(F)(F)C(F)(F)C(F)(F)F,1
371.15,CCCC[N+]1(C)CCCC1,O=S(=O)([N-]S(=O)(=O)C(F)(F)C(F)(F)C(F)(F)C(F)(F)F)C(F)(F)C(F)(F)C(F)(F)C(F)(F)F,1
428.15,CC[N+]1(C)CCCC1,O=S(=O)([N-]S(=O)(=O)C(F)(F)C(F)(F)C(F)(F)C(F)(F)F)C(F)(F)C(F)(F)C(F)(F)C(F)(F)F,1
303.15,C[N+](C)(C)CCO,O=S(=O)([N-]S(=O)(=O)C(F)(F)C(F)(F)C(F)(F)C(F)(F)F)C(F)(F)C(F)(F)C(F)(F)C(F)(F)F,1
436.15,C[N+](C)(C)CCO,O=S(=O)([O-])C(F)(F)C(F)(F)C(F)(F)C(F)(F)F,1
280.15,CCCCCCCCCC[n+]1ccn(C)c1,F[B-](F)(F)F,1
306.15,C[N+](C)(C)CCO,O=S(=O)([N-]S(=O)(=O)C(F)(F)F)C(F)(F)F,1
335.15,CC[n+]1ccccc1,CS(=O)(=O)[O-],1
305.15,CC[n+]1ccccc1,O=S(=O)([O-])C(F)(F)F,1
285.15,CCCCCCCC[N+](C)(CCCCCCCC)CCCCCCCC,O=C([O-])C(F)(F)F,1
278.15,CCCC[N+]1(C)CCCC1,O=S(=O)([O-])C(F)(F)F,1
291.15,CCC[n+]1ccn(C)c1,[I-],1
398.15,c1ccc2sc[nH+]c2c1,F[B-](F)(F)F,1
393.15,c1ccc2sc[nH+]c2c1,Cc1ccc(S(=O)(=O)[O-])cc1,1
378.15,c1ccc2sc[nH+]c2c1,CS(=O)(=O)[O-],1
401.15,c1ccc2sc[nH+]c2c1,O=S(=O)([O-])C(F)(F)F,1
307.15,CCCC[n+]1ccn(C)c1,CCCCCCCCOS(=O)(=O)[O-],1
219.15,[N-]=[N+]=NCC[NH+]1C=NC(N=[N+]=[N-])=N1,O=[N+]([O-])[O-],1
217.15,[N-]=[N+]=NCC[NH+]1C=NC=N1,[O-][Cl+3]([O-])([O-])[O-],1
216.15,Cn1cn[n+](CCN=[N+]=[N-])c1,O=[N+]([O-])[O-],1
221.15,Cn1cn[n+](CCN=[N+]=[N-])c1,[O-][Cl+3]([O-])([O-])[O-],1
217.15,C[n+]1cn(CCN=[N+]=[N-])cn1,O=[N+]([O-])[O-],1
227.15,[N-]=[N+]=NCC[n+]1cn(N)cn1,[O-][Cl+3]([O-])([O-])[O-],1
389.15,Cn1c[n+](C)nc1N=[N+]=[N-],[I-],1
374.15,C[n+]1cn(N)cn1,[I-],1
383.15,Cn1c[n+](C)cn1,I[I-]I,1
389.15,[N-]=[N+]=NC1=NC=C[NH2+]1,[O-][Cl+3]([O-])([O-])[O-],1
397.15,[N-]=[N+]=NC1=NC=C[NH2+]1,O=[N+]([O-])[O-],1
367.15,CC1=[NH+]N(C)NN1C,O=[N+]([O-])[O-],1
396.15,[N-]=[N+]=NC1=N[NH2+]C=N1,[O-][Cl+3]([O-])([O-])[O-],1
257.15,CC(C)C[n+]1ccn(C)c1,O=S(=O)([N-]S(=O)(=O)C(F)(F)F)C(F)(F)F,1
391.15,C[NH+]1C=CN(CCCCN2C=C[NH+](C)C2)C1,F[P-](F)(F)(F)(F)F,1
376.15,CC[n+]1ccccc1,F[P-](F)(F)(F)(F)F,1
259.15,C=CC[NH+](CC)CC,O=S(=O)([O-])C(F)(F)F,1
293.15,CCC[NH+](C)C,O=S(=O)([O-])C(F)(F)F,1
267.15,CC[NH+](C)CC,O=S(=O)([O-])C(F)(F)F,1
259.15,CCC[NH+](CC)CC,O=S(=O)([O-])C(F)(F)F,1
289.15,C=CC[NH+](C)C,O=S(=O)([O-])C(F)(F)F,1
290.15,CCC[NH+](C)CCC,O=S(=O)([O-])C(F)(F)F,1
254.15,C=CC[NH+](C)CC=C,O=S(=O)([O-])C(F)(F)F,1
321.15,CCCCCCCC[n+]1cccc2ccccc21,O=S(=O)([N-]S(=O)(=O)C(F)(F)F)C(F)(F)F,1
361.15,[NH3+]O,[O-][Cl+3]([O-])([O-])[O-],1
305.15,C[N+](C)(C)CCO,O=C([O-])C(F)(F)F,1
344.15,C[N+](C)(C)CCO,O=C([O-])C(F)(F)C(F)(F)F,1
312.15,C[N+](C)(C)CCO,O=C([O-])C(F)(F)C(F)(F)C(F)(F)F,1
296.15,C[N+](C)(C)CCO,O=C([O-])C(F)(F)C(F)(F)C(F)(F)C(F)(F)F,1
320.15,C[N+](C)(C)CCO,O=C([O-])C(F)(F)C(F)(F)C(F)(F)C(F)(F)C(F)(F)F,1
321.15,C[N+](C)(C)CCO,O=C([O-])C(F)(F)C(F)(F)C(F)(F)C(F)(F)C(F)(F)C(F)(F)F,1
337.15,C[N+](C)(C)CCO,O=C([O-])C(F)(F)C(F)(F)C(F)(F)C(F)(F)C(F)(F)C(F)(F)C(F)(F)F,1
383.15,[NH4+],[F-],1
283.15,CCCCCCCC[P+](CCCCCCCC)(CCCCCCCC)CCCCCCCC,Cc1cc(Cl)ccc1OC(C)C(=O)[O-],1
279.15,CCCC[n+]1ccn(C)c1,Cc1cc(Cl)ccc1OC(C)C(=O)[O-],1
239.15,CCCCCCCCCCCC[n+]1ccccc1,O=C([O-])COc1ccc(Cl)cc1Cl,1
242.15,CCCCCCCCCCCC[n+]1ccccc1,Cc1cc(Cl)ccc1OCC(=O)[O-],1
279.65,CCCCCCCCCCCCCCCC[n+]1ccccc1,Cc1cc(Cl)ccc1OCC(=O)[O-],1
429.15,CCCCCCCCCC[N+](C)(C)CCO,[Br-],1
461.15,CCCCCCCCCC[N+]1(C)CCOCC1,[Br-],1
329.15,CCCCCCCCCCCC[N+](C)(C)CCOCCO,[Br-],1
394.15,CC(C)[NH3+],O=C([O-])COc1ccc(Cl)cc1Cl,1
393.15,C[NH2+]C,O=C([O-])COc1ccc(Cl)cc1Cl,1
356.15,OCC[NH2+]CCO,O=C([O-])COc1ccc(Cl)cc1Cl,1
416.15,OCC[NH+](CCO)CCO,O=C([O-])COc1ccc(Cl)cc1Cl,1
311.15,CCCC[P+](CCCC)(CCCC)CC(=O)O,CCCCC(CC)COC(=O)CC(C(=O)OCC(CC)CCCC)S(=O)(=O)[O-],1
252.15,CCCC[P+](CC)(CCCC)CCCC,CCCCCCCCCCCCCCCCCC(=O)[O-],1
352.15,CCCCCCCCCCCCCCCC[N+](C)(C)C,CC(C)C1=CC2=CCC3C(C)(C(=O)[O-])CCCC3(C)C2CC1,1
258.15,CCCCCCCCCCCCCCCCCC[N+](C)(C)C,CC(C)C1=CC2=CCC3C(C)(C(=O)[O-])CCCC3(C)C2CC1,1
285.15,CCCCCCCCCC[N+](C)(C)CCCCCCCCCC,CC(C)C1=CC2=CCC3C(C)(C(=O)[O-])CCCC3(C)C2CC1,1
290.15,CCCC[n+]1ccn(C)c1,[NH-]S(=O)(=O)C(F)(F)F,1
289.15,CCCC[N+]1(C)CCCC1,[NH-]S(=O)(=O)C(F)(F)F,1
329.15,CCCC[N+](C)(C)C,[NH-]S(=O)(=O)C(F)(F)F,1
284.15,CCCCCCCC[N+](C)(CCCCCCCC)CCCCCCCC,[NH-]S(=O)(=O)C(F)(F)F,1
407.15,C[n+]1cc2n(n1)CCCC2,[I-],1
387.15,CC[n+]1cc2n(n1)CCCC2,[I-],1
356.15,CCC[n+]1cc2n(n1)CCCC2,[I-],1
346.15,CCCC[n+]1cc2n(n1)CCCC2,[I-],1
357.15,COC(=O)/C=C/c1ccc(OCCC[n+]2ccn(C)c2)cc1,O=S(=O)([N-]S(=O)(=O)C(F)(F)F)C(F)(F)F,1
326.15,CCCC(CC[n+]1ccn(C)c1)Oc1ccc(/C=C/C(=O)OC)cc1,O=S(=O)([N-]S(=O)(=O)C(F)(F)F)C(F)(F)F,1
237.15,C[NH+](C)CCOC(c1ccccc1)c1ccccc1,CC(C)Cc1ccc(C(C)C(=O)[O-])cc1,1
337.15,CCCCCCCCCCCC[N+](C)(C)CC(=O)O,O=C([O-])COc1ccc(Cl)cc1Cl,1
310.15,CCCCCCCCCCCC[N+](C)(C)CC(=O)O,Cc1cc(Cl)ccc1OCC(=O)[O-],1
300.15,CCCCCCCCCCCC[N+](C)(C)CC(=O)O,COc1c(Cl)ccc(Cl)c1C(=O)[O-],1
329.15,CCCCCCCn1c(C)cc(C)[n+]1-c1ccccc1,F[B-](F)(F)F,1
398.15,Cc1cc(C)[n+](-c2ccccc2)n1C,F[P-](F)(F)(F)(F)F,1
368.15,CCn1c(C)cc(C)[n+]1-c1ccccc1,F[P-](F)(F)(F)(F)F,1
375.15,CCCn1c(C)cc(C)[n+]1-c1ccccc1,F[P-](F)(F)(F)(F)F,1
334.15,CCCCn1c(C)cc(C)[n+]1-c1ccccc1,F[P-](F)(F)(F)(F)F,1
335.15,CCCCCn1c(C)cc(C)[n+]1-c1ccccc1,F[P-](F)(F)(F)(F)F,1
312.15,CCCCCCn1c(C)cc(C)[n+]1-c1ccccc1,F[P-](F)(F)(F)(F)F,1
316.15,CCCCCCCn1c(C)cc(C)[n+]1-c1ccccc1,F[P-](F)(F)(F)(F)F,1
277.15,CCCCCCCC[NH+](CCCCCCCC)CCCCCCCC,O=S(=O)([N-]S(=O)(=O)C(F)(F)F)C(F)(F)F,1
475.15,CCCCCC[P+](c1ccccc1)(c1ccccc1)c1ccccc1,[Br-],1
363.15,CCCCCC[P+](c1ccccc1)(c1ccccc1)c1ccccc1,O=S(=O)([N-]S(=O)(=O)C(F)(F)F)C(F)(F)F,1
503.15,CCCC[n+]1cn(C)c(I)c1I,[I-],1
403.15,CCCC[n+]1cn(C)c(I)c1I,N#C[N-]C#N,1
447.15,CCCC[n+]1cn(C)c(I)c1I,O=S(=O)([O-])c1ccccc1I,1
313.15,CC[N+]1(C)CCCCC1,Cc1cc(Cl)ccc1OCCCC(=O)[O-],1
333.15,CCC[N+]1(C)CCCCC1,Cc1cc(Cl)ccc1OCCCC(=O)[O-],1
337.15,CCCC[N+]1(C)CCCCC1,Cc1cc(Cl)ccc1OCCCC(=O)[O-],1
313.15,CCCCC[N+]1(C)CCCCC1,Cc1cc(Cl)ccc1OCCCC(=O)[O-],1
293.15,CCCCCCC[N+]1(C)CCCCC1,Cc1cc(Cl)ccc1OCCCC(=O)[O-],1
292.15,CCCCCCCCCC[N+]1(C)CCCCC1,Cc1cc(Cl)ccc1OCCCC(=O)[O-],1
246.15,CCCCCCCCCCC[N+]1(C)CCCCC1,Cc1cc(Cl)ccc1OCCCC(=O)[O-],1
310.15,CCCCCCCCCCCC[N+]1(C)CCCCC1,Cc1cc(Cl)ccc1OCCCC(=O)[O-],1
333.15,CCCCCCCCCCCCCC[N+]1(C)CCCCC1,Cc1cc(Cl)ccc1OCCCC(=O)[O-],1
319.15,CCCCCCCCCCCCCCCC[N+]1(C)CCCCC1,Cc1cc(Cl)ccc1OCCCC(=O)[O-],1
319.15,CCCCCCCCCCCCCCCCCC[N+]1(C)CCCCC1,Cc1cc(Cl)ccc1OCCCC(=O)[O-],1
358.15,c1c[nH+]c[nH]1,O=S(=O)([O-])O,1
461.15,c1c[nH+]c[nH]1,CS(=O)(=O)[O-],1
346.15,c1c[nH+]c[nH]1,O=S(=O)([N-]S(=O)(=O)C(F)(F)F)C(F)(F)F,1
404.35,c1c[nH+]c[nH]1,F[B-](F)(F)F,1
294.03,Cn1cc[nH+]c1,O=S(=O)([O-])O,1
332.15,CCn1cc[nH+]c1,CS(=O)(=O)[O-],1
278.15,CCn1cc[nH+]c1,O=S(=O)([N-]S(=O)(=O)C(F)(F)F)C(F)(F)F,1
280.64,CCCn1cc[nH+]c1,O=S(=O)([N-]S(=O)(=O)C(F)(F)F)C(F)(F)F,1
346.35,C[NH3+],O=S(=O)([O-])O,1
364.15,C[NH3+],CS(=O)(=O)[O-],1
334.15,C[NH3+],O=C([O-])C(F)(F)F,1
350.25,C[NH3+],F[B-](F)(F)F,1
369.95,C[NH3+],O=P([O-])(O)O,1
510.15,C[NH3+],[Br-],1
385.65,CC[NH3+],CS(=O)(=O)[O-],1
446.15,CC[NH3+],O=S(=O)([O-])C(F)(F)F,1
331.15,CC[NH3+],O=C([O-])C(F)(F)F,1
425.55,CC[NH3+],F[B-](F)(F)F,1
407.15,CC[NH3+],O=P([O-])(O)O,1
382.15,CC[NH3+],[Cl-],1
307.04999999999995,CCC[NH3+],O=S(=O)([O-])O,1
449.15,CCC[NH3+],O=S(=O)([O-])C(F)(F)F,1
418.75,CCC[NH3+],O=P([O-])(O)O,1
459.35,CCC[NH3+],[Br-],1
306.65,CCCC[NH3+],O=S(=O)([O-])O,1
404.95,CCCC[NH3+],CS(=O)(=O)[O-],1
451.15,CCCC[NH3+],O=S(=O)([O-])C(F)(F)F,1
293.15,CCCC[NH3+],O=S(=O)([N-]S(=O)(=O)C(F)(F)F)C(F)(F)F,1
303.15,CCCC[NH3+],O=[N+]([O-])[O-],1
386.45,CCCC[NH3+],O=P([O-])(O)O,1
478.15,CCCC[NH3+],[Br-],1
313.25,C[NH2+]C,O=S(=O)([O-])O,1
395.25,C[NH2+]C,CS(=O)(=O)[O-],1
387.15,C[NH2+]C,O=S(=O)([O-])C(F)(F)F,1
260.15,C[NH2+]C,O=C[O-],1
390.45,C[NH2+]C,O=P([O-])(O)O,1
400.15,CC[NH2+]CC,O=S(=O)([O-])C(F)(F)F,1
421.15,CC[NH2+]CC,O=P([O-])(O)O,1
481.15,CC[NH2+]CC,[Br-],1
493.15,CC[NH2+]CC,[Cl-],1
272.4,CCCCCCCC[n+]1cc[nH]c1,O=S(=O)([N-]S(=O)(=O)C(F)(F)F)C(F)(F)F,1
290.7,CCCCCCCCC[n+]1cc[nH]c1,O=S(=O)([N-]S(=O)(=O)C(F)(F)F)C(F)(F)F,1
279.9,CCCCCCCCCC[n+]1cc[nH]c1,O=S(=O)([N-]S(=O)(=O)C(F)(F)F)C(F)(F)F,1
279.1,CCCn1cc[n+](C)c1,O=S(=O)([O-])C(F)(F)F,1
258.1,CCCCCCCn1cc[n+](C)c1,O=S(=O)([O-])C(F)(F)F,1
282.79999999999995,CCCCCCCCCn1cc[n+](C)c1,O=S(=O)([O-])C(F)(F)F,1
309.5,CCCCCCn1cc[n+](C)c1,CS(=O)(=O)[O-],1
310.2,CCCCCCCn1cc[n+](C)c1,CS(=O)(=O)[O-],1
573.15,C[N+](C)(C)C12CC3CC(CC(C3)C1)C2,[Br-],1
526.15,CC[N+](C)(C)C12CC3CC(CC(C3)C1)C2,[Br-],1
495.15,CCCC[N+](C)(C)C12CC3CC(CC(C3)C1)C2,[Br-],1
471.15,CCCCCC[N+](C)(C)C12CC3CC(CC(C3)C1)C2,[Br-],1
484.15,CCCCCCCC[N+](C)(C)C12CC3CC(CC(C3)C1)C2,[Br-],1
484.15,CCCCCCCCCC[N+](C)(C)C12CC3CC(CC(C3)C1)C2,[Br-],1
481.15,CCCCCCCCCCCC[N+](C)(C)C12CC3CC(CC(C3)C1)C2,[Br-],1
547.45,C[N+](C)(C)C12CC3CC(CC(C3)C1)C2,F[B-](F)(F)F,1
512.3499999999999,CC[N+](C)(C)C12CC3CC(CC(C3)C1)C2,F[B-](F)(F)F,1
442.95,CCCC[N+](C)(C)C12CC3CC(CC(C3)C1)C2,F[B-](F)(F)F,1
431.75,CCCCCC[N+](C)(C)C12CC3CC(CC(C3)C1)C2,F[B-](F)(F)F,1
412.35,CCCCCCCC[N+](C)(C)C12CC3CC(CC(C3)C1)C2,F[B-](F)(F)F,1
450.75,CCCCCCCCCC[N+](C)(C)C12CC3CC(CC(C3)C1)C2,F[B-](F)(F)F,1
463.65,CCCCCCCCCCCC[N+](C)(C)C12CC3CC(CC(C3)C1)C2,F[B-](F)(F)F,1
562.15,C[N+](C)(C)C12CC3CC(CC(C3)C1)C2,F[P-](F)(F)(F)(F)F,1
520.15,CC[N+](C)(C)C12CC3CC(CC(C3)C1)C2,F[P-](F)(F)(F)(F)F,1
470.25,CCCC[N+](C)(C)C12CC3CC(CC(C3)C1)C2,F[P-](F)(F)(F)(F)F,1
462.15,CCCCCC[N+](C)(C)C12CC3CC(CC(C3)C1)C2,F[P-](F)(F)(F)(F)F,1
435.45,CCCCCCCC[N+](C)(C)C12CC3CC(CC(C3)C1)C2,F[P-](F)(F)(F)(F)F,1
461.15,CCCCCCCCCC[N+](C)(C)C12CC3CC(CC(C3)C1)C2,F[P-](F)(F)(F)(F)F,1
468.15,CCCCCCCCCCCC[N+](C)(C)C12CC3CC(CC(C3)C1)C2,F[P-](F)(F)(F)(F)F,1
513.15,C[N+](C)(C)C12CC3CC(CC(C3)C1)C2,O=S(=O)([O-])C(F)(F)F,1
455.15,CC[N+](C)(C)C12CC3CC(CC(C3)C1)C2,O=S(=O)([O-])C(F)(F)F,1
375.05,CCCC[N+](C)(C)C12CC3CC(CC(C3)C1)C2,O=S(=O)([O-])C(F)(F)F,1
396.35,CCCCCC[N+](C)(C)C12CC3CC(CC(C3)C1)C2,O=S(=O)([O-])C(F)(F)F,1
424.45,CCCCCCCC[N+](C)(C)C12CC3CC(CC(C3)C1)C2,O=S(=O)([O-])C(F)(F)F,1
377.45,CCCCCCCCCC[N+](C)(C)C12CC3CC(CC(C3)C1)C2,O=S(=O)([O-])C(F)(F)F,1
375.85,CCCCCCCCCCCC[N+](C)(C)C12CC3CC(CC(C3)C1)C2,O=S(=O)([O-])C(F)(F)F,1
351.45,C[N+](C)(C)C12CC3CC(CC(C3)C1)C2,O=S(=O)(F)[N-]S(=O)(=O)F,1
396.85,CC[N+](C)(C)C12CC3CC(CC(C3)C1)C2,O=S(=O)(F)[N-]S(=O)(=O)F,1
338.35,CCCC[N+](C)(C)C12CC3CC(CC(C3)C1)C2,O=S(=O)(F)[N-]S(=O)(=O)F,1
340.75,CCCCCC[N+](C)(C)C12CC3CC(CC(C3)C1)C2,O=S(=O)(F)[N-]S(=O)(=O)F,1
349.45,CCCCCCCC[N+](C)(C)C12CC3CC(CC(C3)C1)C2,O=S(=O)(F)[N-]S(=O)(=O)F,1
365.85,CCCCCCCCCC[N+](C)(C)C12CC3CC(CC(C3)C1)C2,O=S(=O)(F)[N-]S(=O)(=O)F,1
375.45,CCCCCCCCCCCC[N+](C)(C)C12CC3CC(CC(C3)C1)C2,O=S(=O)(F)[N-]S(=O)(=O)F,1
370.35,C[N+](C)(C)C12CC3CC(CC(C3)C1)C2,O=S(=O)([N-]S(=O)(=O)C(F)(F)F)C(F)(F)F,1
390.85,CC[N+](C)(C)C12CC3CC(CC(C3)C1)C2,O=S(=O)([N-]S(=O)(=O)C(F)(F)F)C(F)(F)F,1
326.75,CCCC[N+](C)(C)C12CC3CC(CC(C3)C1)C2,O=S(=O)([N-]S(=O)(=O)C(F)(F)F)C(F)(F)F,1
303.75,CCCCCC[N+](C)(C)C12CC3CC(CC(C3)C1)C2,O=S(=O)([N-]S(=O)(=O)C(F)(F)F)C(F)(F)F,1
311.85,CCCCCCCC[N+](C)(C)C12CC3CC(CC(C3)C1)C2,O=S(=O)([N-]S(=O)(=O)C(F)(F)F)C(F)(F)F,1
324.35,CCCCCCCCCC[N+](C)(C)C12CC3CC(CC(C3)C1)C2,O=S(=O)([N-]S(=O)(=O)C(F)(F)F)C(F)(F)F,1
319.35,CCCCCCCCCCCC[N+](C)(C)C12CC3CC(CC(C3)C1)C2,O=S(=O)([N-]S(=O)(=O)C(F)(F)F)C(F)(F)F,1
461.95,CCCC[N+](C)(C)C,F[B-](F)(F)F,1
406.55,CCCCCCCC[N+](C)(C)C,F[B-](F)(F)F,1
398.95,CCCCCCCCCC[N+](C)(C)C,F[B-](F)(F)F,1
442.45,CCCC[N+](C)(C)C,F[P-](F)(F)(F)(F)F,1
498.55,CCCCCC[N+](C)(C)C,F[P-](F)(F)(F)(F)F,1
417.05,CCCCCCCC[N+](C)(C)C,F[P-](F)(F)(F)(F)F,1
448.85,CCCCCCCCCC[N+](C)(C)C,F[P-](F)(F)(F)(F)F,1
353.04999999999995,CCCC[N+](C)(C)C,O=S(=O)([O-])C(F)(F)F,1
412.65,CCCCCC[N+](C)(C)C,O=S(=O)([O-])C(F)(F)F,1
413.95,CCCCCCCC[N+](C)(C)C,O=S(=O)([O-])C(F)(F)F,1
423.35,CCCCCCCCCC[N+](C)(C)C,O=S(=O)([O-])C(F)(F)F,1
291.04999999999995,CCCC[N+](C)(C)C,O=S(=O)(F)[N-]S(=O)(=O)F,1
319.85,CCCCCC[N+](C)(C)C,O=S(=O)(F)[N-]S(=O)(=O)F,1
280.33,CCCCCCCC[N+](C)(C)C,O=S(=O)(F)[N-]S(=O)(=O)F,1
273.15,CCCCCCCCCC[N+](C)(C)C,O=S(=O)(F)[N-]S(=O)(=O)F,1
485.65,CCCC[N+](C)(C)C,[Br-],1
459.95,CCCCCC[N+](C)(C)C,[Br-],1
489.05,CCCCCCCC[N+](C)(C)C,[Br-],1
508.75,CCCCCCCCCC[N+](C)(C)C,[Br-],1
566.65,CC[N+]1(C)CCC(O)CC1,[Br-],1
423.65,CCCC[N+]1(C)CCC(O)CC1,[Br-],1
354.15,CCCCCC[N+]1(C)CCC(O)CC1,[Br-],1
375.65,CCCCCCCC[N+]1(C)CCC(O)CC1,[Br-],1
419.65,CCCCCCCCCC[N+]1(C)CCC(O)CC1,[Br-],1
478.15,CCCCCCCCCCCC[N+]1(C)CCC(O)CC1,[Br-],1
482.65,CCCCCCCCCCCCCC[N+]1(C)CCC(O)CC1,[Br-],1
485.65,CCCCCCCCCCCCCCCC[N+]1(C)CCC(O)CC1,[Br-],1
409.15,CCC[NH2+]CCC,O=S(=O)([O-])C(F)(F)F,1
245.15,CCC[NH2+]CCC,O=C[O-],1
286.15,CCC[NH2+]CCC,CC(=O)[O-],1
538.15,CCC[NH2+]CCC,[Br-],1
413.15,CCCC[NH2+]CCCC,O=S(=O)([O-])C(F)(F)F,1
315.75,CCCC[NH2+]CCCC,O=S(=O)([N-]S(=O)(=O)C(F)(F)F)C(F)(F)F,1
371.15,CCCC[NH2+]CCCC,O=P([O-])(O)O,1
563.15,CCCC[NH2+]CCCC,[Br-],1
423.15,C[NH+](C)C,O=S(=O)([O-])C(F)(F)F,1
428.15,C[NH+](C)C,O=[N+]([O-])[O-],1
357.35,CC[NH+](CC)CC,O=S(=O)([O-])O,1
305.15,CC[NH+](CC)CC,O=S(=O)([O-])C(F)(F)F,1
255.15,CC[NH+](CC)CC,CC(=O)[O-],1
377.45,CC[NH+](CC)CC,F[B-](F)(F)F,1
512.15,CC[NH+](CC)CC,[Br-],1
517.15,CC[NH+](CC)CC,[Cl-],1
365.15,CCC[NH+](CCC)CCC,O=S(=O)([O-])O,1
433.15,CCC[NH+](CCC)CCC,O=S(=O)([O-])C(F)(F)F,1
322.15,CCC[NH+](CCC)CCC,O=S(=O)([N-]S(=O)(=O)C(F)(F)F)C(F)(F)F,1
298.15,CCC[NH+](CCC)CCC,F[B-](F)(F)F,1
401.15,CCCC[NH+](CCCC)CCCC,O=S(=O)([O-])C(F)(F)F,1
313.15,CCCC[NH+](CCCC)CCCC,O=S(=O)([N-]S(=O)(=O)C(F)(F)F)C(F)(F)F,1
340.15,OCC[NH+](CCO)CCO,[F-],1
358.15,OCC[NH+](CCO)CCO,O=C([O-])CC(=O)O,1
326.15,OCC[NH+](CCO)CCO,O=S(=O)([O-])O,1
453.15,OCC[NH+](CCO)CCO,[Br-],1
398.15,OCC[NH+](CCO)CCO,[I-],1
345.15,Cn1cc[nH+]c1,[Cl-],1
318.15,CCOC(=O)C(C)[n+]1ccn(C)c1,O=S(=O)([N-]S(=O)(=O)C(F)(F)F)C(F)(F)F,1
346.15,CCOC(=O)C(C)[n+]1ccn(C)c1,O=S(=O)([O-])C(F)(F)F,1
331.15,CC(C[n+]1ccn(C)c1)OCc1ccccc1,[Br-],1
315.15,CC(C[n+]1ccn(C)c1)OCc1ccccc1,F[B-](F)(F)F,1
366.15,CC(C[n+]1ccn(C)c1)OCc1ccccc1,F[P-](F)(F)(F)(F)F,1
235.15,C[NH+]1C=NC(N=[N+]=[N-])=N1,O=C(O[N+](=O)[O-])c1nn[n-]n1,1
375.15,[NH3+]n1cnnc1,O=C(O[N+](=O)[O-])c1nn[n-]n1,1
337.15,[NH3+]n1cnnc1,O=[N+]([O-])c1ncn[n-]1,1
410.15,CCCC[N+]1=C(C(C)C)SCC1CC,[I-],1
384.15,CCCC[N+]1=C(C(C)C)SCC1CC,F[B-](F)(F)F,1
409.15,CCCC[N+]1=C(C(C)C)SCC1CC,F[P-](F)(F)(F)(F)F,1
315.15,CCCCCCCCCCCC[N+]1=C(C(C)C)SCC1CC,F[P-](F)(F)(F)(F)F,1
436.15,CC[N+](C)(C)COC1CC(C)CCC1C(C)C,F[B-](F)(F)F,1
478.15,CC1CCC(C(C)C)C(OC[N+](C)(C)C(C)C)C1,F[B-](F)(F)F,1
314.15,CC1CCC(C(C)C)C(OC[N+](C)(C)C(C)C)C1,O=S(=O)([N-]S(=O)(=O)C(F)(F)F)C(F)(F)F,1
355.15,CCCC[N+](C)(C)COC1CC(C)CCC1C(C)C,[I-],1
351.15,CCCC[N+](C)(C)COC1CC(C)CCC1C(C)C,[O-][Cl+3]([O-])([O-])[O-],1
343.15,CCCC[N+](C)(C)COC1CC(C)CCC1C(C)C,F[B-](F)(F)F,1
377.15,CCCC[N+](C)(C)COC1CC(C)CCC1C(C)C,F[P-](F)(F)(F)(F)F,1
346.15,CCCC[N+](C)(C)COC1CC(C)CCC1C(C)C,O=C([O-])C(F)(F)F,1
316.15,CCCCCC[N+](C)(C)COC1CC(C)CCC1C(C)C,F[B-](F)(F)F,1
344.15,CCCCCCC[N+](C)(C)COC1CC(C)CCC1C(C)C,F[B-](F)(F)F,1
361.15,CCCCCCCC[N+](C)(C)COC1CC(C)CCC1C(C)C,F[B-](F)(F)F,1
344.15,CCCCCCCCC[N+](C)(C)COC1CC(C)CCC1C(C)C,F[B-](F)(F)F,1
330.15,CCCCCCCCCC[N+](C)(C)COC1CC(C)CCC1C(C)C,F[B-](F)(F)F,1
319.15,CCCCCCCCCCC[N+](C)(C)COC1CC(C)CCC1C(C)C,F[B-](F)(F)F,1
316.15,CCCCCCCCCCCC[N+](C)(C)COC1CC(C)CCC1C(C)C,F[B-](F)(F)F,1
372.15,CC1CCC(C(C)C)C(OC[N+](C)(C)Cc2ccccc2)C1,F[B-](F)(F)F,1
320.15,CC1CCC(C(C)C)C(OC[N+](C)(C)Cc2ccccc2)C1,O=S(=O)([N-]S(=O)(=O)C(F)(F)F)C(F)(F)F,1
424.15,CC[N+](C)(CC)COC1CC(C)CCC1C(C)C,F[B-](F)(F)F,1
399.15,CC[N+](CC)(CC)COC1CC(C)CCC1C(C)C,F[B-](F)(F)F,1
351.15,CC([NH3+])C(=O)O,F[B-](F)(F)F,1
355.15,CC([NH3+])C(=O)O,O=C([O-])C(F)(F)F,1
349.15,O=C(O)C1CCC[NH2+]1,F[B-](F)(F)F,1
351.15,O=C(O)C1CCC[NH2+]1,O=C([O-])C(F)(F)F,1
407.15,CC(C)C([NH3+])C(=O)O,O=[N+]([O-])[O-],1
378.15,CCC(C)C([NH3+])C(=O)O,O=[N+]([O-])[O-],1
311.15,COC(=O)C(C)[NH3+],CC(O)C(=O)[O-],1
248.15,CC[NH2+]C(C)C(=O)OCC,CC(O)C(=O)[O-],1
348.15,CC(C)CC([NH3+])C(=O)O,O=[N+]([O-])[O-],1
312.15,CCCn1cc(CC(NC(=O)c2ccccc2)C(=O)OC)[n+](CCC)c1,[Br-],1
328.15,COC(=O)C(Cc1cn(C(C)C)c[n+]1C(C)C)NC(=O)c1ccccc1,[I-],1
328.15,CC(=O)C(Cc1cn(C(C)C)c[n+]1C(C)C)NC(=O)OC(C)(C)C,[I-],1
393.15,CCC1C(=O)OCC1Cc1c[n+](CCO)cn1C,[Br-],1
388.15,CCC1C(=O)OCC1Cc1c[n+](Cc2cccc(C)c2)cn1C,[Br-],1
388.15,CCC1C(=O)OCC1Cc1c[n+](Cc2ccccc2C)cn1C,[Br-],1
322.15,CCC1C(=O)OCC1Cc1c[n+](CC(=O)c2ccccc2)cn1C,[Br-],1
355.15,CCC1C(=O)OCC1Cc1c[n+](CCOc2ccccc2)cn1C,[Br-],1
324.15,CCC1C(=O)OCC1Cc1c[n+](CCCOc2ccccc2)cn1C,[Br-],1
428.15,CCC1C(=O)OCC1Cc1c[n+](Cc2cccc(Cl)c2)cn1C,[Br-],1
430.15,CCC1C(=O)OCC1Cc1c[n+](Cc2ccc([N+](=O)[O-])cc2)cn1C,[Br-],1
454.15,CCC1C(=O)OCC1Cc1c[n+](Cc2cccc([N+](=O)[O-])c2)cn1C,[Br-],1
364.15,CCC1C(=O)OCC1Cc1c[n+](CC(=O)c2ccc(F)cc2)cn1C,[Br-],1
285.15,CC[n+]1ccn(C(CO)C(C)C)c1,[Br-],1
289.15,CC[n+]1ccn(C(CO)CC(C)C)c1,[Br-],1
354.15,CCCCCCCCCCCC(=O)NCCCCC(NC(=O)CCCCCCCCCC[n+]1ccn(C)c1)C(=O)OCC,[Br-],1
352.15,CCCCCCCCCCCC(=O)NCCCCC(NC(=O)CCCCC)C(=O)OCCCCCCCCCCC[n+]1ccn(C)c1,[Br-],1
279.15,CCCCCCCCCCCCn1cc[n+](CCC(C)CCC=C(C)C)c1,[Br-],1
314.15,CCCCCCCCCCCCCCCCCCn1cc[n+](CCC(C)CCC=C(C)C)c1,[Br-],1
401.15,CCCCCCCN1C(=CC=Cc2n(CCCC(=O)O)c3cc(Cl)c(Cl)cc3[n+]2CCCCCCC)N(CCCC(=O)O)c2cc(Cl)c(Cl)cc21,[Br-],1
493.15,CCC1C(=O)OCC1Cc1c[n+](CC(=O)c2ccc(Br)cc2)cn1C,[Br-],1
446.15,CCC1C(=O)OCC1Cc1c[n+](CCc2ccccc2)cn1C,[Br-],1
452.15,CCC1C(=O)OCC1Cc1c[n+](CC(=O)c2ccc(-c3ccccc3)cc2)cn1C,[Br-],1
432.15,CCC1C(=O)OCC1Cc1c[n+](Cc2ccc(Br)cc2)cn1C,[Br-],1
384.15,CCCC[n+]1cc(CC2COC(=O)C2CC)n(C)c1,[Br-],1
461.15,CCC1C(=O)OCC1Cc1c[n+](Cc2ccc(C)cc2)cn1C,[Br-],1
413.15,CCC1C(=O)OCC1Cc1c[n+](CC(=O)c2ccc([N+](=O)[O-])cc2)cn1C,[Br-],1
399.15,CCC1C(=O)OCC1Cc1c[n+](Cc2ccccc2)cn1C,[Br-],1
279.15,CC[n+]1ccn(C(C)CO)c1,[Br-],1
400.15,CC(c1ccccc1)[N+](C)(C)CC(=O)c1ccccc1,[Br-],1
320.15,CCCCCCC(C)Cc1cccc[n+]1CCCCCC,[Br-],1
346.15,CCOC(=O)C(CC)[n+]1ccccc1,[Br-],1
406.15,CC(=O)C(C)[n+]1ccccc1C,[Br-],1
413.15,CC=C(C)C(C)[n+]1ccccc1,[Br-],1
417.15,CC(=O)C(C)[n+]1ccccc1,[Br-],1
433.15,C1=CC([n+]2ccccc2)CCC1,[Br-],1
463.15,CC(C(N)=O)[n+]1ccccc1,[Br-],1
299.15,CCCC[P+](CCCC)(CCCC)CCCC,CC(C)C(N)C(=O)[O-],1
347.15,CCCCCCCC[N+](CC)(CC)CC,F[Sb-](F)(F)(F)(F)F,1
289.15,CCCCCCCCC=CCCCCCCCCN1C=C[NH+](C)C1,O=S(=O)([N-]S(=O)(=O)C(F)(F)F)C(F)(F)F,1
326.15,CC[n+]1ccn(C)c1,F[As-](F)(F)(F)(F)F,1
357.15,COC(=O)C=Cc1ccc(OCCC[n+]2ccn(C)c2)cc1,O=S(=O)([N-]S(=O)(=O)C(F)(F)F)C(F)(F)F,1
326.15,CCCC(CC[n+]1ccn(C)c1)Oc1ccc(C=CC(=O)OC)cc1,O=S(=O)([N-]S(=O)(=O)C(F)(F)F)C(F)(F)F,1
203.15,CCCC[n+]1ccn(C)c1,c1c[n-]nn1,1
418.15,CCC1([n+]2ccccc2)C=CC=CC1c1ccc(F)cc1F,F[P-](F)(F)(F)(F)F,1
278.15,CCCCCCCCCCCCCCCC[P+](CCCC)(CCCC)CCCC,C[Si](C)(C)CCS(=O)(=O)[O-],1
343.15,CC[n+]1ccccc1-c1ccccc1,[I-],1
267.15,CCCCCCCCCCCC[P+](CCCC)(CCCC)CCCC,C[Si](C)(C)CCS(=O)(=O)[O-],1
205.15,CCCC[n+]1ccn(C)c1,c1nc[n-]n1,1
206.15,Cn1cc[n+](CCN2CCCCC2)c1,O=S(=O)([N-]S(=O)(=O)C(F)(F)F)C(F)(F)F,1
498.15,CC1([n+]2ccccc2)C=CC=CC1c1ccc(F)cc1F,F[P-](F)(F)(F)(F)F,1
189.15,CCN(CC)CC[n+]1ccn(C)c1,O=S(=O)([N-]S(=O)(=O)C(F)(F)F)C(F)(F)F,1
423.15,C[n+]1ccccc1-c1ccccc1,[I-],1
268.15,CCCCCCCCCCCCCCCC[P+](CCCC)(CCCC)CCCC,C[Si](C)(C)CCCS(=O)(=O)[O-],1
275.15,CCCCCCCCCCCC[P+](CCCC)(CCCC)CCCC,C[Si](C)(C)CCCS(=O)(=O)[O-],1
403.15,CCC1([n+]2ccccc2)C=CC=CC1c1ccc(F)cc1F,[I-],1
205.15,CCCC[N+]1(C)CCCC1,c1nc[n-]n1,1
443.15,C[n+]1ccccc1-c1ccccc1,F[P-](F)(F)(F)(F)F,1
403.15,CC[n+]1ccccc1-c1ccccc1,F[P-](F)(F)(F)(F)F,1
468.15,C[n+]1ccccc1-c1ccc(F)cc1F,[I-],1
262.15,CC[P+](CC)(CC)COC,N#C[N-]C#N,1
267.15,CCOCC[N+]1(C)CCCC1,F[B-](F)(F)C(F)(F)C(F)(F)F,1
279.15,CCCCCCCCCCCCCC[P+](CCCCCC)(CCCCCC)CCCCCC,O=[N+]([O-])[O-],1
279.15,CC[N+](CC)(CC)CC,O=S(=O)(F)[N-]S(=O)(=O)C(F)(F)C(F)(F)F,1
280.35,CCCCc1ccc([N+]#N)cc1,O=S(=O)([N-]S(=O)(=O)C(F)(F)F)C(F)(F)F,1
281.65,CC[N+](CC)(CC)CC,O=S(=O)(F)[N-]S(=O)(=O)C(F)(F)F,1
282.15,CC[N+]1=C(OC)CCC1,O=S(=O)(F)[N-]S(=O)(=O)F,1
284.15,CC[N+](C)(C)COC,F[B-](F)(F)C(F)(F)C(F)(F)F,1
289.15,CCCCCC[n+]1ccsc1,O=S(=O)([N-]S(=O)(=O)C(F)(F)F)C(F)(F)F,1
290.15,CCCC[N+](CCCC)(CCCC)CCCC,CCC(=O)[O-],1
290.89,CCCCCCCCCCCC[n+]1cc[nH]c1,O=S(=O)([N-]S(=O)(=O)C(F)(F)F)C(F)(F)F,1
294.54999999999995,CCCCCCCCCCCn1cc[n+](C)c1,F[B-](F)(F)F,1
298.15,CC[n+]1ccc(C#N)cc1,CCOS(=O)(=O)[O-],1
298.15,CCCC[n+]1cccc(C#N)c1,O=S(=O)([N-]S(=O)(=O)C(F)(F)F)C(F)(F)F,1
303.85,CCCC[P+](CCCC)(CCCC)CCCC,N=C(N)NCCCC(N)C(=O)[O-],1
304.15,CCCCCCCCCCCCCC[N+](C)(C)CC,c1cn[n-]c1,1
306.15,CC(C)N(CC[n+]1ccn(C)c1)C(C)C,O=S(=O)([N-]S(=O)(=O)C(F)(F)F)C(F)(F)F,1
306.99,CCCCCCCC[n+]1ccc2ccccc2c1,O=S(=O)(F)[N-]S(=O)(=O)F,1
308.15,C[N+](C)(C)CCO,CC(C)C(=O)[O-],1
308.45,CCCCCCCCCCCC[n+]1ccn(CCCC)c1C,[Br-],1
309.54999999999995,C[N+](C)(C)C,O=S(=O)([O-])CCCN1CCOCC1,1
309.75,CCCCCCCCCCCCCCCC[N+](C)(C)C,c1nnc[n-]1,1
310.65,CCCC[N+](CCCC)(CCCC)CCCC,O=C([O-])c1ccccn1,1
311.15,CCCCCCCCCCCCCCn1cc[n+](C)c1,F[B-](F)(F)F,1
313.15,CC[NH+]1C=NC([N+](=O)[O-])=C1,O=[N+]([O-])[O-],1
314.15,CC[N+](CC)=C(C)OC,O=S(=O)([O-])C(F)(F)F,1
315.15,CCC[N+](C)(C)C,O=S(=O)(F)[N-]S(=O)(=O)F,1
315.15,CCC[n+]1ccn(-c2ccc(C)cc2)c1,O=S(=O)([N-]S(=O)(=O)C(F)(F)F)C(F)(F)F,1
316.15,CCCC[n+]1ccc(C)cc1,F[P-](F)(F)(F)(F)F,1
319.15,CCCCCCCCCCn1c[n+](CCF)cn1,O=S(=O)([O-])C(F)(F)F,1
319.15,C[N+]1(CCCCCC#N)CCCC1,[Br-],1
320.15,C[N+](C)(C)CCO,O=C([O-])c1ccccc1,1
323.45,CCC[N+](CCC)(CCC)CCOCC,F[B-](F)(F)F,1
324.15,CC[N+](C)(C)CCCC(F)(F)F,O=S(=O)([N-]S(=O)(=O)C(F)(F)F)C(F)(F)F,1
325.15,C=CCn1cc[n+](C)c1,[Cl-],1
325.15,CC[NH+](CC)CCOC(=O)c1ccc(N)cc1,CC(=O)[O-],1
325.15,CCCCCCCCCCCCCCCC[n+]1ccn(-c2ccccc2C)c1,[I-],1
326.25,CCCCCCCC[n+]1ccn(Cc2cc(Cn3ccnc3)cc(Cn3cc[n+](CCCCCCCC)c3)c2)c1,[Br-],1
327.15,CCCCCCCCCCCCCC[N+](C)(C)CC,c1c[n-]cn1,1
328.15,CCCC[N+]1(C)CCCCCC1,O=S(=O)([O-])C(F)(F)F,1
329.15,CCCCCC[n+]1ccc(-c2ccncc2)cc1,O=S(=O)([N-]S(=O)(=O)C(F)(F)F)C(F)(F)F,1
330.15,C[N+]1(C)CCCC1,O=[N+]([O-])c1c[n-]nn1,1
330.65,CCCCCCCC[N+](CCCCCCCC)(CCCCCCCC)CCCCCCCC,Cc1ccc(S(=O)(=O)[O-])cc1,1
331.15,CCn1c[n+](C)c(C)c1C,O=S(=O)([N-]S(=O)(=O)C(F)(F)F)C(F)(F)F,1
332.15,CC(C)[n+]1cc(P(=O)(c2ccccc2)c2ccccc2)n(C)c1,F[B-](F)(F)F,1
333.15,CCCC[N+]1(CCCC#N)CCCC1,[I-],1
334.15,c1ccc(C[n+]2ccccc2)cc1,O=S(=O)([O-])C(F)(F)F,1
334.15,CCCCCCCCCCCCCCOC(=O)C[N+](C)(C)C,N#C[N-]C#N,1
334.46,CCCCCCCCCCCCCCCC[n+]1ccccc1,CC(=O)Oc1ccccc1C(=O)[O-],1
335.15,CCCCCCCCCCCCn1cc[n+](Cc2ccccc2)c1C,[Cl-],1
335.15,CCCC[P+](CCCC)(CCCC)CCCC,N#C[N-]C#N,1
335.15,CCC[n+]1ccn(-c2ccc(C)cc2C)c1,[Br-],1
335.95,CC[N+](CCO)(CCO)CCO,[Br-],1
336.15,C#CC[n+]1ccn(C)c1,O=[N+]([O-])[O-],1
336.15,CCCCCCCCCCCCCCCCOC(=O)C[N+](C)(C)C,N#C[N-]C#N,1
338.85,CCCCCCCCCCCCCCCCCCn1cc[n+](C)c1,O=S(=O)(F)[N-]S(=O)(=O)F,1
339.04999999999995,CCCCCCCCCCCCCCCCCCCCCCn1cc[n+](C)c1,O=S(=O)([N-]S(=O)(=O)C(F)(F)F)C(F)(F)F,1
339.15,CCCC[N+](CCCC)(CCCC)CCCC,CCCCc1ccc([B-](F)(F)F)cc1,1
340.15,C[n+]1ccn(CC#N)c1,N#C[N-]C#N,1
341.08,OC(COC1CCCCC1)C[n+]1ccccc1,[Cl-],1
341.15,CCCCCCCCCCCC[n+]1ccn(C)c1,COc1ccccc1C=CC(=O)[O-],1
341.15,CC(C)(C)OC(=O)NCCn1cc[n+](C(c2ccccc2)(c2ccccc2)c2ccccc2)c1,[Cl-],1
342.15,CCCCn1c[n+](CCC(F)(F)C(F)(F)C(F)(F)C(F)(F)F)cn1,O=S(=O)([N-]S(=O)(=O)C(F)(F)F)C(F)(F)F,1
345.15,CCCCCCCCCCCCCCCCCC[N+]1(C)CCCC1,O=S(=O)([N-]S(=O)(=O)C(F)(F)F)C(F)(F)F,1
346.15,CCCC[n+]1ccn(C)c1,O=P([O-])(O)O,1
347.15,CCCCCCCCCCCCCCCCCC[n+]1ccccc1,[Br-],1
347.15,CCCCCC[N+]1(C)CCCC1,[Br-],1
348.75,CCCC[n+]1ccn(-c2ccc(CC)cc2)c1,[I-],1
348.85,CCCC[N+](CCCC)(CCCC)CCCC,COc1cccc([B-](F)(F)F)c1,1
349.45,Cc1cc(C)[n+](-c2ccc(Br)cc2)n1C,CS(=O)(=O)[O-],1
349.99,CCC[N+](C)(C)C,F[B-](F)(F)c1ccccc1,1
350.04999999999995,CCCCCCCCCCCCCCOc1cc[n+](CCCCCCCCCCCCCC)cc1,[Br-],1
350.15,CCCCCCCCCCCCCC[n+]1ccc(C)cc1,[Br-],1
354.15,Cn1cc[n+](CCO[N+](=O)[O-])c1,O=[N+]([O-])c1cc([N+](=O)[O-])c([O-])c([N+](=O)[O-])c1,1
356.15,CCCC[N+](CCCC)(CCCC)CC(=O)OCC,[Br-],1
356.65,CO[N+]1(C)CCOCC1,[O-][I+3]([O-])([O-])[O-],1
358.15,CC[N+](C)(CC)CCOC,[Br-],1
358.15,C=Cn1c[n+](CC)cn1,[Br-],1
358.15,CCn1c[n+](CC)cn1,[I-],1
358.15,CCCCCCCCCCCCCCCCn1cc[n+](CCCS(=O)(=O)O)c1,CS(=O)(=O)[O-],1
359.75,CCCCCCCCCC[n+]1cccc2ccccc21,[Br-],1
362.15,C[N+](C)(C)CCN=[N+]=[N-],[I-],1
363.15,C[N+]1(C)CCOCC1,[Cl-],1
363.15,CCCCCCn1cc[n+](CCC(F)(F)C(F)(F)C(F)(F)C(F)(F)C(F)(F)C(F)(F)C(F)(F)C(F)(F)F)c1,[I-],1
363.65,CCCCCCCCCCCC[n+]1csc2ccccc21,[I-],1
365.15,CCCC[N+](CCCC)(CCCC)CCCC,FC(F)(F)c1cc([B-](c2cc(C(F)(F)F)cc(C(F)(F)F)c2)(c2cc(C(F)(F)F)cc(C(F)(F)F)c2)c2cc(C(F)(F)F)cc(C(F)(F)F)c2)cc(C(F)(F)F)c1,1
365.15,CCCCCC[n+]1c(C)cc(C)n1C,CS(=O)(=O)[O-],1
366.15,CC[N+](C)(CC)CC,N#C[B-](F)(C#N)C#N,1
366.15,CCCC[P+](CCCC)(CCCC)CCCC,O=C([O-])C(=O)[O-],1
366.95,[NH3+]C(=O)c1cccnc1,CC(C)Cc1ccc(C(C)C(=O)[O-])cc1,1
367.15,Cn1cc[n+](CCC(F)(F)C(F)(F)C(F)(F)C(F)(F)C(F)(F)C(F)(F)F)c1,[I-],1
367.15,CCC[n+]1ccn(-c2ccccc2)c1,[Br-],1
367.15,CCCCCCCCCCCCCCCCCCCCCC[n+]1ccc(-c2ccccc2)cc1,Cc1ccc(S(=O)(=O)[O-])cc1,1
367.35,CCCCCCn1ccc[n+]1CCCCCC,[Br-],1
369.15,CCCCCCCCCCCCCCOC(=O)C[N+](C)(C)C,F[B-](F)(F)F,1
369.15,CCCCCCCCCCCC[n+]1ccn(-c2ccc([N+](=O)[O-])cc2)c1,[Br-],1
372.15,C[N+]1(CC#N)CCCC1,[Br-],1
373.15,N#CCCCn1cc[n+](CCCC#N)c1,[Cl-],1
373.15,CCCC[N+](C)(CCCC)CCCC,N#C[S-],1
376.15,C=C(C)C(=O)OCC[N+](C)(C)CC,[Br-],1
379.15,CCCCCCCn1cc[n+](-c2ccccc2OC)c1,[Br-],1
381.15,CSC(=O)c1cccc2c1sn[n+]2C,COS(=O)(=O)[O-],1
382.15,C=CC[n+]1c(C)c(C)n(CC)c1C(C)C,[Br-],1
383.15,CCCC[N+]1(C)CCOC1,[Br-],1
384.15,CC[n+]1ccc(C(=O)OC)cc1,[I-],1
384.15,CC[n+]1ccn(-c2ccccc2)c1,[Br-],1
387.15,CCCCCC[n+]1ccn(-c2c(C)cc(C)cc2C)c1,[Br-],1
389.15,CCCCC[n+]1ccn(-c2ccccc2)c1,[Br-],1
391.75,CCCCn1cc[n+](-c2ccc(Br)cc2)c1,[I-],1
392.15,CCCCCCCCCCC[n+]1ccn(-c2ccccc2C)c1,[Br-],1
394.05,CCCCCC[n+]1cn(-c2ccccc2)cn1,[Br-],1
397.35,CCCCCC[n+]1ccn(Cc2ccc(C=Cc3ccccc3)cc2)c1,[I-],1
398.15,c1ccc(C[n+]2ccccc2)cc1,[Cl-],1
399.15,C[N+]1(CCC#N)CCCC1,[I-],1
399.85,CCCCCC[n+]1csc2ccccc21,[I-],1
404.15,CC(C#N)[n+]1ccn(C)c1,[Br-],1
404.15,CC(C)C[N+]1(C)CCCC1,[BH4-],1
406.15,N#CCn1c[n+](CC#N)cn1,O=[N+]([O-])[O-],1
406.75,CCCCCCCCCCCC[n+]1ccn(-c2c3ccccc3cc3ccccc23)c1,[I-],1
407.15,CCn1c(C)c(C)[n+](C)c1C,[I-],1
413.15,CCCC[P+](C)(CCCC)CCCC,F[B-](F)(F)F,1
415.15,C[n+]1cccnc1,[I-],1
416.15,O=S(=O)(c1ccccc1)c1ccc([P+](c2ccccc2)(c2ccccc2)c2ccccc2)cc1,O=S(=O)([N-]S(=O)(=O)C(F)(F)F)C(F)(F)F,1
421.15,C=CC[N+](C)(C)c1ccc(Br)cc1,[Br-],1
424.15,CC(=O)OCC[N+](C)(C)C,[Cl-],1
428.15,Cc1cccc[n+]1C,[I-],1
428.15,CCC[n+]1ccn(-c2ccc(Br)cc2)c1,[Br-],1
428.15,C[N+](C)(C)CCO,O=C([O-])CSc1c[nH]c2ccccc12,1
433.35,CCCCCCCC[n+]1ccn(-c2ccc3c(c2)Cc2ccccc2-3)c1,[I-],1
436.15,CC(C)(C)c1cc[n+](Cc2ccccc2)cc1,[Br-],1
439.65,Cc1cc(C)[n+](-c2ccc([N+](=O)[O-])cc2)n1C,F[B-](F)(F)F,1
444.15,Cc1nc(-n2nc(-c3ccccc3)n[n+]2-c2ccccc2)sc1C,[Br-],1
448.15,Cc1cc(C)c(-[n+]2ccn(C3CCCCCCC3)c2)c(C)c1,F[B-](F)(F)F,1
455.15,CC[N+](CC)(CC)CC,[I-],1
459.15,CCCCCCCCCCCC[N+]1(C)CCCC1,[Br-],1
460.15,CC[n+]1cn(-c2ccccc2)cn1,[Br-],1
462.15,CCCCCCCCCCCCCCCCCC[n+]1ccc(C=Cc2ccccc2)cc1,[I-],1
463.15,CC[N+]1(CCCC#N)CCCC1,[I-],1
464.15,CC[n+]1ccn(-c2c(C)cc(C)cc2C)c1,[Br-],1
468.15,CC[N+](CC)(CC)Cc1ccccc1,[Br-],1
469.15,O=C(O)C[n+]1cccc2ccccc21,[Cl-],1
470.15,C=CC[N+](C)(C)c1ccc(C)cc1,[I-],1
473.15,Cn1cc[n+](C)c1P(c1ccccc1)c1ccccc1,[Cl-],1
490.15,BrCCC[P+](c1ccccc1)(c1ccccc1)c1ccccc1,[Br-],1
501.15,c1ccc(C[P+](c2ccccc2)(c2ccccc2)c2ccccc2)cc1,[Cl-],1
511.15,Cc1ccc(C[P+](c2ccccc2)(c2ccccc2)c2ccccc2)cc1,[Br-],1
513.81,CCCC[N+]1(C)CCCCC1,[Br-],1
374.15,NC(N)=[NH2+],O=S(=O)([O-])O,1
376.65,CCCCCCCCCCCCCCCCCCCC[N+]12CCN(CC1)CC2,[Br-],1
377.15,CCCCCCCOC(=O)C[N+](C)(C)C,[Br-],1
377.15,CCCCCCCCCCOC(=O)C[N+](C)(C)C,[Br-],1
378.65,CCCCCCCCCCn1cc[n+](-c2c(C)cc(C)cc2C)c1,[Br-],1
379.15,CCCCCCCCCCOC(=O)C(Cc1ccccc1)NC(=O)C[n+]1ccccc1,[Br-],1
380.15,Cn1cc[n+](CCOc2ccccc2C=O)c1,[Br-],1
380.15,Cc1cc[n+](COC2CC(C)CCC2C(C)C)cc1,[Cl-],1
379.15,C1=C[NH+](Cc2ccccc2)C=N1,Cc1ccc(S(=O)(=O)[O-])cc1,1
388.15,CC[N+](CC)(CC)CCCCBr,[Br-],1
384.65,CCCC[N+]1(CCCC)CCCCC1,Cc1ccc(S(=O)(=O)[O-])cc1,1
385.65,CCCC[N+](C)(C)C(C)CC(F)(F)F,[I-],1
385.15,N#[N+]c1ccccc1Oc1ccccc1,F[B-](F)(F)F,1
385.15,CC(C)(C)C(O)(CCc1ccc(Cl)cc1)C[NH+]1C=NC=N1,O=P([O-])(O)O,1
386.65,CCCCCCCCCCNC(=O)CCCCC[n+]1ccccc1,[Br-],1
387.65,CCCCC[N+]1(CCCCC)CCCCC1,Cc1ccc(S(=O)(=O)[O-])cc1,1
388.15,c1ccc([P+](c2ccccc2)(c2ccccc2)c2ccccc2)cc1,FC(F)(F)C(F)(F)[PH-](F)(F)(C(F)(F)C(F)(F)F)C(F)(F)C(F)(F)F,1
389.25,Cc1ccc(-[n+]2ccccc2)cc1,[Cl-],1
391.15,CCCCCCCCCCCC[n+]1ccn(CCCCC(=O)OC2CNC(C(=O)O)C2)c1,F[B-](F)(F)F,1
391.65,CCOC(=O)CCC[N+]1(C)CCCC1,[Br-],1
391.65,CCCCCCCCCCCCNC(=O)CCCCC[n+]1ccccc1,[Br-],1
392.65,COCCN(CCOC)C(=O)C[n+]1ccn(C)c1C,[Br-],1
395.65,C[N+](C)(C)C,FC(F)(F)[N-]C(F)(F)F,1
396.65,Cn1cc[n+](Cc2cc(=O)cc(-c3ccccc3)o2)c1,F[B-](F)(F)F,1
397.4,CCCCCCC[n+]1ccc(-c2ccncc2)cc1,[Br-],1
397.4,CC[N+](CC)(CC)Cc1ccccc1,Cc1ccc(S(=O)(=O)[O-])cc1,1
398.65,C[N+](C)(N)N,O=[N+]([O-])[O-],1
400.45,Ic1ccc(C[n+]2ccccc2)cc1,F[B-](F)(F)F,1
401.65,Cc1csc[n+]1C,[I-],1
402.15,O=C(C[n+]1cccc(C=Nc2ccc(F)cc2)c1)c1ccc([N+](=O)[O-])cc1,F[B-](F)(F)F,1
403.65,CCOC(=O)C[n+]1ccn(C)c1C,[Br-],1
406.15,C[NH2+]C,[Br-],1
407.15,CN1[NH2+]N(Cc2ccccc2)C=C1c1ccccc1,[I-],1
408.15,c1ccc(Cn2cc[n+](Cn3nnc4ccccc43)c2)nc1,F[P-](F)(F)(F)(F)F,1
409.65,CC[n+]1ccn2c1CCC2,[Br-],1
410.9,CCCC[n+]1cccc(C#N)c1,[I-],1
418.15,C[N+](C)(C)CCCCCBr,[Br-],1
418.65,CSc1scc[n+]1C,[I-],1
419.15,CC[n+]1csc2ccccc21,[I-],1
422.65,Cc1cc(C)c(N2CC[N+](c3c(C)cc(C)cc3C)=C2C(F)=C(F)F)c(C)c1,F[B-](F)(F)F,1
425.15,COc1ccc(C(C)[P+](c2ccccc2)(c2ccccc2)c2ccccc2)c(OC)c1,F[B-](F)(F)F,1
428.15,Cn1ccc[n+]1C,[I-],1
435.65,Fc1c(F)c(F)c(C[n+]2ccccc2)c(F)c1F,[Br-],1
438.65,C[N+](C)(C)CCl,[Cl-],1
440.65,N#Cc1cc(Cn2c[n+](CCC(=O)O)c3ccccc32)c([N+](=O)[O-])cc1C#N,[Br-],1
442.65,CC[P+](c1ccccc1)(c1ccccc1)c1ccccc1,[I-],1
452.15,COc1cc(C=NCCn2cc[n+](C)c2)ccc1O,F[P-](F)(F)(F)(F)F,1
455.15,CCCCCCCCCCCCCCCC[N+](C)(C)CC,[Br-],1
256.65,CCCC[n+]1ccn(C)c1C,CCCCCCCCC=CCCCCCCCCOCCOCCOS(=O)(=O)[O-],1
465.65,C[N+]1(C)CCC(OC(=O)C(O)(c2ccccc2)C2CCCC2)C1,[Br-],1
472.15,C=CCSc1oc(-c2ccccc2)nc1[P+](c1ccccc1)(c1ccccc1)c1ccccc1,[I-],1
473.65,COC[P+](c1ccccc1)(c1ccccc1)c1ccccc1,[Cl-],1
482.65,Cc1cc(C)c(Cn2cc[n+]3c4ccc(Cl)cc4c(-c4ccccc4)c(-c4ccccc4)c23)c(C)c1,[Cl-],1
483.15,CCSc1oc(-c2ccc(Cl)cc2)nc1[P+](c1ccccc1)(c1ccccc1)c1ccccc1,[I-],1
492.15,CCCCCCCCCCCCCCCCCC[N+](C)(C)C,[Br-],1
492.15,CCCCn1c[n+](Cc2cc(=O)cc(-c3ccccc3)o2)c2ccccc21,[I-],1
500.65,CC[P+](c1ccccc1)(c1ccccc1)c1ccccc1,[Cl-],1
501.15,CCCCCCCCCCCCCC[N+](C)(C)C,[Br-],1
304.15,CCCCCCCCCCCCCC[P+](CCCCCC)(CCCCCC)CCCCCC,O=S(=O)([O-])[O-],1
303.65,CCCC[n+]1c(C)c(C)n(C)c1C,O=S(=O)([N-]S(=O)(=O)C(F)(F)F)C(F)(F)F,1
306.15,CCC[N+]1(C)CCCC1,COP(=O)([O-])SC,1
304.4,CCCCCCCCCCCCCCOC[N+](C)(C)CCO,CC1=CC(=O)[N-]S(=O)(=O)O1,1
308.15,FC(F)(F)C(F)(F)C(F)(F)C(F)(F)CC[n+]1ccccc1,O=S(=O)([N-]S(=O)(=O)C(F)(F)F)C(F)(F)F,1
312.15,CCCCCCCOCn1cc[n+](COCCCCCCC)c1,F[B-](F)(F)F,1
312.15,CCC[N+]1(C)CCCCC1,Cc1cc(Cl)ccc1OCC(=O)[O-],1
313.15,CCC[N+]1(C)CCCC1,COP(=O)([O-])[Se]C,1
313.45,CCCCCCCCCC[P+](C)(CCCCCCCCCC)CCCCCCCCCC,[O-][Cl+3]([O-])([O-])[O-],1
315.15,CC[NH+](CC)CC,O=S(=O)([N-]S(=O)(=O)C(F)(F)C(F)(F)C(F)(F)C(F)(F)F)C(F)(F)C(F)(F)C(F)(F)C(F)(F)F,1
315.15,COC(=O)CCSC(SC)=[N+]1CCCCC1,O=S(=O)([O-])C(F)(F)F,1
317.15,CCCCCC[n+]1cccc(C(=O)O)c1,O=S(=O)([O-])O,1
317.15,CCCCCCCCCCCCSC[n+]1ccn(C)c1,F[B-](F)(F)F,1
318.15,CCOC(=O)C(OC(=O)C[n+]1ccn(C)c1)c1ccccc1,O=S(=O)([N-]S(=O)(=O)C(F)(F)F)C(F)(F)F,1
319.15,C=Cn1cc[n+](CCO)c1,[Br-],1
321.15,CCCC[NH+]1C[Si](C)(C)O[Si](C)(C)C1,CS(=O)(=O)[O-],1
323.15,c1ccc(COn2cc[n+](OCc3ccccc3)c2)cc1,O=S(=O)([N-]S(=O)(=O)C(F)(F)F)C(F)(F)F,1
324.15,C[NH+](C)Cc1ccccc1,O=S(=O)([N-]S(=O)(=O)C(F)(F)F)C(F)(F)F,1
325.15,C=CC[N+](C)(C)N,[Cl-],1
326.95,CCCCCCCCCCCC[N+]12CCN(CC1)CC2,O=S(=O)([N-]S(=O)(=O)C(F)(F)F)C(F)(F)F,1
328.15,CCCCCCCCCCCCCCCC[N+](C)(C)Cc1ccccc1,[Cl-],1
331.15,Cc1n(C)cc[n+]1CCCO,[Br-],1
333.15,CCCC[N+](CCCC)(CCCC)CCCC,O=[N+]([O-])c1c[n-]nn1,1
333.85,Cc1cc[n+](CC(F)(F)F)cc1,O=S(=O)([N-]S(=O)(=O)C(F)(F)F)C(F)(F)F,1
335.15,CN(C)c1cc[n+](CCO)cc1,F[B-](F)(F)F,1
339.15,CCCCCCCCCCCCCC[N+]12CCN(CC1)CC2,O=S(=O)([N-]S(=O)(=O)C(F)(F)F)C(F)(F)F,1
340.15,CCCCCCCCCCCCCCCC[n+]1ccn(CCCNC(=O)CP(=O)(c2ccccc2)c2ccccc2)c1,[Br-],1
343.15,CCCCCCCC[P+](c1ccccc1)(c1ccccc1)c1ccccc1,Cc1ccc(S(=O)(=O)[O-])cc1,1
346.15,CCCC[N+](CCCC)(CCCC)CCCC,O=C1O[B-]2(OC1=O)OC(=O)C(=O)O2,1
347.15,COC(=O)C(OC(=O)C[n+]1ccn(C)c1)c1ccccc1,O=S(=O)([N-]S(=O)(=O)C(F)(F)F)C(F)(F)F,1
350.15,Cn1ccc(C(F)(F)F)[n+]1C,O=C([O-])C(F)(F)F,1
348.15,COCCCNC(=O)C[n+]1ccn(C)c1,[Br-],1
348.15,CCCC[N+](CCCC)(CCCC)CCCC,O=S(=O)([O-])c1ccccc1,1
348.15,CC(c1ccccc1)[n+]1ccccc1,F[B-](F)(F)F,1
350.15,CCCC[N+]1(C)CCOCC1,Cc1cc(Cl)ccc1OCC(=O)[O-],1
351.15,C=CCOn1cc[n+](CC)c1C,[I-],1
351.15,c1c[nH+]ccn1,O=S(=O)([O-])C(F)(F)F,1
353.15,CCCCn1cc[nH+]c1,O=[N+]([O-])c1cc([N+](=O)[O-])c([O-])c([N+](=O)[O-])c1,1
357.9,CCCCCCCCCCCCCCCC[N+](C)(C)CCN(C)C,[Br-],1
355.15,[NH3+]CCO,[Cl-],1
355.15,CCCCCCCCCCCCCCCC[n+]1ccc(C)cc1,[I-],1
356.15,C[n+]1ccn(OCc2ccccc2)c1,F[P-](F)(F)(F)(F)F,1
356.15,CCC[n+]1ccn2c1CCC2,[Br-],1
357.15,CCCCCCCC[N+]12CCN(CC1)CC2,[Br-],1
357.15,CCOn1cc[n+](OCC)c1Br,F[P-](F)(F)(F)(F)F,1
358.15,C#CC[n+]1ccn(OC)c1,[Br-],1
358.15,CCCCCCCCCCCCCCCC[N+](CCC)(CCC)CCC,[Br-],1
359.15,CCCCCCCC[n+]1ccn(C)c1C,[I-],1
360.15,CCCC[N+]1(CCCC)CCCC1,Cc1cc(C)c(S(=O)(=O)[O-])c(C)c1,1
361.15,C[N+]1(Cc2ccccc2)CCOCC1,F[B-](F)(F)F,1
362.15,CCCC[n+]1cnn(CC(O)CC)c1,[Br-],1
362.15,CCCC[NH3+],O=C([O-])C=Cc1ccccc1,1
363.15,CC(=O)OCC[N+](C)(C)C,Cc1cc(Cl)ccc1OCC(=O)[O-],1
363.15,CCCC[N+](CCCC)(CCCC)CCCC,O=[N+]([O-])c1ccc(S(=O)(=O)[O-])cc1,1
364.4,C=C(C)C(=O)OCC[N+](C)(C)CC,[I-],1
364.15,Cn1cc[n+](CCc2ccccc2)c1,[Cl-],1
364.15,Cc1cc(=O)cc(-c2ccc(C[n+]3ccn(C)c3)cc2)o1,F[B-](F)(F)F,1
364.15,CCOC(=O)C[N+](C)(C)C,COC(=O)c1ccc(I)cc1S(=O)(=O)[N-]C(=O)Nc1nc(C)nc(OC)n1,1
365.15,CCCCCCCCCCCCCCCCCC[n+]1cccc2ccccc21,[Br-],1
365.15,CCCCCCCCCOC(=O)C[N+](C)(C)C,[Br-],1
366.15,CCC[N+]12CCN(CC1)CC2,F[B-](F)(F)F,1
367.15,CC[n+]1ccn(C(F)(F)C(F)Cl)c1,[I-],1
367.15,CCCCCCCCCCCCOC(=O)C(Cc1ccccc1)NC(=O)C[n+]1ccn(C)c1,[Br-],1
368.15,C[N+](C)(C)CCCl,Cc1cc(Cl)ccc1OCC(=O)[O-],1
368.15,CCCC[N+](CCCC)(CCCC)Cc1cc(Cl)c(O)c(C=O)c1,F[P-](F)(F)(F)(F)F,1
370.15,C[n+]1ccn(CCOC(=O)c2ccccc2O)c1,F[B-](F)(F)F,1
370.15,CC[n+]1ccn(C(C)=O)c1,[I-],1
371.15,CCCCCCCCOC(=O)C(Cc1ccccc1)NC(=O)C[n+]1ccccc1,[Br-],1
372.15,CCCCCCCCCCCCOC(=O)C[N+](C)(C)C,[Br-],1
320.65,CCCCCCCCCCCCCC[N+](C)(C)Cc1ccccc1,COc1cc(C(=O)[O-])ccc1O,1
313.35,C[N+](C)(C)C,CC(C)C(N)C(=O)[O-],1
298.35,CCCC[N+](CCCC)(CCCC)CCCC,CC(C)C(N)C(=O)[O-],1
317.35,CCCC[N+](CCCC)(CCCC)CCCC,O=S(=O)([N-]S(=O)(=O)OCC(F)(F)F)OCC(F)(F)F,1
282.35,CCC[N+]1(C)CCCC1,O=S(=O)([N-]S(=O)(=O)OCC(F)(F)F)OCC(F)(F)F,1
299.35,CCC[N+]1(C)CCCCC1,O=S(=O)([N-]S(=O)(=O)OCC(F)(F)F)OCC(F)(F)F,1
359.35,Cn1cc[nH+]c1,O=C([O-])C(F)(F)C(F)(F)C(F)(F)C(F)(F)C(F)(F)C(F)(F)C(F)(F)F,1
331.35,CC[NH3+],O=C([O-])C(F)(F)C(F)(F)C(F)(F)C(F)(F)C(F)(F)C(F)(F)C(F)(F)F,1
318.35,CCCC[NH3+],O=C([O-])C(F)(F)C(F)(F)C(F)(F)C(F)(F)C(F)(F)C(F)(F)C(F)(F)F,1
297.35,CCCCCCCCn1cc[n+](C)c1,O=C([O-])C(F)(F)C(F)(F)C(F)(F)C(F)(F)F,1
352.35,Cn1cc[nH+]c1,O=C([O-])C(F)(F)C(F)(F)C(F)(F)F,1
281.35,O=C1CCC[NH2+]1,O=C([O-])C(F)(F)C(F)(F)C(F)(F)F,1
332.35,CC[NH3+],O=C([O-])C(F)(F)C(F)(F)C(F)(F)F,1
326.35,CCCC[NH3+],O=C([O-])C(F)(F)C(F)(F)C(F)(F)F,1
318.35,CC[NH2+]CC,O=C([O-])C(F)(F)C(F)(F)C(F)(F)F,1
298.35,CC[NH+](CC)CC,O=C([O-])C(F)(F)C(F)(F)C(F)(F)F,1
314.35,[NH3+]CCO,O=C([O-])C(F)(F)C(F)(F)C(F)(F)F,1
277.35,C1CC[NH2+]C1,O=C([O-])C(F)(F)C(F)(F)C(F)(F)F,1
279.65,CCCCCCCCn1cc[n+](C)c1,O=C([O-])C(F)(F)F,1
362.35,[NH3+]CCO,O=C([O-])C(F)(F)F,1
263.35,C1CC[NH2+]C1,O=C([O-])C(F)(F)F,1
347.35,CCCC[N+]1(C)CCCCCC1,O=C([O-])C(F)(F)F,1
318.35,CCCCCC[N+]1(C)CCCCCC1,O=C([O-])C(F)(F)F,1
285.35,COCC[N+]1(C)CCCCCC1,O=C([O-])C(F)(F)F,1
251.35,CCCCn1cc[n+](C)c1,CCCCCCOC(=O)CC(C(=O)OCCCCCC)C(C(=O)OCCCCCC)S(=O)(=O)[O-],1
281.65,CCn1cc[n+](C)c1,N#C[B-](C#N)(C#N)C#N,1
336.35,CCCCn1cc[n+](C)c1C,N#C[B-](C#N)(C#N)C#N,1
410.35,c1cc[nH+]cc1,N#C[B-](C#N)(C#N)C#N,1
402.35,C[NH2+]C,N#C[B-](C#N)(C#N)C#N,1
290.35,CCCC[N+]1(C)CCCCC1,N#C[B-](C#N)(C#N)C#N,1
298.35,CCn1cc[n+](C)c1,N#CCC(=C(C#N)C#N)[C-](C#N)C#N,1
315.35,CCn1cc[n+](C)c1,CC(=C(C#N)C#N)[C-](C#N)C#N,1
315.35,CCn1cc[n+](C)c1,N#CC(C#N)=C[C-](C#N)C#N,1
293.35,CCCCn1cc[n+](C)c1,N#CC(C#N)=C[C-](C#N)C#N,1
248.35,CCCCn1cc[n+](C)c1,CCCCOS(=O)(=O)[O-],1
320.35,CCCCn1cc[n+](C)c1C,CCCCOS(=O)(=O)[O-],1
316.35,CC[N+]1(C)CCCCC1,CCCCOS(=O)(=O)[O-],1
328.35,CCCC[N+]1(C)CCCCC1,CCCCOS(=O)(=O)[O-],1
292.35,CC[N+]1(C)CCOCC1,CCCCOS(=O)(=O)[O-],1
330.35,CCCCn1cc[n+](C)c1,CCOS(=O)(=O)[O-],1
308.35,CC[n+]1ccccc1C#N,CCOS(=O)(=O)[O-],1
307.15,CCCC[N+](C)(C)CC,CCOS(=O)(=O)[O-],1
368.35,CC(C)Cn1cc[n+](CC(C)C)c1,Cc1ccc(S(=O)(=O)[O-])cc1,1
340.35,CCCCCCn1cc[n+](CCCCCC)c1,Cc1ccc(S(=O)(=O)[O-])cc1,1
370.35,CCCCCCCCn1cc[n+](C)c1,Cc1ccc(S(=O)(=O)[O-])cc1,1
329.35,CCCCC(CC)Cn1cc[n+](CC(CC)CCCC)c1,Cc1ccc(S(=O)(=O)[O-])cc1,1
349.35,CCCCCCCCCCn1cc[n+](CCCCCCCCCC)c1,Cc1ccc(S(=O)(=O)[O-])cc1,1
367.85,CCn1cc[n+](C)c1,O=S(=O)([O-])C(F)(F)C(F)(F)C(F)(F)C(F)(F)C(F)(F)C(F)(F)C(F)(F)C(F)(F)F,1
484.15,CCCC[N+](C)(C)C,CCCCCCCCS(=O)(=O)[O-],1
390.15,C[N+](C)(C)CCO,CCCCCCCCS(=O)(=O)[O-],1
320.15,CC[N+](C)(C)CCO,CCCCCCCCS(=O)(=O)[O-],1
296.95,CCCCCC[n+]1ccn(C)c1,O=S(=O)([O-])C(F)(F)C(F)(F)C(F)(F)C(F)(F)F,1
307.15,CCCCCCCCCCn1cc[n+](C)c1,O=S(=O)([O-])C(F)(F)C(F)(F)C(F)(F)C(F)(F)F,1
346.35,CCCCCCCC[n+]1ccccc1,O=S(=O)([O-])C(F)(F)C(F)(F)C(F)(F)C(F)(F)F,1
351.35,CCCCCCCC[n+]1ccccc1C,O=S(=O)([O-])C(F)(F)C(F)(F)C(F)(F)C(F)(F)F,1
341.35,CCCCCCCC[n+]1ccc(C)cc1,O=S(=O)([O-])C(F)(F)C(F)(F)C(F)(F)C(F)(F)F,1
277.35,CCn1cc[n+](C)c1,CCCCS(=O)(=O)[O-],1
335.15,CCCC[N+](C)(C)C,CCCCS(=O)(=O)[O-],1
324.15,C[N+](C)(C)CCO,CCCCS(=O)(=O)[O-],1
293.15,CC[N+](C)(C)CCO,CCCCS(=O)(=O)[O-],1
208.35,CCn1cc[n+](C)c1,O=S(=O)([O-])C(F)(F)C(F)(F)F,1
302.35,CCn1cc[n+](C)c1,CCS(=O)(=O)[O-],1
343.35,CCCCn1cc[nH+]c1,CS(=O)(=O)[O-],1
332.35,CCCCCCn1cc[nH+]c1,CS(=O)(=O)[O-],1
368.05,CC[NH+](C)C,CS(=O)(=O)[O-],1
302.35,CC[NH+](C)CC,CS(=O)(=O)[O-],1
442.15,CCCC[N+](C)(C)C,CS(=O)(=O)[O-],1
393.15,C[N+](C)(C)CCO,CS(=O)(=O)[O-],1
317.15,CC[N+](C)(C)CCO,CS(=O)(=O)[O-],1
335.95,COCC[NH3+],CS(=O)(=O)[O-],1
376.35,CCCCCCOC(=O)C[N+](C)(C)C,CS(=O)(=O)[O-],1
377.35,CCCCCCCCCCCCOC(=O)C[N+](C)(C)C,CS(=O)(=O)[O-],1
377.35,CCCCCCCCCCCCCCOC(=O)C[N+](C)(C)C,CS(=O)(=O)[O-],1
378.35,CCCCCCCCCCCCCCCCOC(=O)C[N+](C)(C)C,CS(=O)(=O)[O-],1
295.85,CCC(C)[NH3+],N#C[S-],1
282.15,CC[P+](CC)(CC)CC,N#Cc1ccc[n-]1,1
312.15,CCCC[P+](CC)(CC)CC,N#Cc1ccc[n-]1,1
215.15,CCCCCCCCCCCC[P+](CC)(CC)CC,N#Cc1ccc[n-]1,1
278.15,CCCCCCCCCCCCCCCCCC[P+](CCCC)(CCCC)CCCC,N#Cc1ccc[n-]1,1
290.15,CCCC[P+](C)(CCCC)CCCC,COP(=O)([O-])OC,1
388.35,Cn1cc[n+](C)c1,F[P-](F)(F)(F)(F)F,1
363.85,Cc1n(C)cc[n+]1CCCC#N,F[P-](F)(F)(F)(F)F,1
438.35,CC[n+]1ccccc1C#N,F[P-](F)(F)(F)(F)F,1
438.85,CC[n+]1cccc(C#N)c1,F[P-](F)(F)(F)(F)F,1
449.35,CC[n+]1ccc(C#N)cc1,F[P-](F)(F)(F)(F)F,1
413.35,CCCC[n+]1ccc(C#N)cc1,F[P-](F)(F)(F)(F)F,1
383.85,CCCC[n+]1cccc(C#N)c1,F[P-](F)(F)(F)(F)F,1
388.35,CCCCCC[n+]1ccc(C#N)cc1,F[P-](F)(F)(F)(F)F,1
396.35,CCCCCCCC[n+]1ccc(C#N)cc1,F[P-](F)(F)(F)(F)F,1
435.85,C[N+](C)(C)CCCC#N,F[P-](F)(F)(F)(F)F,1
293.25,CCCCCCCC[P+](CCCC)(CCCC)CCCC,F[P-](F)(F)(F)(F)F,1
357.65,CCCC[S+](C)C,F[P-](F)(F)(F)(F)F,1
406.35,CCCCCC[S+](C)C,F[P-](F)(F)(F)(F)F,1
301.35,CCCCn1cc[nH+]c1,O=S(=O)([O-])C(F)(F)F,1
291.35,CCCCCCn1cc[nH+]c1,O=S(=O)([O-])C(F)(F)F,1
386.35,CCn1cc[n+](CC)c1C,O=S(=O)([O-])C(F)(F)F,1
322.35,CCCCCCCC[n+]1ccccc1,O=S(=O)([O-])C(F)(F)F,1
313.35,CCCCCCCC[n+]1ccccc1C,O=S(=O)([O-])C(F)(F)F,1
315.45,CCOC1=[N+](C)CCC1,O=S(=O)([O-])C(F)(F)F,1
288.04999999999995,CC[N+]1=C(OC)CCC1,O=S(=O)([O-])C(F)(F)F,1
307.45,CCOC1=[N+](CC)CCC1,O=S(=O)([O-])C(F)(F)F,1
313.45,CCOC1=[N+](C)CCCCC1,O=S(=O)([O-])C(F)(F)F,1
348.15,[NH3+]CCO,O=S(=O)([O-])C(F)(F)F,1
284.95,CC(C)(C)[NH3+],O=S(=O)([O-])C(F)(F)F,1
296.54999999999995,COC=[N+](C)C,O=S(=O)([O-])C(F)(F)F,1
278.35,CCOC=[N+](C)C,O=S(=O)([O-])C(F)(F)F,1
350.35,CCOC(C)=[N+](C)C,O=S(=O)([O-])C(F)(F)F,1
321.85,CCOC(C)=[N+](CC)CC,O=S(=O)([O-])C(F)(F)F,1
371.35,CCCCCC[N+]1(C)CCCCCC1,O=S(=O)([O-])C(F)(F)F,1
289.35,COCC[N+]1(C)CCCCCC1,O=S(=O)([O-])C(F)(F)F,1
305.35,COCCOCC[N+]1(C)CCCCCC1,O=S(=O)([O-])C(F)(F)F,1
284.04999999999995,CCCn1cc[n+](CCC)c1,O=S(=O)([N-]S(=O)(=O)C(F)(F)F)C(F)(F)F,1
260.35,CCCCn1cc[n+](C)c1C,O=S(=O)([N-]S(=O)(=O)C(F)(F)F)C(F)(F)F,1
242.35,COCC[n+]1ccn(C)c1C,O=S(=O)([N-]S(=O)(=O)C(F)(F)F)C(F)(F)F,1
278.65,CCc1n(CC)cc[n+]1CCOC,O=S(=O)([N-]S(=O)(=O)C(F)(F)F)C(F)(F)F,1
293.54999999999995,CCCn1cc[n+](CCOC)c1C,O=S(=O)([N-]S(=O)(=O)C(F)(F)F)C(F)(F)F,1
288.95,CCCn1cc[n+](CCOC)c1CC,O=S(=O)([N-]S(=O)(=O)C(F)(F)F)C(F)(F)F,1
286.85,CCCCn1cc[n+](CCOC)c1CC,O=S(=O)([N-]S(=O)(=O)C(F)(F)F)C(F)(F)F,1
289.15,CCCCCn1cc[n+](CCOC)c1C,O=S(=O)([N-]S(=O)(=O)C(F)(F)F)C(F)(F)F,1
278.54999999999995,CCCCCn1cc[n+](CCOC)c1CC,O=S(=O)([N-]S(=O)(=O)C(F)(F)F)C(F)(F)F,1
331.45,COCCn1cc[n+](CCOC)c1C,O=S(=O)([N-]S(=O)(=O)C(F)(F)F)C(F)(F)F,1
281.15,CCc1n(CCOC)cc[n+]1CCOC,O=S(=O)([N-]S(=O)(=O)C(F)(F)F)C(F)(F)F,1
274.65,CCOCC[n+]1ccn(CCOC)c1C,O=S(=O)([N-]S(=O)(=O)C(F)(F)F)C(F)(F)F,1
280.85,CCOCc1n(C)cc[n+]1C,O=S(=O)([N-]S(=O)(=O)C(F)(F)F)C(F)(F)F,1
278.45,CCCOCc1n(C)cc[n+]1C,O=S(=O)([N-]S(=O)(=O)C(F)(F)F)C(F)(F)F,1
295.35,COC[n+]1ccn(C)c1C,O=S(=O)([N-]S(=O)(=O)C(F)(F)F)C(F)(F)F,1
287.35,CCc1n(C)cc[n+]1COC,O=S(=O)([N-]S(=O)(=O)C(F)(F)F)C(F)(F)F,1
292.35,CCc1n(CC)cc[n+]1COC,O=S(=O)([N-]S(=O)(=O)C(F)(F)F)C(F)(F)F,1
294.35,CCCn1cc[n+](COC)c1C,O=S(=O)([N-]S(=O)(=O)C(F)(F)F)C(F)(F)F,1
260.35,CCn1cc[n+](C)c1SC,O=S(=O)([N-]S(=O)(=O)C(F)(F)F)C(F)(F)F,1
284.35,CCn1cc[n+](C)c1SC(C)C,O=S(=O)([N-]S(=O)(=O)C(F)(F)F)C(F)(F)F,1
314.85,Cc1n(C)cc[n+]1C[Si](C)(C)C,O=S(=O)([N-]S(=O)(=O)C(F)(F)F)C(F)(F)F,1
290.35,CCC[n+]1c(C)cc(C)n1C,O=S(=O)([N-]S(=O)(=O)C(F)(F)F)C(F)(F)F,1
248.65,CCCCCCCCn1cc[n+](C)n1,O=S(=O)([N-]S(=O)(=O)C(F)(F)F)C(F)(F)F,1
274.95,CCCCCCCCCCn1cc[n+](C)n1,O=S(=O)([N-]S(=O)(=O)C(F)(F)F)C(F)(F)F,1
290.75,CCCCCCCCCCCCn1cc[n+](C)n1,O=S(=O)([N-]S(=O)(=O)C(F)(F)F)C(F)(F)F,1
354.35,C[n+]1nn(Cc2ccccc2)cc1-c1ccccc1,O=S(=O)([N-]S(=O)(=O)C(F)(F)F)C(F)(F)F,1
344.35,CCCCCCc1cn(-c2ccccc2)n[n+]1C,O=S(=O)([N-]S(=O)(=O)C(F)(F)F)C(F)(F)F,1
276.25,CCCCCCCCCCn1c[n+](C)cn1,O=S(=O)([N-]S(=O)(=O)C(F)(F)F)C(F)(F)F,1
293.15,CCCCCCCCCCCCn1c[n+](C)cn1,O=S(=O)([N-]S(=O)(=O)C(F)(F)F)C(F)(F)F,1
272.15,CCCCCCC[n+]1ccccc1,O=S(=O)([N-]S(=O)(=O)C(F)(F)F)C(F)(F)F,1
261.35,CCCCCCCC[n+]1ccccc1,O=S(=O)([N-]S(=O)(=O)C(F)(F)F)C(F)(F)F,1
274.15,CCCCCCCCCC[n+]1ccccc1,O=S(=O)([N-]S(=O)(=O)C(F)(F)F)C(F)(F)F,1
279.75,c1ccc(C[n+]2ccccc2)cc1,O=S(=O)([N-]S(=O)(=O)C(F)(F)F)C(F)(F)F,1
315.04999999999995,c1cc[n+](CC2CCCCC2)cc1,O=S(=O)([N-]S(=O)(=O)C(F)(F)F)C(F)(F)F,1
273.35,CCC[n+]1cccc(C)c1,O=S(=O)([N-]S(=O)(=O)C(F)(F)F)C(F)(F)F,1
280.35,CCCCCCCC[n+]1ccc(C)cc1,O=S(=O)([N-]S(=O)(=O)C(F)(F)F)C(F)(F)F,1
281.85,CCCCCC[n+]1ccc(C#N)cc1,O=S(=O)([N-]S(=O)(=O)C(F)(F)F)C(F)(F)F,1
288.04999999999995,CCCCCCCC[n+]1cccc(C#N)c1,O=S(=O)([N-]S(=O)(=O)C(F)(F)F)C(F)(F)F,1
303.35,CCCCCCCC[n+]1ccc(C#N)cc1,O=S(=O)([N-]S(=O)(=O)C(F)(F)F)C(F)(F)F,1
302.85,CC[n+]1ccc(C(F)(F)F)cc1,O=S(=O)([N-]S(=O)(=O)C(F)(F)F)C(F)(F)F,1
321.15,CCCC[n+]1ccc2ccccc2c1,O=S(=O)([N-]S(=O)(=O)C(F)(F)F)C(F)(F)F,1
311.75,CCOC1=[N+](C)CCC1,O=S(=O)([N-]S(=O)(=O)C(F)(F)F)C(F)(F)F,1
312.75,CC[N+]1=C(OC)CCC1,O=S(=O)([N-]S(=O)(=O)C(F)(F)F)C(F)(F)F,1
302.35,CCOC1=[N+](CC)CCC1,O=S(=O)([N-]S(=O)(=O)C(F)(F)F)C(F)(F)F,1
317.75,CCOC1=[N+](C)CCCCC1,O=S(=O)([N-]S(=O)(=O)C(F)(F)F)C(F)(F)F,1
295.35,CCC[N+](C)(CC)CCC,O=S(=O)([N-]S(=O)(=O)C(F)(F)F)C(F)(F)F,1
283.15,CCCC[N+](C)(C)C(C)C,O=S(=O)([N-]S(=O)(=O)C(F)(F)F)C(F)(F)F,1
300.15,CCCC[N+](C)(CCCC)CCCC,O=S(=O)([N-]S(=O)(=O)C(F)(F)F)C(F)(F)F,1
264.15,CCCCCCCCCC[N+](CC)(CC)CC,O=S(=O)([N-]S(=O)(=O)C(F)(F)F)C(F)(F)F,1
270.15,CCCCCCCCCC[N+](C)(C)C(C)C,O=S(=O)([N-]S(=O)(=O)C(F)(F)F)C(F)(F)F,1
294.45,CCCCCCCCCCCCCC[N+](CC)(CC)CC,O=S(=O)([N-]S(=O)(=O)C(F)(F)F)C(F)(F)F,1
314.35,CC[N+](CC)(CC)Cc1ccccc1,O=S(=O)([N-]S(=O)(=O)C(F)(F)F)C(F)(F)F,1
293.35,CC[N+](CC)(CC)CCOC,O=S(=O)([N-]S(=O)(=O)C(F)(F)F)C(F)(F)F,1
280.04999999999995,CCOCC[N+](CC)(CC)CC,O=S(=O)([N-]S(=O)(=O)C(F)(F)F)C(F)(F)F,1
283.4,CCCC[N+](CCCC)(CCCC)CCOCC,O=S(=O)([N-]S(=O)(=O)C(F)(F)F)C(F)(F)F,1
298.54999999999995,CCCCCCCCCC(=O)OCC[N+](C)(C)COC1CCCCCCCCCCC1,O=S(=O)([N-]S(=O)(=O)C(F)(F)F)C(F)(F)F,1
331.45,C[N+](C)(C)CCCC#N,O=S(=O)([N-]S(=O)(=O)C(F)(F)F)C(F)(F)F,1
310.95,COC=[N+](C)C,O=S(=O)([N-]S(=O)(=O)C(F)(F)F)C(F)(F)F,1
313.4,CCOC=[N+](C)C,O=S(=O)([N-]S(=O)(=O)C(F)(F)F)C(F)(F)F,1
306.45,CCOC(C)=[N+](C)C,O=S(=O)([N-]S(=O)(=O)C(F)(F)F)C(F)(F)F,1
327.15,CCOC(C)=[N+](CC)CC,O=S(=O)([N-]S(=O)(=O)C(F)(F)F)C(F)(F)F,1
310.35,C1CC[NH2+]C1,O=S(=O)([N-]S(=O)(=O)C(F)(F)F)C(F)(F)F,1
356.35,C[NH+]1CCCC1,O=S(=O)([N-]S(=O)(=O)C(F)(F)F)C(F)(F)F,1
276.883,CC(C)C[N+]1(C)CCCC1,O=S(=O)([N-]S(=O)(=O)C(F)(F)F)C(F)(F)F,1
258.35,CCCC[N+]1(CC)CCCC1,O=S(=O)([N-]S(=O)(=O)C(F)(F)F)C(F)(F)F,1
287.0,CCCCCCC[N+]1(C)CCCC1,O=S(=O)([N-]S(=O)(=O)C(F)(F)F)C(F)(F)F,1
260.75,CCCCCCCC[N+]1(C)CCCC1,O=S(=O)([N-]S(=O)(=O)C(F)(F)F)C(F)(F)F,1
283.65,CCCCCCCCCC[N+]1(C)CCCC1,O=S(=O)([N-]S(=O)(=O)C(F)(F)F)C(F)(F)F,1
284.35,C=CC[N+]1(C)CCCC1,O=S(=O)([N-]S(=O)(=O)C(F)(F)F)C(F)(F)F,1
283.85,C[N+]1(CC2CCCCC2)CCCC1,O=S(=O)([N-]S(=O)(=O)C(F)(F)F)C(F)(F)F,1
248.35,CCCC[N+]1(C)CCCCC1,O=S(=O)([N-]S(=O)(=O)C(F)(F)F)C(F)(F)F,1
288.04999999999995,CC(C)C[N+]1(C)CCCCC1,O=S(=O)([N-]S(=O)(=O)C(F)(F)F)C(F)(F)F,1
279.95,CCCC[N+]1(CC)CCCCC1,O=S(=O)([N-]S(=O)(=O)C(F)(F)F)C(F)(F)F,1
282.35,C=CC[N+]1(C)CCCCC1,O=S(=O)([N-]S(=O)(=O)C(F)(F)F)C(F)(F)F,1
252.35,CCCCCC[N+]1(C)CCCCCC1,O=S(=O)([N-]S(=O)(=O)C(F)(F)F)C(F)(F)F,1
317.35,C=CC[N+]1(C)CCOCC1,O=S(=O)([N-]S(=O)(=O)C(F)(F)F)C(F)(F)F,1
315.35,C=CC[N+]1(CC)CCOCC1,O=S(=O)([N-]S(=O)(=O)C(F)(F)F)C(F)(F)F,1
360.25,CN(C)C(N(C)C)=[N+](C)C,O=S(=O)([N-]S(=O)(=O)C(F)(F)F)C(F)(F)F,1
291.54999999999995,CCN(C)C(N(C)C)=[N+](C)C,O=S(=O)([N-]S(=O)(=O)C(F)(F)F)C(F)(F)F,1
283.25,CCN(CC)C(N(C)C)=[N+](C)C,O=S(=O)([N-]S(=O)(=O)C(F)(F)F)C(F)(F)F,1
273.75,CCCN(C)C(N(C)C)=[N+](C)C,O=S(=O)([N-]S(=O)(=O)C(F)(F)F)C(F)(F)F,1
271.75,CCCN(CC)C(N(C)C)=[N+](C)C,O=S(=O)([N-]S(=O)(=O)C(F)(F)F)C(F)(F)F,1
286.25,CCCN(CCC)C(N(C)C)=[N+](C)C,O=S(=O)([N-]S(=O)(=O)C(F)(F)F)C(F)(F)F,1
281.75,CCOCCN(C)C(N(C)CCOC)=[N+](C)C,O=S(=O)([N-]S(=O)(=O)C(F)(F)F)C(F)(F)F,1
264.04999999999995,CC[N+](C)=C1N(C)CCN1C,O=S(=O)([N-]S(=O)(=O)C(F)(F)F)C(F)(F)F,1
297.25,CC[N+](CC)=C1N(C)CCN1C,O=S(=O)([N-]S(=O)(=O)C(F)(F)F)C(F)(F)F,1
289.75,CCCC[P+](C)(CCCC)CCCC,O=S(=O)([N-]S(=O)(=O)C(F)(F)F)C(F)(F)F,1
302.25,C=CC[P+](CCCC)(CCCC)CCCC,O=S(=O)([N-]S(=O)(=O)C(F)(F)F)C(F)(F)F,1
285.35,C=CCCC[P+](CC)(CC)CC,O=S(=O)([N-]S(=O)(=O)C(F)(F)F)C(F)(F)F,1
284.45,CCCCCCCC[P+](CCCCCCCC)(CCCCCCCC)CCCCCCCC,O=S(=O)([N-]S(=O)(=O)C(F)(F)F)C(F)(F)F,1
286.75,CCCCCCCCCCCC[P+](CCCC)(CCCC)CCCC,O=S(=O)([N-]S(=O)(=O)C(F)(F)F)C(F)(F)F,1
279.35,CCCC[P+]1(C)CCCCC1,O=S(=O)([N-]S(=O)(=O)C(F)(F)F)C(F)(F)F,1
288.35,CCCC[P+]1(C)CCCC1,O=S(=O)([N-]S(=O)(=O)C(F)(F)F)C(F)(F)F,1
292.45,CC[S+](C)C,O=S(=O)([N-]S(=O)(=O)C(F)(F)F)C(F)(F)F,1
269.75,CCCC[S+](C)C,O=S(=O)([N-]S(=O)(=O)C(F)(F)F)C(F)(F)F,1
244.45,CCCC[S+](CC)CC,O=S(=O)([N-]S(=O)(=O)C(F)(F)F)C(F)(F)F,1
316.85,CCCCCC[S+](C)C,O=S(=O)([N-]S(=O)(=O)C(F)(F)F)C(F)(F)F,1
371.35,C[S+]1CCCC1,O=S(=O)([N-]S(=O)(=O)C(F)(F)F)C(F)(F)F,1
342.35,CC[S+]1CCCC1,O=S(=O)([N-]S(=O)(=O)C(F)(F)F)C(F)(F)F,1
299.35,CCC[S+]1CCCC1,O=S(=O)([N-]S(=O)(=O)C(F)(F)F)C(F)(F)F,1
303.35,CCC[S+]1CCCCC1,O=S(=O)([N-]S(=O)(=O)C(F)(F)F)C(F)(F)F,1
336.35,CCN(C)c1c(N(C)C)[c+]1N(C)C,O=S(=O)([N-]S(=O)(=O)C(F)(F)F)C(F)(F)F,1
280.35,CCN(C)c1c(N(C)CC)[c+]1N(C)CC,O=S(=O)([N-]S(=O)(=O)C(F)(F)F)C(F)(F)F,1
317.35,CCN(CC)c1c(N(C)C)[c+]1N(C)C,O=S(=O)([N-]S(=O)(=O)C(F)(F)F)C(F)(F)F,1
290.35,CCN(CC)c1c(N(CC)CC)[c+]1N(C)C,O=S(=O)([N-]S(=O)(=O)C(F)(F)F)C(F)(F)F,1
291.35,CCN(CC)c1c(N(CC)CC)[c+]1N(CC)CC,O=S(=O)([N-]S(=O)(=O)C(F)(F)F)C(F)(F)F,1
293.35,CCCN(C)c1c(N(C)C)[c+]1N(C)C,O=S(=O)([N-]S(=O)(=O)C(F)(F)F)C(F)(F)F,1
325.35,CCCN(CCC)c1c(N(C)C)[c+]1N(C)C,O=S(=O)([N-]S(=O)(=O)C(F)(F)F)C(F)(F)F,1
307.35,CCCN(CCC)c1c(N(CCC)CCC)[c+]1N(CCC)CCC,O=S(=O)([N-]S(=O)(=O)C(F)(F)F)C(F)(F)F,1
279.35,CCCCN(C)c1c(N(C)C)[c+]1N(C)C,O=S(=O)([N-]S(=O)(=O)C(F)(F)F)C(F)(F)F,1
269.35,CCCCN(CCCC)c1c(N(CC)CC)[c+]1N(CC)CC,O=S(=O)([N-]S(=O)(=O)C(F)(F)F)C(F)(F)F,1
280.35,CCCCN(CCCC)c1c(N(CCCC)CCCC)[c+]1N(CCCC)CCCC,O=S(=O)([N-]S(=O)(=O)C(F)(F)F)C(F)(F)F,1
277.35,CCCCCN(CCCCC)c1c(N(CCCCC)CCCCC)[c+]1N(CCCCC)CCCCC,O=S(=O)([N-]S(=O)(=O)C(F)(F)F)C(F)(F)F,1
259.35,CCCCCCN(C)c1c(N(C)C)[c+]1N(C)C,O=S(=O)([N-]S(=O)(=O)C(F)(F)F)C(F)(F)F,1
294.35,CCCCCCN(CCCCCC)c1c(N(C)C)[c+]1N(C)C,O=S(=O)([N-]S(=O)(=O)C(F)(F)F)C(F)(F)F,1
276.35,CCCCCCN(CCCCCC)c1c(N(CCCCCC)CCCCCC)[c+]1N(CCCCCC)CCCCCC,O=S(=O)([N-]S(=O)(=O)C(F)(F)F)C(F)(F)F,1
281.35,CCCCCCCCCCN(CCCCCCCCCC)c1c(N(CCCCCCCCCC)CCCCCCCCCC)[c+]1N(CCCCCCCCCC)CCCCCCCCCC,O=S(=O)([N-]S(=O)(=O)C(F)(F)F)C(F)(F)F,1
288.35,Cn1cc[n+](C)c1,O=S(=O)([N-]S(=O)(=O)C(F)(F)C(F)(F)F)C(F)(F)C(F)(F)F,1
280.35,CCCCn1cc[n+](C)c1,O=S(=O)([N-]S(=O)(=O)C(F)(F)C(F)(F)F)C(F)(F)C(F)(F)F,1
285.85,CCCCCCCCCCn1cc[n+](C)c1,O=S(=O)([N-]S(=O)(=O)C(F)(F)C(F)(F)F)C(F)(F)C(F)(F)F,1
288.6,CCCCCCCCCCCCCCCCCCn1cc[n+](C)c1,O=S(=O)([N-]S(=O)(=O)C(F)(F)C(F)(F)F)C(F)(F)C(F)(F)F,1
322.35,CCCC[n+]1ccccc1,O=S(=O)([N-]S(=O)(=O)C(F)(F)C(F)(F)F)C(F)(F)C(F)(F)F,1
291.85,CCCC[n+]1cc(C)cc(C)c1,O=S(=O)([N-]S(=O)(=O)C(F)(F)C(F)(F)F)C(F)(F)C(F)(F)F,1
275.35,CCCCCCCC[n+]1ccc(C)cc1,O=S(=O)([N-]S(=O)(=O)C(F)(F)C(F)(F)F)C(F)(F)C(F)(F)F,1
423.35,CCCC[N+](CCCC)(CCCC)CCCC,O=S(=O)([N-]S(=O)(=O)C(F)(F)C(F)(F)F)C(F)(F)C(F)(F)F,1
281.15,COCC[N+]1(C)CCCC1,O=S(=O)([N-]S(=O)(=O)C(F)(F)C(F)(F)F)C(F)(F)C(F)(F)F,1
418.35,CCCC[P+](CCCC)(CCCC)CCCC,O=S(=O)([N-]S(=O)(=O)C(F)(F)C(F)(F)F)C(F)(F)C(F)(F)F,1
271.35,CCCCCCCCCCCCCC[P+](CCCCCC)(CCCCCC)CCCCCC,O=S(=O)([N-]S(=O)(=O)C(F)(F)C(F)(F)F)C(F)(F)C(F)(F)F,1
350.85,Cn1cc[n+](C)c1,O=[N+]([O-])[O-],1
345.35,OCC[NH2+]CCO,O=[N+]([O-])[O-],1
353.35,OCC[NH+](CCO)CCO,O=[N+]([O-])[O-],1
310.35,COCC[NH3+],O=[N+]([O-])[O-],1
256.35,CCOC(=O)C(C)[NH3+],O=[N+]([O-])[O-],1
348.35,COC(=O)C([NH3+])CC(C)C,O=[N+]([O-])[O-],1
258.35,C1CC[NH2+]C1,O=[N+]([O-])[O-],1
283.35,C=CC[N+]1(C)CCCC1,O=[N+]([O-])[O-],1
482.35,CCCN(C)C(N(C)C)=[N+](C)C,O=[N+]([O-])[O-],1
389.35,C[S+]1CCCC1,O=[N+]([O-])[O-],1
291.35,CC[S+]1CCCC1,O=[N+]([O-])[O-],1
327.35,CCCC[S+]1CCCC1,O=[N+]([O-])[O-],1
298.75,CC[N+](C)(C)N,N#C[N-][N+](=O)[O-],1
282.35,CCCC[N+](C)(C)N,N#C[N-][N+](=O)[O-],1
214.75,[NH3+]CCO,CC(O)C(=O)[O-],1
218.45,OCC[NH+](CCO)CCO,CC(O)C(=O)[O-],1
217.75,[NH3+]CCOCCO,CC(O)C(=O)[O-],1
312.35,CCCCCCCCCCCCOC(=O)C[N+](C)(C)C,CC(O)C(=O)[O-],1
321.35,CCCCCCCCCCCCCCOC(=O)C[N+](C)(C)C,CC(O)C(=O)[O-],1
331.35,CCCCCCCCCCCCCCCCOC(=O)C[N+](C)(C)C,CC(O)C(=O)[O-],1
348.35,CCOC(=O)C(C)[NH3+],CC(O)C(=O)[O-],1
371.35,Cn1c[n+](CCC(F)(F)F)cn1,[I-],1
396.35,CCCCn1c[n+](CCC(F)(F)F)cn1,[I-],1
447.35,CCCCCCCn1c[n+](CCC(F)(F)F)cn1,[I-],1
465.35,CCCCCCCCCCn1c[n+](CCC(F)(F)F)cn1,[I-],1
330.85,C=CC[N+]1(C)CCCC1,[I-],1
360.35,CCCC[N+]1(C)CCCCCC1,[I-],1
413.35,CCCCCC[N+]1(C)CCCCCC1,[I-],1
356.35,COCC[N+]1(C)CCCCCC1,[I-],1
344.35,COCCOCC[N+]1(C)CCCCCC1,[I-],1
254.45,Cc1cc[nH+]cc1,O=S(=O)([O-])O,1
276.65,CC[NH+](C)C,O=S(=O)([O-])O,1
359.95,CCCC[NH+](CCCC)CCCC,O=S(=O)([O-])O,1
403.95,CC(C)(C)[NH3+],O=S(=O)([O-])O,1
243.35,C1CC[NH2+]C1,O=S(=O)([O-])O,1
307.35,C[NH+]1CCCC1,O=S(=O)([O-])O,1
273.75,CCCCCCCCCC[N+](C)(C)CCCCCCCCCC,CC(Oc1ccc(Cl)cc1Cl)C(=O)[O-],1
261.15,CCCCCCCCCCCCCCCCCC[N+](C)(C)C,CC(Oc1ccc(Cl)cc1Cl)C(=O)[O-],1
392.65,C[N+](C)(C)CCO,CC(Oc1ccc(Cl)cc1Cl)C(=O)[O-],1
363.85,COCC[NH3+],O=P([O-])(O)O,1
289.35,CCCC[N+](CCCC)(CCCC)CCCC,NCC(=O)[O-],1
237.35,CCCC[N+]1(CC)CCCC1,O=S(=O)(F)[N-]S(=O)(=O)F,1
277.15,COCC[N+]1(C)CCCC1,O=S(=O)(F)[N-]S(=O)(=O)F,1
307.15,CCCCCC[N+]1(C)CCOCC1,O=S(=O)(F)[N-]S(=O)(=O)F,1
285.65,CC(C)C[P+](C)(C)C,O=S(=O)(F)[N-]S(=O)(=O)F,1
198.45,[NH3+]CCOCCO,O=C[O-],1
250.95,COCC[NH3+],O=C[O-],1
277.95,COCC[NH2+]CCOC,O=C[O-],1
279.15,C1COCC[NH2+]1,O=C[O-],1
251.15,CC[NH+]1CCOCC1,O=C[O-],1
307.35,Cn1cc[n+](C)c1,N#C[N-]C#N,1
299.35,CCCCn1cc[n+](C)c1C,N#C[N-]C#N,1
223.35,C[n+]1ccn(CCO)c1,N#C[N-]C#N,1
223.15,C[n+]1ccn(CCO[N+](=O)[O-])c1,N#C[N-]C#N,1
286.35,CC[n+]1cccn1C,N#C[N-]C#N,1
265.35,COCC[n+]1cccn1C,N#C[N-]C#N,1
330.35,CC[n+]1ccsc1,N#C[N-]C#N,1
333.35,O=[N+]([O-])OCC[n+]1ccccc1,N#C[N-]C#N,1
278.15,CCCC[n+]1cccc(C)c1,N#C[N-]C#N,1
300.45,CCCC[n+]1ccc(C)cc1,N#C[N-]C#N,1
224.45,OCC[n+]1ccccc1,N#C[N-]C#N,1
369.65,CC[N+](C)(C)C,N#C[N-]C#N,1
285.35,CCCC[N+](C)(CCCC)CCCC,N#C[N-]C#N,1
266.35,CCCCC[N+](CC)(CC)CC,N#C[N-]C#N,1
230.35,CCCCCC[N+](CC)(CC)CC,N#C[N-]C#N,1
223.45,C[N+](C)(C)CCO,N#C[N-]C#N,1
331.35,CCCCCCCCCCCCOC(=O)C[N+](C)(C)C,N#C[N-]C#N,1
316.54999999999995,C[N+](C)(C)CCCC#N,N#C[N-]C#N,1
304.25,CC[N+](C)(C)N,N#C[N-]C#N,1
293.75,CCCC[N+](C)(C)N,N#C[N-]C#N,1
223.25,C[N+](C)(C)CCO[N+](=O)[O-],N#C[N-]C#N,1
223.55,C[N+]1(CCO)CCCC1,N#C[N-]C#N,1
223.45,C[N+]1(CCO[N+](=O)[O-])CCCC1,N#C[N-]C#N,1
348.35,CCCCN(C)C(N(C)C)=[N+](C)C,N#C[N-]C#N,1
278.35,CCCC[P+](CC)(CC)CC,N#C[N-]C#N,1
279.25,CCCC[P+](C)(CCCC)CCCC,N#C[N-]C#N,1
261.35,CCCCC[P+](CC)(CC)CC,N#C[N-]C#N,1
286.35,C[S+]1CCCC1,N#C[N-]C#N,1
337.35,Cn1cc[n+](C)c1,[O-][Cl+3]([O-])([O-])[O-],1
280.35,CCn1cc[n+](C)c1,[O-][Cl+3]([O-])([O-])[O-],1
338.35,CCCCn1cc[n+](C)c1,[O-][Cl+3]([O-])([O-])[O-],1
425.25,CC[NH3+],[O-][Cl+3]([O-])([O-])[O-],1
357.35,CCCCCCCCCCCCOC(=O)C[N+](C)(C)C,[O-][Cl+3]([O-])([O-])[O-],1
367.35,CCCCCCCCCCCCCCOC(=O)C[N+](C)(C)C,[O-][Cl+3]([O-])([O-])[O-],1
372.35,CCCCCCCCCCCCCCCCOC(=O)C[N+](C)(C)C,[O-][Cl+3]([O-])([O-])[O-],1
541.3499999999999,CCCN(C)C(N(C)C)=[N+](C)C,[O-][Cl+3]([O-])([O-])[O-],1
408.35,CCCCN(C)C(N(C)C)=[N+](C)C,[O-][Cl+3]([O-])([O-])[O-],1
365.35,CCCCSc1[nH+]ccn1C,[Cl-],1
294.85,C=CCn1cc[n+](CC=C)c1,[Cl-],1
352.15,C[N+](C)(C)CCCC#N,[Cl-],1
398.35,CCCCCCCn1c[n+](CCF)cn1,[Br-],1
402.35,CCCCCCCCCCn1c[n+](CCF)cn1,[Br-],1
351.35,CCCC[n+]1ccc(C)cc1,[Br-],1
485.35,CCCC[n+]1ccc(C#N)cc1,[Br-],1
429.35,CCCC[n+]1cccc(C#N)c1,[Br-],1
469.35,CCCCCC[n+]1ccc(C#N)cc1,[Br-],1
435.35,CCCCCCCC[n+]1ccc(C#N)cc1,[Br-],1
380.35,CCC[N+]1(C)CCCC1,[Br-],1
291.35,C=CC[N+]1(C)CCCC1,[Br-],1
446.95,CCCCC[N+]1(C)CCCCC1,[Br-],1
334.35,C=CC[N+]1(C)CCCCC1,[Br-],1
454.05,CCC[N+]1(C)CCOCC1,[Br-],1
484.65,CCCC[N+]1(C)CCOCC1,[Br-],1
467.15,CCCCC[N+]1(C)CCOCC1,[Br-],1
353.35,C=CC[N+]1(C)CCOCC1,[Br-],1
348.35,C=CC[N+]1(CC)CCOCC1,[Br-],1
324.15,CC[N+](C)(C)COC,O=C1O[B-]2(OC1=O)OC(=O)C(=O)O2,1
320.04999999999995,CCOC[N+](C)(C)CC,O=C1O[B-]2(OC1=O)OC(=O)C(=O)O2,1
265.54999999999995,CCn1cc[n+](C)c1,N#C[B-](F)(C#N)C#N,1
252.35,CCn1cc[n+](C)c1,N#C[B-](F)(C#N)C(F)(F)C(F)(F)F,1
243.35,CCn1cc[n+](C)c1,N#C[B-](F)(C#N)C(F)(F)F,1
256.35,CCC[n+]1ccn(C)c1C,F[B-](F)(F)F,1
217.35,CC=CC[n+]1ccn(C)c1C,F[B-](F)(F)F,1
273.85,[NH3+]CCO,F[B-](F)(F)F,1
331.35,CCCCCCOC(=O)C[N+](C)(C)C,F[B-](F)(F)F,1
362.35,CCCCCCCCCCCCOC(=O)C[N+](C)(C)C,F[B-](F)(F)F,1
377.35,CCCCCCCCCCCCCCCCOC(=O)C[N+](C)(C)C,F[B-](F)(F)F,1
334.25,C[N+](C)(C)CCCC#N,F[B-](F)(F)F,1
391.65,CC(C)(C)[NH3+],F[B-](F)(F)F,1
240.35,C[NH+]1CCCC1,F[B-](F)(F)F,1
298.35,C[NH+]1CCCCC1,F[B-](F)(F)F,1
302.35,C[NH+]1CCOCC1,F[B-](F)(F)F,1
294.35,CC[NH+]1CCOCC1,F[B-](F)(F)F,1
295.75,CCCCCCCCCCCC[P+](CCCC)(CCCC)CCCC,F[B-](F)(F)F,1
350.35,CCC[N+]1(C)CCCC1,F[B-](F)(F)C(F)(F)C(F)(F)C(F)(F)C(F)(F)F,1
260.35,COCC[N+]1(C)CCCC1,F[B-](F)(F)C(F)(F)C(F)(F)C(F)(F)C(F)(F)F,1
352.35,CCC[N+]1(C)CCCC1,F[B-](F)(F)C(F)(F)C(F)(F)C(F)(F)F,1
279.35,COCC[N+]1(C)CCCC1,F[B-](F)(F)C(F)(F)C(F)(F)C(F)(F)F,1
243.35,CCn1cc[n+](C)c1,F[B-](F)(F)C(F)(F)C(F)(F)OC(F)(F)F,1
289.35,CCCC[N+](C)(CC)CC,F[B-](F)(F)C(F)(F)C(F)(F)OC(F)(F)F,1
298.35,CCC[N+]1(C)CCCC1,F[B-](F)(F)C(F)(F)C(F)(F)OC(F)(F)F,1
291.35,CCn1cc[n+](C)c1,O=C1O[B-](F)(F)OC1=O,1
306.35,CC[N+](CC)(CC)CC,O=C1O[B-](F)(F)OC1=O,1
245.75,CCn1cc[n+](C)c1,N#C[B-](F)(F)C#N,1
237.35,CCn1cc[n+](C)c1,N#C[B-](F)(F)C(F)(F)C(F)(F)C(F)(F)C(F)(F)F,1
220.35,CCn1cc[n+](C)c1,N#C[B-](F)(F)C(F)(F)C(F)(F)C(F)(F)F,1
216.35,CCn1cc[n+](C)c1,N#C[B-](F)(F)C(F)(F)C(F)(F)F,1
239.35,CCn1cc[n+](C)c1,N#C[B-](F)(F)C(F)(F)F,1
254.35,CCCCn1cc[n+](C)c1,CCCCC(CC)COC(=O)CC(C(=O)OCC(CC)CCCC)S(=O)(=O)[O-],1
266.35,CCn1cc[n+](C)c1,N#C[B-](C#N)(C#N)C(F)(F)F,1
281.35,CCCCCCCC[n+]1ccc(C)cc1,F[As-](F)(F)(F)(F)F,1
315.35,C[N+](C)(C)C,CC(N)C(=O)[O-],1
304.35,CCn1cc[n+](C)c1,FC(F)(F)C(O[Al-](OC(C(F)(F)F)C(F)(F)F)(OC(C(F)(F)F)C(F)(F)F)OC(C(F)(F)F)C(F)(F)F)C(F)(F)F,1
312.35,CCn1cc[n+](C)c1C,FC(F)(F)C(O[Al-](OC(C(F)(F)F)C(F)(F)F)(OC(C(F)(F)F)C(F)(F)F)OC(C(F)(F)F)C(F)(F)F)C(F)(F)F,1
313.35,CCCCn1cc[n+](C)c1,FC(F)(F)C(O[Al-](OC(C(F)(F)F)C(F)(F)F)(OC(C(F)(F)F)C(F)(F)F)OC(C(F)(F)F)C(F)(F)F)C(F)(F)F,1
273.35,CCCCn1cc[n+](C)c1C,FC(F)(F)C(O[Al-](OC(C(F)(F)F)C(F)(F)F)(OC(C(F)(F)F)C(F)(F)F)OC(C(F)(F)F)C(F)(F)F)C(F)(F)F,1
278.35,CCCCCC[n+]1ccn(C)c1,FC(F)(F)C(O[Al-](OC(C(F)(F)F)C(F)(F)F)(OC(C(F)(F)F)C(F)(F)F)OC(C(F)(F)F)C(F)(F)F)C(F)(F)F,1
285.35,C=CCn1cc[n+](C)c1,FC(F)(F)C(O[Al-](OC(C(F)(F)F)C(F)(F)F)(OC(C(F)(F)F)C(F)(F)F)OC(C(F)(F)F)C(F)(F)F)C(F)(F)F,1
309.35,CCCC[n+]1ccccc1,FC(F)(F)C(O[Al-](OC(C(F)(F)F)C(F)(F)F)(OC(C(F)(F)F)C(F)(F)F)OC(C(F)(F)F)C(F)(F)F)C(F)(F)F,1
323.35,CCCC[N+]1(C)CCCC1,FC(F)(F)C(O[Al-](OC(C(F)(F)F)C(F)(F)F)(OC(C(F)(F)F)C(F)(F)F)OC(C(F)(F)F)C(F)(F)F)C(F)(F)F,1
342.35,CCC[N+]1(C)CCCCC1,FC(F)(F)C(O[Al-](OC(C(F)(F)F)C(F)(F)F)(OC(C(F)(F)F)C(F)(F)F)OC(C(F)(F)F)C(F)(F)F)C(F)(F)F,1
304.35,CCCC[N+]1(C)CCOCC1,FC(F)(F)C(O[Al-](OC(C(F)(F)F)C(F)(F)F)(OC(C(F)(F)F)C(F)(F)F)OC(C(F)(F)F)C(F)(F)F)C(F)(F)F,1
360.85,CCCCCCCCCC(=O)OCC[N+](C)(C)COC1CCCCCCCCCCC1,CC1=CC(=O)[N-]S(=O)(=O)O1,1
307.54999999999995,CCCCCCCCCCCOC[N+](C)(C)CCO,CC1=CC(=O)[N-]S(=O)(=O)O1,1
333.35,CC(C)Cn1cc[n+](CC(C)C)c1,CC(=O)[O-],1
301.04999999999995,CCCC[N+](CC)(CC)CC,CC(=O)[O-],1
202.35,[NH3+]CCO,CC(=O)[O-],1
212.55,[NH3+]CCOCCO,CC(=O)[O-],1
345.35,C[N+](C)(C)CCO,CC(=O)[O-],1
309.45,CC[N+](C)(C)CCOC,CC(=O)[O-],1
279.25,COCC[NH2+]CCOC,CC(=O)[O-],1
269.35,CC[NH3+],CCCCCCCC(=O)[O-],1
258.35,CCCC[NH3+],CCCCCCCC(=O)[O-],1
306.35,[NH3+]CCO,CCCCCCCC(=O)[O-],1
233.35,C1CC[NH2+]C1,CCCCCCCC(=O)[O-],1
348.85,[NH3+]CCO,CCCCCCCCCCCCCCCCCC(=O)[O-],1
331.85,OCC[NH2+]CCO,CCCCCCCCCCCCCCCCCC(=O)[O-],1
304.75,COP(=S)(OC)Oc1ccc(Sc2ccc(OP(=S)(OC)OC)cc2)cc1,COP(=S)(OC)Oc1ccc(Sc2ccc(OP(=S)(OC)OC)cc2)cc1,0
446.65,CC(C)C1=CC2=CC[C@@H]3[C@](C)(CCC[C@@]3(C)C(=O)O)[C@H]2CC1,CC(C)C1=CC2=CC[C@@H]3[C@](C)(CCC[C@@]3(C)C(=O)O)[C@H]2CC1,0
433.15,CC1=CC(=O)CC(C)(C)[C@@]1(O)/C=C/C(C)=C\C(=O)O,CC1=CC(=O)CC(C)(C)[C@@]1(O)/C=C/C(C)=C\C(=O)O,0
536.15,COc1ccc(-c2cc(=O)c3c(O)cc(O)cc3o2)cc1,COc1ccc(-c2cc(=O)c3c(O)cc(O)cc3o2)cc1,0
394.15,CCCC(=O)Nc1ccc(OCC(O)CNC(C)C)c(C(C)=O)c1,CCCC(=O)Nc1ccc(OCC(O)CNC(C)C)c(C(C)=O)c1,0
563.15,CC(=O)Nc1ccc(S(=O)(=O)c2ccc(NC(C)=O)cc2)cc1,CC(=O)Nc1ccc(S(=O)(=O)c2ccc(NC(C)=O)cc2)cc1,0
366.15,c1cc2c3c(cccc3c1)CC2,c1cc2c3c(cccc3c1)CC2,0
362.55,C1=Cc2cccc3cccc1c23,C1=Cc2cccc3cccc1c23,0
532.15,O=C1C(=O)c2cccc3cccc1c23,O=C1C(=O)c2cccc3cccc1c23,0
471.15,CC(=O)CC(c1ccc([N+](=O)[O-])cc1)c1c(O)c2ccccc2oc1=O,CC(=O)CC(c1ccc([N+](=O)[O-])cc1)c1c(O)c2ccccc2oc1=O,0
365.15,COP(=O)(NC(C)=O)SC,COP(=O)(NC(C)=O)SC,0
396.35,CC1=CC(=O)NS(=O)(=O)O1,CC1=CC(=O)NS(=O)(=O)O1,0
149.74999999999997,CC=O,CC=O,0
372.65,CC=NNc1ccccc1,CC=NNc1ccccc1,0
298.15,CC=NO,CC=NO,0
353.30999999999995,CC(N)=O,CC(N)=O,0
387.5,CC(=O)Nc1ccccc1,CC(=O)Nc1ccccc1,0
533.65,CC(=O)Nc1nnc(S(N)(=O)=O)s1,CC(=O)Nc1nnc(S(N)(=O)=O)s1,0
290.15,CC(=O)O,CC(=O)O,0
403.15,CC(=O)NNc1ccccc1,CC(=O)NNc1ccccc1,0
199.75,CC(=O)OC(C)=O,CC(=O)OC(C)=O,0
359.15,CC(=O)CC(=O)Nc1ccccc1,CC(=O)CC(=O)Nc1ccccc1,0
309.65,CC(=O)CC(=O)O,CC(=O)CC(=O)O,0
461.15,CC(=O)c1ccc(S(=O)(=O)NC(=O)NC2CCCCC2)cc1,CC(=O)c1ccc(S(=O)(=O)NC(=O)NC2CCCCC2)cc1,0
340.15,CC(=O)NN,CC(=O)NN,0
363.15,CC(=O)NO,CC(=O)NO,0
307.15,CC(=O)c1cccc2ccccc12,CC(=O)c1cccc2ccccc12,0
325.15,CC(=O)c1ccc2ccccc2c1,CC(=O)c1ccc2ccccc2c1,0
178.24999999999997,CC(C)=O,CC(C)=O,0
254.15,CC(C)(O)C#N,CC(C)(O)C#N,0
401.15,CC(C)=NNc1ccc([N+](=O)[O-])cc1[N+](=O)[O-],CC(C)=NNc1ccc([N+](=O)[O-])cc1[N+](=O)[O-],0
260.65,CC(C)=NN=C(C)C,CC(C)=NN=C(C)C,0
449.15,CC(C)=NNC(N)=S,CC(C)=NNC(N)=S,0
229.15,CC#N,CC#N,0
292.54999999999995,CC(=O)c1ccccc1,CC(=O)c1ccccc1,0
393.15,CC(=NN=C(C)c1ccccc1)c1ccccc1,CC(=NN=C(C)c1ccccc1)c1ccccc1,0
352.15,CC(=O)NC(C)=O,CC(=O)NC(C)=O,0
398.15,CC(=O)N[C@@H](C)C(=O)O,CC(=O)N[C@@H](C)C(=O)O,0
422.15,CC(=O)Nc1ccc(S(=O)(=O)Cl)cc1,CC(=O)Nc1ccc(S(=O)(=O)Cl)cc1,0
460.65,CC(=O)Nc1ccccc1C(=O)O,CC(=O)Nc1ccccc1C(=O)O,0
529.65,CC(=O)Nc1ccc(C(=O)O)cc1,CC(=O)Nc1ccc(C(=O)O)cc1,0
478.15,CC(=O)N[C@@H](C=O)[C@@H](O)[C@H](O)[C@H](O)CO,CC(=O)N[C@@H](C=O)[C@@H](O)[C@H](O)[C@H](O)CO,0
401.15,CC(=O)N[C@@H]1C(O)O[C@H](CO)[C@@H](O)[C@@H]1O,CC(=O)N[C@@H]1C(O)O[C@H](CO)[C@@H](O)[C@@H]1O,0
466.15,CC(=O)Nc1ccc2c(c1)Cc1ccccc1-2,CC(=O)Nc1ccc2c(c1)Cc1ccccc1-2,0
473.15,CC(=O)Nc1cccc2c1-c1ccccc1C2,CC(=O)Nc1cccc2c1-c1ccccc1C2,0
377.65,CC(=O)NCCCCCC(=O)O,CC(=O)NCCCCCC(=O)O,0
311.35,COc1ccc(C(C)=O)cc1,COc1ccc(C(C)=O)cc1,0
387.65,CC(=O)c1ccccc1C(=O)O,CC(=O)c1ccccc1C(=O)O,0
445.15,CC(=O)c1cccc(C(=O)O)c1,CC(=O)c1cccc(C(=O)O)c1,0
481.15,CC(=O)c1ccc(C(=O)O)cc1,CC(=O)c1ccc(C(=O)O)cc1,0
310.15,CC(=O)OOC(=O)c1ccccc1,CC(=O)OOC(=O)c1ccccc1,0
176.64999999999998,CC(=O)Br,CC(=O)Br,0
160.45,CC(=O)Cl,CC(=O)Cl,0
262.15,CC(=O)C1CCCCC1=O,CC(=O)C1CCCCC1=O,0
382.65,CC(=O)N[C@@H](CS)C(=O)O,CC(=O)N[C@@H](CS)C(=O)O,0
478.45,CC(=O)c1cc(O)ccc1O,CC(=O)c1cc(O)ccc1O,0
191.65,C#C,C#C,0
336.65,CC(=O)NCCO,CC(=O)NCCO,0
189.15,CC(=O)F,CC(=O)F,0
472.15,CC(=O)N[C@@H](CCC(=O)O)C(=O)O,CC(=O)N[C@@H](CCC(=O)O)C(=O)O,0
479.15,CC(=O)NCC(=O)O,CC(=O)NCC(=O)O,0
405.15,CC(=O)N1C[C@H](O)C[C@H]1C(=O)O,CC(=O)N1C[C@H](O)C[C@H]1C(=O)O,0
377.65,CC(=O)n1ccnc1,CC(=O)n1ccnc1,0
538.15,CC(=O)NCCCC[C@H](N)C(=O)O,CC(=O)NCCCC[C@H](N)C(=O)O,0
387.65,CSCCC(NC(C)=O)C(=O)O,CSCCC(NC(C)=O)C(=O)O,0
378.65,CSCC[C@H](NC(C)=O)C(=O)O,CSCC[C@H](NC(C)=O)C(=O)O,0
481.15,CC[C@@]12CCCN3CC[C@]4(c5cccc(OC)c5N(C(C)=O)[C@@H]4CC1)[C@H]32,CC[C@@]12CCCN3CC[C@]4(c5cccc(OC)c5N(C(C)=O)[C@@H]4CC1)[C@H]32,0
248.15,CC(=O)N(C)C(C)=O,CC(=O)N(C)C(C)=O,0
259.54999999999995,CC(=O)N1CCCC(C)C1,CC(=O)N1CCCC(C)C1,0
382.15,CC(=O)C1C(=O)C=C(C)OC1=O,CC(=O)C1C(=O)C=C(C)OC1=O,0
287.65,CC(=O)N1CCOCC1,CC(=O)N1CCOCC1,0
459.15,CC(=O)N[C@H]1[C@H]([C@H](O)[C@H](O)CO)O[C@](O)(C(=O)O)C[C@@H]1O,CC(=O)N[C@H]1[C@H]([C@H](O)[C@H](O)CO)O[C@](O)(C(=O)O)C[C@@H]1O,0
409.15,CC(=O)Oc1ccccc1C(=O)O,CC(=O)Oc1ccccc1C(=O)O,0
461.65,CC(=O)Oc1ccc(C(=O)O)cc1,CC(=O)Oc1ccc(C(=O)O)cc1,0
333.15,CC(=O)Oc1ccc(Br)cc1C(=O)O,CC(=O)Oc1ccc(Br)cc1C(=O)O,0
351.15,COc1cc(C=O)ccc1OC(C)=O,COc1cc(C=O)ccc1OC(C)=O,0
322.15,CC(=O)OCC(=O)c1ccccc1,CC(=O)OCC(=O)c1ccccc1,0
357.85,CCCC[Sn](CCCC)(CCCC)OC(C)=O,CCCC[Sn](CCCC)(CCCC)OC(C)=O,0
398.35,CC(=O)O[Sn](c1ccccc1)(c1ccccc1)c1ccccc1,CC(=O)O[Sn](c1ccccc1)(c1ccccc1)c1ccccc1,0
446.65,CC(=O)N[C@@H](Cc1ccccc1)C(=O)O,CC(=O)N[C@@H](Cc1ccccc1)C(=O)O,0
366.15,CCOC(=O)[C@H](Cc1ccccc1)NC(C)=O,CCOC(=O)[C@H](Cc1ccccc1)NC(C)=O,0
364.15,COC(=O)[C@H](Cc1ccccc1)NC(C)=O,COC(=O)[C@H](Cc1ccccc1)NC(C)=O,0
259.75,CC(=O)N1CCCCC1,CC(=O)N1CCCCC1,0
354.65,CSc1ccc(C(C)=O)cc1,CSc1ccc(C(C)=O)cc1,0
462.65,CC(=O)N[C@@H](Cc1c[nH]c2ccccc12)C(=O)O,CC(=O)N[C@@H](Cc1c[nH]c2ccccc12)C(=O)O,0
426.15,CC(=O)N[C@@H](Cc1ccc(O)cc1)C(=O)O,CC(=O)N[C@@H](Cc1ccc(O)cc1)C(=O)O,0
353.65,CCOC(=O)[C@H](Cc1ccc(O)cc1)NC(C)=O,CCOC(=O)[C@H](Cc1ccc(O)cc1)NC(C)=O,0
437.15,CC(=O)N[C@H](C(=O)O)C(C)C,CC(=O)N[C@H](C(=O)O)C(C)C,0
437.45,O=C(O)c1cc(Oc2ccc(C(F)(F)F)cc2Cl)ccc1[N+](=O)[O-],O=C(O)c1cc(Oc2ccc(C(F)(F)F)cc2Cl)ccc1[N+](=O)[O-],0
405.15,CCN1C[C@]2(COC)[C@H](O)C[C@H](OC)[C@]34C1[C@H]([C@H](OC)[C@H]23)[C@]1(O)[C@H]2[C@@H](O)[C@](O)(C[C@H]24)[C@@H](OC)[C@@H]1O,CCN1C[C@]2(COC)[C@H](O)C[C@H](OC)[C@]34C1[C@H]([C@H](OC)[C@H]23)[C@]1(O)[C@H]2[C@@H](O)[C@](O)(C[C@H]24)[C@@H](OC)[C@@H]1O,0
477.15,CCN1C[C@]2(COC)[C@H](O)C[C@H](OC)[C@]34C1[C@H]([C@H](OC)[C@H]23)[C@]1(OC(C)=O)[C@H]2[C@@H](OC(=O)c3ccccc3)[C@](O)(C[C@H]24)[C@@H](OC)[C@@H]1O,CCN1C[C@]2(COC)[C@H](O)C[C@H](OC)[C@]34C1[C@H]([C@H](OC)[C@H]23)[C@]1(OC(C)=O)[C@H]2[C@@H](OC(=O)c3ccccc3)[C@](O)(C[C@H]24)[C@@H](OC)[C@@H]1O,0
514.15,Nc1c2ccccc2nc2ccccc12,Nc1c2ccccc2nc2ccccc12,0
383.21,c1ccc2nc3ccccc3cc2c1,c1ccc2nc3ccccc3cc2c1,0
558.15,Nc1ccc2cc3ccc(N)cc3nc2c1,Nc1ccc2cc3ccc(N)cc3nc2c1,0
573.15,O=c1c2ccccc2[nH]c2ccccc12,O=c1c2ccccc2[nH]c2ccccc12,0
185.35,C=CC=O,C=CC=O,0
358.15,C=CC(N)=O,C=CC(N)=O,0
286.71,C=CC(=O)O,C=CC(=O)O,0
189.64,C=CC#N,C=CC#N,0
498.15,Nc1nc2c(ncn2COCCO)c(=O)[nH]1,Nc1nc2c(ncn2COCCO)c(=O)[nH]1,0
633.15,Nc1ncnc2nc[nH]c12,Nc1ncnc2nc[nH]c12,0
508.65,Nc1ncnc2c1ncn2[C@@H]1O[C@H](CO)[C@@H](O)[C@H]1O,Nc1ncnc2c1ncn2[C@@H]1O[C@H](CO)[C@@H](O)[C@H]1O,0
492.15,Nc1ncnc2c1ncn2[C@@H]1O[C@@H]2COP(=O)(O)O[C@H]2[C@H]1O,Nc1ncnc2c1ncn2[C@@H]1O[C@@H]2COP(=O)(O)O[C@H]2[C@H]1O,0
477.15,Nc1ncnc2c1ncn2[C@@H]1O[C@H](COP(=O)(O)CP(=O)(O)O)[C@@H](O)[C@H]1O,Nc1ncnc2c1ncn2[C@@H]1O[C@H](COP(=O)(O)CP(=O)(O)O)[C@@H](O)[C@H]1O,0
468.15,Nc1ncnc2c1ncn2[C@@H]1O[C@H](CO)[C@@H](OP(=O)(O)O)[C@H]1O,Nc1ncnc2c1ncn2[C@@H]1O[C@H](CO)[C@@H](OP(=O)(O)O)[C@H]1O,0
417.15,Nc1ncnc2c1ncn2[C@@H]1O[C@H](COP(=O)(O)OP(=O)(O)OP(=O)(O)O)[C@@H](O)[C@H]1O,Nc1ncnc2c1ncn2[C@@H]1O[C@H](COP(=O)(O)OP(=O)(O)OP(=O)(O)O)[C@@H](O)[C@H]1O,0
483.15,Nc1ncnc2c1ncn2[C@@H]1O[C@H](CSCC[C@H](N)C(=O)O)[C@@H](O)[C@H]1O,Nc1ncnc2c1ncn2[C@@H]1O[C@H](CSCC[C@H](N)C(=O)O)[C@@H](O)[C@H]1O,0
468.15,Nc1ncnc2c1ncn2[C@@H]1O[C@H](COP(=O)(O)O)[C@@H](O)[C@H]1O,Nc1ncnc2c1ncn2[C@@H]1O[C@H](COP(=O)(O)O)[C@@H](O)[C@H]1O,0
434.65,NC(=O)CCCCC(=O)O,NC(=O)CCCCC(=O)O,0
424.65,O=C(O)CCCCC(=O)O,O=C(O)CCCCC(=O)O,0
275.35,N#CCCCCC#N,N#CCCCCC#N,0
508.15,CNCC(=O)c1ccc(O)c(O)c1,CNCC(=O)c1ccc(O)c(O)c1,0
296.15,C/C=C/C=C\CC/C=C/C(=O)NCC(C)C,C/C=C/C=C\CC/C=C/C(=O)NCC(C)C,0
541.15,COc1cc2c(c3oc(=O)c4c(c13)CCC4=O)[C@@H]1C=CO[C@@H]1O2,COc1cc2c(c3oc(=O)c4c(c13)CCC4=O)[C@@H]1C=CO[C@@H]1O2,0
560.65,COc1cc2c(c3oc(=O)c4c(c13)CCC4=O)[C@@H]1CCO[C@@H]1O2,COc1cc2c(c3oc(=O)c4c(c13)CCC4=O)[C@@H]1CCO[C@@H]1O2,0
518.15,COc1cc2c(c3oc(=O)c4c(c13)CCOC4=O)[C@@H]1C=CO[C@@H]1O2,COc1cc2c(c3oc(=O)c4c(c13)CCOC4=O)[C@@H]1C=CO[C@@H]1O2,0
480.15,N[C@@H](CCC(=O)NNc1ccc(CO)cc1)C(=O)O,N[C@@H](CCC(=O)NNc1ccc(CO)cc1)C(=O)O,0
479.15,CC[C@H]1[C@@H]2C[C@H]3[C@@H]4N(C)c5ccccc5[C@]45C[C@@H]([C@H]2[C@H]5O)N3[C@@H]1O,CC[C@H]1[C@@H]2C[C@H]3[C@@H]4N(C)c5ccccc5[C@]45C[C@@H]([C@H]2[C@H]5O)N3[C@@H]1O,0
315.15,CCc1cccc(CC)c1N(COC)C(=O)CCl,CCc1cccc(CC)c1N(COC)C(=O)CCl,0
573.15,CC(N)C(=O)O,CC(N)C(=O)O,0
587.15,C[C@@H](N)C(=O)O,C[C@@H](N)C(=O)O,0
570.15,C[C@H](N)C(=O)O,C[C@H](N)C(=O)O,0
473.15,NCCC(=O)O,NCCC(=O)O,0
349.15,C=C1C(=O)O[C@@H]2C[C@@]3(C)CCC[C@H](C)C3=C[C@H]12,C=C1C(=O)O[C@@H]2C[C@@]3(C)CCC[C@H](C)C3=C[C@H]12,0
374.25,CNC(=O)O/N=C/C(C)(C)SC,CNC(=O)O/N=C/C(C)(C)SC,0
439.65,C[C@]12CCC(=O)C=C1CC[C@@H]1[C@@H]2[C@@H](O)C[C@]2(C=O)[C@@H](C(=O)CO)CC[C@@H]12,C[C@]12CCC(=O)C=C1CC[C@@H]1[C@@H]2[C@@H](O)C[C@]2(C=O)[C@@H](C(=O)CO)CC[C@@H]12,0
414.15,CNC(=O)ON=CC(C)(C)S(C)(=O)=O,CNC(=O)ON=CC(C)(C)S(C)(=O)=O,0
376.95,ClC1=C(Cl)[C@]2(Cl)[C@H]3[C@H]([C@@H]4C=C[C@H]3C4)[C@@]1(Cl)C2(Cl)Cl,ClC1=C(Cl)[C@]2(Cl)[C@H]3[C@H]([C@@H]4C=C[C@H]3C4)[C@@]1(Cl)C2(Cl)Cl,0
562.65,O=C1c2ccccc2C(=O)c2c1ccc(O)c2O,O=C1c2ccccc2C(=O)c2c1ccc(O)c2O,0
526.15,O=C(O)c1cc(N=Nc2ccc([N+](=O)[O-])cc2)ccc1O,O=C(O)c1cc(N=Nc2ccc([N+](=O)[O-])cc2)ccc1O,0
422.15,CC(C)=CC[C@H](O)C1=CC(=O)c2c(O)ccc(O)c2C1=O,CC(C)=CC[C@H](O)C1=CC(=O)c2c(O)ccc(O)c2C1=O,0
443.15,NC(=O)NC(NC(N)=O)C(=O)O,NC(=O)NC(NC(N)=O)C(=O)O,0
512.15,NC(=O)NC1NC(=O)NC1=O,NC(=O)NC1NC(=O)NC1=O,0
136.74999999999997,C=C=C,C=C=C,0
463.15,C[C@]12CC[C@H](O)C[C@@H]1CC[C@H]1[C@@H]3CC[C@H](C(=O)CO)[C@@]3(C)CC(=O)[C@@H]12,C[C@]12CC[C@H](O)C[C@@H]1CC[C@H]1[C@@H]3CC[C@H](C(=O)CO)[C@@]3(C)CC(=O)[C@@H]12,0
468.15,C[C@@H](O)[C@H]1CC[C@H]2[C@@H]3CC[C@H]4CC(=O)CC[C@]4(C)[C@H]3CC[C@]12C,C[C@@H](O)[C@H]1CC[C@H]2[C@@H]3CC[C@H]4CC(=O)CC[C@]4(C)[C@H]3CC[C@]12C,0
623.15,O=c1[nH]cnc2[nH]ncc12,O=c1[nH]cnc2[nH]ncc12,0
401.15,OC[C@H]1OC(O)[C@H](O)[C@H](O)[C@@H]1O,OC[C@H]1OC(O)[C@H](O)[C@H](O)[C@@H]1O,0
435.15,O=C1NC(=O)C(O)(C(=O)O)N1,O=C1NC(=O)C(O)(C(=O)O)N1,0
527.15,O=C1NC(=O)C(O)(C2(O)C(=O)NC(=O)NC2=O)C(=O)N1,O=C1NC(=O)C(O)(C2(O)C(=O)NC(=O)NC2=O)C(=O)N1,0
188.15,C=CCOC(=O)CC(C)=O,C=CCOC(=O)CC(C)=O,0
144.14999999999998,C=CCO,C=CCO,0
184.95,C=CCN,C=CCN,0
233.15,C=CCc1ccccc1,C=CCc1ccccc1,0
162.54999999999998,C=CCC1CCCC1,C=CCC1CCCC1,0
330.15,C=CCOC(=O)NCO,C=CCOC(=O)NCO,0
193.15,C=CCN=C=S,C=CCN=C=S,0
265.65,C=CCc1ccc(O)c(OC)c1,C=CCc1ccc(O)c(OC)c1,0
303.65,C=CCc1ccc(OC(C)=O)c(OC)c1,C=CCc1ccc(OC(C)=O)c(OC)c1,0
267.15,C=CCc1ccccc1O,C=CCc1ccccc1O,0
288.95,C=CCc1ccc(O)cc1,C=CCc1ccc(O)cc1,0
438.15,C=CC[S@](=O)C[C@H](N)C(=O)O,C=CC[S@](=O)C[C@H](N)C(=O)O,0
350.15,C=CCNC(N)=S,C=CCNC(N)=S,0
308.15,C=CC[Si](Cl)(Cl)Cl,C=CC[Si](Cl)(Cl)Cl,0
358.15,C=CCNC(N)=O,C=CCNC(N)=O,0
422.45,O=C1c2c(O)cccc2[C@H]([C@@H]2O[C@H](CO)[C@@H](O)[C@H](O)[C@H]2O)c2cc(CO)cc(O)c21,O=C1c2c(O)cccc2[C@H]([C@@H]2O[C@H](CO)[C@@H](O)[C@H](O)[C@H]2O)c2cc(CO)cc(O)c21,0
462.15,COC(=O)C1=CO[C@@H](C)[C@H](CO)[C@@H]1Cc1nccc2c3ccccc3n(C)c12,COC(=O)C1=CO[C@@H](C)[C@H](CO)[C@@H]1Cc1nccc2c3ccccc3n(C)c12,0
480.15,COC(=O)C1=CO[C@@H](C)[C@@H]2Cn3ccc4c5ccccc5nc-4c3C[C@H]12,COC(=O)C1=CO[C@@H](C)[C@@H]2Cn3ccc4c5ccccc5nc-4c3C[C@H]12,0
376.65,O=C[C@@H](O)[C@H](O)[C@H](O)[C@H](O)CO,O=C[C@@H](O)[C@H](O)[C@H](O)[C@H](O)CO,0
527.15,CC[C@H](C)[C@@H]1NC(=O)CNC(=O)[C@@H]2Cc3c([nH]c4cc(O)ccc34)[S@](=O)C[C@H](NC(=O)CNC1=O)C(=O)N[C@@H](CC(N)=O)C(=O)N1C[C@H](O)C[C@H]1C(=O)N[C@@H]([C@@H](C)[C@@H](O)CO)C(=O)N2,CC[C@H](C)[C@@H]1NC(=O)CNC(=O)[C@@H]2Cc3c([nH]c4cc(O)ccc34)[S@](=O)C[C@H](NC(=O)CNC1=O)C(=O)N[C@@H](CC(N)=O)C(=O)N1C[C@H](O)C[C@H]1C(=O)N[C@@H]([C@@H](C)[C@@H](O)CO)C(=O)N2,0
356.75,CCNc1nc(NC(C)C)nc(SC)n1,CCNc1nc(NC(C)C)nc(SC)n1,0
317.65,CC(C)c1ccc2c(c1)CC[C@H]1[C@](C)(CN)CCC[C@]21C,CC(C)c1ccc2c(c1)CC[C@H]1[C@](C)(CN)CCC[C@]21C,0
340.65,NCC(N)=O,NCC(N)=O,0
383.15,NCC(N)C(=O)O,NCC(N)C(=O)O,0
526.65,Nc1cccc2c1C(=O)c1ccccc1C2=O,Nc1cccc2c1C(=O)c1ccccc1C2=O,0
577.65,Nc1ccc2c(c1)C(=O)c1ccccc1C2=O,Nc1ccc2c(c1)C(=O)c1ccccc1C2=O,0
398.15,Nc1ccc(N=Nc2ccccc2)cc1,Nc1ccc(N=Nc2ccccc2)cc1,0
313.65,Nc1ccccc1C=O,Nc1ccccc1C=O,0
302.15,Nc1cccc(C=O)c1,Nc1cccc(C=O)c1,0
344.65,Nc1ccc(C=O)cc1,Nc1ccc(C=O)cc1,0
383.65,NC(=O)c1ccccc1N,NC(=O)c1ccccc1N,0
456.15,NC(=O)c1ccc(N)cc1,NC(=O)c1ccc(N)cc1,0
565.15,NC(C(=O)O)c1ccccc1,NC(C(=O)O)c1ccccc1,0
468.15,Nc1ccc(CC(=O)O)cc1,Nc1ccc(CC(=O)O)cc1,0
633.15,Nc1cc(C(=O)O)cc(C(=O)O)c1,Nc1cc(C(=O)O)cc(C(=O)O)c1,0
381.15,Nc1ccc(CCO)cc1,Nc1ccc(CCO)cc1,0
334.15,NCc1ccccc1N,NCc1ccccc1N,0
356.65,Nc1ccccc1CO,Nc1ccccc1CO,0
435.35,Nc1ccc(S(N)(=O)=O)cc1,Nc1ccc(S(N)(=O)=O)cc1,0
593.15,Nc1ccccc1S(=O)(=O)O,Nc1ccccc1S(=O)(=O)O,0
561.15,Nc1ccc(S(=O)(=O)O)cc1,Nc1ccc(S(=O)(=O)O)cc1,0
341.65,Nc1ccc(S(=O)(=O)F)cc1,Nc1ccc(S(=O)(=O)F)cc1,0
299.15,Nc1ccccc1S,Nc1ccccc1S,0
319.15,Nc1ccc(S)cc1,Nc1ccc(S)cc1,0
324.15,N#Cc1ccccc1N,N#Cc1ccccc1N,0
326.15,N#Cc1cccc(N)c1,N#Cc1cccc(N)c1,0
359.35,N#Cc1ccc(N)cc1,N#Cc1ccc(N)cc1,0
396.15,Nc1ccc(C(=O)c2ccccc2)cc1,Nc1ccc(C(=O)c2ccccc2)cc1,0
446.15,Nc1ccc(C(=O)N[C@@H](CCC(=O)O)C(=O)O)cc1,Nc1ccc(C(=O)N[C@@H](CCC(=O)O)C(=O)O)cc1,0
471.65,Nc1ccc(C(=O)NCC(=O)O)cc1,Nc1ccc(C(=O)NCC(=O)O)cc1,0
322.28,Nc1ccccc1-c1ccccc1,Nc1ccccc1-c1ccccc1,0
304.65,Nc1cccc(-c2ccccc2)c1,Nc1cccc(-c2ccccc2)c1,0
324.15,Nc1ccc(-c2ccccc2)cc1,Nc1ccc(-c2ccccc2)cc1,0
492.65,Nc1ccc(Br)cc1C(=O)O,Nc1ccc(Br)cc1C(=O)O,0
577.15,CCC(N)C(=O)O,CCC(N)C(=O)O,0
565.15,CC[C@H](N)C(=O)O,CC[C@H](N)C(=O)O,0
467.45,CC(N)CC(=O)O,CC(N)CC(=O)O,0
476.15,NCCCC(=O)O,NCCCC(=O)O,0
272.15,CCC(N)CO,CCC(N)CO,0
417.65,CCCCNC(=O)NS(=O)(=O)c1ccc(N)cc1,CCCCNC(=O)NS(=O)(=O)c1ccc(N)cc1,0
368.15,CNC(=O)Oc1ccc(N(C)C)c(C)c1,CNC(=O)Oc1ccc(N(C)C)c(C)c1,0
491.15,CC(=O)NC(N)=O,CC(=O)NC(N)=O,0
447.15,NC(=O)Nc1ccc([As](=O)(O)O)cc1,NC(=O)Nc1ccc([As](=O)(O)O)cc1,0
391.15,CCC(Br)(CC)C(=O)NC(N)=O,CCC(Br)(CC)C(=O)NC(N)=O,0
427.15,CC(C)C(Br)C(=O)NC(N)=O,CC(C)C(Br)C(=O)NC(N)=O,0
494.15,NC(=O)c1ccccc1OCC(=O)O,NC(=O)c1ccccc1OCC(=O)O,0
485.15,Nc1cccc2c1C(=O)c1cccc(Cl)c1C2=O,Nc1cccc2c1C(=O)c1cccc(Cl)c1C2=O,0
527.65,Nc1cc(Cl)c(S(N)(=O)=O)cc1S(N)(=O)=O,Nc1cc(Cl)c(S(N)(=O)=O)cc1S(N)(=O)=O,0
553.15,Nc1ccc(Cl)c(S(=O)(=O)O)c1,Nc1ccc(Cl)c(S(=O)(=O)O)c1,0
484.15,Nc1ccc(Cl)cc1C(=O)O,Nc1ccc(Cl)cc1C(=O)O,0
461.15,Nc1ccc(Cl)c(C(=O)O)c1,Nc1ccc(Cl)c(C(=O)O)c1,0
373.65,Nc1ccc(Cl)cc1C(=O)c1ccccc1,Nc1ccc(Cl)cc1C(=O)c1ccccc1,0
413.15,Nc1cc(Cl)ccc1O,Nc1cc(Cl)ccc1O,0
603.15,NC1(C(=O)O)CCCC1,NC1(C(=O)O)CCCC1,0
514.15,CC1=C(C(=O)O)N2C(=O)[C@@H](N)[C@H]2SC1,CC1=C(C(=O)O)N2C(=O)[C@@H](N)[C@H]2SC1,0
400.15,NC[C@H](O)[C@@H](O)[C@H](O)[C@H](O)CO,NC[C@H](O)[C@@H](O)[C@H](O)[C@H](O)CO,0
499.15,Nc1c(Br)cc(Br)c2c1C(=O)c1ccccc1C2=O,Nc1c(Br)cc(Br)c2c1C(=O)c1ccccc1C2=O,0
475.15,Nc1cc(Cl)cc(C(=O)O)c1Cl,Nc1cc(Cl)cc(C(=O)O)c1Cl,0
353.15,Nc1ccc(Cl)cc1C(=O)c1ccccc1Cl,Nc1ccc(Cl)cc1C(=O)c1ccccc1Cl,0
368.65,Nc1cc(Cl)cc(Cl)c1O,Nc1cc(Cl)cc(Cl)c1O,0
441.15,Nc1cc(Cl)c(O)c(Cl)c1,Nc1cc(Cl)c(O)c(Cl)c1,0
643.15,Cn1cnc2nc(N)[nH]c(=O)c21,Cn1cnc2nc(N)[nH]c(=O)c21,0
603.65,Nc1cccc2c(=O)[nH][nH]c(=O)c12,Nc1cccc2c(=O)[nH][nH]c(=O)c12,0
633.15,Nc1nc(=S)c2[nH]cnc2[nH]1,Nc1nc(=S)c2[nH]cnc2[nH]1,0
633.15,Nc1[nH]c(=O)nc2nc[nH]c12,Nc1[nH]c(=O)nc2nc[nH]c12,0
570.15,Cc1cc2ncccc2c2nc(N)n(C)c12,Cc1cc2ncccc2c2nc(N)n(C)c12,0
441.15,Nc1cc([N+](=O)[O-])cc([N+](=O)[O-])c1O,Nc1cc([N+](=O)[O-])cc([N+](=O)[O-])c1O,0
601.15,NCCS(=O)(=O)O,NCCS(=O)(=O)O,0
370.15,CC(N)O,CC(N)O,0
260.65,NCCOCCO,NCCOCCO,0
324.15,CC(=O)NCCN,CC(=O)NCCN,0
416.15,C=CCn1c(N)cc(=O)n(CC)c1=O,C=CCn1c(N)cc(=O)n(CC)c1=O,0
350.65,C[C@H](N)[C@@H](O)c1ccccc1,C[C@H](N)[C@@H](O)c1ccccc1,0
437.65,NCCc1ccc(O)cc1,NCCc1ccc(O)cc1,0
310.65,CCC(N)(CO)CO,CCC(N)(CO)CO,0
478.15,NC(CCCC(=O)O)C(=O)O,NC(CCCC(=O)O)C(=O)O,0
478.15,NCCCCCC(=O)O,NCCCCCC(=O)O,0
330.15,NCCCCCCO,NCCCCCCO,0
489.65,Nc1ccc(O)c2c1C(=O)c1ccccc1C2=O,Nc1ccc(O)c2c1C(=O)c1ccccc1C2=O,0
573.15,Nc1cc(S(=O)(=O)O)ccc1O,Nc1cc(S(=O)(=O)O)ccc1O,0
468.15,NNC(=O)c1ccc(N)cc1O,NNC(=O)c1ccc(N)cc1O,0
526.65,Nc1c(O)cccc1C(=O)O,Nc1c(O)cccc1C(=O)O,0
423.15,Nc1ccc(C(=O)O)c(O)c1,Nc1ccc(C(=O)O)c(O)c1,0
554.15,Nc1ccc(O)c(C(=O)O)c1,Nc1ccc(O)c(C(=O)O)c1,0
489.15,NC(CO)CC(=O)O,NC(CO)CC(=O)O,0
491.15,NCC(O)CC(=O)O,NCC(O)CC(=O)O,0
462.15,NCC(O)c1ccc(O)c(O)c1,NCC(O)c1ccc(O)c(O)c1,0
573.15,Nc1[nH]c(=O)ncc1CO,Nc1[nH]c(=O)ncc1CO,0
633.15,Nc1nc2nccnc2c(=O)[nH]1,Nc1nc2nccnc2c(=O)[nH]1,0
443.15,NC(=O)c1[nH]cnc1N,NC(=O)c1[nH]cnc1N,0
445.15,NC(N)=NOCC[C@H](N)C(=O)O,NC(N)=NOCC[C@H](N)C(=O)O,0
378.15,NC(=O)N=C(N)N,NC(=O)N=C(N)N,0
493.15,Nc1ccc(I)cc1C(=O)O,Nc1ccc(I)cc1C(=O)O,0
542.65,Nc1cccc2c1C(=O)NC2=O,Nc1cccc2c1C(=O)NC2=O,0
428.15,N[C@@H]1CONC1=O,N[C@@H]1CONC1=O,0
478.65,Cc1ccc2c(c1N)C(=O)c1ccccc1C2=O,Cc1ccc2c(c1N)C(=O)c1ccccc1C2=O,0
329.65,NCC(O)c1ccccc1,NCC(O)c1ccccc1,0
525.15,NCC(CC(=O)O)c1ccccc1,NCC(CC(=O)O)c1ccccc1,0
405.15,Cc1ccc(N)c(S(=O)(=O)O)c1,Cc1ccc(N)c(S(=O)(=O)O)c1,0
522.15,NCC1CCC(C(=O)O)CC1,NCC1CCC(C(=O)O)CC1,0
409.15,Cc1ccc(O)c(N)c1,Cc1ccc(O)c(N)c1,0
449.65,Cc1cc(N)ccc1O,Cc1cc(N)ccc1O,0
452.15,Cc1cc(O)ccc1N,Cc1cc(O)ccc1N,0
582.15,NCP(=O)(O)O,NCP(=O)(O)O,0
384.08,CC(N)(CO)CO,CC(N)(CO)CO,0
458.15,CC(CN)C(=O)O,CC(CN)C(=O)O,0
298.65,CC(C)(N)CO,CC(C)(N)CO,0
543.15,Cc1cnc(=O)[nH]c1N,Cc1cnc(=O)[nH]c1N,0
318.65,CC1(C)CC(O)CC(C)(CN)C1,CC1(C)CC(O)CC(C)(CN)C1,0
489.65,Nc1cc2ccccc2cc1C(=O)O,Nc1cc2ccccc2cc1C(=O)O,0
480.15,NC1=CC(=O)c2ccccc2C1=O,NC1=CC(=O)c2ccccc2C1=O,0
547.15,Nc1ccc2cc(S(=O)(=O)O)cc(S(=O)(=O)O)c2c1,Nc1ccc2cc(S(=O)(=O)O)cc(S(=O)(=O)O)c2c1,0
573.15,Nc1ccc2c(S(=O)(=O)O)cccc2c1S(=O)(=O)O,Nc1ccc2c(S(=O)(=O)O)cccc2c1S(=O)(=O)O,0
443.15,Nc1cccc2c(O)cccc12,Nc1cccc2c(O)cccc12,0
423.15,Nc1c(O)ccc2ccccc12,Nc1c(O)ccc2ccccc12,0
479.15,Nc1cccc2ccc(O)cc12,Nc1cccc2ccc(O)cc12,0
542.15,Nc1cc([N+](=O)[O-])ccc1C(=O)O,Nc1cc([N+](=O)[O-])ccc1C(=O)O,0
551.15,Nc1ccc([N+](=O)[O-])cc1C(=O)O,Nc1ccc([N+](=O)[O-])cc1C(=O)O,0
476.65,N#Cc1cc([N+](=O)[O-])ccc1N,N#Cc1cc([N+](=O)[O-])ccc1N,0
460.95,NN=C(N)N[N+](=O)[O-],NN=C(N)N[N+](=O)[O-],0
419.15,Nc1cc([N+](=O)[O-])ccc1O,Nc1cc([N+](=O)[O-])ccc1O,0
478.95,Nc1ccc([N+](=O)[O-])cc1O,Nc1ccc([N+](=O)[O-])cc1O,0
404.15,Nc1ccc(O)c([N+](=O)[O-])c1,Nc1ccc(O)c([N+](=O)[O-])c1,0
543.15,CCCCCCC(N)C(=O)O,CCCCCCC(N)C(=O)O,0
494.15,NNC(=O)C(N)=O,NNC(=O)C(N)=O,0
445.65,NC(=O)/C=C\C(=O)O,NC(=O)/C=C\C(=O)O,0
391.15,NCC(=O)CCC(=O)O,NCC(=O)CCC(=O)O,0
481.15,CC1(C)S[C@@H]2[C@H](N)C(=O)N2[C@H]1C(=O)O,CC1(C)S[C@@H]2[C@H](N)C(=O)N2[C@H]1C(=O)O,0
430.15,NCCCCC(=O)O,NCCCCC(=O)O,0
311.65,NCCCCCO,NCCCCCO,0
446.65,Nc1ccccc1O,Nc1ccccc1O,0
395.65,Nc1cccc(O)c1,Nc1cccc(O)c1,0
459.15,Nc1ccc(O)cc1,Nc1ccc(O)cc1,0
361.15,CC(=O)Nc1cccc(N)c1,CC(=O)Nc1cccc(N)c1,0
439.65,CC(=O)Nc1ccc(N)cc1,CC(=O)Nc1ccc(N)cc1,0
505.15,Nc1ccc([As](=O)(O)O)cc1,Nc1ccc([As](=O)(O)O)cc1,0
431.15,Nc1ccc(Nc2ccc(N)cc2)cc1,Nc1ccc(Nc2ccc(N)cc2)cc1,0
293.15,NCC(=O)c1ccccc1,NCC(=O)c1ccccc1,0
371.65,CC(=O)c1cccc(N)c1,CC(=O)c1cccc(N)c1,0
378.15,CC(=O)c1ccc(N)cc1,CC(=O)c1ccc(N)cc1,0
347.65,CCCCC(=O)c1ccc(N)cc1,CCCCC(=O)c1ccc(N)cc1,0
413.15,CCC(=O)c1ccc(N)cc1,CCC(=O)c1ccc(N)cc1,0
455.15,CC(=O)NS(=O)(=O)c1ccc(N)cc1,CC(=O)NS(=O)(=O)c1ccc(N)cc1,0
493.15,Nc1ccc(S(=O)(=O)c2cnc(N)s2)cc1,Nc1ccc(S(=O)(=O)c2cnc(N)s2)cc1,0
285.25,NCCCO,NCCCO,0
274.85,CC(O)CN,CC(O)CN,0
352.65,CCC(N)C(O)c1ccccc1,CCC(N)C(O)c1ccccc1,0
454.15,Cc1c(NC(=O)C(C)N(C)C)c(=O)n(-c2ccccc2)n1C,Cc1c(NC(=O)C(C)N(C)C)c(=O)n(-c2ccccc2)n1C,0
398.65,CC(N)Cc1ccc(O)cc1,CC(N)Cc1ccc(O)cc1,0
268.04999999999995,NCCCNCCCN,NCCCNCCCN,0
535.15,Nc1nc(N)c2nc(CNc3ccc(C(=O)N[C@@H](CCC(=O)O)C(=O)O)cc3)cnc2n1,Nc1nc(N)c2nc(CNc3ccc(C(=O)N[C@@H](CCC(=O)O)C(=O)O)cc3)cnc2n1,0
524.15,Nc1ccc(S(=O)(=O)Nc2cnccn2)cc1,Nc1ccc(S(=O)(=O)Nc2cnccn2)cc1,0
446.15,N#Cc1cn[nH]c1N,N#Cc1cn[nH]c1N,0
569.15,Nc1ncccc1C(=O)O,Nc1ncccc1C(=O)O,0
585.15,Nc1ccc(C(=O)O)cn1,Nc1ccc(C(=O)O)cn1,0
463.15,Nc1ccc(S(=O)(=O)Nc2ccccn2)cc1,Nc1ccc(S(=O)(=O)Nc2ccccn2)cc1,0
673.15,NC1C(=O)NC(=O)NC1=O,NC1C(=O)NC(=O)NC1=O,0
534.15,Nc1ccc(S(=O)(=O)Nc2ncccn2)cc1,Nc1ccc(S(=O)(=O)Nc2ncccn2)cc1,0
380.65,Cc1c(N(C)C)c(=O)n(-c2ccccc2)n1C,Cc1c(N(C)C)c(=O)n(-c2ccccc2)n1C,0
520.65,Nc1ccc(S(=O)(=O)Nc2cnc3ccccc3n2)cc1,Nc1ccc(S(=O)(=O)Nc2cnc3ccccc3n2)cc1,0
564.15,NS(=O)(=O)c1ccc(C(=O)O)cc1,NS(=O)(=O)c1ccc(C(=O)O)cc1,0
492.65,CC(=O)Nc1ccc(S(N)(=O)=O)cc1,CC(=O)Nc1ccc(S(N)(=O)=O)cc1,0
516.15,Nc1n[nH]c(=S)s1,Nc1n[nH]c(=S)s1,0
438.15,CC(=O)NC(N)=S,CC(=O)NC(N)=S,0
374.65,NN1C(=O)CSC1=S,NN1C(=O)CSC1=S,0
346.15,NC(O)C(Cl)(Cl)Cl,NC(O)C(Cl)(Cl)Cl,0
491.65,Nc1c(Cl)c(Cl)nc(C(=O)O)c1Cl,Nc1c(Cl)c(Cl)nc(C(=O)O)c1Cl,0
462.15,NCCCCCCCCCCC(=O)O,NCCCCCCCCCCC(=O)O,0
359.15,Cc1ccc(N=CN(C)C=Nc2ccc(C)cc2C)c(C)c1,Cc1ccc(N=CN(C)C=Nc2ccc(C)cc2C)c(C)c1,0
469.15,CN(C)CCC=C1c2ccccc2CCc2ccccc21,CN(C)CCC=C1c2ccccc2CCc2ccccc21,0
426.15,CCC1(CCC(C)C)C(=O)NC(=O)NC1=O,CCC1(CCC(C)C)C(=O)NC(=O)NC1=O,0
316.54999999999995,CCN(CC)CCC1(c2ccccc2)C(=O)Oc2ccccc21,CCN(CC)CCC1(c2ccccc2)C(=O)Oc2ccccc21,0
443.15,C[C@@H]1[C@H](O)[C@@H](C)/C=C/C=C/C=C/C=C/C=C/C=C/C=C/[C@H](O[C@@H]2O[C@H](C)[C@@H](O)[C@H](N)[C@@H]2O)C[C@@H]2O[C@](O)(C[C@@H](O)C[C@@H](O)[C@H](O)CC[C@@H](O)C[C@@H](O)CC(=O)O[C@H]1C)C[C@H](O)[C@H]2C(=O)O,C[C@@H]1[C@H](O)[C@@H](C)/C=C/C=C/C=C/C=C/C=C/C=C/C=C/[C@H](O[C@@H]2O[C@H](C)[C@@H](O)[C@H](N)[C@@H]2O)C[C@@H]2O[C@](O)(C[C@@H](O)C[C@@H](O)[C@H](O)CC[C@@H](O)C[C@@H](O)CC(=O)O[C@H]1C)C[C@H](O)[C@H]2C(=O)O,0
473.15,CC1(C)S[C@@H]2[C@H](NC(=O)[C@H](N)c3ccccc3)C(=O)N2[C@H]1C(=O)O,CC1(C)S[C@@H]2[C@H](NC(=O)[C@H](N)c3ccccc3)C(=O)N2[C@H]1C(=O)O,0
382.15,Cc1c(N)c(=O)n(-c2ccccc2)n1C,Cc1c(N)c(=O)n(-c2ccccc2)n1C,0
497.65,N#C[C@H](O[C@@H]1O[C@H](CO[C@@H]2O[C@H](CO)[C@@H](O)[C@H](O)[C@H]2O)[C@@H](O)[C@H](O)[C@H]1O)c1ccccc1,N#C[C@H](O[C@@H]1O[C@H](CO[C@@H]2O[C@H](CO)[C@@H](O)[C@H](O)[C@H]2O)[C@@H](O)[C@H](O)[C@H]1O)c1ccccc1,0
308.65,CCCCCCCCCCCCCCCc1cccc(O)c1C(=O)O,CCCCCCCCCCCCCCCc1cccc(O)c1C(=O)O,0
323.15,C[C@@]12CCC[C@H]1[C@@H]1CCC3CCCC[C@]3(C)[C@H]1CC2,C[C@@]12CCC[C@H]1[C@@H]1CCC3CCCC[C@]3(C)[C@H]1CC2,0
501.65,C[C@]12CCCC[C@H]1CC[C@@H]1[C@@H]2CC[C@]2(C)[C@@H](C(=O)O)CC[C@@H]12,C[C@]12CCCC[C@H]1CC[C@@H]1[C@@H]2CC[C@]2(C)[C@@H](C(=O)O)CC[C@@H]12,0
496.15,C[C@]12CC[C@@H](O)C[C@@H]1CC[C@@H]1[C@@H]2CC[C@]2(C)[C@@H](O)CC[C@@H]12,C[C@]12CC[C@@H](O)C[C@@H]1CC[C@@H]1[C@@H]2CC[C@]2(C)[C@@H](O)CC[C@@H]12,0
403.15,C[C@]12CCC(=O)C[C@@H]1CC[C@@H]1[C@@H]2CC[C@]2(C)C(=O)CC[C@@H]12,C[C@]12CCC(=O)C[C@@H]1CC[C@@H]1[C@@H]2CC[C@]2(C)C(=O)CC[C@@H]12,0
408.15,C[C@]12CCC(=O)C[C@H]1CC[C@@H]1[C@@H]2CC[C@]2(C)C(=O)CC[C@@H]12,C[C@]12CCC(=O)C[C@H]1CC[C@@H]1[C@@H]2CC[C@]2(C)C(=O)CC[C@@H]12,0
446.15,C[C@]12CCC(=O)C=C1CC[C@@H]1[C@@H]2CC[C@]2(C)C(=O)CC[C@@H]12,C[C@]12CCC(=O)C=C1CC[C@@H]1[C@@H]2CC[C@]2(C)C(=O)CC[C@@H]12,0
495.15,C[C@]12CCC(=O)C=C1CC[C@@H]1[C@@H]2C(=O)C[C@]2(C)C(=O)CC[C@@H]12,C[C@]12CCC(=O)C=C1CC[C@@H]1[C@@H]2C(=O)C[C@]2(C)C(=O)CC[C@@H]12,0
431.15,O=C1C=C[C@]2(CC[C@]23C=CC(=O)O3)O1,O=C1C=C[C@]2(CC[C@]23C=CC(=O)O3)O1,0
460.65,COc1cc2c(c(O)c1OC)CNCC2,COc1cc2c(c(O)c1OC)CNCC2,0
433.65,COc1cc2c(c(O)c1OC)[C@H](C)NCC2,COc1cc2c(c(O)c1OC)[C@H](C)NCC2,0
359.15,COc1cc2c(c3c1OCO3)[C@H](C)NCC2,COc1cc2c(c3c1OCO3)[C@H](C)NCC2,0
223.15,OCC1CCC(CO)O1,OCC1CCC(CO)O1,0
432.45,Clc1nc(Cl)nc(Nc2ccccc2Cl)n1,Clc1nc(Cl)nc(Nc2ccccc2Cl)n1,0
356.15,CCOC(=O)C1(c2ccccc2)CCN(CCc2ccc(N)cc2)CC1,CCOC(=O)C1(c2ccccc2)CCN(CCc2ccc(N)cc2)CC1,0
267.15,Nc1ccccc1,Nc1ccccc1,0
417.75,Nc1ccccc1C(=O)O,Nc1ccccc1C(=O)O,0
452.85,Nc1cccc(C(=O)O)c1,Nc1cccc(C(=O)O)c1,0
461.35,Nc1ccc(C(=O)O)cc1,Nc1ccc(C(=O)O)cc1,0
235.85,COc1ccccc1,COc1ccccc1,0
395.15,c1ccc(CN(CC2=NCCN2)c2ccccc2)cc1,c1ccc(CN(CC2=NCCN2)c2ccccc2)cc1,0
765.15,O=C1c2ccccc2-c2ccc3c4ccc5c6c(ccc(c7ccc1c2c73)c64)C(=O)c1ccccc1-5,O=C1c2ccccc2-c2ccc3c4ccc5c6c(ccc(c7ccc1c2c73)c64)C(=O)c1ccccc1-5,0
511.95,Nc1ccc2cc3ccccc3cc2c1,Nc1ccc2cc3ccccc3cc2c1,0
489.15,c1ccc2cc3ccccc3cc2c1,c1ccc2cc3ccccc3cc2c1,0
450.65,N#Cc1c2ccccc2cc2ccccc12,N#Cc1c2ccccc2cc2ccccc12,0
380.15,O=Cc1c2ccccc2cc2ccccc12,O=Cc1c2ccccc2cc2ccccc12,0
524.65,O=C(O)c1cccc2cc3ccccc3cc12,O=C(O)c1cccc2cc3ccccc3cc12,0
554.15,O=C(O)c1ccc2cc3ccccc3cc2c1,O=C(O)c1ccc2cc3ccccc3cc2c1,0
492.15,O=C(O)c1c2ccccc2cc2ccccc12,O=C(O)c1c2ccccc2cc2ccccc12,0
610.15,N#Cc1c2ccccc2c(C#N)c2ccccc12,N#Cc1c2ccccc2c(C#N)c2ccccc12,0
453.15,Oc1c2ccccc2c(O)c2ccccc12,Oc1c2ccccc2c(O)c2ccccc12,0
557.95,O=C1c2ccccc2C(=O)c2ccccc21,O=C1c2ccccc2C(=O)c2ccccc21,0
433.65,OCc1c2ccccc2cc2ccccc12,OCc1c2ccccc2cc2ccccc12,0
421.15,Oc1ccc(O)c2c(O)c3ccccc3c(O)c12,Oc1ccc(O)c2c(O)c3ccccc3c(O)c12,0
481.15,Oc1ccc2c(O)c3ccccc3cc2c1O,Oc1ccc2c(O)c3ccccc3cc2c1O,0
452.15,O=C1c2c(O)cccc2Cc2cccc(O)c21,O=C1c2c(O)cccc2Cc2cccc(O)c21,0
431.15,Oc1cccc2cc3ccccc3cc12,Oc1cccc2cc3ccccc3cc12,0
425.15,Oc1c2ccccc2cc2ccccc12,Oc1c2ccccc2cc2ccccc12,0
428.15,O=C1c2ccccc2Cc2ccccc21,O=C1c2ccccc2Cc2ccccc21,0
421.15,C1CN1P1(N2CC2)=NP(N2CC2)(N2CC2)=NP(N2CC2)(N2CC2)=N1,C1CN1P1(N2CC2)=NP(N2CC2)(N2CC2)=NP(N2CC2)(N2CC2)=N1,0
325.65,O=C1[C@@H]2C[C@H](CN3CCCC[C@@H]23)[C@H]2CCCCN12,O=C1[C@@H]2C[C@H](CN3CCCC[C@@H]23)[C@H]2CCCCN12,0
620.65,O=c1cc(-c2ccc(O)cc2)oc2cc(O)cc(O)c12,O=c1cc(-c2ccc(O)cc2)oc2cc(O)cc(O)c12,0
335.15,C=C(C(=O)OC1CC2CCC(C1)N2C)c1ccccc1,C=C(C(=O)OC1CC2CCC(C1)N2C)c1ccccc1,0
396.65,COc1ccc2c(c1O)-c1cccc3c1[C@@H](C2)N(C)CC3,COc1ccc2c(c1O)-c1cccc3c1[C@@H](C2)N(C)CC3,0
468.15,CN1CCc2cccc3c2[C@H]1Cc1ccc(O)c(O)c1-3,CN1CCc2cccc3c2[C@H]1Cc1ccc(O)c(O)c1-3,0
414.15,C=CCC1(C(C)C)C(=O)NC(=O)NC1=O,C=CCC1(C(C)C)C(=O)NC(=O)NC1=O,0
375.65,OC[C@H](O)C(O)[C@@H](O)CO,OC[C@H](O)C(O)[C@@H](O)CO,0
428.65,O[C@H]1[C@H](O)[C@@H](O)OC[C@H]1O,O[C@H]1[C@H](O)[C@@H](O)OC[C@H]1O,0
483.15,OC1O[C@H](CO[C@@H]2OC[C@H](O)[C@H](O)[C@H]2O)[C@@H](O)[C@H](O)[C@H]1O,OC1O[C@H](CO[C@@H]2OC[C@H](O)[C@H](O)[C@H]2O)[C@@H](O)[C@H](O)[C@H]1O,0
437.65,O=CC(O)C(O)C(O)CO,O=CC(O)C(O)C(O)CO,0
235.85,CC(COc1ccc(C(C)(C)C)cc1)OS(=O)OCCCl,CC(COc1ccc(C(C)(C)C)cc1)OS(=O)OCCCl,0
505.15,CN1CCC=C(C(=O)O)C1,CN1CCC=C(C(=O)O)C1,0
490.15,NC(N)=NCCCC(N)C(=O)O,NC(N)=NCCCC(N)C(=O)O,0
533.15,NC(N)=NCCC[C@H](N)C(=O)O,NC(N)=NCCC[C@H](N)C(=O)O,0
476.15,CC1=C2[C@H]3OC(=O)[C@@H](C)[C@@H]3[C@@H](O)C[C@@]2(C)C=CC1=O,CC1=C2[C@H]3OC(=O)[C@@H](C)[C@@H]3[C@@H](O)C[C@@]2(C)C=CC1=O,0
276.45,CC(C)C12C=CC(C)(CC1)OO2,CC(C)C12C=CC(C)(CC1)OO2,0
464.15,O=C1O[C@H]([C@@H](O)CO)C(O)=C1O,O=C1O[C@H]([C@@H](O)CO)C(O)=C1O,0
385.15,CCCCCCCCCCCCCCCC(=O)OC[C@H](O)[C@H]1OC(=O)C(O)=C1O,CCCCCCCCCCCCCCCC(=O)OC[C@H](O)[C@H]1OC(=O)C(O)=C1O,0
508.15,NC(=O)C[C@H](N)C(=O)O,NC(=O)C[C@H](N)C(=O)O,0
519.65,COC(=O)[C@H](Cc1ccccc1)NC(=O)[C@@H](N)CC(=O)O,COC(=O)[C@H](Cc1ccccc1)NC(=O)[C@@H](N)CC(=O)O,0
550.65,NC(CC(=O)O)C(=O)O,NC(CC(=O)O)C(=O)O,0
543.15,N[C@@H](CC(=O)O)C(=O)O,N[C@@H](CC(=O)O)C(=O)O,0
371.15,CCC(C)c1cnc(CC(C)C)c(=O)n1O,CCC(C)c1cnc(CC(C)C)c(=O)n1O,0
422.25,COc1ccc(CCN2CCC(Nc3nc4ccccc4n3Cc3ccc(F)cc3)CC2)cc1,COc1ccc(CCN2CCC(Nc3nc4ccccc4n3Cc3ccc(F)cc3)CC2)cc1,0
417.35,COC(=O)NS(=O)(=O)c1ccc(N)cc1,COC(=O)NS(=O)(=O)c1ccc(N)cc1,0
420.15,CC(C)NCC(O)COc1ccc(CC(N)=O)cc1,CC(C)NCC(O)COc1ccc(CC(N)=O)cc1,0
331.65,C=C1[C@H]2CC[C@@]3(CC[C@@H]4[C@@]5(C)CCC[C@@]4(C4OCCN4C5)[C@@H]3C2)[C@@H]1O,C=C1[C@H]2CC[C@@]3(CC[C@@H]4[C@@]5(C)CCC[C@@]4(C4OCCN4C5)[C@@H]3C2)[C@@H]1O,0
450.15,CCNc1nc(Cl)nc(NC(C)C)n1,CCNc1nc(Cl)nc(NC(C)C)n1,0
391.65,CN1[C@@H]2CC[C@H]1CC(OC(=O)C(CO)c1ccccc1)C2,CN1[C@@H]2CC[C@H]1CC(OC(=O)C(CO)c1ccccc1)C2,0
431.15,COc1oc([C@H]2C/C(=C/C(C)=C/c3ccc([N+](=O)[O-])cc3)CO2)c(C)c(=O)c1C,COc1oc([C@H]2C/C(=C/C(C)=C/c3ccc([N+](=O)[O-])cc3)CO2)c(C)c(=O)c1C,0
582.15,O=C1C=CC(=C(c2ccc(O)cc2)c2ccc(O)cc2)C=C1,O=C1C=CC(=C(c2ccc(O)cc2)c2ccc(O)cc2)C=C1,0
430.15,C1CN2CCC1CC2,C1CN2CCC1CC2,0
494.15,OC1CN2CCC1CC2,OC1CN2CCC1CC2,0
502.15,Nc1ncn([C@@H]2O[C@H](CO)[C@@H](O)[C@H]2O)c(=O)n1,Nc1ncn([C@@H]2O[C@H](CO)[C@@H](O)[C@H]2O)c(=O)n1,0
425.65,O=C1CCCCCCCCCCCN1,O=C1CCCCCCCCCCCN1,0
573.15,Nc1nc2n[nH]nc2c(=O)[nH]1,Nc1nc2n[nH]nc2c(=O)[nH]1,0
423.15,[N-]=[N+]=CC(=O)OC[C@H](N)C(=O)O,[N-]=[N+]=CC(=O)OC[C@H](N)C(=O)O,0
516.15,Cn1cnc([N+](=O)[O-])c1Sc1ncnc2nc[nH]c12,Cn1cnc([N+](=O)[O-])c1Sc1ncnc2nc[nH]c12,0
431.15,O=c1cnn([C@@H]2O[C@H](CO)[C@@H](O)[C@H]2O)c(=O)[nH]1,O=c1cnn([C@@H]2O[C@H](CO)[C@@H](O)[C@H]2O)c(=O)[nH]1,0
203.15,C1CNC1,C1CNC1,0
490.15,O=C(O)C1CCN1,O=C(O)C1CCN1,0
346.65,O=C1CCN1,O=C1CCN1,0
245.65,[N-]=[N+]=Nc1ccccc1,[N-]=[N+]=Nc1ccccc1,0
293.15,[N-]=[N+]=Nc1ccc(Cl)cc1,[N-]=[N+]=Nc1ccc(Cl)cc1,0
244.15,Cc1ccc(N=[N+]=[N-])cc1,Cc1ccc(N=[N+]=[N-])cc1,0
324.45,CCOP(=S)(OCC)SCn1nnc2ccccc2c1=O,CCOP(=S)(OCC)SCn1nnc2ccccc2c1=O,0
345.15,COP(=S)(OC)SCn1nnc2ccccc2c1=O,COP(=S)(OC)SCn1nnc2ccccc2c1=O,0
341.03,c1ccc(N=Nc2ccccc2)cc1,c1ccc(N=Nc2ccccc2)cc1,0
373.15,N#CC1(N=NC2(C#N)CCCCC2)CCCCC1,N#CC1(N=NC2(C#N)CCCCC2)CCCCC1,0
360.15,[O-][N+](=Nc1ccccc1)c1ccccc1,[O-][N+](=Nc1ccccc1)c1ccccc1,0
372.15,c1ccc2cccc-2cc1,c1ccc2cccc-2cc1,0
338.75,CCCCN(CC)c1c([N+](=O)[O-])cc(C(F)(F)F)cc1[N+](=O)[O-],CCCCN(CC)c1c([N+](=O)[O-])cc(C(F)(F)F)cc1[N+](=O)[O-],0
345.54999999999995,O=C(Nc1cccc(Cl)c1)OCC#CCCl,O=C(Nc1cccc(Cl)c1)OCC#CCCl,0
462.15,CCC1(CC)C(=O)NC(=O)NC1=O,CCC1(CC)C(=O)NC(=O)NC1=O,0
521.15,O=C1CC(=O)NC(=O)N1,O=C1CC(=O)NC(=O)N1,0
350.15,CC(C)(C)C(=O)C(Oc1ccc(Cl)cc1)n1cncn1,CC(C)(C)C(=O)C(Oc1ccc(Cl)cc1)n1cncn1,0
494.15,COc1cc2c3cc1Oc1cc(ccc1O)C[C@H]1c4c(cc(OC)c(O)c4Oc4ccc(cc4)C[C@@H]3N(C)CC2)CCN1C,COc1cc2c3cc1Oc1cc(ccc1O)C[C@H]1c4c(cc(OC)c(O)c4Oc4ccc(cc4)C[C@@H]3N(C)CC2)CCN1C,0
324.15,CCN(CC)CCOC(=O)C(O)(c1ccccc1)c1ccccc1,CCN(CC)CCOC(=O)C(O)(c1ccccc1)c1ccccc1,0
352.15,COC(=O)C(C)N(C(=O)Cc1ccccc1)c1c(C)cccc1C,COC(=O)C(C)N(C(=O)Cc1ccccc1)c1c(C)cccc1C,0
402.75,CNC(=O)Oc1cccc2c1OC(C)(C)O2,CNC(=O)Oc1cccc2c1OC(C)(C)O2,0
498.15,NS(=O)(=O)c1cc2c(cc1C(F)(F)F)NC(Cc1ccccc1)NS2(=O)=O,NS(=O)(=O)c1cc2c(cc1C(F)(F)F)NC(Cc1ccccc1)NS2(=O)=O,0
460.15,COC(=O)c1ccccc1CS(=O)(=O)NC(=O)Nc1nc(OC)cc(OC)n1,COC(=O)c1ccccc1CS(=O)(=O)NC(=O)Nc1nc(OC)cc(OC)n1,0
311.54999999999995,CC(C)OP(=S)(OC(C)C)SCCNS(=O)(=O)c1ccccc1,CC(C)OP(=S)(OC(C)C)SCCNS(=O)(=O)c1ccccc1,0
412.85,CC(C)N1C(=O)c2ccccc2NS1(=O)=O,CC(C)N1C(=O)c2ccccc2NS1(=O)=O,0
405.15,c1ccc2nc3c(ccc4ccccc43)cc2c1,c1ccc2nc3c(ccc4ccccc43)cc2c1,0
216.03,O=Cc1ccccc1,O=Cc1ccccc1,0
289.15,N/N=C\c1ccccc1,N/N=C\c1ccccc1,0
309.65,O/N=C\c1ccccc1,O/N=C\c1ccccc1,0
308.15,O/N=C/c1ccccc1,O/N=C/c1ccccc1,0
430.15,C(=N/Nc1ccccc1)\c1ccccc1,C(=N/Nc1ccccc1)\c1ccccc1,0
366.15,C(=NN=Cc1ccccc1)c1ccccc1,C(=NN=Cc1ccccc1)c1ccccc1,0
401.15,NC(=O)c1ccccc1,NC(=O)c1ccccc1,0
433.15,c1ccc2cc3c(ccc4ccccc43)cc2c1,c1ccc2cc3c(ccc4ccccc43)cc2c1,0
441.15,O=C1c2ccccc2C(=O)c2c1ccc1ccccc21,O=C1c2ccccc2C(=O)c2c1ccc1ccccc21,0
446.15,O=C1c2ccccc2-c2cccc3cccc1c23,O=C1c2ccccc2-c2cccc3cccc1c23,0
278.688,c1ccccc1,c1ccccc1,0
306.65,O=CCc1ccccc1,O=CCc1ccccc1,0
430.15,NC(=O)Cc1ccccc1,NC(=O)Cc1ccccc1,0
349.85,O=C(O)Cc1ccccc1,O=C(O)Cc1ccccc1,0
388.65,NNC(=O)Cc1ccccc1,NNC(=O)Cc1ccccc1,0
346.45,O=C(Cc1ccccc1)OC(=O)Cc1ccccc1,O=C(Cc1ccccc1)OC(=O)Cc1ccccc1,0
251.05,N#CCc1ccccc1,N#CCc1ccccc1,0
431.15,O=[As](O)(O)c1ccccc1,O=[As](O)(O)c1ccccc1,0
492.15,OB(O)c1ccccc1,OB(O)c1ccccc1,0
324.15,O=C(O)CCCc1ccccc1,O=C(O)CCCc1ccccc1,0
315.15,O=C(OO)c1ccccc1,O=C(OO)c1ccccc1,0
390.15,NC(=S)c1ccccc1,NC(=S)c1ccccc1,0
297.15,O=C(S)c1ccccc1,O=C(S)c1ccccc1,0
376.15,Nc1ccccc1N,Nc1ccccc1N,0
338.65,Nc1cccc(N)c1,Nc1cccc(N)c1,0
413.45,Nc1ccc(N)cc1,Nc1ccc(N)cc1,0
288.65,O=C(Cl)c1ccccc1C(=O)Cl,O=C(Cl)c1ccccc1C(=O)Cl,0
316.65,O=C(Cl)c1cccc(C(=O)Cl)c1,O=C(Cl)c1cccc(C(=O)Cl)c1,0
356.65,O=C(Cl)c1ccc(C(=O)Cl)cc1,O=C(Cl)c1ccc(C(=O)Cl)cc1,0
328.95,O=Cc1ccccc1C=O,O=Cc1ccccc1C=O,0
362.15,O=Cc1cccc(C=O)c1,O=Cc1cccc(C=O)c1,0
390.15,O=Cc1ccc(C=O)cc1,O=Cc1ccc(C=O)cc1,0
495.15,NC(=O)c1ccccc1C(N)=O,NC(=O)c1ccccc1C(N)=O,0
595.45,NC(=O)c1ccc(C(N)=O)cc1,NC(=O)c1ccc(C(N)=O)cc1,0
213.15,COCCOC(=O)c1ccccc1C(=O)OCCOC,COCCOC(=O)c1ccccc1C(=O)OCCOC,0
242.15,CCCOC(=O)c1ccccc1C(=O)OCCC,CCCOC(=O)c1ccccc1C(=O)OCCC,0
339.15,OCc1ccccc1CO,OCc1ccccc1CO,0
330.15,OCc1cccc(CO)c1,OCc1cccc(CO)c1,0
390.65,OCc1ccc(CO)cc1,OCc1ccc(CO)cc1,0
337.65,CC(=O)Oc1ccccc1OC(C)=O,CC(=O)Oc1ccccc1OC(C)=O,0
396.65,CC(=O)Oc1ccc(OC(C)=O)cc1,CC(=O)Oc1ccc(OC(C)=O)cc1,0
407.65,O=C(Oc1cccc(O)c1)c1ccccc1,O=C(Oc1cccc(O)c1)c1ccccc1,0
334.95,O=S(=O)(Cl)c1cccc(S(=O)(=O)Cl)c1,O=S(=O)(Cl)c1cccc(S(=O)(=O)Cl)c1,0
301.65,Sc1ccccc1S,Sc1ccccc1S,0
300.15,Sc1cccc(S)c1,Sc1cccc(S)c1,0
273.15,NCCc1ccccc1,NCCc1ccccc1,0
254.15,OCCc1ccccc1,OCCc1ccccc1,0
560.15,O=C(O)c1c(C(=O)O)c(C(=O)O)c(C(=O)O)c(C(=O)O)c1C(=O)O,O=C(O)c1c(C(=O)O)c(C(=O)O)c(C(=O)O)c(C(=O)O)c1C(=O)O,0
366.15,O=S(=O)(Cl)Cc1ccccc1,O=S(=O)(Cl)Cc1ccccc1,0
365.15,O=S(=O)(F)Cc1ccccc1,O=S(=O)(F)Cc1ccccc1,0
243.15,SCc1ccccc1,SCc1ccccc1,0
332.15,O=C(O)CCCCc1ccccc1,O=C(O)CCCCc1ccccc1,0
320.15,O=CCCc1ccccc1,O=CCCc1ccccc1,0
272.15,N#CCCc1ccccc1,N#CCCc1ccccc1,0
321.54999999999995,O=C(O)CCc1ccccc1,O=C(O)CCc1ccccc1,0
255.15,OCCCc1ccccc1,OCCCc1ccccc1,0
376.55,NC(=O)OCCCc1ccccc1,NC(=O)OCCCc1ccccc1,0
397.65,O=[Se](O)c1ccccc1,O=[Se](O)c1ccccc1,0
357.15,O=S(O)c1ccccc1,O=S(O)c1ccccc1,0
311.15,O=S(Cl)c1ccccc1,O=S(Cl)c1ccccc1,0
429.15,NS(=O)(=O)c1ccccc1,NS(=O)(=O)c1ccccc1,0
338.15,O=S(=O)(O)c1ccccc1,O=S(=O)(O)c1ccccc1,0
287.65,O=S(=O)(Cl)c1ccccc1,O=S(=O)(Cl)c1ccccc1,0
544.15,O=C(O)c1cc(C(=O)O)c(C(=O)O)cc1C(=O)O,O=C(O)c1cc(C(=O)O)c(C(=O)O)cc1C(=O)O,0
258.28,Sc1ccccc1,Sc1ccccc1,0
309.45,O=C(Cl)c1cc(C(=O)Cl)cc(C(=O)Cl)c1,O=C(Cl)c1cc(C(=O)Cl)cc(C(=O)Cl)c1,0
482.15,O=C(O)c1cccc(C(=O)O)c1C(=O)O,O=C(O)c1cccc(C(=O)O)c1C(=O)O,0
492.15,O=C(O)c1ccc(C(=O)O)c(C(=O)O)c1,O=C(O)c1ccc(C(=O)O)c(C(=O)O)c1,0
653.15,O=C(O)c1cc(C(=O)O)cc(C(=O)O)c1,O=C(O)c1cc(C(=O)O)cc(C(=O)O)c1,0
339.15,O=C(Cl)c1ccc2c(c1)C(=O)OC2=O,O=C(Cl)c1ccc2c(c1)C(=O)OC2=O,0
243.15,C=CCOC(=O)c1ccc(C(=O)OCC=C)c(C(=O)OCC=C)c1,C=CCOC(=O)c1ccc(C(=O)OCC=C)c(C(=O)OCC=C)c1,0
398.65,Oc1cccc(O)c1O,Oc1cccc(O)c1O,0
413.65,Oc1ccc(O)c(O)c1,Oc1ccc(O)c(O)c1,0
489.15,Oc1cc(O)cc(O)c1,Oc1cc(O)cc(O)c1,0
372.15,CC(=O)Oc1ccc(OC(C)=O)c(OC(C)=O)c1,CC(=O)Oc1ccc(OC(C)=O)c(OC(C)=O)c1,0
437.15,CCC(c1ccc(O)cc1)C(CC)C(C)c1ccc(O)cc1,CCC(c1ccc(O)cc1)C(CC)C(C)c1ccc(O)cc1,0
573.15,Nc1ccc(-c2ccc(N)c(C(=O)O)c2)cc1C(=O)O,Nc1ccc(-c2ccc(N)c(C(=O)O)c2)cc1C(=O)O,0
400.15,Nc1ccc(-c2ccc(N)cc2)cc1,Nc1ccc(-c2ccc(N)cc2)cc1,0
367.99,O=C(C(=O)c1ccccc1)c1ccccc1,O=C(C(=O)c1ccccc1)c1ccccc1,0
505.05,Nc1nc2ccccc2[nH]1,Nc1nc2ccccc2[nH]1,0
445.35,c1ccc2[nH]cnc2c1,c1ccc2[nH]cnc2c1,0
481.55,N#CCc1nc2ccccc2[nH]1,N#CCc1nc2ccccc2[nH]1,0
573.15,O=C1NC(=O)c2cccc3cccc1c23,O=C1NC(=O)c2cccc3cccc1c23,0
398.55,c1ccc2c(c1)ccc1c2ccc2ccc3ccccc3c21,c1ccc2c(c1)ccc1c2ccc2ccc3ccccc3c21,0
387.65,c1ccc2c(c1)ccc1c3ccccc3c3ccccc3c21,c1ccc2c(c1)ccc1c3ccccc3c3ccccc3c21,0
559.15,O=c1oc(=O)c2cc3c(=O)oc(=O)c3cc12,O=c1oc(=O)c2cc3c(=O)oc(=O)c3cc12,0
285.15,B1Oc2ccccc2O1,B1Oc2ccccc2O1,0
315.15,Nc1ccc2c(c1)OCO2,Nc1ccc2c(c1)OCO2,0
310.15,O=Cc1ccc2c(c1)OCO2,O=Cc1ccc2c(c1)OCO2,0
502.15,O=C(O)c1ccc2c(c1)OCO2,O=C(O)c1ccc2c(c1)OCO2,0
331.15,OCc1ccc2c(c1)OCO2,OCc1ccc2c(c1)OCO2,0
338.04999999999995,Oc1ccc2c(c1)OCO2,Oc1ccc2c(c1)OCO2,0
488.95,O=C(O)/C=C/C=C/c1ccc2c(c1)OCO2,O=C(O)/C=C/C=C/c1ccc2c(c1)OCO2,0
430.15,O=c1cc(-c2ccccc2)oc2c1ccc1ccccc12,O=c1cc(-c2ccccc2)oc2c1ccc1ccccc12,0
441.55,c1ccc2c(c1)-c1cccc3c1c-2cc1ccccc13,c1ccc2c(c1)-c1cccc3c1c-2cc1ccccc13,0
438.35,c1ccc2c3c(ccc2c1)-c1cccc2cccc-3c12,c1ccc2c3c(ccc2c1)-c1cccc2cccc-3c12,0
490.15,c1ccc2cc3c(cc2c1)-c1cccc2cccc-3c12,c1ccc2cc3c(cc2c1)-c1cccc2cccc-3c12,0
462.75,c1ccc2c(c1)Cc1c-2ccc2ccccc12,c1ccc2c(c1)Cc1c-2ccc2ccccc12,0
488.15,c1ccc2c(c1)Cc1cc3ccccc3cc1-2,c1ccc2c(c1)Cc1cc3ccccc3cc1-2,0
255.15,c1ccc2occc2c1,c1ccc2occc2c1,0
465.65,O=C(O)c1cc2ccccc2o1,O=C(O)c1cc2ccccc2o1,0
323.15,O=C1Cc2ccccc2O1,O=C1Cc2ccccc2O1,0
375.65,O=C1COc2ccccc21,O=C1COc2ccccc21,0
349.15,CC(=O)c1cc2ccccc2o1,CC(=O)c1cc2ccccc2o1,0
345.15,[O-][n+]1onc2ccccc21,[O-][n+]1onc2ccccc21,0
388.15,NNC(=O)c1ccccc1,NNC(=O)c1ccccc1,0
315.75,O=C(OC(=O)c1ccccc1)c1ccccc1,O=C(OC(=O)c1ccccc1)c1ccccc1,0
410.15,O=C(c1ccccc1)C(O)c1ccccc1,O=C(c1ccccc1)C(O)c1ccccc1,0
260.33,N#Cc1ccccc1,N#Cc1ccccc1,0
553.15,c1cc2ccc3ccc4ccc5cccc6c(c1)c2c3c4c56,c1cc2ccc3ccc4ccc5cccc6c(c1)c2c3c4c56,0
340.15,c1ccc2c(c1)ccc1ccc3ccccc3c12,c1ccc2c(c1)ccc1ccc3ccccc3c12,0
321.15,O=C(c1ccccc1)c1ccccc1,O=C(c1ccccc1)c1ccccc1,0
370.45,NN=C(c1ccccc1)c1ccccc1,NN=C(c1ccccc1)c1ccccc1,0
417.15,ON=C(c1ccccc1)c1ccccc1,ON=C(c1ccccc1)c1ccccc1,0
489.15,O=C(c1ccc2c(c1)C(=O)OC2=O)c1ccc2c(c1)C(=O)OC2=O,O=C(c1ccc2c(c1)C(=O)OC2=O)c1ccc2c(c1)C(=O)OC2=O,0
441.15,O=C(NNc1ccccc1)c1ccccc1,O=C(NNc1ccccc1)c1ccccc1,0
723.15,O=C1OC(=O)c2ccc3c4c(ccc1c24)C(=O)OC3=O,O=C1OC(=O)c2ccc3c4c(ccc1c24)C(=O)OC3=O,0
320.15,O=c1occc2ccccc12,O=c1occc2ccccc12,0
341.15,O=c1ccc2ccccc2o1,O=c1ccc2ccccc2o1,0
330.26,O=c1ccoc2ccccc12,O=c1ccoc2ccccc12,0
452.15,c1ccc2c(c1)cc1ccc3cccc4ccc2c1c34,c1ccc2c(c1)cc1ccc3cccc4ccc2c1c34,0
453.15,c1ccc2c(c1)c1cccc3ccc4cccc2c4c31,c1ccc2c(c1)c1cccc3ccc4cccc2c4c31,0
365.15,c1ccc2c(c1)ccc1ncccc12,c1ccc2c(c1)ccc1ncccc12,0
324.09,c1ccc2c(c1)ccc1cccnc12,c1ccc2c(c1)ccc1cccnc12,0
386.15,O=C1C=CC(=O)C=C1,O=C1C=CC(=O)C=C1,0
316.85,c1ccc2nsnc2c1,c1ccc2nsnc2c1,0
405.15,Nc1nc2ccccc2s1,Nc1nc2ccccc2s1,0
360.15,Nc1ccc2ncsc2c1,Nc1ccc2ncsc2c1,0
275.65,c1ccc2scnc2c1,c1ccc2scnc2c1,0
455.15,S=c1[nH]c2ccccc2s1,S=c1[nH]c2ccccc2s1,0
412.15,O=c1[nH]c2ccccc2s1,O=c1[nH]c2ccccc2s1,0
475.95,NNc1nc2ccccc2s1,NNc1nc2ccccc2s1,0
404.15,Oc1ccccc1-c1nc2ccccc2s1,Oc1ccccc1-c1nc2ccccc2s1,0
304.48,c1ccc2sccc2c1,c1ccc2sccc2c1,0
513.65,O=C(O)c1cc2ccccc2s1,O=C(O)c1cc2ccccc2s1,0
373.15,c1ccc2n[nH]nc2c1,c1ccc2n[nH]nc2c1,0
478.15,c1ccc2cc3c4ccccc4c4ccccc4c3cc2c1,c1ccc2cc3c4ccccc4c4ccccc4c3cc2c1,0
402.65,O=C1OS(=O)(=O)c2ccccc21,O=C1OS(=O)(=O)c2ccccc21,0
516.15,O=c1[nH]c2ccccc2c(=O)o1,O=c1[nH]c2ccccc2c(=O)o1,0
302.51,c1ccc2ocnc2c1,c1ccc2ocnc2c1,0
468.25,S=c1[nH]c2ccccc2o1,S=c1[nH]c2ccccc2o1,0
413.15,O=c1[nH]c2ccccc2o1,O=c1[nH]c2ccccc2o1,0
396.65,Oc1ccccc1-c1nc2ccccc2o1,Oc1ccccc1-c1nc2ccccc2o1,0
438.65,CC(NC(=O)c1ccccc1)C(=O)O,CC(NC(=O)c1ccccc1)C(=O)O,0
533.65,O=C(Nc1ccc(C(=O)O)c(O)c1)c1ccccc1,O=C(Nc1ccc(C(=O)O)c(O)c1)c1ccccc1,0
305.15,[N-]=[N+]=NC(=O)c1ccccc1,[N-]=[N+]=NC(=O)c1ccccc1,0
402.15,O=C(O)c1ccccc1C(=O)c1ccccc1,O=C(O)c1ccccc1C(=O)c1ccccc1,0
472.15,O=C(O)c1ccc(C(=O)c2ccccc2)cc1,O=C(O)c1ccc(C(=O)c2ccccc2)cc1,0
511.15,O=C(NNC(=O)c1ccccc1)c1ccccc1,O=C(NNC(=O)c1ccccc1)c1ccccc1,0
374.65,O=C(c1ccccc1)c1ccc(-c2ccccc2)cc1,O=C(c1ccccc1)c1ccc(-c2ccccc2)cc1,0
249.15,O=C(Br)c1ccccc1,O=C(Br)c1ccccc1,0
272.65,O=C(Cl)c1ccccc1,O=C(Cl)c1ccccc1,0
332.65,O=C(c1ccccc1)C1CCCCC1,O=C(c1ccccc1)C1CCCCC1,0
468.15,CN1[C@H]2CC[C@@H]1[C@@H](C(=O)O)[C@@H](OC(=O)c1ccccc1)C2,CN1[C@H]2CC[C@@H]1[C@@H](C(=O)O)[C@@H](OC(=O)c1ccccc1)C2,0
245.15,O=C(F)c1ccccc1,O=C(F)c1ccccc1,0
464.65,O=C(O)CNC(=O)c1ccccc1,O=C(O)CNC(=O)c1ccccc1,0
276.15,O=C(I)c1ccccc1,O=C(I)c1ccccc1,0
382.15,CCOC(=O)[C@H]1[C@@H](OC(=O)c2ccccc2)C[C@@H]2CC[C@H]1N2C,CCOC(=O)[C@H]1[C@@H](OC(=O)c2ccccc2)C[C@@H]2CC[C@H]1N2C,0
377.65,O=C(OOC(=O)c1ccccc1)c1ccccc1,O=C(OOC(=O)c1ccccc1)c1ccccc1,0
322.15,O=C(c1ccccc1)N1CCCCC1,O=C(c1ccccc1)N1CCCCC1,0
392.65,CCOC(=O)[C@H](Cc1ccc(O)cc1)NC(=O)c1ccccc1,CCOC(=O)[C@H](Cc1ccc(O)cc1)NC(=O)c1ccccc1,0
455.15,CN1CCC(n2[nH]c(-c3ccccc3)c(Cc3ccccc3)c2=O)CC1,CN1CCC(n2[nH]c(-c3ccccc3)c(Cc3ccccc3)c2=O)CC1,0
404.15,CCN(CC)C(=O)C1CN2CCc3cc(OC)c(OC)cc3C2CC1OC(C)=O,CCN(CC)C(=O)C1CN2CCc3cc(OC)c(OC)cc3C2CC1OC(C)=O,0
509.15,NS(=O)(=O)c1cc2c(cc1Cl)NC(CSCc1ccccc1)=NS2(=O)=O,NS(=O)(=O)c1cc2c(cc1Cl)NC(CSCc1ccccc1)=NS2(=O)=O,0
334.15,CC(=O)NCc1ccccc1,CC(=O)NCc1ccccc1,0
221.65,CC(=O)OCc1ccccc1,CC(=O)OCc1ccccc1,0
257.65,OCc1ccccc1,OCc1ccccc1,0
444.15,NS(=O)(=O)c1ccc(NCc2ccccc2)cc1,NS(=O)(=O)c1ccc(NCc2ccccc2)cc1,0
307.65,Nc1ccc(Cc2ccccc2)cc1,Nc1ccc(Cc2ccccc2)cc1,0
306.15,c1ccc(CNc2ccccc2)cc1,c1ccc(CNc2ccccc2)cc1,0
363.15,O=C(O)C(Cc1ccccc1)Cc1ccccc1,O=C(O)C(Cc1ccccc1)Cc1ccccc1,0
460.15,c1ccc(Cc2nc3ccccc3[nH]2)cc1,c1ccc(Cc2nc3ccccc3[nH]2)cc1,0
292.15,O=C(OCc1ccccc1)c1ccccc1,O=C(OCc1ccccc1)c1ccccc1,0
358.15,c1ccc(Cc2ccc(-c3ccccc3)cc2)cc1,c1ccc(Cc2ccc(-c3ccccc3)cc2)cc1,0
312.15,O=C(/C=C/c1ccccc1)OCc1ccccc1,O=C(/C=C/c1ccccc1)OCc1ccccc1,0
281.65,CCCCCCCCCCCC(=O)OCc1ccccc1,CCCCCCCCCCCC(=O)OCc1ccccc1,0
308.15,CCN(Cc1ccccc1)c1ccccc1,CCN(Cc1ccccc1)c1ccccc1,0
332.15,O=C(/C=C/C(=O)OCc1ccccc1)OCc1ccccc1,O=C(/C=C/C(=O)OCc1ccccc1)OCc1ccccc1,0
318.25,CC(=O)OC(OC(C)=O)c1ccccc1,CC(=O)OC(OC(C)=O)c1ccccc1,0
363.15,COc1ccc(C(=NCc2ccccc2)c2ccc(OC)cc2)cc1,COc1ccc(C(=NCc2ccccc2)c2ccc(OC)cc2)cc1,0
389.15,O=C1c2ccccc2C(=O)N1Cc1ccccc1,O=C1c2ccccc2C(=O)N1Cc1ccccc1,0
220.55,COCc1ccccc1,COCc1ccccc1,0
395.15,COC(=O)[C@H](Cc1ccccc1)NC(=O)[C@H](CC(=O)O)NC(=O)OCc1ccccc1,COC(=O)[C@H](Cc1ccccc1)NC(=O)[C@H](CC(=O)O)NC(=O)OCc1ccccc1,0
407.65,NC(=O)CC[C@H](NC(=O)OCc1ccccc1)C(=O)O,NC(=O)CC[C@H](NC(=O)OCc1ccccc1)C(=O)O,0
394.15,O=C(O)CNC(=O)OCc1ccccc1,O=C(O)CNC(=O)OCc1ccccc1,0
373.15,CC(C)C[C@H](NC(=O)CNC(=O)OCc1ccccc1)C(=O)O,CC(C)C[C@H](NC(=O)CNC(=O)OCc1ccccc1)C(=O)O,0
399.15,O=C(CNC(=O)OCc1ccccc1)N[C@@H](Cc1ccccc1)C(=O)O,O=C(CNC(=O)OCc1ccccc1)N[C@@H](Cc1ccccc1)C(=O)O,0
198.15,OCCOCc1ccccc1,OCCOCc1ccccc1,0
294.15,Oc1ccccc1Cc1ccccc1,Oc1ccccc1Cc1ccccc1,0
357.15,Oc1ccc(Cc2ccccc2)cc1,Oc1ccc(Cc2ccccc2)cc1,0
312.15,c1ccc(COc2ccccc2)cc1,c1ccc(COc2ccccc2)cc1,0
289.95,c1ccc(CC2CCNCC2)cc1,c1ccc(CC2CCNCC2)cc1,0
285.65,c1ccc(Cc2ccccn2)cc1,c1ccc(Cc2ccccn2)cc1,0
285.54999999999995,c1ccc(Cc2ccncc2)cc1,c1ccc(Cc2ccncc2)cc1,0
287.15,c1ccc(Cn2cccc2)cc1,c1ccc(Cn2cccc2)cc1,0
351.65,O=C(O)[C@@H]1CCCN1C(=O)OCc1ccccc1,O=C(O)[C@@H]1CCCN1C(=O)OCc1ccccc1,0
491.15,N[C@@H](COCc1ccccc1)C(=O)O,N[C@@H](COCc1ccccc1)C(=O)O,0
502.65,O=C(O)c1ccc(NS(=O)(=O)Cc2ccccc2)cc1,O=C(O)c1ccc(NS(=O)(=O)Cc2ccccc2)cc1,0
419.15,O=S(=O)(Cc1ccccc1)c1ccccc1,O=S(=O)(Cc1ccccc1)c1ccccc1,0
316.65,c1ccc(CSc2ccccc2)cc1,c1ccc(CSc2ccccc2)cc1,0
316.15,N#CSCc1ccccc1,N#CSCc1ccccc1,0
421.15,NC(=O)NCc1ccccc1,NC(=O)NCc1ccccc1,0
418.15,COc1ccc2cc3[n+](cc2c1OC)CCc1cc2c(cc1-3)OCO2,COc1ccc2cc3[n+](cc2c1OC)CCc1cc2c(cc1-3)OCO2,0
511.15,COc1c(O)cc2c(c1O)[C@@H]1O[C@H](CO)[C@@H](O)[C@H](O)[C@H]1OC2=O,COc1c(O)cc2c(c1O)[C@@H]1O[C@H](CO)[C@@H](O)[C@H](O)[C@H]1OC2=O,0
566.15,C[N+](C)(C)CC(=O)[O-],C[N+](C)(C)CC(=O)[O-],0
505.15,C[C@H]1C[C@H]2[C@@H]3CCC4=CC(=O)C=C[C@]4(C)[C@@]3(F)[C@@H](O)C[C@]2(C)[C@@]1(O)C(=O)CO,C[C@H]1C[C@H]2[C@@H]3CCC4=CC(=O)C=C[C@]4(C)[C@@]3(F)[C@@H](O)C[C@]2(C)[C@@]1(O)C(=O)CO,0
469.15,CN=C(NC)NCc1ccccc1,CN=C(NC)NCc1ccccc1,0
525.15,C[N+]1(C)C[C@H](O)C[C@H]1C(=O)[O-],C[N+]1(C)C[C@H](O)C[C@H]1C(=O)[O-],0
314.15,CC(C)=CCC/C(C)=C/CC/C(C)=C/CC/C(C)=C/CC/C(C)=C/CC/C(C)=C/CC/C(C)=C/CC/C(C)=C/CC/C(C)=C/CO,CC(C)=CCC/C(C)=C/CC/C(C)=C/CC/C(C)=C/CC/C(C)=C/CC/C(C)=C/CC/C(C)=C/CC/C(C)=C/CC/C(C)=C/CO,0
594.45,c1ccc2c(-c3c4ccccc4cc4ccccc34)c3ccccc3cc2c1,c1ccc2c(-c3c4ccccc4cc4ccccc34)c3ccccc3cc2c1,0
632.15,O=C1/C(=C2/Sc3ccccc3C2=O)Sc2ccccc21,O=C1/C(=C2/Sc3ccccc3C2=O)Sc2ccccc21,0
360.45,C1CC2CCC1C2,C1CC2CCC1C2,0
371.15,O=C1CC2CCC1C2,O=C1CC2CCC1C2,0
319.35,C1=C[C@H]2CC[C@@H]1C2,C1=C[C@H]2CC[C@@H]1C2,0
286.15,N#CC1CC2C=CC1C2,N#CC1CC2C=CC1C2,0
241.15,O=C1CCCCC1C1CCCCC1,O=C1CCCCC1C1CCCCC1,0
293.15,OC1CCCC1C1CCCC1,OC1CCCC1C1CCCC1,0
260.15,O=C1CCCC1C1CCCC1,O=C1CCCC1C1CCCC1,0
359.25,COC(=O)c1cc(Oc2ccc(Cl)cc2Cl)ccc1[N+](=O)[O-],COC(=O)c1cc(Oc2ccc(Cl)cc2Cl)ccc1[N+](=O)[O-],0
342.15,Cc1c(COC(=O)[C@@H]2[C@H](/C=C(\Cl)C(F)(F)F)C2(C)C)cccc1-c1ccccc1,Cc1c(COC(=O)[C@@H]2[C@H](/C=C(\Cl)C(F)(F)F)C2(C)C)cccc1-c1ccccc1,0
409.15,N=C(N)N=C(N)N,N=C(N)N=C(N)N,0
437.15,CCN1C[C@]2(COC)CC[C@H](OC)[C@]34C1[C@H]([C@H](OC)[C@H]23)[C@@]1(OC(C)=O)C[C@H](OC)[C@@]2(O)C[C@@H]4[C@@H]1[C@H]2OC(=O)c1ccc(OC)c(OC)c1,CCN1C[C@]2(COC)CC[C@H](OC)[C@]34C1[C@H]([C@H](OC)[C@H]23)[C@@]1(OC(C)=O)C[C@H](OC)[C@@]2(O)C[C@@H]4[C@@H]1[C@H]2OC(=O)c1ccc(OC)c(OC)c1,0
573.15,C=CC1=C(C)C(/C=c2\[nH]/c(=C\c3[nH]c(/C=C4\NC(=O)C(C)=C4C=C)c(C)c3CCC(=O)O)c(CCC(=O)O)c2C)=NC1=O,C=CC1=C(C)C(/C=c2\[nH]/c(=C\c3[nH]c(/C=C4\NC(=O)C(C)=C4C=C)c(C)c3CCC(=O)O)c(CCC(=O)O)c2C)=NC1=O,0
343.75,CCC(C)c1cc([N+](=O)[O-])cc([N+](=O)[O-])c1OC(=O)C=C(C)C,CCC(C)c1cc([N+](=O)[O-])cc([N+](=O)[O-])c1OC(=O)C=C(C)C,0
432.15,c1ccc2c(-c3cccc4ccccc34)cccc2c1,c1ccc2c(-c3cccc4ccccc34)cccc2c1,0
461.25,c1ccc2cc(-c3ccc4ccccc4c3)ccc2c1,c1ccc2cc(-c3ccc4ccccc4c3)ccc2c1,0
493.15,Oc1ccc2ccccc2c1-c1c(O)ccc2ccccc12,Oc1ccc2ccccc2c1-c1c(O)ccc2ccccc12,0
505.15,O=C(O)CCCC[C@@H]1SC[C@@H]2NC(=O)N[C@@H]21,O=C(O)CCCC[C@@H]1SC[C@@H]2NC(=O)N[C@@H]21,0
275.15,C1OC1C1CO1,C1OC1C1CO1,0
342.08,c1ccc(-c2ccccc2)cc1,c1ccc(-c2ccccc2)cc1,0
433.65,O=C(O)Cc1ccc(-c2ccccc2)cc1,O=C(O)Cc1ccc(-c2ccccc2)cc1,0
361.15,N#Cc1ccc(-c2ccccc2)cc1,N#Cc1ccc(-c2ccccc2)cc1,0
384.15,O=C(Cl)c1ccc(-c2ccccc2)cc1,O=C(Cl)c1ccc(-c2ccccc2)cc1,0
354.15,Nc1ccccc1-c1ccccc1N,Nc1ccccc1-c1ccccc1N,0
327.65,Nc1ccc(-c2ccccc2N)cc1,Nc1ccc(-c2ccccc2N)cc1,0
506.65,O=C(O)c1ccccc1-c1ccccc1C(=O)O,O=C(O)c1ccccc1-c1ccccc1C(=O)O,0
386.75,Oc1ccccc1-c1ccccc1O,Oc1ccccc1-c1ccccc1O,0
370.65,Oc1ccc(O)c(-c2ccccc2)c1,Oc1ccc(O)c(-c2ccccc2)c1,0
560.75,Oc1ccc(-c2ccc(O)cc2)cc1,Oc1ccc(-c2ccc(O)cc2)cc1,0
345.65,O=S(=O)(O)c1ccc(-c2ccc(S(=O)(=O)O)cc2)cc1,O=S(=O)(O)c1ccc(-c2ccc(S(=O)(=O)O)cc2)cc1,0
583.15,Oc1cc(O)cc(-c2cc(O)cc(O)c2)c1,Oc1cc(O)cc(-c2cc(O)cc(O)c2)c1,0
445.95,CC(=O)Nc1ccc(-c2ccccc2)cc1,CC(=O)Nc1ccc(-c2ccccc2)cc1,0
394.15,CC(=O)c1ccc(-c2ccccc2)cc1,CC(=O)c1ccc(-c2ccccc2)cc1,0
441.15,c1ccc(-c2ccc(-c3nnc(-c4ccccc4)o3)cc2)cc1,c1ccc(-c2ccc(-c3nnc(-c4ccccc4)o3)cc2)cc1,0
343.04999999999995,c1ccc(-c2ccccn2)nc1,c1ccc(-c2ccccn2)nc1,0
332.85,c1ccc(-c2ccncc2)nc1,c1ccc(-c2ccncc2)nc1,0
341.15,c1cncc(-c2cccnc2)c1,c1cncc(-c2cccnc2)c1,0
377.55,c1cc(-c2ccncc2)ccn1,c1cc(-c2ccncc2)ccn1,0
469.15,c1ccc2nc(-c3ccc4ccccc4n3)ccc2c1,c1ccc2nc(-c3ccc4ccccc4n3)ccc2c1,0
485.15,CC(=O)CC(=O)Nc1ccc(-c2ccc(NC(=O)CC(C)=O)c(C)c2)cc1C,CC(=O)CC(=O)Nc1ccc(-c2ccc(NC(=O)CC(C)=O)c(C)c2)cc1C,0
407.15,CC(=O)Oc1ccc(C(c2ccc(OC(C)=O)cc2)c2ccccn2)cc1,CC(=O)Oc1ccc(C(c2ccc(OC(C)=O)cc2)c2ccccn2)cc1,0
288.15,NC1CCC(CC2CCC(N)CC2)CC1,NC1CCC(CC2CCC(N)CC2)CC1,0
234.15,NCCNCCN,NCCNCCN,0
285.15,NCCNCCNCCN,NCCNCCNCCN,0
366.15,Nc1ccccc1SSc1ccccc1N,Nc1ccccc1SSc1ccccc1N,0
358.15,Nc1ccc(SSc2ccc(N)cc2)cc1,Nc1ccc(SSc2ccc(N)cc2)cc1,0
410.15,Nc1ccc(CCc2ccc(N)cc2)cc1,Nc1ccc(CCc2ccc(N)cc2)cc1,0
451.15,Nc1ccc(S(=O)(=O)c2ccc(N)cc2)cc1,Nc1ccc(S(=O)(=O)c2ccc(N)cc2)cc1,0
448.15,Nc1ccc(S(=O)c2ccc(N)cc2)cc1,Nc1ccc(S(=O)c2ccc(N)cc2)cc1,0
302.15,NCCCNCCCCNCCCN,NCCCNCCCCNCCCN,0
368.15,BrCc1ccccc1CBr,BrCc1ccccc1CBr,0
350.15,BrCc1cccc(CBr)c1,BrCc1cccc(CBr)c1,0
417.65,BrCc1ccc(CBr)cc1,BrCc1ccc(CBr)cc1,0
386.15,OCC(CO)(CBr)CBr,OCC(CO)(CBr)CBr,0
327.15,Brc1ccc(Oc2ccc(Br)cc2)cc1,Brc1ccc(Oc2ccc(Br)cc2)cc1,0
352.15,CC(C)(C)OOC(C)(C)c1ccc(C(C)(C)OOC(C)(C)C)cc1,CC(C)(C)OOC(C)(C)c1ccc(C(C)(C)OOC(C)(C)C)cc1,0
396.15,CCc1cc(Cc2cc(CC)cc(C(C)(C)C)c2O)c(O)c(C(C)(C)C)c1,CCc1cc(Cc2cc(CC)cc(C(C)(C)C)c2O)c(O)c(C(C)(C)C)c1,0
414.15,O=C(OOC(=O)c1ccc(Cl)cc1)c1ccc(Cl)cc1,O=C(OOC(=O)c1ccc(Cl)cc1)c1ccc(Cl)cc1,0
318.15,ClCCN(CCCl)c1ccccc1,ClCCN(CCCl)c1ccccc1,0
281.15,O=C(OCCCl)OCCCl,O=C(OCCCl)OCCCl,0
226.25,ClCCOCCCl,ClCCOCCCl,0
304.15,O=NN(CCCl)C(=O)NCCCl,O=NN(CCCl)C(=O)NCCCl,0
286.65,ClCCSCCCl,ClCCSCCCl,0
478.15,O=S(=O)(CCCl)CCS(=O)(=O)CCCl,O=S(=O)(CCCl)CCS(=O)(=O)CCCl,0
328.15,ClCc1ccccc1CCl,ClCc1ccccc1CCl,0
307.15,ClCc1cccc(CCl)c1,ClCc1cccc(CCl)c1,0
373.15,ClCc1ccc(CCl)cc1,ClCc1ccc(CCl)cc1,0
231.65,ClCOCCl,ClCOCCl,0
292.15,ClCC1(CCl)COC1,ClCC1(CCl)COC1,0
356.15,OCC(CO)(CCl)CCl,OCC(CO)(CCl)CCl,0
183.15,C[Si](C)(CCl)O[Si](C)(C)CCl,C[Si](C)(CCl)O[Si](C)(C)CCl,0
343.65,Clc1ccc(OCOc2ccc(Cl)cc2)cc1,Clc1ccc(OCOc2ccc(Cl)cc2)cc1,0
345.95,Clc1ccc(SSc2ccc(Cl)cc2)cc1,Clc1ccc(SSc2ccc(Cl)cc2)cc1,0
470.95,O=C(C(=O)c1ccc(Cl)cc1)c1ccc(Cl)cc1,O=C(C(=O)c1ccc(Cl)cc1)c1ccc(Cl)cc1,0
343.15,CC(O)(c1ccc(Cl)cc1)c1ccc(Cl)cc1,CC(O)(c1ccc(Cl)cc1)c1ccc(Cl)cc1,0
360.15,Clc1ccccc1NNc1ccccc1Cl,Clc1ccccc1NNc1ccccc1Cl,0
328.65,Clc1ccc(Cc2ccc(Cl)cc2)cc1,Clc1ccc(Cc2ccc(Cl)cc2)cc1,0
421.95,O=S(=O)(c1ccc(Cl)cc1)c1ccc(Cl)cc1,O=S(=O)(c1ccc(Cl)cc1)c1ccc(Cl)cc1,0
449.15,S=C(Nc1ccc(Cl)cc1)Nc1ccc(Cl)cc1,S=C(Nc1ccc(Cl)cc1)Nc1ccc(Cl)cc1,0
348.25,OC(c1ccc(Cl)cc1)(c1ccc(Cl)cc1)C(Cl)(Cl)Cl,OC(c1ccc(Cl)cc1)(c1ccc(Cl)cc1)C(Cl)(Cl)Cl,0
389.65,BrC(Br)c1ccccc1C(Br)Br,BrC(Br)c1ccccc1C(Br)Br,0
379.15,O=C(OOC(=O)c1ccc(Cl)cc1Cl)c1ccc(Cl)cc1Cl,O=C(OOC(=O)c1ccc(Cl)cc1Cl)c1ccc(Cl)cc1Cl,0
344.15,Clc1ccc(Oc2ccc(Cl)cc2Cl)c(Cl)c1,Clc1ccc(Oc2ccc(Cl)cc2Cl)c(Cl)c1,0
368.45,CCN(CC)c1ccc(C(=O)c2ccc(N(CC)CC)cc2)cc1,CCN(CC)c1ccc(C(=O)c2ccc(N(CC)CC)cc2)cc1,0
364.65,CN(C)c1ccc(Cc2ccc(N(C)C)cc2)cc1,CN(C)c1ccc(Cc2ccc(N(C)C)cc2)cc1,0
477.15,CN(C)c1ccc(C(=S)c2ccc(N(C)C)cc2)cc1,CN(C)c1ccc(C(=S)c2ccc(N(C)C)cc2)cc1,0
375.15,CN(C)c1ccc(C(O)c2ccc(N(C)C)cc2)cc1,CN(C)c1ccc(C(O)c2ccc(N(C)C)cc2)cc1,0
375.15,CN(C)c1ccc(C(c2ccccc2)c2ccc(N(C)C)cc2)cc1,CN(C)c1ccc(C(c2ccccc2)c2ccc(N(C)C)cc2)cc1,0
453.15,CCC(C)(C)c1cc(O)c(C(C)(C)CC)cc1O,CCC(C)(C)c1cc(O)c(C(C)(C)CC)cc1O,0
299.15,CCC(C)(C)c1ccc(O)c(C(C)(C)CC)c1,CCC(C)(C)c1ccc(O)c(C(C)(C)CC)c1,0
416.65,c1ccc(P(CCP(c2ccccc2)c2ccccc2)c2ccccc2)cc1,c1ccc(P(CCP(c2ccccc2)c2ccccc2)c2ccccc2)cc1,0
315.65,c1cc(OCC2CO2)cc(OCC2CO2)c1,c1cc(OCC2CO2)cc(OCC2CO2)c1,0
307.15,CCOCCOC(=O)c1ccccc1C(=O)OCCOCC,CCOCCOC(=O)c1ccccc1C(=O)OCCOCC,0
205.35,CCCCC(CC)COC(=O)CCCCC(=O)OCC(CC)CCCC,CCCCC(CC)COC(=O)CCCCC(=O)OCC(CC)CCCC,0
195.15,CCCCC(CC)COC(=O)CCCCCCCC(=O)OCC(CC)CCCC,CCCCC(CC)COC(=O)CCCCCCCC(=O)OCC(CC)CCCC,0
218.15,CCCCC(CC)COC(=O)c1ccccc1C(=O)OCC(CC)CCCC,CCCCC(CC)COC(=O)c1ccccc1C(=O)OCC(CC)CCCC,0
218.15,CCCCCCCCOC(=O)CCCCCCCCC(=O)OCCCCCCCC,CCCCCCCCOC(=O)CCCCCCCCC(=O)OCCCCCCCC,0
349.15,CCC(C)(S(=O)(=O)CC)S(=O)(=O)CC,CCC(C)(S(=O)(=O)CC)S(=O)(=O)CC,0
398.65,Oc1ccccc1C=NCCN=Cc1ccccc1O,Oc1ccccc1C=NCCN=Cc1ccccc1O,0
404.15,Cc1cc(Cc2cc(C)cc(C(C)(C)C)c2O)c(O)c(C(C)(C)C)c1,Cc1cc(Cc2cc(C)cc(C(C)(C)C)c2O)c(O)c(C(C)(C)C)c1,0
447.15,Oc1ccc(Cl)cc1Sc1cc(Cl)ccc1O,Oc1ccc(Cl)cc1Sc1cc(Cl)ccc1O,0
299.15,OCCSSCCO,OCCSSCCO,0
311.85,CCCCCCCCCCCC(=O)N(CCO)CCO,CCCCCCCCCCCC(=O)N(CCO)CCO,0
223.15,CCN(CCO)CCO,CCN(CCO)CCO,0
373.25,OCCNCCNCCO,OCCNCCNCCO,0
467.15,O=C(O)CN(CCO)CCO,O=C(O)CN(CCO)CCO,0
252.15,CN(CCO)CCO,CN(CCO)CCO,0
337.65,Cc1cccc(N(CCO)CCO)c1,Cc1cccc(N(CCO)CCO)c1,0
262.95,OCCSCCO,OCCSCCO,0
382.65,O=C(OCCO)c1ccc(C(=O)OCCO)cc1,O=C(OCCO)c1ccc(C(=O)OCCO)cc1,0
337.95,OCCSCCSCCO,OCCSCCSCCO,0
412.25,COc1ccc(C(=O)c2ccc(OC)cc2O)c(O)c1,COc1ccc(C(=O)c2ccc(OC)cc2O)c(O)c1,0
374.15,O=C1N(CO)CCN1CO,O=C1N(CO)CCN1CO,0
413.15,Cc1cc(C(C)(C)c2ccc(O)c(C)c2)ccc1O,Cc1cc(C(C)(C)c2ccc(O)c(C)c2)ccc1O,0
290.45,C=CC(=O)OCC(COC(=O)C=C)(COC(=O)C=C)COC(=O)C=C,C=CC(=O)OCC(COC(=O)C=C)(COC(=O)C=C)COC(=O)C=C,0
393.65,CCC(C)(c1ccc(O)cc1)c1ccc(O)cc1,CCC(C)(c1ccc(O)cc1)c1ccc(O)cc1,0
435.65,Oc1ccc(Cc2ccc(O)cc2)cc1,Oc1ccc(Cc2ccc(O)cc2)cc1,0
433.15,CC(C)(c1ccc(O)cc1)c1ccc(O)cc1,CC(C)(c1ccc(O)cc1)c1ccc(O)cc1,0
346.15,C=C(C)C(=O)Oc1ccc(C(C)(C)c2ccc(OC(=O)C(=C)C)cc2)cc1,C=C(C)C(=O)Oc1ccc(C(C)(C)c2ccc(OC(=O)C(=C)C)cc2)cc1,0
513.65,O=S(=O)(c1ccc(O)cc1)c1ccc(O)cc1,O=S(=O)(c1ccc(O)cc1)c1ccc(O)cc1,0
262.15,SCCSCCS,SCCSCCS,0
474.45,C=C(C)COC(=O)OCC(=C)C,C=C(C)COC(=O)OCC(=C)C,0
406.15,COc1ccc(C(=O)C(=O)c2ccc(OC)cc2)cc1,COc1ccc(C(=O)C(=O)c2ccc(OC)cc2)cc1,0
320.65,Cc1ccc(SSc2ccc(C)cc2)cc1,Cc1ccc(SSc2ccc(C)cc2)cc1,0
324.15,Cc1ccc(Oc2ccc(C)cc2)cc1,Cc1ccc(Oc2ccc(C)cc2)cc1,0
313.15,CC(C)(OOC(C)(C)c1ccccc1)c1ccccc1,CC(C)(OOC(C)(C)c1ccccc1)c1ccccc1,0
518.8499999999999,Cc1ccc([Hg]c2ccc(C)cc2)cc1,Cc1ccc([Hg]c2ccc(C)cc2)cc1,0
505.15,Cc1nc(-c2ccc(-c3nc(C)c(-c4ccccc4)o3)cc2)oc1-c1ccccc1,Cc1nc(-c2ccc(-c3nc(C)c(-c4ccccc4)o3)cc2)oc1-c1ccccc1,0
330.45,Cc1ccc(Sc2ccc(C)cc2)cc1,Cc1ccc(Sc2ccc(C)cc2)cc1,0
423.15,Cc1ccc(S(=O)(=O)c2ccc(C)cc2)cc1,Cc1ccc(S(=O)(=O)c2ccc(C)cc2)cc1,0
286.85,CN1CCC(CCCC2CCN(C)CC2)CC1,CN1CCC(CCCC2CCN(C)CC2)CC1,0
348.15,C1CN(CCN2CCOCC2)CCO1,C1CN(CCN2CCOCC2)CCO1,0
471.65,O=[N+]([O-])c1ccccc1SSc1ccccc1[N+](=O)[O-],O=[N+]([O-])c1ccccc1SSc1ccccc1[N+](=O)[O-],0
357.15,O=[N+]([O-])c1cccc(SSc2cccc([N+](=O)[O-])c2)c1,O=[N+]([O-])c1cccc(SSc2cccc([N+](=O)[O-])c2)c1,0
455.15,O=[N+]([O-])c1ccc(SSc2ccc([N+](=O)[O-])cc2)cc1,O=[N+]([O-])c1ccc(SSc2ccc([N+](=O)[O-])cc2)cc1,0
454.95,O=[N+]([O-])c1ccc(CCc2ccc([N+](=O)[O-])cc2)cc1,O=[N+]([O-])c1ccc(CCc2ccc([N+](=O)[O-])cc2)cc1,0
585.15,O=C(Nc1ccc([N+](=O)[O-])cc1)Nc1ccc([N+](=O)[O-])cc1,O=C(Nc1ccc([N+](=O)[O-])cc1)Nc1ccc([N+](=O)[O-])cc1,0
495.15,Brc1cc(Br)c(OCCOc2c(Br)cc(Br)cc2Br)c(Br)c1,Brc1cc(Br)c(OCCOc2c(Br)cc(Br)cc2Br)c(Br)c1,0
469.15,O=C(NC(O)C(Cl)(Cl)Cl)NC(O)C(Cl)(Cl)Cl,O=C(NC(O)C(Cl)(Cl)Cl)NC(O)C(Cl)(Cl)Cl,0
382.15,ClC(Cl)(Cl)c1ccc(C(Cl)(Cl)Cl)cc1,ClC(Cl)(Cl)c1ccc(C(Cl)(Cl)Cl)cc1,0
352.15,O=C(OC(Cl)(Cl)Cl)OC(Cl)(Cl)Cl,O=C(OC(Cl)(Cl)Cl)OC(Cl)(Cl)Cl,0
299.15,C[Si](C)(C)C#C[Si](C)(C)C,C[Si](C)(C)C#C[Si](C)(C)C,0
503.15,O=[N+]([O-])c1cc([N+](=O)[O-])c(Sc2c([N+](=O)[O-])cc([N+](=O)[O-])cc2[N+](=O)[O-])c([N+](=O)[O-])c1,O=[N+]([O-])c1cc([N+](=O)[O-])c(Sc2c([N+](=O)[O-])cc([N+](=O)[O-])cc2[N+](=O)[O-])c([N+](=O)[O-])c1,0
461.15,Oc1c(Cl)cc(Cl)cc1Sc1cc(Cl)cc(Cl)c1O,Oc1c(Cl)cc(Cl)cc1Sc1cc(Cl)cc(Cl)c1O,0
304.25,c1csc(-c2cccs2)c1,c1csc(-c2cccs2)c1,0
471.15,COC(=O)/C=C/C(C)=C\C=C\C(C)=C\C=C\C=C(C)\C=C\C=C(C)\C=C\C(=O)O,COC(=O)/C=C/C(C)=C\C=C\C(C)=C\C=C\C=C(C)\C=C\C=C(C)\C=C\C(=O)O,0
438.15,C[C@]12CC[C@H]3[C@@H](CCC4=CC(=O)C=C[C@@]43C)[C@@H]1CC[C@@H]2O,C[C@]12CC[C@H]3[C@@H](CCC4=CC(=O)C=C[C@@]43C)[C@@H]1CC[C@@H]2O,0
436.15,COc1cc2c(cc1O)C[C@H]1c3c(cc(O)c(OC)c3-2)CCN1C,COc1cc2c(cc1O)C[C@H]1c3c(cc(O)c(OC)c3-2)CCN1C,0
136.14999999999998,[BH3-]C#[O+],[BH3-]C#[O+],0
479.15,CC1(C)C2CCC1(C)C(O)C2,CC1(C)C2CCC1(C)C(O)C2,0
300.15,CC(=O)O[C@@H]1C[C@@H]2CC[C@@]1(C)C2(C)C,CC(=O)O[C@@H]1C[C@@H]2CC[C@@]1(C)C2(C)C,0
436.15,CC1(C)[C@@H]2CC[C@@]1(C)[C@@H](N)C2,CC1(C)[C@@H]2CC[C@@]1(C)[C@@H](N)C2,0
401.15,CC1(C)[C@@H]2CC[C@@]1(C)[C@@H](Cl)C2,CC1(C)[C@@H]2CC[C@@]1(C)[C@@H](Cl)C2,0
503.15,O=c1oc2ccccc2c(O)c1C1CC(c2ccc(-c3ccc(Br)cc3)cc2)Cc2ccccc21,O=c1oc2ccccc2c(O)c1C1CC(c2ccc(-c3ccc(Br)cc3)cc2)Cc2ccccc21,0
430.95,CCC(C)n1c(=O)[nH]c(C)c(Br)c1=O,CCC(C)n1c(=O)[nH]c(C)c(Br)c1=O,0
478.15,O=c1oc2ccccc2c(O)c1C(CC(O)c1ccc(-c2ccc(Br)cc2)cc1)c1ccccc1,O=c1oc2ccccc2c(O)c1C(CC(O)c1ccc(-c2ccc(Br)cc2)cc1)c1ccccc1,0
319.15,OC(O)C(Br)(Br)Br,OC(O)C(Br)(Br)Br,0
452.15,CC(C)(c1cc(Br)c(O)c(Br)c1)c1cc(Br)c(O)c(Br)c1,CC(C)(c1cc(Br)c(O)c(Br)c1)c1cc(Br)c(O)c(Br)c1,0
376.65,CC(=O)NBr,CC(=O)NBr,0
323.15,O=C(O)CBr,O=C(O)CBr,0
236.65,CC(=O)CBr,CC(=O)CBr,0
324.15,O=C(CBr)c1ccccc1,O=C(CBr)c1ccccc1,0
400.15,O=C(CBr)c1ccc(-c2ccccc2)cc1,O=C(CBr)c1ccc(-c2ccccc2)cc1,0
404.65,C=C(Br)CC1(C(C)CC)C(=O)NC(=O)NC1=O,C=C(Br)CC1(C(C)CC)C(=O)NC(=O)NC1=O,0
454.15,C=C(Br)CC1(C(C)C)C(=O)NC(=O)NC1=O,C=C(Br)CC1(C(C)C)C(=O)NC(=O)NC1=O,0
304.04999999999995,Nc1ccccc1Br,Nc1ccccc1Br,0
291.65,Nc1cccc(Br)c1,Nc1cccc(Br)c1,0
351.35,Nc1ccc(Br)cc1,Nc1ccc(Br)cc1,0
274.45,COc1ccccc1Br,COc1ccccc1Br,0
286.65,COc1ccc(Br)cc1,COc1ccc(Br)cc1,0
294.65,O=Cc1ccccc1Br,O=Cc1ccccc1Br,0
334.25,O=Cc1ccc(Br)cc1,O=Cc1ccc(Br)cc1,0
242.41,Brc1ccccc1,Brc1ccccc1,0
389.15,O=C(O)Cc1ccc(Br)cc1,O=C(O)Cc1ccc(Br)cc1,0
321.15,N#CCc1ccc(Br)cc1,N#CCc1ccc(Br)cc1,0
302.15,N#CC(Br)c1ccccc1,N#CC(Br)c1ccccc1,0
384.65,Oc1ccc(O)c(Br)c1,Oc1ccc(O)c(Br)c1,0
349.15,O=S(=O)(Cl)c1ccc(Br)cc1,O=S(=O)(Cl)c1ccc(Br)cc1,0
346.15,Sc1ccc(Br)cc1,Sc1ccc(Br)cc1,0
422.15,O=C(O)c1ccccc1Br,O=C(O)c1ccccc1Br,0
429.85,O=C(O)c1cccc(Br)c1,O=C(O)c1cccc(Br)c1,0
527.15,O=C(O)c1ccc(Br)cc1,O=C(O)c1ccc(Br)cc1,0
328.65,N#Cc1ccccc1Br,N#Cc1ccccc1Br,0
312.65,N#Cc1cccc(Br)c1,N#Cc1cccc(Br)c1,0
387.15,N#Cc1ccc(Br)cc1,N#Cc1ccc(Br)cc1,0
496.15,Brc1c2ccccc2c2ccc3cccc4ccc1c2c43,Brc1c2ccccc2c2ccc3cccc4ccc1c2c43,0
284.15,O=C(Cl)c1ccccc1Br,O=C(Cl)c1ccccc1Br,0
310.15,O=C(Cl)c1ccc(Br)cc1,O=C(Cl)c1ccc(Br)cc1,0
273.95,Brc1ccccc1-c1ccccc1,Brc1ccccc1-c1ccccc1,0
360.15,Brc1ccc(-c2ccccc2)cc1,Brc1ccc(-c2ccccc2)cc1,0
304.15,BrCc1ccccc1Br,BrCc1ccccc1Br,0
315.15,BrCc1cccc(Br)c1,BrCc1cccc(Br)c1,0
336.15,BrCc1ccc(Br)cc1,BrCc1ccc(Br)cc1,0
325.15,N#CCCC(Br)(C#N)CBr,N#CCCC(Br)(C#N)CBr,0
384.15,O=C(CBr)c1ccc(Br)cc1,O=C(CBr)c1ccc(Br)cc1,0
160.64999999999998,CCCCBr,CCCCBr,0
434.15,O=C(O)C[C@H](Br)C(=O)O,O=C(O)C[C@H](Br)C(=O)O,0
271.15,CCC(Br)C(=O)O,CCC(Br)C(=O)O,0
306.15,O=C(O)CCCBr,O=C(O)CCCBr,0
172.84999999999997,CC/C=C/Br,CC/C=C/Br,0
139.74999999999997,C=C(Br)CC,C=C(Br)CC,0
161.95,C/C=C(/C)Br,C/C=C(/C)Br,0
157.74999999999997,C/C=C(\C)Br,C/C=C(\C)Br,0
314.15,BrCCCCOc1ccccc1,BrCCCCOc1ccccc1,0
292.15,CC(C)(C)c1ccc(Br)cc1,CC(C)(C)c1ccc(Br)cc1,0
313.15,O=C(CBr)c1cccc(Cl)c1,O=C(CBr)c1cccc(Cl)c1,0
260.54999999999995,Clc1ccccc1Br,Clc1ccccc1Br,0
251.75,Clc1cccc(Br)c1,Clc1cccc(Br)c1,0
337.92999999999995,Clc1ccc(Br)cc1,Clc1ccc(Br)cc1,0
113.64999999999998,FC(F)(Cl)Br,FC(F)(Cl)Br,0
435.15,CC1(C)C(=O)N(Br)C(=O)N1Cl,CC1(C)C(=O)N(Br)C(=O)N1Cl,0
256.45,ClCCBr,ClCCBr,0
158.14999999999998,FC(Cl)Br,FC(Cl)Br,0
185.25,ClCBr,ClCBr,0
315.15,ClCc1ccc(Br)cc1,ClCc1ccc(Br)cc1,0
369.65,O=C(CBr)c1ccc(Cl)cc1,O=C(CBr)c1ccc(Cl)cc1,0
214.35,ClCCCBr,ClCCCBr,0
491.65,Cc1c(C2(c3cc(Br)c(O)c(Br)c3C)OS(=O)(=O)c3ccccc32)cc(Br)c(O)c1Br,Cc1c(C2(c3cc(Br)c(O)c(Br)c3C)OS(=O)(=O)c3ccccc32)cc(Br)c(O)c1Br,0
514.65,Cc1cc(C2(c3cc(C)c(O)c(Br)c3)OS(=O)(=O)c3ccccc32)cc(Br)c1O,Cc1cc(C2(c3cc(C)c(O)c(Br)c3)OS(=O)(=O)c3ccccc32)cc(Br)c1O,0
216.87,BrC1CCCCC1,BrC1CCCCC1,0
354.65,OC1CCC(Br)CC1,OC1CCC(Br)CC1,0
243.85,CCCCCCCCCCBr,CCCCCCCCCCBr,0
275.15,CCCCCCCCC(Br)C(=O)O,CCCCCCCCC(Br)C(=O)O,0
356.15,Clc1cc(Cl)cc(Br)c1,Clc1cc(Cl)cc(Br)c1,0
298.15,Clc1ccc(Br)cc1Cl,Clc1ccc(Br)cc1Cl,0
217.15,ClC(Cl)Br,ClC(Cl)Br,0
343.95,Oc1cc(Cl)c(Br)cc1Cl,Oc1cc(Cl)c(Br)cc1Cl,0
311.15,CCN(CC)c1ccc(Br)cc1,CCN(CC)c1ccc(Br)cc1,0
128.14999999999998,FC(F)Br,FC(F)Br,0
505.15,O=C(NO)c1cc(Br)ccc1O,O=C(NO)c1cc(Br)ccc1O,0
328.15,CN(C)c1ccc(Br)cc1,CN(C)c1ccc(Br)cc1,0
256.15,Cc1ccc(Br)c(C)c1,Cc1ccc(Br)c(C)c1,0
282.15,Cc1ccc(C)c(Br)c1,Cc1ccc(C)c(Br)c1,0
272.95,Cc1ccc(Br)cc1C,Cc1ccc(Br)cc1C,0
426.65,Nc1c(Br)cc([N+](=O)[O-])cc1[N+](=O)[O-],Nc1c(Br)cc([N+](=O)[O-])cc1[N+](=O)[O-],0
348.15,O=[N+]([O-])c1ccc(Br)c([N+](=O)[O-])c1,O=[N+]([O-])c1ccc(Br)c([N+](=O)[O-])c1,0
318.15,BrC(c1ccccc1)c1ccccc1,BrC(c1ccccc1)c1ccccc1,0
263.54999999999995,CCCCCCCCCCCCBr,CCCCCCCCCCCCBr,0
305.15,CCCCCCCCCCC(Br)C(=O)O,CCCCCCCCCCC(Br)C(=O)O,0
154.74999999999997,CCBr,CCBr,0
133.64999999999998,C=CBr,C=CBr,0
275.15,CCOc1ccc(Br)cc1,CCOc1ccc(Br)cc1,0
312.15,BrCCOc1ccccc1,BrCCOc1ccccc1,0
259.35,CC(=O)OCCBr,CC(=O)OCCBr,0
217.25,BrCCc1ccccc1,BrCCc1ccccc1,0
205.65,CCc1ccccc1Br,CCc1ccccc1Br,0
229.75,CCc1ccc(Br)cc1,CCc1ccc(Br)cc1,0
216.15,BrCCC1CCCCC1,BrCCC1CCCCC1,0
354.65,O=C1c2ccccc2C(=O)N1CCBr,O=C1c2ccccc2C(=O)N1CCBr,0
337.65,C#Cc1ccc(Br)cc1,C#Cc1ccc(Br)cc1,0
255.75,Fc1ccc(Br)cc1,Fc1ccc(Br)cc1,0
356.65,O=Cc1ccc(Br)o1,O=Cc1ccc(Br)o1,0
301.54999999999995,CCCCCCCCCCCCCCCCCBr,CCCCCCCCCCCCCCCCCBr,0
217.05,CCCCCCCBr,CCCCCCCBr,0
320.15,CCCCCC(C)Br,CCCCCC(C)Br,0
290.65,CCCCCCCCCCCCCCCCBr,CCCCCCCCCCCCCCCCBr,0
325.95,CCCCCCCCCCCCCCC(Br)C(=O)O,CCCCCCCCCCCCCCC(Br)C(=O)O,0
188.25,CCCCCCBr,CCCCCCBr,0
308.15,O=C(O)CCCCCBr,O=C(O)CCCCCBr,0
378.65,O=Cc1cc(Br)ccc1O,O=Cc1cc(Br)ccc1O,0
392.15,O=C(O)C(O)c1ccc(Br)cc1,O=C(O)C(O)c1ccc(Br)cc1,0
386.15,OCc1cc(Br)ccc1O,OCc1cc(Br)ccc1O,0
442.95,O=C(O)c1cc(Br)ccc1O,O=C(O)c1cc(Br)ccc1O,0
440.15,COc1cc(C=O)cc(Br)c1O,COc1cc(C=O)cc(Br)c1O,0
275.25,Brc1ccccc1I,Brc1ccccc1I,0
263.85,Brc1cccc(I)c1,Brc1cccc(I)c1,0
363.52,Brc1ccc(I)cc1,Brc1ccc(I)cc1,0
250.75,CC(C)c1ccc(Br)cc1,CC(C)c1ccc(Br)cc1,0
314.65,Brc1cncc2ccccc12,Brc1cncc2ccccc12,0
179.45,CBr,CBr,0
299.15,Cc1ccc(N)c(Br)c1,Cc1ccc(N)c(Br)c1,0
332.65,Cc1cc(Br)ccc1N,Cc1cc(Br)ccc1N,0
271.65,BrCc1ccccc1,BrCc1ccccc1,0
499.45,O=C(O)c1ccc(CBr)cc1,O=C(O)c1ccc(CBr)cc1,0
369.65,N#Cc1cccc(CBr)c1,N#Cc1cccc(CBr)c1,0
387.15,N#Cc1ccc(CBr)cc1,N#Cc1ccc(CBr)cc1,0
161.14999999999998,CC(C)CCBr,CC(C)CCBr,0
347.15,CC(C)(Br)CC(=O)O,CC(C)(Br)CC(=O)O,0
294.15,Cc1ccccc1CBr,Cc1ccccc1CBr,0
307.15,Cc1ccc(CBr)cc1,Cc1ccc(CBr)cc1,0
329.15,BrCc1cccc2ccccc12,BrCc1cccc2ccccc12,0
329.15,BrCc1ccc2ccccc2c1,BrCc1ccc2ccccc2c1,0
332.45,O=[N+]([O-])c1cccc(CBr)c1,O=[N+]([O-])c1cccc(CBr)c1,0
372.15,O=[N+]([O-])c1ccc(CBr)cc1,O=[N+]([O-])c1ccc(CBr)cc1,0
421.15,O=[N+]([O-])c1ccc(O)c(CBr)c1,O=[N+]([O-])c1ccc(O)c(CBr)c1,0
328.45,Cc1ccc(O)c(Br)c1,Cc1ccc(O)c(Br)c1,0
324.15,Cc1ccc(C(=O)CBr)cc1,Cc1ccc(C(=O)CBr)cc1,0
424.65,O=C1c2ccccc2C(=O)N1CBr,O=C1c2ccccc2C(=O)N1CBr,0
155.34999999999997,CC(C)CBr,CC(C)CBr,0
256.35,CC(C)(C)Br,CC(C)(C)Br,0
321.65,CC(C)(Br)C(=O)O,CC(C)(Br)C(=O)O,0
279.25,Brc1cccc2ccccc12,Brc1cccc2ccccc12,0
331.15,Brc1ccc2ccccc2c1,Brc1ccc2ccccc2c1,0
495.15,O=C1OC(=O)c2ccc(Br)c3cccc1c23,O=C1OC(=O)c2ccc(Br)c3cccc1c23,0
357.15,Oc1ccc2ccccc2c1Br,Oc1ccc2ccccc2c1Br,0
384.65,Nc1ccc(Br)cc1[N+](=O)[O-],Nc1ccc(Br)cc1[N+](=O)[O-],0
311.65,O=[N+]([O-])c1ccccc1Br,O=[N+]([O-])c1ccccc1Br,0
327.15,O=[N+]([O-])c1cccc(Br)c1,O=[N+]([O-])c1cccc(Br)c1,0
406.15,O=[N+]([O-])c1ccc(Br)cc1,O=[N+]([O-])c1ccc(Br)cc1,0
404.65,O=[N+]([O-])C(Br)(CO)CO,O=[N+]([O-])C(Br)(CO)CO,0
244.15,CCCCCCCCCBr,CCCCCCCCCBr,0
300.75,CCCCCCCCCCCCCCCCCCBr,CCCCCCCCCCCCCCCCCCBr,0
218.15,CCCCCCCCBr,CCCCCCCCBr,0
311.65,O=C(O)CCCCCCCBr,O=C(O)CCCCCCCBr,0
291.75,CCCCCCCCCCCCCCCBr,CCCCCCCCCCCCCCCBr,0
242.15,Fc1c(F)c(F)c(Br)c(F)c1F,Fc1c(F)c(F)c(Br)c(F)c1F,0
185.15,CCCCCBr,CCCCCBr,0
177.64999999999998,CCCC(C)Br,CCCC(C)Br,0
146.95,CCC(Br)CC,CCC(Br)CC,0
313.15,O=C(O)CCCCBr,O=C(O)CCCCBr,0
337.65,Brc1cc2ccccc2c2ccccc12,Brc1cc2ccccc2c2ccccc12,0
278.75,Oc1ccccc1Br,Oc1ccccc1Br,0
306.15,Oc1cccc(Br)c1,Oc1cccc(Br)c1,0
336.15,Oc1ccc(Br)cc1,Oc1ccc(Br)cc1,0
552.15,O=S1(=O)OC(c2cc(Br)c(O)c(Br)c2)(c2cc(Br)c(O)c(Br)c2)c2ccccc21,O=S1(=O)OC(c2cc(Br)c(O)c(Br)c2)(c2cc(Br)c(O)c(Br)c2)c2ccccc21,0
291.85,Brc1ccc(Oc2ccccc2)cc1,Brc1ccc(Oc2ccccc2)cc1,0
441.15,CC(=O)Nc1ccc(Br)cc1,CC(=O)Nc1ccc(Br)cc1,0
280.65,CC(=O)c1cccc(Br)c1,CC(=O)c1cccc(Br)c1,0
323.65,CC(=O)c1ccc(Br)cc1,CC(=O)c1ccc(Br)cc1,0
381.15,NNc1ccc(Br)cc1,NNc1ccc(Br)cc1,0
411.15,O=C1c2ccccc2C(=O)C1c1ccc(Br)cc1,O=C1c2ccccc2C(=O)C1c1ccc(Br)cc1,0
355.65,O=C(c1ccccc1)c1ccc(Br)cc1,O=C(c1ccccc1)c1ccc(Br)cc1,0
329.45,COP(=S)(OC)Oc1cc(Cl)c(Br)cc1Cl,COP(=S)(OC)Oc1cc(Cl)c(Br)cc1Cl,0
163.04999999999998,CCCBr,CCCBr,0
184.25,CC(C)Br,CC(C)Br,0
298.85,CC(Br)C(=O)O,CC(Br)C(=O)O,0
335.65,O=C(O)CCBr,O=C(O)CCBr,0
160.14999999999998,C/C=C\Br,C/C=C\Br,0
147.14999999999998,C=C(C)Br,C=C(C)Br,0
153.84999999999997,C=CCBr,C=CCBr,0
307.15,BrC/C=C/c1ccccc1,BrC/C=C/c1ccccc1,0
283.85,BrCCCOc1ccccc1,BrCCCOc1ccccc1,0
349.15,CC(C)OC(=O)C(O)(c1ccc(Br)cc1)c1ccc(Br)cc1,CC(C)OC(=O)C(O)(c1ccc(Br)cc1)c1ccc(Br)cc1,0
233.05,Brc1ccccn1,Brc1ccccn1,0
245.85,Brc1cccnc1,Brc1cccnc1,0
273.65,Brc1ccncc1,Brc1ccncc1,0
583.15,O=c1[nH]cc(Br)c(=O)[nH]1,O=c1[nH]cc(Br)c(=O)[nH]1,0
286.45,Brc1cnc2ccccc2c1,Brc1cnc2ccccc2c1,0
297.15,Brc1ccc2ncccc2c1,Brc1ccc2ncccc2c1,0
447.15,O=C1CCC(=O)N1Br,O=C1CCC(=O)N1Br,0
278.85,CCCCCCCCCCCCCCBr,CCCCCCCCCCCCCCBr,0
367.65,CC(=O)c1ccc(Br)s1,CC(=O)c1ccc(Br)s1,0
474.15,Cc1c(C2(c3cc(C(C)C)c(O)c(Br)c3C)OS(=O)(=O)c3ccccc32)cc(C(C)C)c(O)c1Br,Cc1c(C2(c3cc(C(C)C)c(O)c(Br)c3C)OS(=O)(=O)c3ccccc32)cc(C(C)C)c(O)c1Br,0
245.65,Cc1ccccc1Br,Cc1ccccc1Br,0
235.05,Cc1cccc(Br)c1,Cc1cccc(Br)c1,0
299.35,Cc1ccc(Br)cc1,Cc1ccc(Br)cc1,0
267.54999999999995,ClC(Cl)(Cl)Br,ClC(Cl)(Cl)Br,0
279.04999999999995,CCCCCCCCCCCCCBr,CCCCCCCCCCCCCBr,0
223.85,CC[Si](Br)(CC)CC,CC[Si](Br)(CC)CC,0
179.24999999999997,FC(F)(F)CBr,FC(F)(F)CBr,0
98.74999999999996,FC(F)(F)Br,FC(F)(F)Br,0
274.15,FC(F)(F)c1cccc(Br)c1,FC(F)(F)c1cccc(Br)c1,0
272.15,Cc1cc(C)c(Br)c(C)c1,Cc1cc(C)c(Br)c(C)c1,0
291.15,O=[N+]([O-])C(Br)([N+](=O)[O-])[N+](=O)[O-],O=[N+]([O-])C(Br)([N+](=O)[O-])[N+](=O)[O-],0
426.15,BrC(c1ccccc1)(c1ccccc1)c1ccccc1,BrC(c1ccccc1)(c1ccccc1)c1ccccc1,0
263.25,CCCCCCCCCCCBr,CCCCCCCCCCCBr,0
330.15,O=C(O)CCCCCCCCCCBr,O=C(O)CCCCCCCCCCBr,0
229.15,C=C(Br)c1ccccc1,C=C(Br)c1ccccc1,0
266.15,Br/C=C\c1ccccc1,Br/C=C\c1ccccc1,0
280.15,Br/C=C/c1ccccc1,Br/C=C/c1ccccc1,0
220.45,C=Cc1ccccc1Br,C=Cc1ccccc1Br,0
278.15,C=Cc1ccc(Br)cc1,C=Cc1ccc(Br)cc1,0
451.15,COc1cc2c(cc1OC)[C@@]13CCN4CC5=CCO[C@H]6CC(=O)N2[C@H]1[C@H]6[C@H]5C[C@H]43,COc1cc2c(cc1OC)[C@@]13CCN4CC5=CCO[C@H]6CC(=O)N2[C@H]1[C@H]6[C@H]5C[C@H]43,0
357.15,CCCCC1C(=O)NC(=O)N(C2CCCCC2)C1=O,CCCCC1C(=O)NC(=O)N(C2CCCCC2)C1=O,0
496.15,CC(=O)O[C@H]1C[C@]2(O)[C@@H]3CC[C@@H]4C[C@@H](O)CC[C@]4(C)[C@H]3CC[C@]2(C)[C@H]1c1ccc(=O)oc1,CC(=O)O[C@H]1C[C@]2(O)[C@@H]3CC[C@@H]4C[C@@H](O)CC[C@]4(C)[C@H]3CC[C@]2(C)[C@H]1c1ccc(=O)oc1,0
472.65,COc1ccc2c(c1O)-c1c3c(cc4c1[C@H](C2)N(C)CC4)OCO3,COc1ccc2c(c1O)-c1c3c(cc4c1[C@H](C2)N(C)CC4)OCO3,0
360.15,CCNc1nc(NC(C)CC)nc(OC)n1,CCNc1nc(NC(C)CC)nc(OC)n1,0
268.15,CCCCOCN(C(=O)CCl)c1c(CC)cccc1CC,CCCCOCN(C(=O)CCl)c1c(CC)cccc1CC,0
136.95,C=C=CC,C=C=CC,0
164.24999999999997,C=CC=C,C=CC=C,0
275.45,C=C/C=C/c1ccccc1,C=C/C=C/c1ccccc1,0
238.15,C#CC#C,C#CC#C,0
411.65,C=CCC1(CC(C)C)C(=O)NC(=O)NC1=O,C=CCC1(CC(C)C)C(=O)NC(=O)NC1=O,0
176.28999999999996,CCCC=O,CCCC=O,0
243.65,CCCC=NO,CCCC=NO,0
389.15,CCCC(N)=O,CCCC(N)=O,0
134.84999999999997,CCCC,CCCC,0
295.04999999999995,NCCCCN,NCCCCN,0
196.15,CC(O)CCO,CC(O)CCO,0
293.58,OCCCCO,OCCCCO,0
280.15,C[C@@H](O)[C@@H](C)O,C[C@@H](O)[C@@H](C)O,0
285.15,CC(=O)OCCCCOC(C)=O,CC(=O)OCCCCOC(C)=O,0
389.15,CS(=O)(=O)OCCCCOS(C)(=O)=O,CS(=O)(=O)OCCCCOS(C)(=O)=O,0
271.95,CC(=O)C(C)=O,CC(=O)C(C)=O,0
349.95,CC(=O)/C(C)=N/O,CC(=O)/C(C)=N/O,0
289.85,O=C(Cl)CCC(=O)Cl,O=C(Cl)CCC(=O)Cl,0
219.25,SCCCCS,SCCCCS,0
161.39,CCCC#N,CCCC#N,0
286.65,O=S1(=O)CCCCO1,O=S1(=O)CCCCO1,0
509.65,O=C(O)CC(C(=O)O)C(CC(=O)O)C(=O)O,O=C(O)CC(C(=O)O)C(CC(=O)O)C(=O)O,0
391.25,OC[C@@H](O)[C@@H](O)CO,OC[C@@H](O)[C@@H](O)CO,0
334.15,O=[N+]([O-])OC[C@H](O[N+](=O)[O-])[C@@H](CO[N+](=O)[O-])O[N+](=O)[O-],O=[N+]([O-])OC[C@H](O[N+](=O)[O-])[C@@H](CO[N+](=O)[O-])O[N+](=O)[O-],0
157.48999999999998,CCCCS,CCCCS,0
319.15,CCCCNCC(=O)Nc1c(C)cccc1Cl,CCCCNCC(=O)Nc1c(C)cccc1Cl,0
268.03,CCCC(=O)O,CCCC(=O)O,0
198.15,CCCC(=O)OC(=O)CCC,CCCC(=O)OC(=O)CCC,0
184.55,CCCCO,CCCCO,0
184.71,CCC(C)O,CCC(C)O,0
186.48,CCC(C)=O,CCC(C)=O,0
243.65,CCC(C)=NO,CCC(C)=NO,0
184.15,CCCC(=O)Cl,CCCC(=O)Cl,0
534.15,CCCC(=O)Nc1nnc(S(N)(=O)=O)s1,CCCC(=O)Nc1nnc(S(N)(=O)=O)s1,0
196.55,C/C=C/C=O,C/C=C/C=O,0
87.81999999999996,C=CCC,C=CCC,0
134.26,C/C=C\C,C/C=C\C,0
167.63,C/C=C/C,C/C=C/C,0
369.15,N#C/C=C/C#N,N#C/C=C/C#N,0
284.15,OC/C=C\CO,OC/C=C\CO,0
300.15,OC/C=C/CO,OC/C=C/CO,0
221.65,C/C=C/C#N,C/C=C/C#N,0
186.15,C=CCC#N,C=CCC#N,0
288.15,C/C=C\C(=O)O,C/C=C\C(=O)O,0
344.45,C/C=C/C(=O)O,C/C=C/C(=O)O,0
238.15,C=CCC(=O)O,C=CCC(=O)O,0
243.15,C/C=C/CO,C/C=C/CO,0
230.05,CC/C=C/c1ccccc1,CC/C=C/c1ccccc1,0
203.15,C=CCCc1ccccc1,C=CCCc1ccccc1,0
494.65,CC(C)CC1Nc2cc(Cl)c(S(N)(=O)=O)cc2S(=O)(=O)N1,CC(C)CC1Nc2cc(Cl)c(S(N)(=O)=O)cc2S(=O)(=O)N1,0
305.15,CCCCSC(=Nc1cccnc1)SCc1ccc(C(C)(C)C)cc1,CCCCSC(=Nc1cccnc1)SCc1ccc(C(C)(C)C)cc1,0
198.35,CCCCOCCO,CCCCOCCO,0
183.15,CCCCOCCOCC(C)O,CCCCOCCOCC(C)O,0
427.15,CCCCOc1ccc(CC(=O)NO)cc1,CCCCOc1ccc(CC(=O)NO)cc1,0
338.65,CCCCOc1ccc(O)cc1,CCCCOc1ccc(O)cc1,0
332.45,CCC(C)Nc1c([N+](=O)[O-])cc(C(C)(C)C)cc1[N+](=O)[O-],CCC(C)Nc1c([N+](=O)[O-])cc(C(C)(C)C)cc1[N+](=O)[O-],0
196.15,CCCCOC(C)=O,CCCCOC(C)=O,0
174.24999999999997,CCC(C)OC(C)=O,CCC(C)OC(C)=O,0
279.15,CC(C)(C)CC(=O)O,CC(C)(C)CC(=O)O,0
237.55,CCCCOC(=O)CC(C)=O,CCCCOC(=O)CC(C)=O,0
209.55,C=CC(=O)OCCCC,C=CC(=O)OCCCC,0
224.15,CCCCN,CCCCN,0
168.64999999999998,CCC(C)N,CCC(C)N,0
206.23,CC(C)(C)N,CC(C)(C)N,0
330.15,CCCCOC(=O)c1ccc(N)cc1,CCCCOC(=O)c1ccc(N)cc1,0
317.15,CC(C)(C)NCCO,CC(C)(C)NCCO,0
381.15,CC(C)(C)NSc1nc2ccccc2s1,CC(C)(C)NSc1nc2ccccc2s1,0
290.15,CC(C)(C)c1ccc(N)cc1,CC(C)(C)c1ccc(N)cc1,0
258.75,CCCCNc1ccccc1,CCCCNc1ccccc1,0
372.15,CC(C)(C)c1ccc2c(c1)C(=O)c1ccccc1C2=O,CC(C)(C)c1ccc2c(c1)C(=O)c1ccccc1C2=O,0
185.34,CCCCc1ccccc1,CCCCc1ccccc1,0
197.65,CCC(C)c1ccccc1,CCC(C)c1ccccc1,0
215.31,CC(C)(C)c1ccccc1,CC(C)(C)c1ccccc1,0
327.15,CC(C)(C)c1ccc(O)c(O)c1,CC(C)(C)c1ccc(O)c(O)c1,0
401.15,CC(C)(C)c1cc(O)ccc1O,CC(C)(C)c1cc(O)ccc1O,0
250.75,CCCCOC(=O)c1ccccc1,CCCCOC(=O)c1ccccc1,0
353.65,CC(C)(C)c1ccccc1C(=O)O,CC(C)(C)c1ccccc1C(=O)O,0
400.45,CC(C)(C)c1cccc(C(=O)O)c1,CC(C)(C)c1cccc(C(=O)O)c1,0
437.15,CC(C)(C)c1ccc(C(=O)O)cc1,CC(C)(C)c1ccc(C(=O)O)cc1,0
263.54999999999995,CCCCc1ccccc1-c1ccccc1,CCCCc1ccccc1-c1ccccc1,0
181.65,CCCCOC(=O)CCC,CCCCOC(=O)CCC,0
326.15,CCCCOC(N)=O,CCCCOC(N)=O,0
364.65,CCCCNC(=O)c1ccc(Cl)cc1O,CCCCNC(=O)c1ccc(Cl)cc1O,0
253.15,CCCCOC(=O)CC(O)(CC(=O)OCCCC)C(=O)OCCCC,CCCCOC(=O)CC(O)(CC(=O)OCCCC)C(=O)OCCCC,0
198.47,CCCCC1CCCCC1,CCCCC1CCCCC1,0
231.95,CC(C)(C)C1CCCCC1,CC(C)(C)C1CCCCC1,0
318.15,CC(C)(C)C1CCCCC1O,CC(C)(C)C1CCCCC1O,0
355.15,CC(C)(C)C1CCC(O)CC1,CC(C)(C)C1CCC(O)CC1,0
321.15,CC(C)(C)C1CCC(=O)CC1,CC(C)(C)C1CCC(=O)CC1,0
481.45,CCCCNC1CCCCC1,CCCCNC1CCCCC1,0
165.2,CCCCC1CCCC1,CCCCC1CCCC1,0
282.15,CCCCOC(=O)COc1ccc(Cl)cc1Cl,CCCCOC(=O)COc1ccc(Cl)cc1Cl,0
255.15,Cc1cc(C)cc(C(C)(C)C)c1,Cc1cc(C)cc(C(C)(C)C)c1,0
408.65,CC(=O)c1c(C)c([N+](=O)[O-])c(C(C)(C)C)c([N+](=O)[O-])c1C,CC(=O)c1c(C)c([N+](=O)[O-])c(C(C)(C)C)c([N+](=O)[O-])c1C,0
295.45,Cc1cc(C)c(O)c(C(C)(C)C)c1,Cc1cc(C)c(O)c(C(C)(C)C)c1,0
344.35,Cc1cc(C(C)(C)C)c(C)cc1O,Cc1cc(C(C)(C)C)c(C)cc1O,0
355.54999999999995,Cc1cc(C(C)(C)C)cc(C)c1O,Cc1cc(C(C)(C)C)cc(C)c1O,0
384.65,Cc1c([N+](=O)[O-])c(C)c([N+](=O)[O-])c(C(C)(C)C)c1[N+](=O)[O-],Cc1c([N+](=O)[O-])c(C)c([N+](=O)[O-])c(C(C)(C)C)c1[N+](=O)[O-],0
399.15,CC(C)(C)c1cc([N+](=O)[O-])cc([N+](=O)[O-])c1O,CC(C)(C)c1cc([N+](=O)[O-])cc([N+](=O)[O-])c1O,0
481.15,CCCCCCCCCCCCCCCCCC(CCCC)CCCC,CCCCCCCCCCCCCCCCCC(CCCC)CCCC,0
234.75,CCc1ccc(C(C)(C)C)cc1,CCc1ccc(C(C)(C)C)cc1,0
149.14999999999998,CCCCOCC,CCCCOCC,0
179.14999999999998,CCOC(C)(C)C,CCOC(C)(C)C,0
296.15,CCc1ccc(O)c(C(C)(C)C)c1,CCc1ccc(O)c(C(C)(C)C)c1,0
316.15,CCCCC(CC)(CO)CO,CCCCC(CC)(CO)CO,0
396.15,CCCCC1(CC)C(=O)NC(=O)NC1=O,CCCCC1(CC)C(=O)NC(=O)NC1=O,0
178.04999999999998,CCCCSCC,CCCCSCC,0
187.25,CCSC(C)(C)C,CCSC(C)(C)C,0
289.15,CC(C)(C)NC=O,CC(C)(C)NC=O,0
183.15,CCCCOC=O,CCCCOC=O,0
205.15,CCCCCCC(=O)OCCCC,CCCCCCC(=O)OCCCC,0
223.15,CCCCCC(=O)OCCCC,CCCCCC(=O)OCCCC,0
281.75,CCCCOC(=O)CCC(=O)O,CCCCOC(=O)CCC(=O)O,0
279.15,CC(C)(C)OO,CC(C)(C)OO,0
324.15,COc1ccc(O)c(C(C)(C)C)c1,COc1ccc(O)c(C(C)(C)C)c1,0
267.25,CCCCOC(=O)c1ccccc1O,CCCCOC(=O)c1ccccc1O,0
341.65,CCCCOC(=O)c1ccc(O)cc1,CCCCOC(=O)c1ccc(O)cc1,0
184.85,CC(C)OC(C)(C)C,CC(C)OC(C)(C)C,0
283.65,CC(C)(C)N=C=S,CC(C)(C)N=C=S,0
292.25,COc1ccc(C(C)(C)C)cc1,COc1ccc(C(C)(C)C)cc1,0
358.15,COc1c(C(C)(C)C)cc([N+](=O)[O-])c(C)c1[N+](=O)[O-],COc1c(C(C)(C)C)cc([N+](=O)[O-])c(C)c1[N+](=O)[O-],0
338.15,COc1ccc(O)cc1C(C)(C)C,COc1ccc(O)cc1C(C)(C)C,0
222.85,Cc1ccccc1C(C)(C)C,Cc1ccccc1C(C)(C)C,0
231.79,Cc1cccc(C(C)(C)C)c1,Cc1cccc(C(C)(C)C)c1,0
220.66,Cc1ccc(C(C)(C)C)cc1,Cc1ccc(C(C)(C)C)cc1,0
157.45,CCCCOC,CCCCOC,0
325.45,Cc1ccc(O)c(C(C)(C)C)c1,Cc1ccc(O)c(C(C)(C)C)c1,0
319.65,Cc1ccc(C(C)(C)C)c(O)c1,Cc1ccc(C(C)(C)C)c(O)c1,0
302.15,Cc1cccc(C(C)(C)C)c1O,Cc1cccc(C(C)(C)C)c1O,0
300.65,Cc1cc(C(C)(C)C)ccc1O,Cc1cc(C(C)(C)C)ccc1O,0
175.33999999999995,CCCCSC,CCCCSC,0
216.05,CCCCN1CCOCC1,CCCCN1CCOCC1,0
253.45,CCCCc1cccc2ccccc12,CCCCc1cccc2ccccc12,0
266.15,CCCCc1ccc2ccccc2c1,CCCCc1ccc2ccccc2c1,0
235.15,CCCCCCCCC(=O)OCCCC,CCCCCCCCC(=O)OCCCC,0
230.25,CCCCCCCC(=O)OCCCC,CCCCCCCC(=O)OCCCC,0
246.75,CCCCCCCC/C=C\CCCCCCCC(=O)OCCCC,CCCCCCCC/C=C\CCCCCCCC(=O)OCCCC,0
289.15,CCCCCCCCCCCCCCCC(=O)OCCCC,CCCCCCCCCCCCCCCC(=O)OCCCC,0
189.38,CCCCOC(=O)CCCC,CCCCOC(=O)CCCC,0
253.15,CCCCc1ccccc1O,CCCCc1ccccc1O,0
291.15,CCC(C)c1ccccc1O,CCC(C)c1ccccc1O,0
267.54999999999995,CC(C)(C)c1ccccc1O,CC(C)(C)c1ccccc1O,0
320.15,CC(C)(C)c1cccc(O)c1,CC(C)(C)c1cccc(O)c1,0
295.15,CCCCc1ccc(O)cc1,CCCCc1ccc(O)cc1,0
333.15,CCC(C)c1ccc(O)cc1,CCC(C)c1ccc(O)cc1,0
373.15,CC(C)(C)c1ccc(O)cc1,CC(C)(C)c1ccc(O)cc1,0
297.65,CCCCN(C(C)=O)c1ccccc1,CCCCN(C(C)=O)c1ccccc1,0
290.85,CC(=O)c1ccc(C(C)(C)C)cc1,CC(=O)c1ccc(C(C)(C)C)cc1,0
253.75,CCCCOc1ccccc1,CCCCOc1ccccc1,0
377.65,CCCCC(C(=O)O)C(=O)O,CCCCC(C(=O)O)C(=O)O,0
183.65,CCCCOC(=O)CC,CCCCOC(=O)CC,0
401.15,C=CC(=O)NC(C)(C)C,C=CC(=O)NC(C)(C)C,0
233.45,CC(C)(C)c1ccncc1,CC(C)(C)c1ccncc1,0
370.15,CCCCc1ccc(C(=O)O)nc1,CCCCc1ccc(C(=O)O)nc1,0
299.71,CCCCCCCCCCCCCCCCCC(=O)OCCCC,CCCCCCCCCCCCCCCCCC(=O)OCCCC,0
301.65,CCCCOC(=O)COc1cc(Cl)c(Cl)cc1Cl,CCCCOC(=O)COc1cc(Cl)c(Cl)cc1Cl,0
369.45,CCCCNC(N)=O,CCCCNC(N)=O,0
442.15,CCC(C)NC(N)=O,CCC(C)NC(N)=O,0
449.75,CC(C)(C)NC(N)=O,CC(C)(C)NC(N)=O,0
236.25,C=Cc1ccc(C(C)(C)C)cc1,C=Cc1ccc(C(C)(C)C)cc1,0
181.15,C=COCCCC,C=COCCCC,0
161.14999999999998,C=COC(C)(C)C,C=COC(C)(C)C,0
147.45,C#CCC,C#CCC,0
240.95,CC#CC,CC#CC,0
490.15,NC(=O)C#CC(N)=O,NC(=O)C#CC(N)=O,0
293.15,N#CC#CC#N,N#CC#CC#N,0
439.15,O=C(O)C#CC(=O)O,O=C(O)C#CC(=O)O,0
330.15,OCC#CCO,OCC#CCO,0
351.15,CC#CC(=O)O,CC#CC(=O)O,0
272.04999999999995,CC#CCO,CC#CCO,0
209.65,C#CCCO,C#CCCO,0
271.65,C#CC(C)O,C#CC(C)O,0
229.79,O=C1CCCO1,O=C1CCCO1,0
573.15,O=C(O)C[C@@H]1OCC=C2CN3CC[C@]45C6=CC(=O)C(=O)C([N+](=O)[O-])=C6N[C@H]4[C@H]1[C@H]2C[C@H]35,O=C(O)C[C@@H]1OCC=C2CN3CC[C@]45C6=CC(=O)C(=O)C([N+](=O)[O-])=C6N[C@H]4[C@H]1[C@H]2C[C@H]35,0
509.25,Cn1c(=O)c2c(ncn2C)n(C)c1=O,Cn1c(=O)c2c(ncn2C)n(C)c1=O,0
544.15,C[C@@H]1C[C@@H](O)[C@]2(O)O[C@@H]3C[C@@]4(C=O)[C@@H](CC[C@@H]5[C@@H]4CC[C@]4(C)[C@@H](C6=CC(=O)OC6)CC[C@]54O)C[C@H]3O[C@@H]2O1,C[C@@H]1C[C@@H](O)[C@]2(O)O[C@@H]3C[C@@]4(C=O)[C@@H](CC[C@@H]5[C@@H]4CC[C@]4(C)[C@@H](C6=CC(=O)OC6)CC[C@]54O)C[C@H]3O[C@@H]2O1,0
541.15,C[C@H]1O[C@H]2O[C@@H]3C[C@@H]4CC[C@@H]5C(CC[C@]6(C)[C@@H](C7=CC(=O)OC7)CC[C@]56O)[C@@]4(C=O)C[C@H]3O[C@@]2(O)[C@H](O)[C@@H]1O,C[C@H]1O[C@H]2O[C@@H]3C[C@@H]4CC[C@@H]5C(CC[C@]6(C)[C@@H](C7=CC(=O)OC7)CC[C@]56O)[C@@]4(C=O)C[C@H]3O[C@@]2(O)[C@H](O)[C@@H]1O,0
494.15,C[C@@H]1C[C@H](O)[C@]2(O)O[C@@H]3C[C@@]4(C=O)[C@@H](CC[C@@H]5[C@@H]4CC[C@]4(C)[C@@H](C6=CC(=O)OC6)CC[C@]54O)C[C@H]3O[C@@H]2O1,C[C@@H]1C[C@H](O)[C@]2(O)O[C@@H]3C[C@@]4(C=O)[C@@H](CC[C@@H]5[C@@H]4CC[C@]4(C)[C@@H](C6=CC(=O)OC6)CC[C@]54O)C[C@H]3O[C@@H]2O1,0
430.65,C[C@H]1CC2=CC(=O)CC[C@]2(C)[C@H]2CC[C@@]3(C)[C@@H](CC[C@]3(C)O)[C@H]12,C[C@H]1CC2=CC(=O)CC[C@]2(C)[C@H]2CC[C@@]3(C)[C@@H](CC[C@]3(C)O)[C@H]12,0
325.15,C=C1[C@H]2CC[C@H](C2)C1(C)C,C=C1[C@H]2CC[C@H](C2)C1(C)C,0
325.15,C=C1[C@@H]2CC[C@@H](C2)C1(C)C,C=C1[C@@H]2CC[C@@H](C2)C1(C)C,0
400.65,CC1(C)[C@@H]2CC[C@@]1(C)C(=O)[C@H]2C(=O)O,CC1(C)[C@@H]2CC[C@@]1(C)C(=O)[C@H]2C(=O)O,0
450.85,CC12CCC(CC1=O)C2(C)C,CC12CCC(CC1=O)C2(C)C,0
451.85,CC1(C)[C@@H]2CC[C@@]1(C)C(=O)C2,CC1(C)[C@@H]2CC[C@@]1(C)C(=O)C2,0
453.15,CC1(C)[C@H]2CC[C@]1(C)C(=O)C2,CC1(C)[C@H]2CC[C@]1(C)C(=O)C2,0
475.15,CC1(C)[C@@H](C(=O)O)CC[C@@]1(C)C(=O)O,CC1(C)[C@@H](C(=O)O)CC[C@@]1(C)C(=O)O,0
468.15,CC1(C)[C@@H]2CC[C@@]1(CS(=O)(=O)O)C(=O)C2,CC1(C)[C@@H]2CC[C@@]1(CS(=O)(=O)O)C(=O)C2,0
407.15,COc1ccc2c(c1OC)CN1CCc3cc4c(cc3C1C2)OCO4,COc1ccc2c(c1OC)CN1CCc3cc4c(cc3C1C2)OCO4,0
340.15,C=C(C)[C@@H]1CCC(C)=C[C@H]1c1c(O)cc(CCCCC)cc1O,C=C(C)[C@@H]1CCC(C)=C[C@H]1c1c(O)cc(CCCCC)cc1O,0
350.15,CCCCCc1cc(O)c2c(c1)OC(C)(C)c1ccc(C)cc1-2,CCCCCc1cc(O)c2c(c1)OC(C)(C)c1ccc(C)cc1-2,0
423.15,C[C@]12CCC(=O)C=C1C=C[C@@H]1[C@@H]2CC[C@@]2(C)[C@H]1CC[C@@]21CCC(=O)O1,C[C@]12CCC(=O)C=C1C=C[C@@H]1[C@@H]2CC[C@@]2(C)[C@H]1CC[C@@]21CCC(=O)O1,0
491.15,C[C@@]12C(=O)OC(=O)[C@]1(C)[C@H]1CC[C@@H]2O1,C[C@@]12C(=O)OC(=O)[C@]1(C)[C@H]1CC[C@@H]2O1,0
342.30999999999995,O=C1CCCCCN1,O=C1CCCCCN1,0
338.15,COc1cc(CNC(=O)CCCC/C=C/C(C)C)ccc1O,COc1cc(CNC(=O)CCCC/C=C/C(C)C)ccc1O,0
449.15,CC1=C(/C=C/C(C)=C/C=C/C(C)=C/C=C/C=C(C)/C=C/C=C(C)/C=C/C(=O)[C@]2(C)C[C@@H](O)CC2(C)C)C(C)(C)C[C@H](O)C1,CC1=C(/C=C/C(C)=C/C=C/C(C)=C/C=C/C=C(C)/C=C/C=C(C)/C=C/C(=O)[C@]2(C)C[C@@H](O)CC2(C)C)C(C)(C)C[C@H](O)C1,0
432.15,O=C1C2CC=CCC2C(=O)N1SC(Cl)(Cl)C(Cl)Cl,O=C1C2CC=CCC2C(=O)N1SC(Cl)(Cl)C(Cl)Cl,0
447.05,O=C1C2CC=CCC2C(=O)N1SC(Cl)(Cl)Cl,O=C1C2CC=CCC2C(=O)N1SC(Cl)(Cl)Cl,0
378.15,C[C@H](CS)C(=O)N1CCC[C@H]1C(=O)O,C[C@H](CS)C(=O)N1CCC[C@H]1C(=O)O,0
415.85,CNC(=O)Oc1cccc2ccccc12,CNC(=O)Oc1cccc2ccccc12,0
518.15,c1ccc2c(c1)[nH]c1ccccc12,c1ccc2c(c1)[nH]c1ccccc12,0
488.15,O=C(O)Cn1c2ccccc2c2ccccc21,O=C(O)Cn1c2ccccc2c2ccccc21,0
573.15,COC(=O)Nc1nc2ccccc2[nH]1,COC(=O)Nc1nc2ccccc2[nH]1,0
364.15,CCOC(=O)N1C(=O)c2ccccc2C1=O,CCOC(=O)N1C(=O)c2ccccc2C1=O,0
436.15,O=C1OC(=O)[C@H]2[C@@H]1[C@H]1C=C[C@@H]2C1,O=C1OC(=O)[C@H]2[C@@H]1[C@H]1C=C[C@@H]2C1,0
396.65,CCOC(=O)n1ccn(C)c1=S,CCOC(=O)n1ccn(C)c1=S,0
342.65,NNC(=O)OCc1ccccc1,NNC(=O)OCc1ccccc1,0
426.35,CNC(=O)Oc1cccc2c1OC(C)(C)C2,CNC(=O)Oc1cccc2c1OC(C)(C)C2,0
183.15,N=C(F)F,N=C(F)F,0
498.15,c1ccc2c(c1)[nH]c1ccncc12,c1ccc2c(c1)[nH]c1ccncc12,0
229.55,[Se]=C=[Se],[Se]=C=[Se],0
161.45,S=C=S,S=C=S,0
427.15,NNC(=O)NN,NNC(=O)NN,0
68.04999999999998,[C-]#[O+],[C-]#[O+],0
353.15,O=C(Cl)Oc1ccc([N+](=O)[O-])cc1,O=C(Cl)Oc1ccc([N+](=O)[O-])cc1,0
305.95,O=C(Cl)OCc1ccc([N+](=O)[O-])cc1,O=C(Cl)OCc1ccc([N+](=O)[O-])cc1,0
443.15,NNC(=S)NN,NNC(=S)NN,0
148.74999999999997,O=C=[Se],O=C=[Se],0
134.34999999999997,O=C=S,O=C=S,0
160.64999999999998,O=C=C=C=O,O=C=C=C=O,0
145.38,O=C(Cl)Cl,O=C(Cl)Cl,0
125.14999999999998,O=C(F)Cl,O=C(F)Cl,0
237.15,N#CC(=O)C#N,N#CC(=O)C#N,0
392.15,O=C(n1ccnc1)n1ccnc1,O=C(n1ccnc1)n1ccnc1,0
161.95,O=C(F)F,O=C(F)F,0
369.15,CC1=C(C(=O)Nc2ccccc2)SCCO1,CC1=C(C(=O)Nc2ccccc2)SCCO1,0
457.65,O=C(O)Cc1ccccc1C(=O)O,O=C(O)Cc1ccccc1C(=O)O,0
554.15,C[C@@H](N[C@@H](CCCN=C(N)N)C(=O)O)C(=O)O,C[C@@H](N[C@@H](CCCN=C(N)N)C(=O)O)C(=O)O,0
440.15,N[C@@H](CC(C(=O)O)C(=O)O)C(=O)O,N[C@@H](CC(C(=O)O)C(=O)O)C(=O)O,0
479.15,N[C@@H](CSCC(=O)O)C(=O)O,N[C@@H](CSCC(=O)O)C(=O)O,0
420.15,O=C(Oc1ccccc1C(=O)O)c1ccccc1O,O=C(Oc1ccccc1C(=O)O)c1ccccc1O,0
365.15,CCCC(C)(COC(N)=O)COC(=O)NC(C)C,CCCC(C)(COC(N)=O)COC(=O)NC(C)C,0
409.15,Cc1c(C(=O)O)c(O)cc2c1C(=O)c1c(O)c([C@@H]3O[C@H](CO)[C@@H](O)[C@H](O)[C@H]3O)c(O)c(O)c1C2=O,Cc1c(C(=O)O)c(O)cc2c1C(=O)c1c(O)c([C@@H]3O[C@H](CO)[C@@H](O)[C@H](O)[C@H]3O)c(O)c(O)c1C2=O,0
470.15,C[N+](C)(C)C[C@H](O)CC(=O)[O-],C[N+](C)(C)C[C@H](O)CC(=O)[O-],0
533.15,NCCC(=O)N[C@@H](Cc1cnc[nH]1)C(=O)O,NCCC(=O)N[C@@H](Cc1cnc[nH]1)C(=O)O,0
460.65,CC1=CCCC(C)(C)[C@H]1/C=C/C(C)=C/C=C/C(C)=C/C=C/C=C(C)/C=C/C=C(C)/C=C/C1=C(C)CCCC1(C)C,CC1=CCCC(C)(C)[C@H]1/C=C/C(C)=C/C=C/C(C)=C/C=C/C=C(C)/C=C/C=C(C)/C=C/C1=C(C)CCCC1(C)C,0
456.15,CC1=C(/C=C/C(C)=C/C=C/C(C)=C/C=C/C=C(C)/C=C/C=C(C)/C=C/C2=C(C)CCCC2(C)C)C(C)(C)CCC1,CC1=C(/C=C/C(C)=C/C=C/C(C)=C/C=C/C=C(C)/C=C/C=C(C)/C=C/C2=C(C)CCCC2(C)C)C(C)(C)CCC1,0
426.15,CC(C)=CCC/C(C)=C/C=C/C(C)=C/C=C/C(C)=C/C=C/C=C(C)/C=C/C=C(C)/C=C/C1=C(C)CCCC1(C)C,CC(C)=CCC/C(C)=C/C=C/C(C)=C/C=C/C(C)=C/C=C/C=C(C)/C=C/C=C(C)/C=C/C1=C(C)CCCC1(C)C,0
450.15,CC(C)=CCC/C(C)=C/C=C/C(C)=C/C=C/C(C)=C/C=C/C=C(C)/C=C/C=C(C)/C=C/C=C(\C)CCC=C(C)C,CC(C)=CCC/C(C)=C/C=C/C(C)=C/C=C/C(C)=C/C=C/C=C(C)/C=C/C=C(C)/C=C/C=C(\C)CCC=C(C)C,0
488.65,CC1=C(/C=C/C(C)=C/C=C/C(C)=C/C=C/C=C(C)/C=C/C=C(C)/C=C/C2=C(C)C[C@@H](O)CC2(C)C)C(C)(C)C[C@H](O)C1,CC1=C(/C=C/C(C)=C/C=C/C(C)=C/C=C/C=C(C)/C=C/C=C(C)/C=C/C2=C(C)C[C@@H](O)CC2(C)C)C(C)(C)C[C@H](O)C1,0
469.15,CC1=C[C@H](O)CC(C)(C)[C@H]1/C=C/C(C)=C/C=C/C(C)=C/C=C/C=C(C)/C=C/C=C(C)/C=C/C1=C(C)C[C@@H](O)CC1(C)C,CC1=C[C@H](O)CC(C)(C)[C@H]1/C=C/C(C)=C/C=C/C(C)=C/C=C/C=C(C)/C=C/C=C(C)/C=C/C1=C(C)C[C@@H](O)CC1(C)C,0
433.15,CC1=C(/C=C/C(C)=C/C=C/C(C)=C/C=C/C=C(C)/C=C/C=C(C)/C=C/C2=C(C)C[C@@H](O)CC2(C)C)C(C)(C)CCC1,CC1=C(/C=C/C(C)=C/C=C/C(C)=C/C=C/C=C(C)/C=C/C=C(C)/C=C/C2=C(C)C[C@@H](O)CC2(C)C)C(C)(C)CCC1,0
433.15,CC(C)=CCC/C(C)=C/C=C/C(C)=C/C=C/C(C)=C/C=C/C=C(C)/C=C/C=C(C)/C=C/C1=C(C)C[C@@H](O)CC1(C)C,CC(C)=CCC/C(C)=C/C=C/C(C)=C/C=C/C(C)=C/C=C/C=C(C)/C=C/C=C(C)/C=C/C1=C(C)C[C@@H](O)CC1(C)C,0
441.15,CC(C)=CCC/C(C)=C/C=C/C(C)=C/C=C/C(C)=C/C=C/C=C(C)/C=C/C=C(C)/C=C/C=C(\C)CC/C=C(\C)CO,CC(C)=CCC/C(C)=C/C=C/C(C)=C/C=C/C(C)=C/C=C/C=C(C)/C=C/C=C(C)/C=C/C=C(\C)CC/C=C(\C)CO,0
342.15,CCN(CC)CCn1c(=O)c(Cc2ccc(OC)cc2)nc2ccccc21,CCN(CC)CCn1c(=O)c(Cc2ccc(OC)cc2)nc2ccccc21,0
394.15,C[C@@H]1N[C@@H]2CCCCCCCC(=O)O[C@H]3CC[C@@H](CCCCCCCC(=O)O[C@H]1CC2)N[C@H]3C,C[C@@H]1N[C@@H]2CCCCCCCC(=O)O[C@H]3CC[C@@H](CCCCCCCC(=O)O[C@H]1CC2)N[C@H]3C,0
298.35,C=C(C)[C@@H]1CC=C(C)C(=O)C1,C=C(C)[C@@H]1CC=C(C)C(=O)C1,0
288.15,C=C(C)[C@H]1CC=C(C)C(=O)C1,C=C(C)[C@H]1CC=C(C)C(=O)C1,0
415.65,C[C@H]1/C(=C/C(=O)OCCN(C)C)CC[C@H]2[C@H]1C(=O)C[C@H]1C(C)(C)[C@@H](O)CC[C@]21C,C[C@H]1/C(=C/C(=O)OCCN(C)C)CC[C@H]2[C@H]1C(=O)C[C@H]1C(C)(C)[C@@H](O)CC[C@]21C,0
410.15,CN1C[C@@H]2C[C@H](C1)c1cccc(=O)n1C2,CN1C[C@@H]2C[C@H](C1)c1cccc(=O)n1C2,0
359.15,C[C@@H]1CC[C@H]2C(C)(C)[C@H]3C[C@@]12CC[C@@]3(C)O,C[C@@H]1CC[C@H]2C(C)(C)[C@H]3C[C@@]12CC[C@@]3(C)O,0
473.15,Cc1nnc(SCC2=C(C(=O)O)N3C(=O)[C@@H](NC(=O)Cn4cnnn4)[C@H]3SC2)s1,Cc1nnc(SCC2=C(C(=O)O)N3C(=O)[C@@H](NC(=O)Cn4cnnn4)[C@H]3SC2)s1,0
498.15,OCC1OC(OC2C(CO)OC(O)C(O)C2O)C(O)C(O)C1O,OCC1OC(OC2C(CO)OC(O)C(O)C2O)C(O)C(O)C1O,0
481.15,OC[C@H]1O[C@@H](O[C@H]2[C@H](O)[C@@H](O)[C@H](O[C@H]3[C@H](O)[C@@H](O)C(O)O[C@@H]3CO)O[C@@H]2CO)[C@H](O)[C@@H](O)[C@@H]1O,OC[C@H]1O[C@@H](O[C@H]2[C@H](O)[C@@H](O)[C@H](O[C@H]3[C@H](O)[C@@H](O)C(O)O[C@@H]3CO)O[C@@H]2CO)[C@H](O)[C@@H](O)[C@@H]1O,0
493.15,CC(=O)OCC1=C(C(=O)O)N2C(=O)[C@@H](NC(=O)[C@H](N)c3ccccc3)[C@H]2SC1,CC(=O)OCC1=C(C(=O)O)N2C(=O)[C@@H](NC(=O)[C@H](N)c3ccccc3)[C@H]2SC1,0
433.15,CC(=O)OCC1=C(C(=O)O)N2C(=O)[C@@H](NC(=O)Cc3cccs3)[C@H]2SC1,CC(=O)OCC1=C(C(=O)O)N2C(=O)[C@@H](NC(=O)Cc3cccs3)[C@H]2SC1,0
428.15,CC(=O)OCC1=C(C(=O)O)N2C(=O)[C@@H](NC(=O)CSc3ccncc3)[C@H]2SC1,CC(=O)OCC1=C(C(=O)O)N2C(=O)[C@@H](NC(=O)CSc3ccncc3)[C@H]2SC1,0
423.15,COc1ccc2cc1Oc1ccc(cc1)C[C@H]1c3c(cc4c(c3Oc3cc5c(cc3OC)CCN(C)[C@@H]5C2)OCO4)CCN1C,COc1ccc2cc1Oc1ccc(cc1)C[C@H]1c3c(cc4c(c3Oc3cc5c(cc3OC)CCN(C)[C@@H]5C2)OCO4)CCN1C,0
414.15,CC1=C(C(=O)O)N2C(=O)[C@@H](NC(=O)[C@H](N)C3=CCC=CC3)[C@H]2SC1,CC1=C(C(=O)O)N2C(=O)[C@@H](NC(=O)[C@H](N)C3=CCC=CC3)[C@H]2SC1,0
367.15,C/C=C/C/C=C/CCC(=O)[C@H]1O[C@H]1C(N)=O,C/C=C/C/C=C/CCC(=O)[C@H]1O[C@H]1C(N)=O,0
486.15,C/C=C(/C)C(=O)O[C@H]1CC[C@@]2(C)[C@@H]3CC[C@H]4[C@]5(O)C[C@H](O)[C@@]6(O)[C@@H](CN7C[C@@H](C)CC[C@H]7[C@@]6(C)O)[C@]5(O)C[C@@]42O[C@]13O,C/C=C(/C)C(=O)O[C@H]1CC[C@@]2(C)[C@@H]3CC[C@H]4[C@]5(O)C[C@H](O)[C@@]6(O)[C@@H](CN7C[C@@H](C)CC[C@H]7[C@@]6(C)O)[C@]5(O)C[C@@]42O[C@]13O,0
320.65,CS(=O)(=O)CCCN=C=S,CS(=O)(=O)CCCN=C=S,0
408.65,CN1Cc2c(ccc3c2OCO3)[C@@H]2[C@H]1c1cc3c(cc1C[C@@H]2O)OCO3,CN1Cc2c(ccc3c2OCO3)[C@@H]2[C@H]1c1cc3c(cc1C[C@@H]2O)OCO3,0
443.65,Cc1ccc2nc3sc(=O)sc3nc2c1,Cc1ccc2nc3sc(=O)sc3nc2c1,0
325.15,OC(O)C(Cl)(Cl)Cl,OC(O)C(Cl)(Cl)Cl,0
340.04999999999995,O=C(O)CCCc1ccc(N(CCCl)CCCl)cc1,O=C(O)CCCc1ccc(N(CCCl)CCCl)cc1,0
423.15,O=C(N[C@H](CO)[C@H](O)c1ccc([N+](=O)[O-])cc1)C(Cl)Cl,O=C(N[C@H](CO)[C@H](O)c1ccc([N+](=O)[O-])cc1)C(Cl)Cl,0
363.15,CCCCCCCCCCCCCCCC(=O)OC[C@@H](NC(=O)C(Cl)Cl)[C@H](O)c1ccc([N+](=O)[O-])cc1,CCCCCCCCCCCCCCCC(=O)OC[C@@H](NC(=O)C(Cl)Cl)[C@H](O)c1ccc([N+](=O)[O-])cc1,0
556.65,O=C1C(O)=C(Cl)C(=O)C(O)=C1Cl,O=C1C(O)=C(Cl)C(=O)C(O)=C1Cl,0
344.15,Clc1ccc(CSc2ccc(Cl)cc2)cc1,Clc1ccc(CSc2ccc(Cl)cc2)cc1,0
378.15,ClCC1C(CCl)[C@@]2(Cl)C(Cl)=C(Cl)[C@]1(Cl)C2(Cl)Cl,ClCC1C(CCl)[C@@]2(Cl)C(Cl)=C(Cl)[C@]1(Cl)C2(Cl)Cl,0
370.35,CON(C)C(=O)Nc1ccc(Br)c(Cl)c1,CON(C)C(=O)Nc1ccc(Br)c(Cl)c1,0
318.65,C#CC(C)OC(=O)Nc1cccc(Cl)c1,C#CC(C)OC(=O)Nc1cccc(Cl)c1,0
374.25,ClC1=C(Cl)[C@]2(Cl)C3C(Cl)C(Cl)CC3[C@@]1(Cl)C2(Cl)Cl,ClC1=C(Cl)[C@]2(Cl)C3C(Cl)C(Cl)CC3[C@@]1(Cl)C2(Cl)Cl,0
428.15,ClC1=C(Cl)C2(Cl)C3CC=CC3C1(Cl)C2(Cl)Cl,ClC1=C(Cl)C2(Cl)C3CC=CC3C1(Cl)C2(Cl)Cl,0
305.75,Cc1cc(Cl)ccc1N=CN(C)C,Cc1cc(Cl)ccc1N=CN(C)C,0
505.15,O=C(O)C1C(C(=O)O)C2(Cl)C(Cl)=C(Cl)C1(Cl)C2(Cl)Cl,O=C(O)C1C(C(=O)O)C2(Cl)C(Cl)=C(Cl)C1(Cl)C2(Cl)Cl,0
508.15,O=C1OC(=O)C2C1C1(Cl)C(Cl)=C(Cl)C2(Cl)C1(Cl)Cl,O=C1OC(=O)C2C1C1(Cl)C(Cl)=C(Cl)C2(Cl)C1(Cl)Cl,0
479.95,Nc1cnn(-c2ccccc2)c(=O)c1Cl,Nc1cnn(-c2ccccc2)c(=O)c1Cl,0
459.15,CCOC(=O)c1ccccc1S(=O)(=O)NC(=O)Nc1nc(Cl)cc(OC)n1,CCOC(=O)c1ccccc1S(=O)(=O)NC(=O)Nc1nc(Cl)cc(OC)n1,0
390.15,CN1C(=O)CCS(=O)(=O)C1c1ccc(Cl)cc1,CN1C(=O)CCS(=O)(=O)C1c1ccc(Cl)cc1,0
328.15,ClCCN(CCCl)c1ccc2ccccc2c1,ClCCN(CCCl)c1ccc2ccccc2c1,0
256.85,O=CCCl,O=CCCl,0
394.15,NC(=O)CCl,NC(=O)CCl,0
335.15,O=C(O)CCl,O=C(O)CCl,0
319.15,O=C(CCl)OC(=O)CCl,O=C(CCl)OC(=O)CCl,0
405.15,CC(=O)CC(=O)Nc1ccc(Cl)cc1,CC(=O)CC(=O)Nc1ccc(Cl)cc1,0
228.65,CC(=O)CCl,CC(=O)CCl,0
329.65,O=C(CCl)c1ccccc1,O=C(CCl)c1ccccc1,0
491.15,CC(=O)Nc1ccc(C(=O)CCl)cc1,CC(=O)Nc1ccc(C(=O)CCl)cc1,0
251.45,O=C(Cl)CCl,O=C(Cl)CCl,0
147.14999999999998,C#CCl,C#CCl,0
394.15,Clc1c2ccccc2nc2ccccc12,Clc1c2ccccc2nc2ccccc12,0
270.85,Nc1ccccc1Cl,Nc1ccccc1Cl,0
262.85,Nc1cccc(Cl)c1,Nc1cccc(Cl)c1,0
343.54999999999995,Nc1ccc(Cl)cc1,Nc1ccc(Cl)cc1,0
246.65,COc1ccccc1Cl,COc1ccccc1Cl,0
255.15,COc1ccc(Cl)cc1,COc1ccc(Cl)cc1,0
356.65,Clc1cccc2cc3ccccc3cc12,Clc1cccc2cc3ccccc3cc12,0
436.15,O=C1c2ccccc2C(=O)c2c(Cl)cccc21,O=C1c2ccccc2C(=O)c2c(Cl)cccc21,0
483.05,O=C1c2ccccc2C(=O)c2cc(Cl)ccc21,O=C1c2ccccc2C(=O)c2cc(Cl)ccc21,0
285.04999999999995,O=Cc1ccccc1Cl,O=Cc1ccccc1Cl,0
290.65,O=Cc1cccc(Cl)c1,O=Cc1cccc(Cl)c1,0
320.15,O=Cc1ccc(Cl)cc1,O=Cc1ccc(Cl)cc1,0
414.95,NC(=O)c1ccccc1Cl,NC(=O)c1ccccc1Cl,0
227.95,Clc1ccccc1,Clc1ccccc1,0
367.35,O=C(O)Cc1ccccc1Cl,O=C(O)Cc1ccccc1Cl,0
349.75,O=C(O)Cc1cccc(Cl)c1,O=C(O)Cc1cccc(Cl)c1,0
377.95,O=C(O)Cc1ccc(Cl)cc1,O=C(O)Cc1ccc(Cl)cc1,0
297.15,N#CCc1ccccc1Cl,N#CCc1ccccc1Cl,0
284.65,N#CCc1cccc(Cl)c1,N#CCc1cccc(Cl)c1,0
302.15,N#CCc1ccc(Cl)cc1,N#CCc1ccc(Cl)cc1,0
365.15,O=C(OO)c1cccc(Cl)c1,O=C(OO)c1cccc(Cl)c1,0
349.15,Nc1ccc(Cl)cc1N,Nc1ccc(Cl)cc1N,0
364.15,Nc1ccc(Cl)c(N)c1,Nc1ccc(Cl)c(N)c1,0
337.15,Nc1ccc(N)c(Cl)c1,Nc1ccc(N)c(Cl)c1,0
321.65,Oc1cccc(Cl)c1O,Oc1cccc(Cl)c1O,0
363.65,Oc1ccc(Cl)cc1O,Oc1ccc(Cl)cc1O,0
381.15,Oc1ccc(O)c(Cl)c1,Oc1ccc(O)c(Cl)c1,0
292.65,SCc1ccc(Cl)cc1,SCc1ccc(Cl)cc1,0
346.15,OCc1ccccc1Cl,OCc1ccccc1Cl,0
348.15,OCc1ccc(Cl)cc1,OCc1ccc(Cl)cc1,0
461.45,NS(=O)(=O)c1ccccc1Cl,NS(=O)(=O)c1ccccc1Cl,0
419.15,NS(=O)(=O)c1ccc(Cl)cc1,NS(=O)(=O)c1ccc(Cl)cc1,0
340.15,O=S(=O)(O)c1ccc(Cl)cc1,O=S(=O)(O)c1ccc(Cl)cc1,0
324.15,O=S(=O)(Cl)c1ccc(Cl)cc1,O=S(=O)(Cl)c1ccc(Cl)cc1,0
334.15,Sc1ccc(Cl)cc1,Sc1ccc(Cl)cc1,0
312.15,CCOC(=O)C(O)(c1ccc(Cl)cc1)c1ccc(Cl)cc1,CCOC(=O)C(O)(c1ccc(Cl)cc1)c1ccc(Cl)cc1,0
303.15,ClP1Oc2ccccc2O1,ClP1Oc2ccccc2O1,0
413.55,O=C(O)c1ccccc1Cl,O=C(O)c1ccccc1Cl,0
427.35,O=C(O)c1cccc(Cl)c1,O=C(O)c1cccc(Cl)c1,0
512.65,O=C(O)c1ccc(Cl)cc1,O=C(O)c1ccc(Cl)cc1,0
316.65,N#Cc1ccccc1Cl,N#Cc1ccccc1Cl,0
314.15,N#Cc1cccc(Cl)c1,N#Cc1cccc(Cl)c1,0
364.75,N#Cc1ccc(Cl)cc1,N#Cc1ccc(Cl)cc1,0
327.15,O=C(c1ccccc1)c1ccccc1Cl,O=C(c1ccccc1)c1ccccc1Cl,0
477.15,Nc1nc2c(Cl)cccc2s1,Nc1nc2c(Cl)cccc2s1,0
473.15,Nc1nc2ccc(Cl)cc2s1,Nc1nc2ccc(Cl)cc2s1,0
297.15,Clc1nc2ccccc2s1,Clc1nc2ccccc2s1,0
431.15,Clc1ccc2n[nH]nc2c1,Clc1ccc2n[nH]nc2c1,0
553.15,O=c1[nH]c2ccc(Cl)cc2c(=O)o1,O=c1[nH]c2ccc(Cl)cc2c(=O)o1,0
457.65,Nc1nc2cc(Cl)ccc2o1,Nc1nc2cc(Cl)ccc2o1,0
280.15,Clc1nc2ccccc2o1,Clc1nc2ccccc2o1,0
464.65,O=c1[nH]c2cc(Cl)ccc2o1,O=c1[nH]c2cc(Cl)ccc2o1,0
269.15,O=C(Cl)c1ccccc1Cl,O=C(Cl)c1ccccc1Cl,0
289.15,O=C(Cl)c1ccc(Cl)cc1,O=C(Cl)c1ccc(Cl)cc1,0
280.65,Clc1ccc(Cc2ccccc2)cc1,Clc1ccc(Cc2ccccc2)cc1,0
369.15,N#CC(C#N)=Cc1ccccc1Cl,N#CC(C#N)=Cc1ccccc1Cl,0
304.92999999999995,Clc1ccccc1-c1ccccc1,Clc1ccccc1-c1ccccc1,0
289.15,Clc1cccc(-c2ccccc2)c1,Clc1cccc(-c2ccccc2)c1,0
348.54999999999995,Clc1ccc(-c2ccccc2)cc1,Clc1ccc(-c2ccccc2)cc1,0
407.15,Nc1ccc(-c2ccc(Cl)cc2)cc1,Nc1ccc(-c2ccc(Cl)cc2)cc1,0
279.15,Oc1c(Cl)cccc1-c1ccccc1,Oc1c(Cl)cccc1-c1ccccc1,0
143.14999999999998,C=CC(=C)Cl,C=CC(=C)Cl,0
150.04999999999998,CCCCCl,CCCCCl,0
289.15,CC(Cl)CC(=O)O,CC(Cl)CC(=O)O,0
289.15,O=C(O)CCCCl,O=C(O)CCCCl,0
155.84999999999997,C/C=C(/C)Cl,C/C=C(/C)Cl,0
167.34999999999997,C/C=C(\C)Cl,C/C=C(\C)Cl,0
362.65,CC(C)(C)[Si](C)(C)Cl,CC(C)(C)[Si](C)(C)Cl,0
239.15,CCN(CCCl)CCCl,CCN(CCCl)CCCl,0
213.15,CN(CCCl)CCCl,CN(CCCl)CCCl,0
256.15,ClCc1ccccc1Cl,ClCc1ccccc1Cl,0
304.15,ClCc1ccc(Cl)cc1,ClCc1ccc(Cl)cc1,0
259.15,C=C(CCl)CCl,C=C(CCl)CCl,0
294.65,ClCSc1ccc(Cl)cc1,ClCSc1ccc(Cl)cc1,0
374.65,O=C(CCl)c1ccc(Cl)cc1,O=C(CCl)c1ccc(Cl)cc1,0
369.15,CC(C)CCC[C@@H](C)[C@H]1CC[C@H]2[C@@H]3CC=C4C[C@@H](Cl)CC[C@]4(C)[C@H]3CC[C@]12C,CC(C)CCC[C@@H](C)[C@H]1CC[C@H]2[C@@H]3CC=C4C[C@@H](Cl)CC[C@]4(C)[C@H]3CC[C@]12C,0
485.15,O=C(O)/C=C/c1ccccc1Cl,O=C(O)/C=C/c1ccccc1Cl,0
438.15,O=C(O)/C=C/c1cccc(Cl)c1,O=C(O)/C=C/c1cccc(Cl)c1,0
522.65,O=C(O)/C=C/c1ccc(Cl)cc1,O=C(O)/C=C/c1ccc(Cl)cc1,0
228.15,ClC1CCCCC1,ClC1CCCCC1,0
296.15,O=C1CCCCC1Cl,O=C1CCCCC1Cl,0
241.85,CCCCCCCCCCCl,CCCCCCCCCCCl,0
285.65,OCCCCCCCCCCCl,OCCCCCCCCCCCl,0
509.35,CN=C1CN(O)C(c2ccccc2)=c2cc(Cl)ccc2=N1,CN=C1CN(O)C(c2ccccc2)=c2cc(Cl)ccc2=N1,0
253.15,ClC(Br)Br,ClC(Br)Br,0
225.15,C[Si](C)(Cl)C(Cl)Cl,C[Si](C)(Cl)C(Cl)Cl,0
520.15,O=C(Nc1ccc(Cl)c(Cl)c1)c1cc(Cl)ccc1O,O=C(Nc1ccc(Cl)c(Cl)c1)c1cc(Cl)ccc1O,0
298.15,O=C(O)C(F)(F)Cl,O=C(O)C(F)(F)Cl,0
142.71999999999997,CC(F)(F)Cl,CC(F)(F)Cl,0
134.64999999999998,FC(F)=CCl,FC(F)=CCl,0
115.73999999999998,FC(F)Cl,FC(F)Cl,0
365.15,Oc1ccc(Cl)c2c1CCC2,Oc1ccc(Cl)c2c1CCC2,0
468.15,Cl[As]1c2ccccc2Nc2ccccc21,Cl[As]1c2ccccc2Nc2ccccc21,0
364.15,COc1cc(OC)c(Cl)cc1N,COc1cc(OC)c(Cl)cc1N,0
380.15,COc1cc(NC(=O)CC(C)=O)c(OC)cc1Cl,COc1cc(NC(=O)CC(C)=O)c(OC)cc1Cl,0
228.15,C[Al](C)Cl,C[Al](C)Cl,0
308.65,CN(C)c1ccc(Cl)cc1,CN(C)c1ccc(Cl)cc1,0
273.95,Cc1ccc(C)c(Cl)c1,Cc1ccc(C)c(Cl)c1,0
267.15,Cc1ccc(Cl)cc1C,Cc1ccc(Cl)cc1C,0
347.65,Cc1cc(Cl)c(C)cc1O,Cc1cc(Cl)c(C)cc1O,0
356.15,Cc1cc(Cl)cc(C)c1O,Cc1cc(Cl)cc(C)c1O,0
388.15,Cc1cc(O)cc(C)c1Cl,Cc1cc(O)cc(C)c1Cl,0
253.15,CC(C)(C)CCl,CC(C)(C)CCl,0
314.15,CC(C)(CCl)C(=O)O,CC(C)(CCl)C(=O)O,0
162.14999999999998,C[SiH](C)Cl,C[SiH](C)Cl,0
430.15,Nc1c(Cl)cc([N+](=O)[O-])cc1[N+](=O)[O-],Nc1c(Cl)cc([N+](=O)[O-])cc1[N+](=O)[O-],0
420.15,Nc1c([N+](=O)[O-])cc(Cl)cc1[N+](=O)[O-],Nc1c([N+](=O)[O-])cc(Cl)cc1[N+](=O)[O-],0
323.35,O=[N+]([O-])c1ccc(Cl)c([N+](=O)[O-])c1,O=[N+]([O-])c1ccc(Cl)c([N+](=O)[O-])c1,0
361.15,O=[N+]([O-])c1cccc([N+](=O)[O-])c1Cl,O=[N+]([O-])c1cccc([N+](=O)[O-])c1Cl,0
419.65,O=[N+]([O-])c1cc([N+](=O)[O-])c2ccccc2c1Cl,O=[N+]([O-])c1cc([N+](=O)[O-])c2ccccc2c1Cl,0
354.15,O=[N+]([O-])c1cc(Cl)cc([N+](=O)[O-])c1O,O=[N+]([O-])c1cc(Cl)cc([N+](=O)[O-])c1O,0
339.65,O=[N+]([O-])c1cnc(Cl)c([N+](=O)[O-])c1,O=[N+]([O-])c1cnc(Cl)c([N+](=O)[O-])c1,0
330.15,O=[N+]([O-])c1cc(C(F)(F)F)cc([N+](=O)[O-])c1Cl,O=[N+]([O-])c1cc(C(F)(F)F)cc([N+](=O)[O-])c1Cl,0
383.15,O=C1OCC(Cl)O1,O=C1OCC(Cl)O1,0
341.65,O=C(c1ccccc1)C(Cl)c1ccccc1,O=C(c1ccccc1)C(Cl)c1ccccc1,0
290.15,ClC(c1ccccc1)c1ccccc1,ClC(c1ccccc1)c1ccccc1,0
263.85,CCCCCCCCCCCCCl,CCCCCCCCCCCCCl,0
135.14999999999998,CCCl,CCCl,0
205.15,OCCCl,OCCCl,0
119.30999999999996,C=CCl,C=CCl,0
290.25,CCOc1ccc(Cl)cc1,CCOc1ccc(Cl)cc1,0
301.15,ClCCOc1ccccc1,ClCCOc1ccccc1,0
189.85,CCc1ccccc1Cl,CCc1ccccc1Cl,0
218.15,CCc1cccc(Cl)c1,CCc1cccc(Cl)c1,0
210.65,CCc1ccc(Cl)cc1,CCc1ccc(Cl)cc1,0
363.15,O=NN(CCCl)C(=O)NC1CCCCC1,O=NN(CCCl)C(=O)NC1CCCCC1,0
337.15,CC1CCC(NC(=O)N(CCCl)N=O)CC1,CC1CCC(NC(=O)N(CCCl)N=O)CC1,0
203.15,C=COCCCl,C=COCCCl,0
318.15,Nc1ccc(F)c(Cl)c1,Nc1ccc(F)c(Cl)c1,0
230.15,Fc1ccccc1Cl,Fc1ccccc1Cl,0
246.35,Fc1ccc(Cl)cc1,Fc1ccc(Cl)cc1,0
138.04999999999998,FCCl,FCCl,0
314.65,O=[N+]([O-])c1ccc(F)c(Cl)c1,O=[N+]([O-])c1ccc(F)c(Cl)c1,0
306.15,O=C1C=C(Cl)C(=O)O1,O=C1C=C(Cl)C(=O)O1,0
234.05,FC1(F)C(F)(F)C(F)(Cl)C1(F)F,FC1(F)C(F)(F)C(F)(Cl)C1(F)F,0
203.75,CCCCCCCCl,CCCCCCCCl,0
284.15,OCCCCCCCCl,OCCCCCCCCl,0
291.04999999999995,CCCCCCCCCCCCCCCCCl,CCCCCCCCCCCCCCCCCl,0
179.14999999999998,CCCCCCCl,CCCCCCCl,0
462.15,C[C@]12CC[C@H]3[C@@H](CCC4=C(Cl)C(=O)CC[C@@]43C)[C@@H]1CC[C@@H]2O,C[C@]12CC[C@H]3[C@@H](CCC4=C(Cl)C(=O)CC[C@@]43C)[C@@H]1CC[C@@H]2O,0
373.45,O=Cc1cc(Cl)ccc1O,O=Cc1cc(Cl)ccc1O,0
393.45,O=C(O)C(O)c1ccc(Cl)cc1,O=C(O)C(O)c1ccc(Cl)cc1,0
444.15,O=C(O)c1ccc(O)c(Cl)c1,O=C(O)c1ccc(O)c(Cl)c1,0
447.95,O=C(O)c1cc(Cl)ccc1O,O=C(O)c1cc(Cl)ccc1O,0
368.45,O=C(c1ccccc1)c1cc(Cl)ccc1O,O=C(c1ccccc1)c1cc(Cl)ccc1O,0
442.55,COc1cc(C=O)cc(Cl)c1O,COc1cc(C=O)cc(Cl)c1O,0
273.85,Clc1ccccc1I,Clc1ccccc1I,0
326.72,Clc1ccc(I)cc1,Clc1ccc(I)cc1,0
451.65,Oc1c(I)cc(Cl)c2cccnc12,Oc1c(I)cc(Cl)c2cccnc12,0
303.65,O=C=Nc1ccccc1Cl,O=C=Nc1ccccc1Cl,0
198.75,CC(C)c1ccccc1Cl,CC(C)c1ccccc1Cl,0
260.85,CC(C)c1ccc(Cl)cc1,CC(C)c1ccc(Cl)cc1,0
319.15,S=C=Nc1ccc(Cl)cc1,S=C=Nc1ccc(Cl)cc1,0
175.54999999999998,CCl,CCl,0
325.15,COc1cc(Cl)ccc1N,COc1cc(Cl)ccc1N,0
357.15,COc1ccc(Cl)cc1N,COc1ccc(Cl)cc1N,0
365.15,CNc1ccc(Cl)cc1C(=O)c1ccccc1,CNc1ccc(Cl)cc1C(=O)c1ccccc1,0
280.15,Cc1ccc(N)c(Cl)c1,Cc1ccc(N)c(Cl)c1,0
274.15,Cc1c(N)cccc1Cl,Cc1c(N)cccc1Cl,0
299.15,Cc1ccc(N)cc1Cl,Cc1ccc(N)cc1Cl,0
303.45,Cc1cc(Cl)ccc1N,Cc1cc(Cl)ccc1N,0
299.15,Cc1ccc(Cl)cc1N,Cc1ccc(Cl)cc1N,0
443.65,Cc1ccc2c(c1Cl)C(=O)c1ccccc1C2=O,Cc1ccc2c(c1Cl)C(=O)c1ccccc1C2=O,0
233.75,ClCc1ccccc1,ClCc1ccccc1,0
293.65,ClCc1ccc2c(c1)OCO2,ClCc1ccc2c(c1)OCO2,0
168.74999999999997,CC(C)CCCl,CC(C)CCCl,0
200.55,CCC(C)(C)Cl,CCC(C)(C)Cl,0
212.15,C#CC(C)(C)Cl,C#CC(C)(C)Cl,0
182.25,ClCC1CC1,ClCC1CC1,0
336.15,Cc1cc(O)c(C(C)C)cc1Cl,Cc1cc(O)c(C(C)C)cc1Cl,0
297.65,COc1ccc(CCl)cc1,COc1ccc(CCl)cc1,0
169.64999999999998,COCCl,COCCl,0
305.15,ClCc1cccc2ccccc12,ClCc1cccc2ccccc12,0
321.65,ClCc1ccc2ccccc2c1,ClCc1ccc2ccccc2c1,0
320.85,O=[N+]([O-])c1ccccc1CCl,O=[N+]([O-])c1ccccc1CCl,0
319.15,O=[N+]([O-])c1cccc(CCl)c1,O=[N+]([O-])c1cccc(CCl)c1,0
344.15,O=[N+]([O-])c1ccc(CCl)cc1,O=[N+]([O-])c1ccc(CCl)cc1,0
310.95,Cc1c(Cl)cccc1[N+](=O)[O-],Cc1c(Cl)cccc1[N+](=O)[O-],0
315.65,Cc1cc([N+](=O)[O-])ccc1Cl,Cc1cc([N+](=O)[O-])ccc1Cl,0
280.35,Cc1ccc(Cl)c([N+](=O)[O-])c1,Cc1ccc(Cl)c([N+](=O)[O-])c1,0
339.65,Cc1ccc([N+](=O)[O-])cc1Cl,Cc1ccc([N+](=O)[O-])cc1Cl,0
309.65,Cc1ccc(Cl)cc1[N+](=O)[O-],Cc1ccc(Cl)cc1[N+](=O)[O-],0
319.15,Cc1ccc(Cl)c(O)c1,Cc1ccc(Cl)c(O)c1,0
328.65,Cc1ccc(O)cc1Cl,Cc1ccc(O)cc1Cl,0
324.15,Cc1cc(Cl)ccc1O,Cc1cc(Cl)ccc1O,0
328.15,Cc1cc(O)ccc1Cl,Cc1cc(O)ccc1Cl,0
392.85,Cc1cc(Cl)ccc1OCC(=O)O,Cc1cc(Cl)ccc1OCC(=O)O,0
373.55,Cc1cc(Cl)ccc1OCCCC(=O)O,Cc1cc(Cl)ccc1OCCCC(=O)O,0
363.15,O=P(O)(O)CCl,O=P(O)(O)CCl,0
406.65,O=C1c2ccccc2C(=O)N1CCl,O=C1c2ccccc2C(=O)N1CCl,0
142.84999999999997,CC(C)CCl,CC(C)CCl,0
247.55,CC(C)(C)Cl,CC(C)(C)Cl,0
138.14999999999998,C[SiH2]Cl,C[SiH2]Cl,0
371.15,CS(=O)(=O)c1ccc(Cl)cc1,CS(=O)(=O)c1ccc(Cl)cc1,0
267.15,Clc1cccc2ccccc12,Clc1cccc2ccccc12,0
331.17,Clc1ccc2ccccc2c1,Clc1ccc2ccccc2c1,0
393.65,Oc1ccc(Cl)c2ccccc12,Oc1ccc(Cl)c2ccccc12,0
404.35,COc1cc(Cl)c(OC)cc1Cl,COc1cc(Cl)c(OC)cc1Cl,0
381.55,Nc1ccc([N+](=O)[O-])cc1Cl,Nc1ccc([N+](=O)[O-])cc1Cl,0
393.95,Nc1cc([N+](=O)[O-])ccc1Cl,Nc1cc([N+](=O)[O-])ccc1Cl,0
389.65,Nc1ccc(Cl)cc1[N+](=O)[O-],Nc1ccc(Cl)cc1[N+](=O)[O-],0
376.15,Nc1ccc(Cl)c([N+](=O)[O-])c1,Nc1ccc(Cl)c([N+](=O)[O-])c1,0
398.95,Nc1cc(Cl)ccc1[N+](=O)[O-],Nc1cc(Cl)ccc1[N+](=O)[O-],0
588.45,O=C1c2cccc([N+](=O)[O-])c2C(=O)c2cccc(Cl)c21,O=C1c2cccc([N+](=O)[O-])c2C(=O)c2cccc(Cl)c21,0
354.45,O=Cc1cc([N+](=O)[O-])ccc1Cl,O=Cc1cc([N+](=O)[O-])ccc1Cl,0
337.65,O=Cc1ccc(Cl)c([N+](=O)[O-])c1,O=Cc1ccc(Cl)c([N+](=O)[O-])c1,0
305.25,O=[N+]([O-])c1ccccc1Cl,O=[N+]([O-])c1ccccc1Cl,0
316.75,O=[N+]([O-])c1cccc(Cl)c1,O=[N+]([O-])c1cccc(Cl)c1,0
355.35,O=[N+]([O-])c1ccc(Cl)cc1,O=[N+]([O-])c1ccc(Cl)cc1,0
440.15,Nc1cc(Cl)cc([N+](=O)[O-])c1N,Nc1cc(Cl)cc([N+](=O)[O-])c1N,0
448.15,NS(=O)(=O)c1ccc(Cl)c([N+](=O)[O-])c1,NS(=O)(=O)c1ccc(Cl)c([N+](=O)[O-])c1,0
333.95,O=[N+]([O-])c1cc(S(=O)(=O)Cl)ccc1Cl,O=[N+]([O-])c1cc(S(=O)(=O)Cl)ccc1Cl,0
414.95,O=C(O)c1ccc([N+](=O)[O-])cc1Cl,O=C(O)c1ccc([N+](=O)[O-])cc1Cl,0
439.65,O=C(O)c1cc([N+](=O)[O-])ccc1Cl,O=C(O)c1cc([N+](=O)[O-])ccc1Cl,0
455.95,O=C(O)c1ccc(Cl)c([N+](=O)[O-])c1,O=C(O)c1ccc(Cl)c([N+](=O)[O-])c1,0
380.65,O=[N+]([O-])c1ccc(O)c(Cl)c1,O=[N+]([O-])c1ccc(O)c(Cl)c1,0
360.35,O=[N+]([O-])c1cc(Cl)ccc1O,O=[N+]([O-])c1cc(Cl)ccc1O,0
312.15,O=[N+]([O-])c1ccc(Cl)cc1O,O=[N+]([O-])c1ccc(Cl)cc1O,0
251.65,CC(C)(Cl)[N+](=O)[O-],CC(C)(Cl)[N+](=O)[O-],0
377.15,O=[N+]([O-])c1cccnc1Cl,O=[N+]([O-])c1cccnc1Cl,0
271.85,O=[N+]([O-])c1cc(C(F)(F)F)ccc1Cl,O=[N+]([O-])c1cc(C(F)(F)F)ccc1Cl,0
295.15,O=[N+]([O-])c1ccc(Cl)c(C(F)(F)F)c1,O=[N+]([O-])c1ccc(Cl)c(C(F)(F)F)c1,0
233.75,CCCCCCCCCCl,CCCCCCCCCCl,0
301.15,OCCCCCCCCCCl,OCCCCCCCCCCl,0
301.75,CCCCCCCCCCCCCCCCCCCl,CCCCCCCCCCCCCCCCCCCl,0
215.35,CCCCCCCCCl,CCCCCCCCCl,0
140.14999999999998,O=C(C(F)(F)F)C(F)(F)Cl,O=C(C(F)(F)F)C(F)(F)Cl,0
173.74999999999997,FC(F)(F)C(F)(F)Cl,FC(F)(F)C(F)(F)Cl,0
174.14999999999998,CCCCCCl,CCCCCCl,0
136.14999999999998,CCC[C@H](C)Cl,CCC[C@H](C)Cl,0
168.14999999999998,CCC(Cl)CC,CCC(Cl)CC,0
291.15,O=C(O)CCCCCl,O=C(O)CCCCCl,0
281.15,Oc1ccccc1Cl,Oc1ccccc1Cl,0
305.65,Oc1cccc(Cl)c1,Oc1cccc(Cl)c1,0
316.25,Oc1ccc(Cl)cc1,Oc1ccc(Cl)cc1,0
534.15,O=S1(=O)OC(c2ccc(O)c(Cl)c2)(c2ccc(O)c(Cl)c2)c2ccccc21,O=S1(=O)OC(c2ccc(O)c(Cl)c2)(c2ccc(O)c(Cl)c2)c2ccccc21,0
471.65,Clc1ccc2c(c1)Nc1ccccc1S2,Clc1ccc2c(c1)Nc1ccccc1S2,0
421.65,O=C(O)COc1ccccc1Cl,O=C(O)COc1ccccc1Cl,0
383.15,O=C(O)COc1cccc(Cl)c1,O=C(O)COc1cccc(Cl)c1,0
431.45,O=C(O)COc1ccc(Cl)cc1,O=C(O)COc1ccc(Cl)cc1,0
351.15,OCC(O)COc1ccc(Cl)cc1,OCC(O)COc1ccc(Cl)cc1,0
386.15,CC(Oc1cccc(Cl)c1)C(=O)O,CC(Oc1cccc(Cl)c1)C(=O)O,0
359.85,CC(=O)Nc1ccccc1Cl,CC(=O)Nc1ccccc1Cl,0
349.75,CC(=O)Nc1cccc(Cl)c1,CC(=O)Nc1cccc(Cl)c1,0
451.55,CC(=O)Nc1ccc(Cl)cc1,CC(=O)Nc1ccc(Cl)cc1,0
332.15,OC(c1ccccc1)c1ccc(Cl)cc1,OC(c1ccccc1)c1ccc(Cl)cc1,0
332.45,O=S(=O)(Oc1ccc(Cl)cc1)c1ccccc1,O=S(=O)(Oc1ccc(Cl)cc1)c1ccccc1,0
292.65,O=C(CCCCl)c1ccccc1,O=C(CCCCl)c1ccccc1,0
361.15,O=S(=O)(Oc1ccc(Cl)cc1)c1ccc(Cl)cc1,O=S(=O)(Oc1ccc(Cl)cc1)c1ccc(Cl)cc1,0
338.85,O=C(c1ccc(Cl)cc1)c1ccccc1Cl,O=C(c1ccc(Cl)cc1)c1ccccc1Cl,0
441.45,CN(C)C(=O)Nc1ccc(Cl)cc1,CN(C)C(=O)Nc1ccc(Cl)cc1,0
291.54999999999995,CC(=O)c1ccc(Cl)cc1,CC(=O)c1ccc(Cl)cc1,0
506.65,CCc1nc(N)nc(N)c1-c1ccc(Cl)cc1,CCc1nc(N)nc(N)c1-c1ccc(Cl)cc1,0
418.65,O=C1c2ccccc2C(=O)C1c1ccc(Cl)cc1,O=C1c2ccccc2C(=O)C1c1ccc(Cl)cc1,0
304.45,O=C=Nc1ccc(Cl)cc1,O=C=Nc1ccc(Cl)cc1,0
379.65,CC(=O)CC(=O)Nc1ccccc1Cl,CC(=O)CC(=O)Nc1ccccc1Cl,0
350.65,O=C(c1ccccc1)c1ccc(Cl)cc1,O=C(c1ccccc1)c1ccc(Cl)cc1,0
375.15,O=C(O)CCc1ccccc1Cl,O=C(O)CCc1ccccc1Cl,0
350.15,O=C(O)CCc1cccc(Cl)c1,O=C(O)CCc1cccc(Cl)c1,0
399.15,O=C(O)CCc1ccc(Cl)cc1,O=C(O)CCc1ccc(Cl)cc1,0
322.65,O=C(CCCl)c1ccccc1,O=C(CCCl)c1ccccc1,0
310.45,CCC(=O)c1ccc(Cl)cc1,CCC(=O)c1ccc(Cl)cc1,0
417.65,O=C(O)C#Cc1cccc(Cl)c1,O=C(O)C#Cc1cccc(Cl)c1,0
367.15,O=S(=O)(c1ccccc1)c1ccc(Cl)cc1,O=S(=O)(c1ccccc1)c1ccc(Cl)cc1,0
396.15,Clc1nnnn1-c1ccccc1,Clc1nnnn1-c1ccccc1,0
416.45,NC(=S)Nc1ccccc1Cl,NC(=S)Nc1ccccc1Cl,0
401.15,CCCNC(=O)NS(=O)(=O)c1ccc(Cl)cc1,CCCNC(=O)NS(=O)(=O)c1ccc(Cl)cc1,0
150.24999999999997,CCCCl,CCCCl,0
156.04999999999998,CC(C)Cl,CC(C)Cl,0
221.75,N#CCCCl,N#CCCCl,0
314.15,O=C(O)CCCl,O=C(O)CCCl,0
138.34999999999997,C/C=C\Cl,C/C=C\Cl,0
174.14999999999998,C/C=C/Cl,C/C=C/Cl,0
135.74999999999997,C=C(C)Cl,C=C(C)Cl,0
137.14999999999998,C=CCCl,C=CCCl,0
208.15,C=C(Cl)C#N,C=C(Cl)C#N,0
339.15,C=C(Cl)C(=O)O,C=C(Cl)C(=O)O,0
281.65,ClC/C=C/c1ccccc1,ClC/C=C/c1ccccc1,0
315.65,CC(C)OC(=O)Nc1cccc(Cl)c1,CC(C)OC(=O)Nc1cccc(Cl)c1,0
345.45,CC(C)OC(=O)C(O)(c1ccc(Cl)cc1)c1ccc(Cl)cc1,CC(C)OC(=O)C(O)(c1ccc(Cl)cc1)c1ccc(Cl)cc1,0
195.15,C#CCCl,C#CCCl,0
449.15,Clc1ncnc2nc[nH]c12,Clc1ncnc2nc[nH]c12,0
493.15,Nc1ccc(Cl)nn1,Nc1ccc(Cl)nn1,0
410.15,Nc1ccc(Cl)cn1,Nc1ccc(Cl)cn1,0
229.65,Clc1ccncc1,Clc1ccncc1,0
448.15,O=C(O)c1cccnc1Cl,O=C(O)c1cccnc1Cl,0
471.15,O=C(O)c1ccc(Cl)nc1,O=C(O)c1ccc(Cl)nc1,0
363.15,CCN(CC)CCCC(C)Nc1ccnc2cc(Cl)ccc12,CCN(CC)CCCC(C)Nc1ccnc2cc(Cl)ccc12,0
311.54999999999995,Clc1ccc2ccccc2n1,Clc1ccc2ccccc2n1,0
308.04999999999995,Clc1ccnc2ccccc12,Clc1ccnc2ccccc12,0
319.04999999999995,Clc1ccc2ncccc2c1,Clc1ccc2ncccc2c1,0
253.15,Clc1cccc2cccnc12,Clc1cccc2cccnc12,0
403.15,Oc1ccc(Cl)c2cccnc12,Oc1ccc(Cl)c2cccnc12,0
210.05,C=Cc1ccccc1Cl,C=Cc1ccccc1Cl,0
289.04999999999995,C=Cc1ccc(Cl)cc1,C=Cc1ccc(Cl)cc1,0
423.15,O=C1CCC(=O)N1Cl,O=C1CCC(=O)N1Cl,0
278.04999999999995,CCCCCCCCCCCCCCCl,CCCCCCCCCCCCCCCl,0
300.15,CCN(CC)c1nc(Cl)nc(N(CC)CC)n1,CCN(CC)c1nc(Cl)nc(N(CC)CC)n1,0
156.14999999999998,FC(F)C(F)(F)Cl,FC(F)C(F)(F)Cl,0
73.99999999999997,FC(Cl)C(F)(F)F,FC(Cl)C(F)(F)F,0
526.25,N#Cc1c(Cl)c(Cl)c(Cl)c(C#N)c1Cl,N#Cc1c(Cl)c(Cl)c(Cl)c(C#N)c1Cl,0
623.15,NS(=O)(=O)c1cc2c(cc1Cl)NC=NS2(=O)=O,NS(=O)(=O)c1cc2c(cc1Cl)NC=NS2(=O)=O,0
201.3,Clc1cccs1,Clc1cccs1,0
426.65,O=c1c2ccccc2sc2ccc(Cl)cc12,O=c1c2ccccc2sc2ccc(Cl)cc12,0
237.25,Cc1ccccc1Cl,Cc1ccccc1Cl,0
225.35,Cc1cccc(Cl)c1,Cc1cccc(Cl)c1,0
280.54999999999995,Cc1ccc(Cl)cc1,Cc1ccc(Cl)cc1,0
603.15,Nc1nc(N)nc(Cl)n1,Nc1nc(N)nc(Cl)n1,0
302.54999999999995,Clc1ccccc1C(Cl)(Cl)Cl,Clc1ccccc1C(Cl)(Cl)Cl,0
222.15,CCO[Si](Cl)(OCC)OCC,CCO[Si](Cl)(OCC)OCC,0
396.15,CC[Pb](Cl)(CC)CC,CC[Pb](Cl)(CC)CC,0
167.64999999999998,FC(F)(F)CCl,FC(F)(F)CCl,0
115.01,FC(F)=C(F)Cl,FC(F)=C(F)Cl,0
91.95,FC(F)(F)Cl,FC(F)(F)Cl,0
309.65,Nc1ccc(Cl)c(C(F)(F)F)c1,Nc1ccc(Cl)c(C(F)(F)F)c1,0
267.15,FC(F)(F)c1ccccc1Cl,FC(F)(F)c1ccccc1Cl,0
217.15,FC(F)(F)c1cccc(Cl)c1,FC(F)(F)c1cccc(Cl)c1,0
240.15,FC(F)(F)c1ccc(Cl)cc1,FC(F)(F)c1ccc(Cl)cc1,0
179.41999999999996,FC(F)(F)CCCl,FC(F)(F)CCCl,0
247.15,CC(C)(C)CC(C)(C)Cl,CC(C)(C)CC(C)(C)Cl,0
311.65,C[Sn](C)(C)Cl,C[Sn](C)(C)Cl,0
355.15,O=[N+]([O-])c1cc([N+](=O)[O-])c(Cl)c([N+](=O)[O-])c1,O=[N+]([O-])c1cc([N+](=O)[O-])c(Cl)c([N+](=O)[O-])c1,0
278.95,O=[N+]([O-])C(Cl)([N+](=O)[O-])[N+](=O)[O-],O=[N+]([O-])C(Cl)([N+](=O)[O-])[N+](=O)[O-],0
382.35,ClC(c1ccccc1)(c1ccccc1)c1ccccc1,ClC(c1ccccc1)(c1ccccc1)c1ccccc1,0
376.65,Cl[Sn](c1ccccc1)(c1ccccc1)c1ccccc1,Cl[Sn](c1ccccc1)(c1ccccc1)c1ccccc1,0
249.65,CCC[Sn](Cl)(CCC)CCC,CCC[Sn](Cl)(CCC)CCC,0
425.15,CN(C)C(=O)Nc1ccc(Oc2ccc(Cl)cc2)cc1,CN(C)C(=O)Nc1ccc(Oc2ccc(Cl)cc2)cc1,0
420.15,O=C[C@H](NC(=O)N(CCCl)N=O)[C@@H](O)[C@H](O)[C@H](O)CO,O=C[C@H](NC(=O)N(CCCl)N=O)[C@@H](O)[C@H](O)[C@H](O)CO,0
363.15,NC(=O)OCC(O)COc1ccc(Cl)cc1,NC(=O)OCC(O)COc1ccc(Cl)cc1,0
370.25,CN(C)CC/C=C1/c2ccccc2Sc2ccc(Cl)cc21,CN(C)CC/C=C1/c2ccccc2Sc2ccc(Cl)cc21,0
316.15,CCOP(=S)(OCC)Oc1nc(Cl)c(Cl)cc1Cl,CCOP(=S)(OCC)Oc1nc(Cl)c(Cl)cc1Cl,0
319.15,COP(=S)(OC)Oc1nc(Cl)c(Cl)cc1Cl,COP(=S)(OC)Oc1nc(Cl)c(Cl)cc1Cl,0
449.15,COc1nc(C)nc(NC(=O)NS(=O)(=O)c2ccccc2Cl)n1,COc1nc(C)nc(NC(=O)NS(=O)(=O)c2ccccc2Cl)n1,0
441.65,CN(C)[C@@H]1C(=O)C(C(N)=O)=C(O)[C@@]2(O)C(=O)C3=C(O)c4c(O)ccc(Cl)c4[C@@](C)(O)[C@H]3C[C@@H]12,CN(C)[C@@H]1C(=O)C(C(N)=O)=C(O)[C@@]2(O)C(=O)C3=C(O)c4c(O)ccc(Cl)c4[C@@](C)(O)[C@H]3C[C@@H]12,0
498.15,NS(=O)(=O)c1cc(C2(O)NC(=O)c3ccccc32)ccc1Cl,NS(=O)(=O)c1cc(C2(O)NC(=O)c3ccccc32)ccc1Cl,0
294.15,COP(=S)(OC)Oc1ccc([N+](=O)[O-])c(Cl)c1,COP(=S)(OC)Oc1ccc([N+](=O)[O-])c(Cl)c1,0
420.15,Cc1ccc(NC(=O)N(C)C)cc1Cl,Cc1ccc(NC(=O)N(C)C)cc1Cl,0
363.15,CCC[C@@H](C)[C@H]1CC[C@H]2[C@@H]3CC[C@@H]4CCCC[C@]4(C)[C@H]3CC[C@]12C,CCC[C@@H](C)[C@H]1CC[C@H]2[C@@H]3CC[C@@H]4CCCC[C@]4(C)[C@H]3CC[C@]12C,0
436.65,C[C@H](CCC(=O)O)[C@H]1CC[C@H]2[C@@H]3CCC4CCCC[C@]4(C)[C@H]3CC[C@]12C,C[C@H](CCC(=O)O)[C@H]1CC[C@H]2[C@@H]3CCC4CCCC[C@]4(C)[C@H]3CC[C@]12C,0
353.15,CC(C)CCC[C@@H](C)[C@H]1CC[C@H]2[C@@H]3CC=C4C=CCC[C@]4(C)[C@H]3CC[C@]12C,CC(C)CCC[C@@H](C)[C@H]1CC[C@H]2[C@@H]3CC=C4C=CCC[C@]4(C)[C@H]3CC[C@]12C,0
423.65,CC(C)CCC[C@@H](C)[C@H]1CC[C@H]2C3=CC=C4C[C@@H](O)CC[C@]4(C)[C@H]3CC[C@]12C,CC(C)CCC[C@@H](C)[C@H]1CC[C@H]2C3=CC=C4C[C@@H](O)CC[C@]4(C)[C@H]3CC[C@]12C,0
383.15,CC(C)=CCC[C@@H](C)[C@H]1CC[C@H]2C3=C(CC[C@]12C)[C@@]1(C)CC[C@H](O)C[C@@H]1CC3,CC(C)=CCC[C@@H](C)[C@H]1CC[C@H]2C3=C(CC[C@]12C)[C@@]1(C)CC[C@H](O)C[C@@H]1CC3,0
351.75,CC(C)CCC[C@@H](C)[C@H]1CC[C@H]2[C@@H]3CC[C@H]4CCCC[C@]4(C)[C@H]3CC[C@]12C,CC(C)CCC[C@@H](C)[C@H]1CC[C@H]2[C@@H]3CC[C@H]4CCCC[C@]4(C)[C@H]3CC[C@]12C,0
345.15,CC(C)CCC[C@@H](C)[C@H]1CC[C@H]2[C@@H]3CC[C@@H]4CCCC[C@]4(C)[C@H]3CC[C@]12C,CC(C)CCC[C@@H](C)[C@H]1CC[C@H]2[C@@H]3CC[C@@H]4CCCC[C@]4(C)[C@H]3CC[C@]12C,0
414.65,CC(C)CCC[C@@H](C)[C@H]1CC[C@H]2[C@@H]3CC[C@H]4C[C@@H](O)CC[C@]4(C)[C@H]3CC[C@]12C,CC(C)CCC[C@@H](C)[C@H]1CC[C@H]2[C@@H]3CC[C@H]4C[C@@H](O)CC[C@]4(C)[C@H]3CC[C@]12C,0
458.65,CC(C)CCC[C@@H](C)[C@H]1CC[C@H]2[C@@H]3CC[C@H]4C[C@H](O)CC[C@]4(C)[C@H]3CC[C@]12C,CC(C)CCC[C@@H](C)[C@H]1CC[C@H]2[C@@H]3CC[C@H]4C[C@H](O)CC[C@]4(C)[C@H]3CC[C@]12C,0
405.15,CC(C)CCC[C@@H](C)[C@H]1CC[C@H]2[C@@H]3CCC4=C[C@@H](O)CC[C@]4(C)[C@H]3CC[C@]12C,CC(C)CCC[C@@H](C)[C@H]1CC[C@H]2[C@@H]3CCC4=C[C@@H](O)CC[C@]4(C)[C@H]3CC[C@]12C,0
414.65,CC(C)CCC[C@@H](C)[C@H]1CC[C@H]2[C@@H]3CC=C4C[C@H](O)CC[C@]4(C)[C@H]3CC[C@]12C,CC(C)CCC[C@@H](C)[C@H]1CC[C@H]2[C@@H]3CC=C4C[C@H](O)CC[C@]4(C)[C@H]3CC[C@]12C,0
387.75,CC(=O)O[C@H]1CC[C@@]2(C)C(=CC[C@H]3[C@@H]4CC[C@H]([C@H](C)CCCC(C)C)[C@@]4(C)CC[C@@H]32)C1,CC(=O)O[C@H]1CC[C@@]2(C)C(=CC[C@H]3[C@@H]4CC[C@H]([C@H](C)CCCC(C)C)[C@@]4(C)CC[C@@H]32)C1,0
423.15,CC(C)CCC[C@@H](C)[C@H]1CC[C@H]2[C@@H]3CC=C4C[C@@H](OC(=O)c5ccccc5)CC[C@]4(C)[C@H]3CC[C@]12C,CC(C)CCC[C@@H](C)[C@H]1CC[C@H]2[C@@H]3CC=C4C[C@@H](OC(=O)c5ccccc5)CC[C@]4(C)[C@H]3CC[C@]12C,0
352.85,CCCCCCCCCCCCCCCC(=O)O[C@H]1CC[C@@]2(C)C(=CC[C@H]3[C@@H]4CC[C@H]([C@H](C)CCCC(C)C)[C@@]4(C)CC[C@@H]32)C1,CCCCCCCCCCCCCCCC(=O)O[C@H]1CC[C@@]2(C)C(=CC[C@H]3[C@@H]4CC[C@H]([C@H](C)CCCC(C)C)[C@@]4(C)CC[C@@H]32)C1,0
321.04999999999995,CCCCCCCC/C=C\CCCCCCCC(=O)O[C@H]1CC[C@@]2(C)C(=CC[C@H]3[C@@H]4CC[C@H]([C@H](C)CCCC(C)C)[C@@]4(C)CC[C@@H]32)C1,CCCCCCCC/C=C\CCCCCCCC(=O)O[C@H]1CC[C@@]2(C)C(=CC[C@H]3[C@@H]4CC[C@H]([C@H](C)CCCC(C)C)[C@@]4(C)CC[C@@H]32)C1,0
354.65,CC(C)CCC[C@@H](C)[C@H]1CC[C@H]2[C@@H]3CCC4=CC(=O)CC[C@]4(C)[C@H]3CC[C@]12C,CC(C)CCC[C@@H](C)[C@H]1CC[C@H]2[C@@H]3CCC4=CC(=O)CC[C@]4(C)[C@H]3CC[C@]12C,0
421.35,CC(C)CCC[C@@H](C)[C@H]1CC[C@H]2[C@@H]3CC=C4C[C@@H](O)CC[C@]4(C)[C@H]3CC[C@]12C,CC(C)CCC[C@@H](C)[C@H]1CC[C@H]2[C@@H]3CC=C4C[C@@H](O)CC[C@]4(C)[C@H]3CC[C@]12C,0
471.15,C[C@H](CCC(=O)O)[C@H]1CC[C@H]2[C@@H]3[C@H](O)C[C@@H]4C[C@H](O)CC[C@]4(C)[C@H]3C[C@H](O)[C@]12C,C[C@H](CCC(=O)O)[C@H]1CC[C@H]2[C@@H]3[C@H](O)C[C@@H]4C[C@H](O)CC[C@]4(C)[C@H]3C[C@H](O)[C@]12C,0
421.15,C=C(O[C@@H]1C=C(C(=O)O)C=C[C@H]1O)C(=O)O,C=C(O[C@@H]1C=C(C(=O)O)C=C[C@H]1O)C(=O)O,0
483.65,Nc1cc2c3ccccc3ccc2c2ccccc12,Nc1cc2c3ccccc3ccc2c2ccccc12,0
528.15,c1ccc2c(c1)ccc1c3ccccc3ccc21,c1ccc2c(c1)ccc1c3ccccc3ccc21,0
288.15,COP(=S)(OC)Oc1ccc(C#N)cc1,COP(=S)(OC)Oc1ccc(C#N)cc1,0
327.15,CCC[C@@H](O)/C=C/C=C/C=C/C#CC#CCCCO,CCC[C@@H](O)/C=C/C=C/C=C/C#CC#CCCCO,0
415.15,CN=C(NC#N)NCCSCc1nc[nH]c1C,CN=C(NC#N)NCCSCc1nc[nH]c1C,0
459.15,C=C[C@H]1CN2CC[C@H]1C[C@H]2c1[nH]c2ccccc2c1CCO,C=C[C@H]1CN2CC[C@H]1C[C@H]2c1[nH]c2ccccc2c1CCO,0
483.65,C=C[C@H]1CN2CC[C@H]1C[C@H]2[C@H](O)c1ccnc2ccccc12,C=C[C@H]1CN2CC[C@H]1C[C@H]2[C@H](O)c1ccnc2ccccc12,0
538.15,C=C[C@H]1CN2CC[C@H]1C[C@@H]2[C@@H](O)c1ccnc2ccccc12,C=C[C@H]1CN2CC[C@H]1C[C@@H]2[C@@H](O)c1ccnc2ccccc12,0
332.15,C=C[C@H]1CNCC[C@H]1CCC(=O)c1ccnc2ccccc12,C=C[C@H]1CNCC[C@H]1CCC(=O)c1ccnc2ccccc12,0
265.65,O=C/C=C/c1ccccc1,O=C/C=C/c1ccccc1,0
348.15,CC(C(O)c1ccccc1)N(C)C/C=C/c1ccccc1,CC(C(O)c1ccccc1)N(C)C/C=C/c1ccccc1,0
315.15,O=C(O)/C=C\c1ccccc1,O=C(O)/C=C\c1ccccc1,0
407.15,O=C(O)/C=C/c1ccccc1,O=C(O)/C=C/c1ccccc1,0
337.15,Nc1ccccc1C(=O)OC/C=C/c1ccccc1,Nc1ccccc1C(=O)OC/C=C/c1ccccc1,0
317.15,O=C(/C=C/c1ccccc1)OC/C=C/c1ccccc1,O=C(/C=C/c1ccccc1)OC/C=C/c1ccccc1,0
273.15,O=COC/C=C/c1ccccc1,O=COC/C=C/c1ccccc1,0
311.15,c1ccc2nnccc2c1,c1ccc2nnccc2c1,0
248.15,CCOCCOC(=O)/C=C/c1ccc(OC)cc1,CCOCCOC(=O)/C=C/c1ccc(OC)cc1,0
663.15,O=c1c2ccccc2[nH]c2cc3c(=O)c4ccccc4[nH]c3cc12,O=c1c2ccccc2[nH]c2cc3c(=O)c4ccccc4[nH]c3cc12,0
529.15,CC(=O)C(N=Nc1ccc(C)cc1[N+](=O)[O-])C(=O)Nc1ccccc1,CC(=O)C(N=Nc1ccc(C)cc1[N+](=O)[O-])C(=O)Nc1ccccc1,0
590.15,CC(=O)C(N=Nc1ccc(-c2ccc(N=NC(C(C)=O)C(=O)Nc3ccccc3)c(Cl)c2)cc1Cl)C(=O)Nc1ccccc1,CC(=O)C(N=Nc1ccc(-c2ccc(N=NC(C(C)=O)C(=O)Nc3ccccc3)c(Cl)c2)cc1Cl)C(=O)Nc1ccccc1,0
405.15,COc1cc(N)c(Cl)cc1C(=O)N[C@@H]1CCN(CCCOc2ccc(F)cc2)C[C@@H]1OC,COc1cc(N)c(Cl)cc1C(=O)N[C@@H]1CCN(CCCOc2ccc(F)cc2)C[C@@H]1OC,0
420.15,CC1=C(/C=C/C(C)=C/C=C/C(C)=C/C=C/C=C(C)/C=C/C=C(\C)C=O)C(C)(C)C[C@H](O)C1,CC1=C(/C=C/C(C)=C/C=C/C(C)=C/C=C/C=C(C)/C=C/C=C(\C)C=O)C(C)(C)C[C@H](O)C1,0
573.15,O=C(O)c1cc(O)[nH]c(=O)c1,O=C(O)c1cc(O)[nH]c(=O)c1,0
426.15,O=C(O)CC(O)(CC(=O)O)C(=O)O,O=C(O)CC(O)(CC(=O)O)C(=O)O,0
451.15,CC1=C2C(=CO[C@H](C)[C@H]2C)C(=O)C(C(=O)O)=C1O,CC1=C2C(=CO[C@H](C)[C@H]2C)C(=O)C(C(=O)O)=C1O,0
495.15,NC(=O)NCCC[C@H](N)C(=O)O,NC(=O)NCCC[C@H](N)C(=O)O,0
429.15,COc1ccc(OC)c(N=Nc2c(O)ccc3ccccc23)c1,COc1ccc(OC)c(N=Nc2c(O)ccc3ccccc23)c1,0
346.15,C=C(c1ccccc1OCc1cccc(Cl)c1)n1ccnc1,C=C(c1ccccc1OCc1cccc(Cl)c1)n1ccnc1,0
455.15,Clc1ccccc1-c1nnc(-c2ccccc2Cl)nn1,Clc1ccccc1-c1nnc(-c2ccccc2Cl)nn1,0
325.95,CCOC(=O)NC(C)(C)Cc1ccc(Cl)cc1,CCOC(=O)NC(C)(C)Cc1ccc(Cl)cc1,0
390.15,CCN(CC)CCOc1ccc(C(=C(Cl)c2ccccc2)c2ccccc2)cc1,CCN(CC)CCOc1ccc(C(=C(Cl)c2ccccc2)c2ccccc2)cc1,0
510.65,O=C1CN=C(c2ccccc2Cl)c2cc([N+](=O)[O-])ccc2N1,O=C1CN=C(c2ccccc2Cl)c2cc([N+](=O)[O-])ccc2N1,0
410.15,Clc1cccc(Cl)c1NC1=NCCN1,Clc1cccc(Cl)c1NC1=NCCN1,0
593.15,Cc1[nH]c(C)c(Cl)c(=O)c1Cl,Cc1[nH]c(C)c(Cl)c(=O)c1Cl,0
424.15,O=C(O)c1nc(Cl)ccc1Cl,O=C(O)c1nc(Cl)ccc1Cl,0
321.65,Oc1ccc(Cl)cc1Cc1ccccc1,Oc1ccc(Cl)cc1Cc1ccccc1,0
421.15,Clc1ccccc1C(c1ccccc1)(c1ccccc1)n1ccnc1,Clc1ccccc1C(c1ccccc1)(c1ccccc1)n1ccnc1,0
456.15,CN1CCN(C2=Nc3cc(Cl)ccc3Nc3ccccc32)CC1,CN1CCN(C2=Nc3cc(Cl)ccc3Nc3ccccc32)CC1,0
371.15,COC(=O)[C@H]1[C@@H](OC(=O)c2ccccc2)C[C@@H]2CC[C@H]1N2C,COC(=O)[C@H]1[C@@H](OC(=O)c2ccccc2)C[C@@H]2CC[C@H]1N2C,0
493.65,COc1cc2c(cc1O)[C@H](Cc1ccc(O)cc1)NCC2,COc1cc2c(cc1O)[C@H](Cc1ccc(O)cc1)NCC2,0
400.15,COc1cc2c(cc1O)[C@H](Cc1ccc(OC)c(OC)c1)N(C)CC2,COc1cc2c(cc1O)[C@H](Cc1ccc(OC)c(OC)c1)N(C)CC2,0
430.65,COc1ccc2c3c1O[C@H]1[C@@H](O)C=C[C@H]4[C@@H](C2)N(C)CC[C@@]341,COc1ccc2c3c1O[C@H]1[C@@H](O)C=C[C@H]4[C@@H](C2)N(C)CC[C@@]341,0
451.65,COc1cc2c(c(OC)c1OC)-c1ccc(O)c(=O)cc1[C@@H](NC(C)=O)CC2,COc1cc2c(c(OC)c1OC)-c1ccc(O)c(=O)cc1[C@@H](NC(C)=O)CC2,0
429.15,COc1cc2c(c(OC)c1OC)-c1ccc(OC)c(=O)cc1[C@@H](NC(C)=O)CC2,COc1cc2c(c(OC)c1OC)-c1ccc(OC)c(=O)cc1[C@@H](NC(C)=O)CC2,0
554.15,COC(=O)c1cc2cc(CCc3cc4c(o3)C(=O)c3c(O)c(OC)cc(OC)c3C4=O)c(O)c(O)c2c(=O)o1,COC(=O)c1cc2cc(CCc3cc4c(o3)C(=O)c3c(O)c(OC)cc(OC)c3C4=O)c(O)c(O)c2c(=O)o1,0
468.65,C[C@@]12C[C@@H](c3ccoc3)OC(=O)[C@@H]1CC[C@]1(C)[C@H]2[C@@H]2C=C[C@@]1(O)C(=O)O2,C[C@@]12C[C@@H](c3ccoc3)OC(=O)[C@@H]1CC[C@]1(C)[C@H]2[C@@H]2C=C[C@@]1(O)C(=O)O2,0
398.65,C[C@H]1[C@H]2CC[C@H]3[C@@H]4CC=C5C[C@@H](N(C)C)CC[C@]5(C)[C@H]4CC[C@]23CN1C,C[C@H]1[C@H]2CC[C@H]3[C@@H]4CC=C5C[C@@H](N(C)C)CC[C@]5(C)[C@H]4CC[C@]23CN1C,0
394.15,CC[C@@H](O)[C@@H]1CCCCN1,CC[C@@H](O)[C@@H]1CCCCN1,0
459.15,COc1cc(/C=C/CO)ccc1O[C@@H]1O[C@H](CO)[C@@H](O)[C@H](O)[C@H]1O,COc1cc(/C=C/CO)ccc1O[C@@H]1O[C@H](CO)[C@@H](O)[C@H](O)[C@H]1O,0
396.15,C=C[C@H]1CN2CC[C@H]1C[C@@H]2[C@@]12Nc3ccccc3[C@]1(O)CCO2,C=C[C@H]1CN2CC[C@H]1C[C@@H]2[C@@]12Nc3ccccc3[C@]1(O)CCO2,0
511.15,C[C@@H]1O[C@@H](O[C@H]2CC[C@]3(C=O)[C@H]4CC[C@]5(C)[C@@H](C6=CC(=O)OC6)CC[C@]5(O)[C@@H]4CC[C@]3(O)C2)[C@H](O)[C@H](O)[C@H]1O,C[C@@H]1O[C@@H](O[C@H]2CC[C@]3(C=O)[C@H]4CC[C@]5(C)[C@@H](C6=CC(=O)OC6)CC[C@]5(O)[C@@H]4CC[C@]3(O)C2)[C@H](O)[C@H](O)[C@H]1O,0
710.45,c1cc2ccc3ccc4ccc5ccc6ccc1c1c2c3c4c5c61,c1cc2ccc3ccc4ccc5ccc6ccc1c1c2c3c4c5c61,0
454.15,C[C@]12C[C@H](O)[C@H]3[C@@H](CCC4=CC(=O)CC[C@@]43C)[C@@H]1CC[C@@H]2C(=O)CO,C[C@]12C[C@H](O)[C@H]3[C@@H](CCC4=CC(=O)CC[C@@]43C)[C@@H]1CC[C@@H]2C(=O)CO,0
510.65,COc1cc2c(cc1O)CCN1Cc3c(ccc(OC)c3OC)[C@H](C)[C@H]21,COc1cc2c(cc1O)CCN1Cc3c(ccc(OC)c3OC)[C@H](C)[C@H]21,0
422.15,C[C@H]1C(=O)c2cc3c(cc2CCN(C)Cc2c1ccc1c2OCO1)OCO3,C[C@H]1C(=O)c2cc3c(cc2CCN(C)Cc2c1ccc1c2OCO1)OCO3,0
409.15,COc1cc2c(cc1OC)[C@H]1[C@@H](C)c3ccc(OC)c(OC)c3CN1CC2,COc1cc2c(cc1OC)[C@H]1[C@@H](C)c3ccc(OC)c(OC)c3CN1CC2,0
422.15,COc1cc2c3c(c1O)-c1c(ccc(OC)c1OC)C[C@@H]3N(C)CC2,COc1cc2c3c(c1O)-c1c(ccc(OC)c1OC)C[C@@H]3N(C)CC2,0
438.65,C=C[C@H]1CN2CCc3c([nH]c4ccccc34)[C@@H]2C[C@@H]1/C(=C\OC)C(=O)OC,C=C[C@H]1CN2CCc3c([nH]c4ccccc34)[C@@H]2C[C@@H]1/C(=C\OC)C(=O)OC,0
405.15,COc1c2c(cc3c1C(O)N(C)CC3)OCO2,COc1c2c(cc3c1C(O)N(C)CC3)OCO2,0
368.35,CCOP(=S)(OCC)Oc1ccc2c(C)c(Cl)c(=O)oc2c1,CCOP(=S)(OCC)Oc1ccc2c(C)c(Cl)c(=O)oc2c1,0
658.15,O=c1oc2cc(O)ccc2c2oc3cc(O)ccc3c12,O=c1oc2cc(O)ccc2c2oc3cc(O)ccc3c12,0
576.15,CN(CC(=O)O)C(=N)N,CN(CC(=O)O)C(=N)N,0
573.15,CN1CC(=O)N=C1N,CN1CC(=O)N=C1N,0
304.15,Cc1ccccc1O,Cc1ccccc1O,0
285.35,Cc1cccc(O)c1,Cc1cccc(O)c1,0
307.92,Cc1ccc(O)cc1,Cc1ccc(O)cc1,0
496.15,Cc1cc(C2(c3ccc(O)c(C)c3)OC(=O)c3ccccc32)ccc1O,Cc1cc(C2(c3ccc(O)c(C)c3)OC(=O)c3ccccc32)ccc1O,0
459.15,Cc1cc(C2(c3cc(C)c(O)c(CN(CC(=O)O)CC(=O)O)c3)OC(=O)c3ccccc32)cc(CN(CC(=O)O)CC(=O)O)c1O,Cc1cc(C2(c3cc(C)c(O)c(CN(CC(=O)O)CC(=O)O)c3)OC(=O)c3ccccc32)cc(CN(CC(=O)O)CC(=O)O)c1O,0
573.15,Cc1cc(C2(c3ccc(O)c(C)c3)OS(=O)(=O)c3ccccc32)ccc1O,Cc1cc(C2(c3ccc(O)c(C)c3)OS(=O)(=O)c3ccccc32)ccc1O,0
233.15,Cc1ccc(OP(=O)(Oc2ccccc2)Oc2ccccc2)cc1,Cc1ccc(OP(=O)(Oc2ccccc2)Oc2ccccc2)cc1,0
360.15,Cc1cc(N(C)C)nc(Cl)n1,Cc1cc(N(C)C)nc(Cl)n1,0
514.15,O=C(O)c1cc(=O)c2c(OCC(O)COc3cccc4oc(C(=O)O)cc(=O)c34)cccc2o1,O=C(O)c1cc(=O)c2c(OCC(O)COc3cccc4oc(C(=O)O)cc(=O)c34)cccc2o1,0
333.25,CNP(=O)(OC)Oc1ccc(C(C)(C)C)cc1Cl,CNP(=O)(OC)Oc1ccc(C(C)(C)C)cc1Cl,0
496.15,COc1cc2c(cc1OC)C(=O)Cc1ccc3c(c1CN(C)CC2)OCO3,COc1cc2c(cc1OC)C(=O)Cc1ccc3c(c1CN(C)CC2)OCO3,0
404.65,O[C@H]1OC[C@H](Cc2ccc3c(c2)OCO3)[C@H]1Cc1ccc2c(c1)OCO2,O[C@H]1OC[C@H](Cc2ccc3c(c2)OCO3)[C@H]1Cc1ccc2c(c1)OCO2,0
454.15,CC(=O)OC(C)(C)/C=C/C(=O)[C@](C)(O)[C@H]1[C@H](O)C[C@@]2(C)[C@@H]3CC=C4[C@@H](C[C@H](O)C(=O)C4(C)C)[C@]3(C)C(=O)C[C@]12C,CC(=O)OC(C)(C)/C=C/C(=O)[C@](C)(O)[C@H]1[C@H](O)C[C@@]2(C)[C@@H]3CC=C4[C@@H](C[C@H](O)C(=O)C4(C)C)[C@]3(C)C(=O)C[C@]12C,0
480.65,CC(=O)OC(C)(C)/C=C/C(=O)[C@](C)(O)[C@H]1[C@H](O)C[C@@]2(C)[C@@H]3CC=C4[C@@H](CC[C@H](O)C4(C)C)[C@]3(CO)C(=O)C[C@]12C,CC(=O)OC(C)(C)/C=C/C(=O)[C@](C)(O)[C@H]1[C@H](O)C[C@@]2(C)[C@@H]3CC=C4[C@@H](CC[C@H](O)C4(C)C)[C@]3(CO)C(=O)C[C@]12C,0
475.15,C=C[C@H]1CN2CC[C@H]1C[C@H]2[C@H](O)c1ccnc2ccc(O)cc12,C=C[C@H]1CN2CC[C@H]1C[C@H]2[C@H](O)c1ccnc2ccc(O)cc12,0
408.15,CC[C@@H]1CN2CC[C@]34c5ccccc5N[C@H]3[C@@H](CO)[C@H]1C[C@H]24,CC[C@@H]1CN2CC[C@]34c5ccccc5N[C@H]3[C@@H](CO)[C@H]1C[C@H]24,0
456.15,COc1cc(/C=C/C(=O)CC(=O)/C=C/c2ccc(O)c(OC)c2)ccc1O,COc1cc(/C=C/C(=O)CC(=O)/C=C/c2ccc(O)c(OC)c2)ccc1O,0
494.15,COc1cc2c3cc1Oc1cc(ccc1O)C[C@@H]1c4c(cc(OC)c(O)c4Oc4ccc(cc4)C[C@H]3N(C)CC2)CCN1C,COc1cc2c3cc1Oc1cc(ccc1O)C[C@@H]1c4c(cc(OC)c(O)c4Oc4ccc(cc4)C[C@H]3N(C)CC2)CCN1C,0
365.15,COc1cc(CCc2ccc3c(c2)OCO3)nc2ccccc12,COc1cc(CCc2ccc3c(c2)OCO3)nc2ccccc12,0
365.15,CC(CN(C)C)CN1c2ccccc2Sc2ccc(C#N)cc21,CC(CN(C)C)CN1c2ccccc2Sc2ccc(C#N)cc21,0
318.7,N#CN,N#CN,0
438.75,CCNc1nc(Cl)nc(NC(C)(C)C#N)n1,CCNc1nc(Cl)nc(NC(C)(C)C#N)n1,0
187.15,N#CO,N#CO,0
387.25,N#CCC(N)=O,N#CCC(N)=O,0
339.15,N#CCC(=O)O,N#CCC(=O)O,0
387.65,N#CCC(=O)NN,N#CCC(=O)NN,0
278.15,C#CC#N,C#CC#N,0
496.15,N#Cc1cccc(C(=O)O)c1,N#Cc1cccc(C(=O)O)c1,0
493.15,N#Cc1ccc(C(=O)O)cc1,N#Cc1ccc(C(=O)O)cc1,0
318.15,N#CCCCC(=O)O,N#CCCCC(=O)O,0
356.15,CCOP(=S)(Oc1ccc(C#N)cc1)c1ccccc1,CCOP(=S)(Oc1ccc(C#N)cc1)c1ccccc1,0
245.32,N#CC#N,N#CC#N,0
325.15,N#CBr,N#CBr,0
266.6,N#CCl,N#CCl,0
191.15,N#CF,N#CF,0
419.85,N#CI,N#CI,0
480.15,N#CN=C(N)N,N#CN=C(N)N,0
365.15,C[Hg]C#N,C[Hg]C#N,0
451.15,N#Cc1ccc(OCC(=O)O)cc1,N#Cc1ccc(OCC(=O)O)cc1,0
472.65,N#CCC(=O)Nc1ccccc1,N#CCC(=O)Nc1ccccc1,0
331.15,N#Cc1cscn1,N#Cc1cscn1,0
603.15,O=c1[nH]c(=O)[nH]c(=O)[nH]1,O=c1[nH]c(=O)[nH]c(=O)[nH]1,0
427.15,C/[N+]([O-])=N/CO[C@@H]1O[C@H](CO)[C@@H](O)[C@H](O)[C@H]1O,C/[N+]([O-])=N/CO[C@@H]1O[C@H](CO)[C@@H](O)[C@H](O)[C@H]1O,0
325.15,CC1CC(OC(=O)C(O)c2ccccc2)CC(C)(C)C1,CC1CC(OC(=O)C(O)c2ccccc2)CC(C)(C)C1,0
379.15,CN1CCN(C(c2ccccc2)c2ccccc2)CC1,CN1CCN(C(c2ccccc2)c2ccccc2)CC1,0
284.65,CCSC(=O)N(CC)C1CCCCC1,CCSC(=O)N(CC)C1CCCCC1,0
446.15,CCC1(C2=CCCCC2)C(=O)NC(=O)NC1=O,CCC1(C2=CCCCC2)C(=O)NC(=O)NC1=O,0
182.45,C1CCC1,C1CCC1,0
266.15,O=C(O)C1CCC1,O=C(O)C1CCC1,0
431.15,O=C(O)C1(C(=O)O)CCC1,O=C(O)C1(C(=O)O)CCC1,0
222.25,O=C1CCC1,O=C1CCC1,0
528.15,CC[C@@H]1NC(=O)[C@@H]2[C@H](Cl)[C@H](Cl)CN2C(=O)[C@H](CO)NC(=O)C[C@H](c2ccccc2)NC(=O)[C@H](CO)NC1=O,CC[C@@H]1NC(=O)[C@@H]2[C@H](Cl)[C@H](Cl)CN2C(=O)[C@H](CO)NC(=O)C[C@H](c2ccccc2)NC(=O)[C@H](CO)NC1=O,0
283.54999999999995,C1CCCCCCCCC1,C1CCCCCCCCC1,0
314.15,O=C1CCCCCCCCC1=O,O=C1CCCCCCCCC1=O,0
315.15,OC1CCCCCCCCC1,OC1CCCCCCCCC1,0
296.15,O=C1CCCCCCCCC1,O=C1CCCCCCCCC1,0
533.15,OC[C@H]1O[C@@H]2O[C@H]3[C@H](O)[C@@H](O)[C@@H](O[C@H]4[C@H](O)[C@@H](O)[C@@H](O[C@H]5[C@H](O)[C@@H](O)[C@@H](O[C@H]6[C@H](O)[C@@H](O)[C@@H](O[C@H]7[C@H](O)[C@@H](O)[C@@H](O[C@H]8[C@H](O)[C@@H](O)[C@@H](O[C@H]1[C@H](O)[C@H]2O)O[C@@H]8CO)O[C@@H]7CO)O[C@@H]6CO)O[C@@H]5CO)O[C@@H]4CO)O[C@@H]3CO,OC[C@H]1O[C@@H]2O[C@H]3[C@H](O)[C@@H](O)[C@@H](O[C@H]4[C@H](O)[C@@H](O)[C@@H](O[C@H]5[C@H](O)[C@@H](O)[C@@H](O[C@H]6[C@H](O)[C@@H](O)[C@@H](O[C@H]7[C@H](O)[C@@H](O)[C@@H](O[C@H]8[C@H](O)[C@@H](O)[C@@H](O[C@H]1[C@H](O)[C@H]2O)O[C@@H]8CO)O[C@@H]7CO)O[C@@H]6CO)O[C@@H]5CO)O[C@@H]4CO)O[C@@H]3CO,0
333.95,C1CCCCCCCCCCC1,C1CCCCCCCCCCC1,0
335.54999999999995,O=C1CCCCCCCCCCC1,O=C1CCCCCCCCCCC1,0
256.15,C1=CCCC=CCCC=CCC1,C1=CCCC=CCCC=CCC1,0
305.65,O=C1CCCCCCC/C=C\CCCCCCC1,O=C1CCCCCCC/C=C\CCCCCCC1,0
162.74999999999997,C1=CCCCC=C1,C1=CCCCC=C1,0
265.15,C1CCCCCC1,C1CCCCCC1,0
233.15,O=C1CCCCCC1=O,O=C1CCCCCC1=O,0
280.29999999999995,OC1CCCCCC1,OC1CCCCCC1,0
197.97,C1=CC=CCC=C1,C1=CC=CCC=C1,0
268.15,O=c1cccccc1,O=c1cccccc1,0
217.85,C1=CCCCCC1,C1=CCCCCC1,0
184.15,C1=CCCC=C1,C1=CCCC=C1,0
224.15,C1=CCC=CC1,C1=CCC=CC1,0
338.15,O=C1C=CC=CC1=O,O=C1C=CC=CC1=O,0
513.15,O=Nc1ccc(NO)cc1,O=Nc1ccc(NO)cc1,0
279.85,C1CCCCC1,C1CCCCC1,0
302.04999999999995,O=C(O)CC1CCCCC1,O=C(O)CC1CCCCC1,0
285.15,N#CC1CCCCC1,N#CC1CCCCC1,0
301.15,O=C(O)C1CCCCC1,O=C(O)C1CCCCC1,0
287.95,N[C@@H]1CCCC[C@H]1N,N[C@@H]1CCCC[C@H]1N,0
585.65,O=C(O)C1CCC(C(=O)O)CC1,O=C(O)C1CCC(C(=O)O)CC1,0
203.15,NCC1CCCC(CN)C1,NCC1CCCC(CN)C1,0
316.15,OCC1CCC(CO)CC1,OCC1CCC(CO)CC1,0
368.15,O[C@@H]1CCCC[C@@H]1O,O[C@@H]1CCCC[C@@H]1O,0
416.15,OC1CCC(O)CC1,OC1CCC(O)CC1,0
313.15,O=C1CCCCC1=O,O=C1CCCCC1=O,0
378.15,O=C1CCCC(=O)C1,O=C1CCCC(=O)C1,0
351.54999999999995,O=C1CCC(=O)CC1,O=C1CCC(=O)CC1,0
465.15,O/N=C1\CCCC\C1=N/O,O/N=C1\CCCC\C1=N/O,0
230.15,OCC1CCCCC1,OCC1CCCCC1,0
289.15,O=C(O)CCC1CCCCC1,O=C(O)CCC1CCCCC1,0
299.15,OC1CCCCC1,OC1CCCCC1,0
245.22,O=C1CCCCC1,O=C1CCCCC1,0
362.2,ON=C1CCCCC1,ON=C1CCCCC1,0
352.15,OOC1(OOC2(O)CCCCC2)CCCCC1,OOC1(OOC2(O)CCCCC2)CCCCC1,0
169.64999999999998,C1=CCCCC1,C1=CCCCC1,0
274.15,O=CC1CC=CCC1,O=CC1CC=CCC1,0
311.15,O=C(O)C1=CCCCC1,O=C(O)C1=CCCCC1,0
290.15,O=C(O)C1CC=CCC1,O=C(O)C1CC=CCC1,0
446.15,O=C(O)C1CC=CCC1C(=O)O,O=C(O)C1CC=CCC1C(=O)O,0
220.15,O=C1C=CCCC1,O=C1C=CCCC1,0
262.15,C1=C(c2ccccc2)CCCC1,C1=C(c2ccccc2)CCCC1,0
346.15,CC(=O)C1=CCCCC1,CC(=O)C1=CCCCC1,0
295.25,C1=CCC(c2ccncc2)CC1,C1=CCC(c2ccncc2)CC1,0
392.15,C[C@@H]1C[C@@H]([C@H](O)CC2CC(=O)NC(=O)C2)C(=O)[C@@H](C)C1,C[C@@H]1C[C@@H]([C@H](O)CC2CC(=O)NC(=O)C2)C(=O)[C@@H](C)C1,0
255.45,NC1CCCCC1,NC1CCCCC1,0
376.15,c1ccc2sc(SNC3CCCCC3)nc2c1,c1ccc2sc(SNC3CCCCC3)nc2c1,0
289.15,c1ccc(NC2CCCCC2)cc1,c1ccc(NC2CCCCC2)cc1,0
280.17,c1ccc(C2CCCCC2)cc1,c1ccc(C2CCCCC2)cc1,0
263.15,O=C(OC1CCCCC1)c1ccccc1,O=C(OC1CCCCC1)c1ccccc1,0
358.65,CC(=CC(=O)O)C1CCCCC1,CC(=CC(=O)O)C1CCCCC1,0
276.834,C1CCC(C2CCCCC2)CC1,C1CCC(C2CCCCC2)CC1,0
378.65,O=[N+]([O-])c1cc(C2CCCCC2)c(O)c([N+](=O)[O-])c1,O=[N+]([O-])c1cc(C2CCCCC2)c(O)c([N+](=O)[O-])c1,0
488.15,O=C(O)CN(CC(=O)O)[C@@H]1CCCC[C@H]1N(CC(=O)O)CC(=O)O,O=C(O)CN(CC(=O)O)[C@@H]1CCCC[C@H]1N(CC(=O)O)CC(=O)O,0
362.65,CCc1nncn1C1CCCCC1,CCc1nncn1C1CCCCC1,0
253.15,OOC1CCCCC1,OOC1CCCCC1,0
329.65,O=C1CCCCC1=C1CCCCC1,O=C1CCCCC1=C1CCCCC1,0
327.85,Oc1ccccc1C1CCCCC1,Oc1ccccc1C1CCCCC1,0
403.75,Oc1ccc(C2CCCCC2)cc1,Oc1ccc(C2CCCCC2)cc1,0
387.15,OC(CCN1CCCCC1)(c1ccccc1)C1CCCCC1,OC(CCN1CCCCC1)(c1ccccc1)C1CCCCC1,0
442.65,O=S(=O)(O)NC1CCCCC1,O=S(=O)(O)NC1CCCCC1,0
283.85,C1CCCCCCCC1,C1CCCCCCCC1,0
305.04999999999995,O=C1CCCCCCCC1,O=C1CCCCCCCC1,0
220.15,C1=CCCCC=CC1,C1=CCCCC=CC1,0
203.95,C1=C\CC/C=C\CC/1,C1=C\CC/C=C\CC/1,0
225.15,NC1CCCCCCC1,NC1CCCCCCC1,0
287.97,C1CCCCCCC1,C1CCCCCCC1,0
298.25,OC1CCCCCCC1,OC1CCCCCCC1,0
317.35,O=C1CCCCCCC1,O=C1CCCCCCC1,0
268.45,C1=C\C=C/C=C\C=C/1,C1=C\C=C/C=C\C=C/1,0
187.15,C1=C\C=C/CC\C=C/1,C1=C\C=C/CC\C=C/1,0
260.15,C1=C\CCCCCC/1,C1=C\CCCCCC/1,0
214.15,C1=C/CCCCCC/1,C1=C/CCCCCC/1,0
510.15,CC1=C2C[C@H]3[C@@H](CC=C4C[C@@H](O)CC[C@@]43C)[C@@H]2CC[C@]12O[C@@H]1C[C@H](C)CN[C@H]1[C@H]2C,CC1=C2C[C@H]3[C@@H](CC=C4C[C@@H](O)CC[C@@]43C)[C@@H]2CC[C@]12O[C@@H]1C[C@H](C)CN[C@H]1[C@H]2C,0
337.15,C1CCCCCCCCCCCCCC1,C1CCCCCCCCCCCCCC1,0
353.65,OC1CCCCCCCCCCCCCC1,OC1CCCCCCCCCCCCCC1,0
338.35,O=C1CCCCCCCCCCCCCC1,O=C1CCCCCCCCCCCCCC1,0
176.60999999999996,C1=CCC=C1,C1=CCC=C1,0
179.74999999999997,C1CCCC1,C1CCCC1,0
286.65,O=C(O)CC1CCCC1,O=C(O)CC1CCCC1,0
197.15,N#CC1CCCC1,N#CC1CCCC1,0
266.15,O=C(O)C1CCCC1,O=C(O)C1CCCC1,0
303.15,O[C@@H]1CCC[C@@H]1O,O[C@@H]1CCC[C@@H]1O,0
319.15,O[C@@H]1CCC[C@H]1O,O[C@@H]1CCC[C@H]1O,0
256.15,OC1CCCC1,OC1CCCC1,0
221.45,O=C1CCCC1,O=C1CCCC1,0
330.95,ON=C1CCCC1,ON=C1CCCC1,0
138.12999999999997,C1=CCCC1,C1=CCCC1,0
241.15,O=CC1=CCCC1,O=CC1=CCCC1,0
341.15,O=C(O)CCCCCCCCCCCC[C@@H]1C=CCC1,O=C(O)CCCCCCCCCCCC[C@@H]1C=CCC1,0
333.65,O=C(O)CCCCCCCCCC[C@H]1C=CCC1,O=C(O)CCCCCCCCCC[C@H]1C=CCC1,0
511.15,NS(=O)(=O)c1cc2c(cc1Cl)NC(CC1CCCC1)NS2(=O)=O,NS(=O)(=O)c1cc2c(cc1Cl)NC(CC1CCCC1)NS2(=O)=O,0
412.65,C=CCC1(C2C=CCC2)C(=O)NC(=O)NC1=O,C=CCC1(C2C=CCC2)C(=O)NC(=O)NC1=O,0
190.46,NC1CCCC1,NC1CCCC1,0
323.54999999999995,O=P1(N(CCCl)CCCl)NCCCO1,O=P1(N(CCCl)CCCl)NCCCO1,0
541.15,CC1=C2C[C@H]3[C@@H](CC=C4C[C@@H](O[C@@H]5O[C@H](CO)[C@@H](O)[C@H](O)[C@H]5O)CC[C@@]43C)[C@@H]2CC[C@]12O[C@@H]1C[C@H](C)CN[C@H]1[C@H]2C,CC1=C2C[C@H]3[C@@H](CC=C4C[C@@H](O[C@@H]5O[C@H](CO)[C@@H](O)[C@H](O)[C@H]5O)CC[C@@]43C)[C@@H]2CC[C@]12O[C@@H]1C[C@H](C)CN[C@H]1[C@H]2C,0
145.54999999999998,C1CC1,C1CC1,0
291.65,O=C(O)C1CC1,O=C(O)C1CC1,0
413.65,O=C(O)C1(C(=O)O)CC1,O=C(O)C1(C(=O)O)CC1,0
237.77,NC1CC1,NC1CC1,0
242.15,c1ccc(C2CC2)cc1,c1ccc(C2CC2)cc1,0
163.14999999999998,COC1CC1,COC1CC1,0
204.95,CC(=O)C1CC1,CC(=O)C1CC1,0
551.15,O=[N+]([O-])N1CN([N+](=O)[O-])CN([N+](=O)[O-])CN([N+](=O)[O-])C1,O=[N+]([O-])N1CN([N+](=O)[O-])CN([N+](=O)[O-])CN([N+](=O)[O-])C1,0
507.15,NS(=O)(=O)c1cc2c(cc1Cl)NC(C1CC3C=CC1C3)NS2(=O)=O,NS(=O)(=O)c1cc2c(cc1Cl)NC(C1CC3C=CC1C3)NS2(=O)=O,0
411.15,CN(C)C(=O)NC1CCCCCCC1,CN(C)C(=O)NC1CCCCCCC1,0
333.15,CC1(C)C(C=C(Cl)Cl)C1C(=O)OC(C#N)c1ccc(F)c(Oc2ccccc2)c1,CC1(C)C(C=C(Cl)Cl)C1C(=O)OC(C#N)c1ccc(F)c(Oc2ccccc2)c1,0
324.54999999999995,CNC(=O)CSP(=S)(OC)OC,CNC(=O)CSP(=S)(OC)OC,0
322.35,CC1(C)[C@H](/C=C(\Cl)C(F)(F)F)[C@@H]1C(=O)O[C@@H](C#N)c1cccc(Oc2ccccc2)c1,CC1(C)[C@H](/C=C(\Cl)C(F)(F)F)[C@@H]1C(=O)O[C@@H](C#N)c1cccc(Oc2ccccc2)c1,0
343.15,CC1(C)C(C=C(Cl)Cl)C1C(=O)OC(C#N)c1cccc(Oc2ccccc2)c1,CC1(C)C(C=C(Cl)Cl)C1C(=O)OC(C#N)c1cccc(Oc2ccccc2)c1,0
443.55,CC(C)Nc1nc(Cl)nc(NC2CC2)n1,CC(C)Nc1nc(Cl)nc(NC2CC2)n1,0
386.15,CN1CCC(=C2c3ccccc3C=Cc3ccccc32)CC1,CN1CCC(=C2c3ccccc3C=Cc3ccccc32)CC1,0
493.15,Nc1nc(N)nc(NC2CC2)n1,Nc1nc(N)nc(NC2CC2)n1,0
372.65,NCCS,NCCS,0
533.15,NC(CS(=O)(=O)O)C(=O)O,NC(CS(=O)(=O)O)C(=O)O,0
513.15,N[C@@H](CS)C(=O)O,N[C@@H](CS)C(=O)O,0
533.15,N[C@@H](CSSC[C@H](N)C(=O)O)C(=O)O,N[C@@H](CSSC[C@H](N)C(=O)O)C(=O)O,0
485.15,Nc1ccn([C@@H]2O[C@H](CO)[C@@H](O)[C@@H]2O)c(=O)n1,Nc1ccn([C@@H]2O[C@H](CO)[C@@H](O)[C@@H]2O)c(=O)n1,0
503.15,Nc1ccn([C@@H]2O[C@H](CO)[C@@H](O)[C@H]2O)c(=O)n1,Nc1ccn([C@@H]2O[C@H](CO)[C@@H](O)[C@H]2O)c(=O)n1,0
512.15,Nc1ccn([C@@H]2O[C@H](CO)[C@@H](O)[C@H]2OP(=O)(O)O)c(=O)n1,Nc1ccn([C@@H]2O[C@H](CO)[C@@H](O)[C@H]2OP(=O)(O)O)c(=O)n1,0
506.15,Nc1ccn([C@@H]2O[C@H](CO)[C@@H](OP(=O)(O)O)[C@H]2O)c(=O)n1,Nc1ccn([C@@H]2O[C@H](CO)[C@@H](OP(=O)(O)O)[C@H]2O)c(=O)n1,0
506.15,Nc1ccn([C@@H]2O[C@H](COP(=O)(O)O)[C@@H](O)[C@H]2O)c(=O)n1,Nc1ccn([C@@H]2O[C@H](COP(=O)(O)O)[C@@H](O)[C@H]2O)c(=O)n1,0
426.15,O=c1cccc2n1C[C@@H]1CNC[C@H]2C1,O=c1cccc2n1C[C@@H]1CNC[C@H]2C1,0
492.15,C=C1[C@@H](C)[C@H]2[C@H](Cc3ccccc3)NC(=O)[C@]23OC(=O)/C=C/[C@H](O)CCC[C@@H](C)C/C=C/[C@H]3[C@@H]1O,C=C1[C@@H](C)[C@H]2[C@H](Cc3ccccc3)NC(=O)[C@]23OC(=O)/C=C/[C@H](O)CCC[C@@H](C)C/C=C/[C@H]3[C@@H]1O,0
543.15,C=C1[C@@H](C)[C@H]2[C@H](Cc3ccccc3)NC(=O)[C@]23[C@H](OC(C)=O)/C=C/[C@@](C)(O)C(=O)[C@@H](C)C/C=C/[C@H]3[C@@H]1O,C=C1[C@@H](C)[C@H]2[C@H](Cc3ccccc3)NC(=O)[C@]23[C@H](OC(C)=O)/C=C/[C@@](C)(O)C(=O)[C@@H](C)C/C=C/[C@H]3[C@@H]1O,0
480.15,C[C@H]1C/C=C/[C@H]2[C@@H]3O[C@]3(C)[C@@H](C)[C@H]3[C@H](Cc4ccccc4)NC(=O)[C@]32OC(=O)O/C=C/[C@@](C)(O)C1=O,C[C@H]1C/C=C/[C@H]2[C@@H]3O[C@]3(C)[C@@H](C)[C@H]3[C@H](Cc4ccccc4)NC(=O)[C@]32OC(=O)O/C=C/[C@@](C)(O)C1=O,0
538.15,Nc1ccnc(=O)[nH]1,Nc1ccnc(=O)[nH]1,0
478.15,CN(C)/N=N/c1nc[nH]c1C(N)=O,CN(C)/N=N/c1nc[nH]c1C(N)=O,0
518.15,Cc1c2oc3c(C)ccc(C(=O)N[C@@H]4C(=O)N[C@H](C(C)C)C(=O)N5CCC[C@H]5C(=O)N(C)CC(=O)N(C)[C@@H](C(C)C)C(=O)O[C@@H]4C)c3nc-2c(C(=O)N[C@@H]2C(=O)N[C@H](C(C)C)C(=O)N3CCC[C@H]3C(=O)N(C)CC(=O)N(C)[C@@H](C(C)C)C(=O)O[C@@H]2C)c(N)c1=O,Cc1c2oc3c(C)ccc(C(=O)N[C@@H]4C(=O)N[C@H](C(C)C)C(=O)N5CCC[C@H]5C(=O)N(C)CC(=O)N(C)[C@@H](C(C)C)C(=O)O[C@@H]4C)c3nc-2c(C(=O)N[C@@H]2C(=O)N[C@H](C(C)C)C(=O)N3CCC[C@H]3C(=O)N(C)CC(=O)N(C)[C@@H](C(C)C)C(=O)O[C@@H]2C)c(N)c1=O,0
596.15,O=c1c(-c2ccc(O)cc2)coc2cc(O)ccc12,O=c1c(-c2ccc(O)cc2)coc2cc(O)ccc12,0
425.85,CN(C)NC(=O)CCC(=O)O,CN(C)NC(=O)CCC(=O)O,0
553.15,O=C1CN(/N=C/c2ccc(-c3ccc([N+](=O)[O-])cc3)o2)C(=O)N1,O=C1CN(/N=C/c2ccc(-c3ccc([N+](=O)[O-])cc3)o2)C(=O)N1,0
550.65,O=c1c(O)c(-c2ccccc2O)oc2cc(O)cc(O)c12,O=c1c(O)c(-c2ccccc2O)oc2cc(O)cc(O)c12,0
387.15,CC(C)[C@H]1CC[C@]2(C)C[C@H](O)[C@]3(C)CC[C@]12O3,CC(C)[C@H]1CC[C@]2(C)C[C@H](O)[C@]3(C)CC[C@]12O3,0
481.15,COc1cccc2c1C(=O)c1c(O)c3c(c(O)c1C2=O)C[C@@](O)(C(C)=O)C[C@@H]3O[C@H]1C[C@H](N)[C@H](O)[C@H](C)O1,COc1cccc2c1C(=O)c1c(O)c3c(c(O)c1C2=O)C[C@@](O)(C(C)=O)C[C@@H]3O[C@H]1C[C@H](N)[C@H](O)[C@H](C)O1,0
379.15,CN1CSC(=S)N(C)C1,CN1CSC(=S)N(C)C1,0
578.15,Brc1c(Br)c(Br)c(Oc2c(Br)c(Br)c(Br)c(Br)c2Br)c(Br)c1Br,Brc1c(Br)c(Br)c(Oc2c(Br)c(Br)c(Br)c(Br)c2Br)c(Br)c1Br,0
579.15,Clc1c(Cl)c(Cl)c(-c2c(Cl)c(Cl)c(Cl)c(Cl)c2Cl)c(Cl)c1Cl,Clc1c(Cl)c(Cl)c(-c2c(Cl)c(Cl)c(Cl)c(Cl)c2Cl)c(Cl)c1Cl,0
340.45,Fc1c(F)c(F)c(-c2c(F)c(F)c(F)c(F)c2F)c(F)c1F,Fc1c(F)c(F)c(-c2c(F)c(F)c(F)c(F)c2F)c(F)c1F,0
230.25,C1CCC2CCCCC2C1,C1CCC2CCCCC2C1,0
236.15,C[Si]1(C)O[Si](C)(C)O[Si](C)(C)O[Si](C)(C)O[Si](C)(C)O1,C[Si]1(C)O[Si](C)(C)O[Si](C)(C)O[Si](C)(C)O[Si](C)(C)O1,0
197.15,C[Si](C)(C)O[Si](C)(C)O[Si](C)(C)O[Si](C)(C)C,C[Si](C)(C)O[Si](C)(C)O[Si](C)(C)O[Si](C)(C)C,0
269.25,CCCCCCCCCC=O,CCCCCCCCCC=O,0
243.54,CCCCCCCCCC,CCCCCCCCCC,0
332.85,NCCCCCCCCCCN,NCCCCCCCCCCN,0
281.15,N#CCCCCCCCCC#N,N#CCCCCCCCCC#N,0
345.54999999999995,OCCCCCCCCCCO,OCCCCCCCCCCO,0
271.85,O=C(Cl)CCCCCCCCC(=O)Cl,O=C(Cl)CCCCCCCCC(=O)Cl,0
258.75,CCCCCCCCCC#N,CCCCCCCCCC#N,0
304.54,CCCCCCCCCC(=O)O,CCCCCCCCCC(=O)O,0
280.15,CCCCCCCCCCO,CCCCCCCCCCO,0
265.65,CCCCCCCC(O)CC,CCCCCCCC(O)CC,0
262.15,CCCCCCC(O)CCC,CCCCCCC(O)CCC,0
281.85,CCCCCC(O)CCCC,CCCCCC(O)CCCC,0
287.15,CCCCCCCCC(C)=O,CCCCCCCCC(C)=O,0
275.15,CCCCCCCC(=O)CC,CCCCCCCC(=O)CC,0
264.15,CCCCCCC(=O)CCC,CCCCCCC(=O)CCC,0
238.65,CCCCCCCCCC(=O)Cl,CCCCCCCCCC(=O)Cl,0
206.94,C=CCCCCCCCC,C=CCCCCCCCC,0
161.14999999999998,CCCC/C=C\CCCC,CCCC/C=C\CCCC,0
200.15,CCCC/C=C/CCCC,CCCC/C=C/CCCC,0
299.65,C=CCCCCCCCC(=O)O,C=CCCCCCCCC(=O)O,0
449.15,CN(C)[C@@H]1C(=O)C(C(N)=O)=C(O)[C@@]2(O)C(=O)C3=C(O)c4c(O)ccc(Cl)c4[C@@H](O)[C@H]3C[C@@H]12,CN(C)[C@@H]1C(=O)C(C(N)=O)=C(O)[C@@]2(O)C(=O)C3=C(O)c4c(O)ccc(Cl)c4[C@@H](O)[C@H]3C[C@@H]12,0
258.15,CCCCCCCCCCOC(C)=O,CCCCCCCCCCOC(C)=O,0
288.15,CCCCCCCCCCN,CCCCCCCCCCN,0
258.75,CCCCCCCCCCc1ccccc1,CCCCCCCCCCc1ccccc1,0
271.42999999999995,CCCCCCCCCCC1CCCCC1,CCCCCCCCCCC1CCCCC1,0
251.04,CCCCCCCCCCC1CCCC1,CCCCCCCCCCC1CCCC1,0
283.15,CCCCCCCCCCOC(=O)CCCCCCCCC,CCCCCCCCCCOC(=O)CCCCCCCCC,0
282.35,CCCCCCCCCCC(CCCCCCCCCC)CCCCCCCCCC,CCCCCCCCCCC(CCCCCCCCCC)CCCCCCCCCC,0
288.15,CCCCCCCCCCc1cccc2ccccc12,CCCCCCCCCCc1cccc2ccccc12,0
232.15,C=COCCCCCCCCCC,C=COCCCCCCCCCC,0
229.15,C#CCCCCCCCC,C#CCCCCCCCC,0
199.15,CCCCC#CCCCC,CCCCC#CCCCC,0
445.15,CC(C)c1ccc2c(c1)CC[C@H]1[C@](C)(C(=O)O)CCC[C@]21C,CC(C)c1ccc2c(c1)CC[C@H]1[C@](C)(C(=O)O)CCC[C@]21C,0
472.15,COCC12CCC(OC)C34C5CC6(O)C(OC)CC(OC(C)=O)(C5C6OC(=O)c5ccccc5)C(C(OC)C13)C4N(C)C2,COCC12CCC(OC)C34C5CC6(O)C(OC)CC(OC(C)=O)(C5C6OC(=O)c5ccccc5)C(C(OC)C13)C4N(C)C2,0
373.55,CC1(C)[C@H](C(=O)O[C@H](C#N)c2cccc(Oc3ccccc3)c2)[C@@H]1C=C(Br)Br,CC1(C)[C@H](C(=O)O[C@H](C#N)c2cccc(Oc3ccccc3)c2)[C@@H]1C=C(Br)Br,0
441.15,C[C@H](O)[C@H]1OC(=O)C(O)=C1O,C[C@H](O)[C@H]1OC(=O)C(O)=C1O,0
450.15,C[C@H](CCC(=O)O)[C@H]1CC[C@H]2[C@@H]3CC[C@@H]4C[C@H](O)CC[C@]4(C)[C@H]3C[C@H](O)[C@]12C,C[C@H](CCC(=O)O)[C@H]1CC[C@H]2[C@@H]3CC[C@@H]4C[C@H](O)CC[C@]4(C)[C@H]3C[C@H](O)[C@]12C,0
456.15,Nc1ccn([C@H]2C[C@H](O)[C@@H](COP(=O)(O)O)O2)c(=O)n1,Nc1ccn([C@H]2C[C@H](O)[C@@H](COP(=O)(O)O)O2)c(=O)n1,0
423.15,O=c1[nH]c(=O)n([C@H]2C[C@H](O)[C@@H](CO)O2)cc1F,O=c1[nH]c(=O)n([C@H]2C[C@H](O)[C@@H](CO)O2)cc1F,0
419.65,O=CC[C@@H](O)[C@H](O)[C@H](O)CO,O=CC[C@@H](O)[C@H](O)[C@H](O)CO,0
509.15,OC1[C@@H](O)[C@H](O)C[C@@H](O)[C@@H]1O,OC1[C@@H](O)[C@H](O)C[C@@H](O)[C@@H]1O,0
401.65,CNC[C@H](O)[C@@H](O)[C@H](O)[C@H](O)CO,CNC[C@H](O)[C@@H](O)[C@H](O)[C@H](O)CO,0
392.15,CO[C@@H]([C@@H](O)[C@@H](C)O)[C@@H](O)C=O,CO[C@@H]([C@@H](O)[C@@H](C)O)[C@@H](O)C=O,0
363.15,OC[C@H]1OC(O)C[C@@H]1O,OC[C@H]1OC(O)C[C@@H]1O,0
503.65,COC(=O)[C@H]1[C@H]2C[C@@H]3c4[nH]c5ccccc5c4CCN3C[C@H]2C[C@@H](OC(=O)c2cc(OC)c(OC)c(OC)c2)[C@@H]1OC,COC(=O)[C@H]1[C@H]2C[C@@H]3c4[nH]c5ccccc5c4CCN3C[C@H]2C[C@@H](OC(=O)c2cc(OC)c(OC)c(OC)c2)[C@@H]1OC,0
409.15,CC(C)Nc1nc(N)nc(Cl)n1,CC(C)Nc1nc(N)nc(Cl)n1,0
412.15,CC(=O)N(O)CCCCCNC(=O)CCC(=O)N(O)CCCCCNC(=O)CCC(=O)N(O)CCCCCN,CC(=O)N(O)CCCCCNC(=O)CCC(=O)N(O)CCCCCNC(=O)CCC(=O)N(O)CCCCCN,0
394.85,CCOC(=O)Nc1cccc(OC(=O)Nc2ccccc2)c1,CCOC(=O)Nc1cccc(OC(=O)Nc2ccccc2)c1,0
358.15,CNc1nc(NC(C)C)nc(SC)n1,CNc1nc(NC(C)C)nc(SC)n1,0
430.15,C[C@@H]1NC(=O)N[C@@H]1CCCCCC(=O)O,C[C@@H]1NC(=O)N[C@@H]1CCCCCC(=O)O,0
535.15,C[C@@H]1C[C@H]2[C@@H]3CCC4=CC(=O)C=C[C@]4(C)[C@@]3(F)[C@@H](O)C[C@]2(C)[C@@]1(O)C(=O)CO,C[C@@H]1C[C@H]2[C@@H]3CCC4=CC(=O)C=C[C@]4(C)[C@@]3(F)[C@@H](O)C[C@]2(C)[C@@]1(O)C(=O)CO,0
226.15,CC(=O)CC(C)(C)O,CC(=O)CC(C)(C)O,0
235.55,C=CC(OC(C)=O)OC(C)=O,C=CC(OC(C)=O)OC(C)=O,0
305.15,CC(=O)c1cccc(C(C)=O)c1,CC(=O)c1cccc(C(C)=O)c1,0
386.15,CC(=O)c1ccc(C(C)=O)cc1,CC(=O)c1ccc(C(C)=O)cc1,0
601.45,CC(=O)Nc1ccc(-c2ccc(NC(C)=O)cc2)cc1,CC(=O)Nc1ccc(-c2ccc(NC(C)=O)cc2)cc1,0
446.15,CC(=O)Oc1ccc2c3c1O[C@H]1[C@@H](OC(C)=O)C=C[C@H]4[C@@H](C2)N(C)CC[C@@]341,CC(=O)Oc1ccc2c3c1O[C@H]1[C@@H](OC(C)=O)C=C[C@H]4[C@@H](C2)N(C)CC[C@@]341,0
303.15,CC(=O)OOC(C)=O,CC(=O)OOC(C)=O,0
341.25,CCOP(=S)(OCC)SC(CCl)N1C(=O)c2ccccc2C1=O,CCOP(=S)(OCC)SC(CCl)N1C(=O)c2ccccc2C1=O,0
269.15,C=CCOC(=O)OCCOCCOC(=O)OCC=C,C=CCOC(=O)OCCOCCOC(=O)OCC=C,0
267.15,C=CCOCC=C,C=CCOCC=C,0
367.15,C=CCN(CC=C)CC=C,C=CCN(CC=C)CC=C,0
445.15,C=CCC1(CC=C)C(=O)NC(=O)NC1=O,C=CCC1(CC=C)C(=O)NC(=O)NC1=O,0
188.15,C=CCSCC=C,C=CCSCC=C,0
517.88,C1C2CC3C4CC5CC(C14)C(C2)C3C5,C1C2CC3C4CC5CC(C14)C(C2)C3C5,0
576.65,Nc1ccc2c(c1N)C(=O)c1ccccc1C2=O,Nc1ccc2c(c1N)C(=O)c1ccccc1C2=O,0
541.15,Nc1ccc(N)c2c1C(=O)c1ccccc1C2=O,Nc1ccc(N)c2c1C(=O)c1ccccc1C2=O,0
592.15,Nc1cccc2c1C(=O)c1cccc(N)c1C2=O,Nc1cccc2c1C(=O)c1cccc(N)c1C2=O,0
538.15,Nc1cccc2c1C(=O)c1c(N)cccc1C2=O,Nc1cccc2c1C(=O)c1c(N)cccc1C2=O,0
593.15,Nc1ccc2c(c1)C(=O)c1ccc(N)cc1C2=O,Nc1ccc2c(c1)C(=O)c1ccc(N)cc1C2=O,0
523.65,Nc1ccc(N=Nc2ccc(N)cc2)cc1,Nc1ccc(N=Nc2ccc(N)cc2)cc1,0
501.15,Nc1cc(N)cc(C(=O)O)c1,Nc1cc(N)cc(C(=O)O)c1,0
391.25,NCCC(N)C(=O)O,NCCC(N)C(=O)O,0
451.65,N#C/C(N)=C(/N)C#N,N#C/C(N)=C(/N)C#N,0
465.35,Nc1ccc(Oc2ccc(N)cc2)cc1,Nc1ccc(Oc2ccc(N)cc2)cc1,0
363.15,Nc1ccc(Cc2ccc(N)cc2)cc1,Nc1ccc(Cc2ccc(N)cc2)cc1,0
381.65,Nc1ccc(Sc2ccc(N)cc2)cc1,Nc1ccc(Sc2ccc(N)cc2)cc1,0
441.65,Nc1cccc(S(=O)(=O)c2cccc(N)c2)c1,Nc1cccc(S(=O)(=O)c2cccc(N)c2)c1,0
587.15,N[C@H](CCC[C@H](N)C(=O)O)C(=O)O,N[C@H](CCC[C@H](N)C(=O)O)C(=O)O,0
515.15,COc1cc(N)c2c(c1N)C(=O)c1ccccc1C2=O,COc1cc(N)c2c(c1N)C(=O)c1ccccc1C2=O,0
551.15,Nc1ccc(N)c2c1C(=O)c1cccc([N+](=O)[O-])c1C2=O,Nc1ccc(N)c2c1C(=O)c1cccc([N+](=O)[O-])c1C2=O,0
352.15,Nc1ccc(O)c(N)c1,Nc1ccc(O)c(N)c1,0
522.65,Nc1ccc(N=Nc2ccc(S(N)(=O)=O)cc2)c(N)c1,Nc1ccc(N=Nc2ccc(S(N)(=O)=O)cc2)c(N)c1,0
315.95,NCC(O)CN,NCC(O)CN,0
573.15,Nc1ccc(C=Cc2ccc(N)cc2S(=O)(=O)O)c(S(=O)(=O)O)c1,Nc1ccc(C=Cc2ccc(N)cc2S(=O)(=O)O)c(S(=O)(=O)O)c1,0
559.15,CC(/C=C/C=C(\C)C(=O)O)=C\C=C\C=C(C)\C=C\C=C(/C)C(=O)O,CC(/C=C/C=C(\C)C(=O)O)=C\C=C\C=C(C)\C=C\C=C(/C)C(=O)O,0
573.15,CC(=O)Nc1c(I)c(NC(C)=O)c(I)c(C(=O)O)c1I,CC(=O)Nc1c(I)c(NC(C)=O)c(I)c(C(=O)O)c1I,0
498.15,NC(=O)/N=N/C(N)=O,NC(=O)/N=N/C(N)=O,0
128.14999999999998,C=[N+]=[N-],C=[N+]=[N-],0
499.75,c1ccc2c(c1)ccc1nc3c(ccc4ccccc43)cc12,c1ccc2c(c1)ccc1nc3c(ccc4ccccc43)cc12,0
492.75,c1ccc2c(c1)ccc1nc3ccc4ccccc4c3cc12,c1ccc2c(c1)ccc1nc3ccc4ccccc4c3cc12,0
462.15,c1ccc2c(c1)ccc1cc3ccc4ccccc4c3nc12,c1ccc2c(c1)ccc1cc3ccc4ccccc4c3nc12,0
542.15,c1ccc2c(c1)ccc1cc3c(ccc4ccccc43)cc12,c1ccc2c(c1)ccc1cc3c(ccc4ccccc43)cc12,0
471.35,c1ccc2c(c1)ccc1cc3ccc4ccccc4c3cc12,c1ccc2c(c1)ccc1cc3ccc4ccccc4c3cc12,0
463.35,NC(=O)N1c2ccccc2C=Cc2ccccc21,NC(=O)N1c2ccccc2C=Cc2ccccc21,0
390.15,CN(C)CCN1C(=O)c2ccccc2N(C)c2ccccc21,CN(C)CCN1C(=O)c2ccccc2N(C)c2ccccc21,0
430.15,c1ccc2c(c1)ccc1[nH]c3ccc4ccccc4c3c12,c1ccc2c(c1)ccc1[nH]c3ccc4ccccc4c3c12,0
494.45,c1ccc2c(c1)ccc1c3ccc4ccccc4c3[nH]c21,c1ccc2c(c1)ccc1c3ccc4ccccc4c3[nH]c21,0
673.15,c1ccc2cc3c(ccc4c5cc6ccccc6cc5ccc34)cc2c1,c1ccc2cc3c(ccc4c5cc6ccccc6cc5ccc34)cc2c1,0
390.65,c1ccc2c(c1)Oc1ccccc1O2,c1ccc2c(c1)Oc1ccccc1O2,0
355.30999999999995,c1ccc2c(c1)oc1ccccc12,c1ccc2c(c1)oc1ccccc12,0
520.15,c1ccc2c(c1)cc1c3ccccc3c3cccc4ccc2c1c43,c1ccc2c(c1)cc1c3ccccc3c3cccc4ccc2c1c43,0
591.15,c1ccc2c(c1)cc1ccc3c4ccccc4cc4ccc2c1c43,c1ccc2c(c1)cc1ccc3c4ccccc4cc4ccc2c1c43,0
556.75,c1ccc2c(c1)cc1ccc3cc4ccccc4c4ccc2c1c34,c1ccc2c(c1)cc1ccc3cc4ccccc4c4ccc2c1c34,0
437.65,c1ccc2c(c1)cc1ccc3cccc4c5ccccc5c2c1c34,c1ccc2c(c1)cc1ccc3cccc4c5ccccc5c2c1c34,0
371.82,c1ccc2c(c1)sc1ccccc12,c1ccc2c(c1)sc1ccccc12,0
490.15,O=c1oc(=O)c2ccccc2c2ccccc12,O=c1oc(=O)c2ccccc2c2ccccc12,0
407.65,O=C(SSC(=O)c1ccccc1)c1ccccc1,O=C(SSC(=O)c1ccccc1)c1ccccc1,0
247.15,c1ccc(CNCc2ccccc2)cc1,c1ccc(CNCc2ccccc2)cc1,0
341.75,c1ccc(CSSCc2ccccc2)cc1,c1ccc(CSSCc2ccccc2)cc1,0
299.15,c1ccc(CNCCNCc2ccccc2)cc1,c1ccc(CNCCNCc2ccccc2)cc1,0
274.95,c1ccc(COCc2ccccc2)cc1,c1ccc(COCc2ccccc2)cc1,0
390.65,O=C1/C(=C/c2ccccc2)CCC/C1=C\c1ccccc1,O=C1/C(=C/c2ccccc2)CCC/C1=C\c1ccccc1,0
270.65,O=[P+](OCc1ccccc1)OCc1ccccc1,O=[P+](OCc1ccccc1)OCc1ccccc1,0
321.45,c1ccc(CSCc2ccccc2)cc1,c1ccc(CSCc2ccccc2)cc1,0
425.15,O=S(=O)(Cc1ccccc1)Cc1ccccc1,O=S(=O)(Cc1ccccc1)Cc1ccccc1,0
408.15,O=S(Cc1ccccc1)Cc1ccccc1,O=S(Cc1ccccc1)Cc1ccccc1,0
443.15,O=C(NCc1ccccc1)NCc1ccccc1,O=C(NCc1ccccc1)NCc1ccccc1,0
322.15,O=C(O)C(Br)Br,O=C(O)C(Br)Br,0
352.65,Nc1ccc(Br)cc1Br,Nc1ccc(Br)cc1Br,0
330.15,Nc1cc(Br)cc(Br)c1,Nc1cc(Br)cc(Br)c1,0
499.15,Brc1c2ccccc2c(Br)c2ccccc12,Brc1c2ccccc2c(Br)c2ccccc12,0
279.15,Brc1ccccc1Br,Brc1ccccc1Br,0
266.25,Brc1cccc(Br)c1,Brc1cccc(Br)c1,0
360.45,Brc1ccc(Br)cc1,Brc1ccc(Br)cc1,0
450.15,O=C(c1ccc(Br)cc1)c1ccc(Br)cc1,O=C(c1ccc(Br)cc1)c1ccc(Br)cc1,0
437.15,Brc1ccc(-c2ccc(Br)cc2)cc1,Brc1ccc(-c2ccc(Br)cc2)cc1,0
433.44,BrCC(CBr)(CBr)CBr,BrCC(CBr)(CBr)CBr,0
499.55,O=C(Nc1ccc(Br)cc1)c1cc(Br)cc(Br)c1O,O=C(Nc1ccc(Br)cc1)c1cc(Br)cc(Br)c1O,0
207.75,CCC(Br)CBr,CCC(Br)CBr,0
252.05,BrCCCCBr,BrCCCCBr,0
249.15,CC(Br)C(C)Br,CC(Br)C(C)Br,0
326.54999999999995,BrC/C=C/CBr,BrC/C=C/CBr,0
334.15,CC1(C)[C@@H]2CC[C@@]1(C)C(=O)C2(Br)Br,CC1(C)[C@@H]2CC[C@@]1(C)C(=O)C2(Br)Br,0
323.15,FC(F)(Br)C(F)(Cl)Br,FC(F)(Br)C(F)(Cl)Br,0
399.15,N#CC(Br)(Br)C(N)=O,N#CC(Br)(Br)C(N)=O,0
301.15,BrCCCCCCCCCCBr,BrCCCCCCCCCCBr,0
247.15,ClC(Cl)(Br)CBr,ClC(Cl)(Br)CBr,0
247.15,ClC(Br)C(Cl)Br,ClC(Br)C(Cl)Br,0
311.15,ClC(Cl)(Br)Br,ClC(Cl)(Br)Br,0
211.85,FC(F)(Br)CBr,FC(F)(Br)CBr,0
163.04999999999998,FC(F)(Br)Br,FC(F)(Br)Br,0
471.15,CC1(C)C(=O)N(Br)C(=O)N1Br,CC1(C)C(=O)N(Br)C(=O)N1Br,0
314.15,BrCCCCCCCCCCCCBr,BrCCCCCCCCCCCCBr,0
210.15,CC(Br)Br,CC(Br)Br,0
282.95,BrCCBr,BrCCBr,0
220.15,Br/C=C\Br,Br/C=C\Br,0
266.65,Br/C=C/Br,Br/C=C/Br,0
346.15,BrCC(Br)c1ccccc1,BrCC(Br)c1ccccc1,0
195.15,FC(Br)Br,FC(Br)Br,0
314.85,BrCCCCCCCBr,BrCCCCCCCBr,0
271.95,BrCCCCCCBr,BrCCCCCCBr,0
359.15,O=Cc1cc(Br)cc(Br)c1O,O=Cc1cc(Br)cc(Br)c1O,0
501.15,O=C(O)c1cc(Br)cc(Br)c1O,O=C(O)c1cc(Br)cc(Br)c1O,0
463.65,N#Cc1cc(Br)c(O)c(Br)c1,N#Cc1cc(Br)c(O)c(Br)c1,0
221.05,BrCBr,BrCBr,0
279.15,Cc1cc(Br)ccc1Br,Cc1cc(Br)ccc1Br,0
263.15,Cc1ccc(Br)cc1Br,Cc1ccc(Br)cc1Br,0
274.15,BrC(Br)c1ccccc1,BrC(Br)c1ccccc1,0
280.15,CC(Br)C(C)(C)Br,CC(Br)C(C)(C)Br,0
331.15,Cc1cc(Br)cc(Br)c1O,Cc1cc(Br)cc(Br)c1O,0
283.65,CC(C)(Br)CBr,CC(C)(Br)CBr,0
356.15,Brc1ccc(Br)c2ccccc12,Brc1ccc(Br)c2ccccc12,0
480.15,Nc1c(Br)cc([N+](=O)[O-])cc1Br,Nc1c(Br)cc([N+](=O)[O-])cc1Br,0
418.15,O=[N+]([O-])c1cc(Br)c(O)c(Br)c1,O=[N+]([O-])c1cc(Br)c(O)c(Br)c1,0
250.65,BrCCCCCCCCCBr,BrCCCCCCCCCBr,0
288.65,BrCCCCCCCCBr,BrCCCCCCCCBr,0
238.75,CC(Br)CCCBr,CC(Br)CCCBr,0
233.15,BrCCCCCBr,BrCCCCCBr,0
313.15,Oc1ccc(Br)cc1Br,Oc1ccc(Br)cc1Br,0
329.65,Oc1c(Br)cccc1Br,Oc1c(Br)cccc1Br,0
217.75,CC(Br)CBr,CC(Br)CBr,0
238.15,BrCCCBr,BrCCCBr,0
339.65,O=C(O)C(Br)CBr,O=C(O)C(Br)CBr,0
299.15,O=C(CBr)CBr,O=C(CBr)CBr,0
385.15,Brc1cncc(Br)c1,Brc1cncc(Br)c1,0
469.15,Oc1c(Br)cc(Br)c2cccnc12,Oc1c(Br)cc(Br)c2cccnc12,0
356.15,O=C1C(Br)=CC(=NCl)C=C1Br,O=C1C(Br)=CC(=NCl)C=C1Br,0
323.54999999999995,BrCCCCCCCCCCCCCCBr,BrCCCCCCCCCCCCCCBr,0
163.14999999999998,FC(F)(Br)C(F)(F)Br,FC(F)(Br)C(F)(F)Br,0
255.65,Brc1ccsc1Br,Brc1ccsc1Br,0
267.15,Brc1ccc(Br)s1,Brc1ccc(Br)s1,0
277.65,Brc1cscc1Br,Brc1cscc1Br,0
423.15,O=C(O)c1c(Br)c(O)c(O)c(O)c1Br,O=C(O)c1c(Br)c(O)c(O)c(O)c1Br,0
518.15,N[C@@H](Cc1cc(Br)c(O)c(Br)c1)C(=O)O,N[C@@H](Cc1cc(Br)c(O)c(Br)c1)C(=O)O,0
337.15,CCCCOc1cc(C(=O)NCCN(CC)CC)c2ccccc2n1,CCCCOc1cc(C(=O)NCCN(CC)CC)c2ccccc2n1,0
318.65,CCCCOc1ccc(OCCCC)cc1,CCCCOc1ccc(OCCCC)cc1,0
204.05,CCCCOCCOCCCC,CCCCOCCOCCCC,0
214.15,CCCCOCOCCCC,CCCCOCOCCCC,0
240.75,CCCCOC(=O)CCCCC(=O)OCCCC,CCCCOC(=O)CCCCC(=O)OCCCC,0
211.35,CCCCNCCCC,CCCCNCCCC,0
240.95,CCCCN(CCCC)c1ccccc1,CCCCN(CCCC)c1ccccc1,0
350.78,CC(C)(C)c1ccc(C(C)(C)C)cc1,CC(C)(C)c1ccc(C(C)(C)C)cc1,0
486.65,CC(C)(C)c1cc(O)c(C(C)(C)C)cc1O,CC(C)(C)c1cc(O)c(C(C)(C)C)cc1O,0
313.15,CC(C)(C)OC(=O)OC(C)(C)C,CC(C)(C)OC(=O)OC(C)(C)C,0
425.65,CC(C)(C)C1=CC(=O)C(C(C)(C)C)=CC1=O,CC(C)(C)C1=CC(=O)C(C(C)(C)C)=CC1=O,0
342.15,CC(C)(C)C1=CC(=O)C=C(C(C)(C)C)C1=O,CC(C)(C)C1=CC(=O)C=C(C(C)(C)C)C1=O,0
367.15,CN(C)Cc1cc(C(C)(C)C)c(O)c(C(C)(C)C)c1,CN(C)Cc1cc(C(C)(C)C)c(O)c(C(C)(C)C)c1,0
270.65,CC(C)(C)SSC(C)(C)C,CC(C)(C)SSC(C)(C)C,0
177.14999999999998,CCCCOCCCC,CCCCOCCCC,0
326.45,CC(C)(C)NCCNC(C)(C)C,CC(C)(C)NCCNC(C)(C)C,0
317.15,CCc1cc(C(C)(C)C)c(O)c(C(C)(C)C)c1,CCc1cc(C(C)(C)C)c(O)c(C(C)(C)C)c1,0
255.15,CCCCOC(=O)/C=C/C(=O)OCCCC,CCCCOC(=O)/C=C/C(=O)OCCCC,0
436.45,CC(C)(C)c1cc(C(=O)O)c(O)c(C(C)(C)C)c1,CC(C)(C)c1cc(C(=O)O)c(O)c(C(C)(C)C)c1,0
247.95,CC(C)(C)C(=O)C(C)(C)C,CC(C)(C)C(=O)C(C)(C)C,0
193.15,CCCCOC(=O)/C=C\C(=O)OCCCC,CCCCOC(=O)/C=C\C(=O)OCCCC,0
178.14999999999998,CCCCOC(=O)CC(=O)OCCCC,CCCCOC(=O)CC(=O)OCCCC,0
267.15,CC(C)(C)OC(=O)CC(=O)OC(C)(C)C,CC(C)(C)OC(=O)CC(=O)OC(C)(C)C,0
335.25,Cc1cc(O)c(C(C)(C)C)cc1C(C)(C)C,Cc1cc(O)c(C(C)(C)C)cc1C(C)(C)C,0
324.15,Cc1cc(C(C)(C)C)cc(C(C)(C)C)c1O,Cc1cc(C(C)(C)C)cc(C(C)(C)C)c1O,0
343.25,Cc1cc(C(C)(C)C)c(O)c(C(C)(C)C)c1,Cc1cc(C(C)(C)C)c(O)c(C(C)(C)C)c1,0
242.65,CCCCOC(=O)C(=O)OCCCC,CCCCOC(=O)C(=O)OCCCC,0
233.15,CC(C)(C)OOC(C)(C)C,CC(C)(C)OOC(C)(C)C,0
231.15,CCC(C)c1cccc(C(C)CC)c1O,CCC(C)c1cccc(C(C)CC)c1O,0
331.15,CC(C)(C)c1ccc(O)c(C(C)(C)C)c1,CC(C)(C)c1ccc(O)c(C(C)(C)C)c1,0
310.65,CC(C)(C)c1cccc(C(C)(C)C)c1O,CC(C)(C)c1cccc(C(C)(C)C)c1O,0
361.15,CC(C)(C)c1cc(O)cc(C(C)(C)C)c1,CC(C)(C)c1cc(O)cc(C(C)(C)C)c1,0
238.15,CCCCOC(=O)c1ccccc1C(=O)OCCCC,CCCCOC(=O)c1ccccc1C(=O)OCCCC,0
263.95,CCCCOC(=O)CCCCCCCCC(=O)OCCCC,CCCCOC(=O)CCCCCCCCC(=O)OCCCC,0
243.95,CCCCOC(=O)CCC(=O)OCCCC,CCCCOC(=O)CCC(=O)OCCCC,0
309.65,CC(C)(C)OC(=O)CCC(=O)OC(C)(C)C,CC(C)(C)OC(=O)CCC(=O)OC(C)(C)C,0
198.18,CCCCSCCCC,CCCCSCCCC,0
264.15,CC(C)(C)SC(C)(C)C,CC(C)(C)SC(C)(C)C,0
317.15,CCCCS(=O)(=O)CCCC,CCCCS(=O)(=O)CCCC,0
305.15,CCCCS(=O)CCCC,CCCCS(=O)CCCC,0
295.15,CCCCOC(=O)[C@H](O)[C@@H](O)C(=O)OCCCC,CCCCOC(=O)[C@H](O)[C@@H](O)C(=O)OCCCC,0
337.15,CCCCNC(=S)NCCCC,CCCCNC(=S)NCCCC,0
316.15,CCCC[Sn](Cl)(Cl)CCCC,CCCC[Sn](Cl)(Cl)CCCC,0
296.15,CCCCCCCCCCCC(=O)O[Sn](CCCC)(CCCC)OC(=O)CCCCCCCCCCC,CCCCCCCCCCCC(=O)O[Sn](CCCC)(CCCC)OC(=O)CCCCCCCCCCC,0
323.65,COP(=S)(OC)Oc1ccc([N+](=O)[O-])cc1Cl,COP(=S)(OC)Oc1ccc([N+](=O)[O-])cc1Cl,0
378.45,CN(C)S(=O)(=O)N(SC(F)(Cl)Cl)c1ccccc1,CN(C)S(=O)(=O)N(SC(F)(Cl)Cl)c1ccccc1,0
372.55,NC(=O)C(Cl)Cl,NC(=O)C(Cl)Cl,0
285.15,O=C(O)C(Cl)Cl,O=C(O)C(Cl)Cl,0
291.15,O=C(OC(=O)C(Cl)Cl)C(Cl)Cl,O=C(OC(=O)C(Cl)Cl)C(Cl)Cl,0
318.15,O=C(CCl)CCl,O=C(CCl)CCl,0
207.15,ClC#CCl,ClC#CCl,0
468.15,O=C(O)c1ccc(S(=O)(=O)N(Cl)Cl)cc1,O=C(O)c1ccc(S(=O)(=O)N(Cl)Cl)cc1,0
297.15,Nc1cccc(Cl)c1Cl,Nc1cccc(Cl)c1Cl,0
336.15,Nc1ccc(Cl)cc1Cl,Nc1ccc(Cl)cc1Cl,0
318.04999999999995,Nc1cc(Cl)ccc1Cl,Nc1cc(Cl)ccc1Cl,0
312.15,Nc1c(Cl)cccc1Cl,Nc1c(Cl)cccc1Cl,0
345.15,Nc1ccc(Cl)c(Cl)c1,Nc1ccc(Cl)c(Cl)c1,0
325.15,Nc1cc(Cl)cc(Cl)c1,Nc1cc(Cl)cc(Cl)c1,0
486.65,Clc1c2ccccc2c(Cl)c2ccccc12,Clc1c2ccccc2c(Cl)c2ccccc12,0
525.15,O=C1c2cccc(Cl)c2C(=O)c2cccc(Cl)c21,O=C1c2cccc(Cl)c2C(=O)c2cccc(Cl)c21,0
475.65,O=C1c2cccc(Cl)c2C(=O)c2c(Cl)cccc21,O=C1c2cccc(Cl)c2C(=O)c2c(Cl)cccc21,0
462.15,Clc1ccc(N=Nc2ccc(Cl)cc2)cc1,Clc1ccc(N=Nc2ccc(Cl)cc2)cc1,0
431.15,[O-][N+](=Nc1ccc(Cl)cc1)c1ccc(Cl)cc1,[O-][N+](=Nc1ccc(Cl)cc1)c1ccc(Cl)cc1,0
339.15,O=Cc1cccc(Cl)c1Cl,O=Cc1cccc(Cl)c1Cl,0
347.25,O=Cc1ccc(Cl)cc1Cl,O=Cc1ccc(Cl)cc1Cl,0
342.15,O=Cc1c(Cl)cccc1Cl,O=Cc1c(Cl)cccc1Cl,0
317.15,O=Cc1ccc(Cl)c(Cl)c1,O=Cc1ccc(Cl)c(Cl)c1,0
338.15,O=Cc1cc(Cl)cc(Cl)c1,O=Cc1cc(Cl)cc(Cl)c1,0
471.15,NC(=O)c1c(Cl)cccc1Cl,NC(=O)c1c(Cl)cccc1Cl,0
256.15,Clc1ccccc1Cl,Clc1ccccc1Cl,0
248.35,Clc1cccc(Cl)c1,Clc1cccc(Cl)c1,0
326.25,Clc1ccc(Cl)cc1,Clc1ccc(Cl)cc1,0
443.15,Nc1cc(Cl)c(N)cc1Cl,Nc1cc(Cl)c(N)cc1Cl,0
398.15,Nc1cc(Cl)c(N)c(Cl)c1,Nc1cc(Cl)c(N)c(Cl)c1,0
356.65,Oc1cc(Cl)cc(Cl)c1O,Oc1cc(Cl)cc(Cl)c1O,0
389.65,Oc1cc(Cl)c(Cl)cc1O,Oc1cc(Cl)c(Cl)cc1O,0
386.15,Oc1cc(O)c(Cl)cc1Cl,Oc1cc(O)c(Cl)cc1Cl,0
445.65,Oc1cc(Cl)c(O)cc1Cl,Oc1cc(Cl)c(O)cc1Cl,0
501.85,NS(=O)(=O)c1cc(Cl)c(Cl)c(S(N)(=O)=O)c1,NS(=O)(=O)c1cc(Cl)c(Cl)c(S(N)(=O)=O)c1,0
332.65,OCc1ccc(Cl)cc1Cl,OCc1ccc(Cl)cc1Cl,0
349.15,O=S(=O)(c1ccccc1)N(Cl)Cl,O=S(=O)(c1ccccc1)N(Cl)Cl,0
438.15,Nc1ccc(-c2ccc(N)cc2Cl)c(Cl)c1,Nc1ccc(-c2ccc(N)cc2Cl)c(Cl)c1,0
405.65,Nc1ccc(-c2ccc(N)c(Cl)c2)cc1Cl,Nc1ccc(-c2ccc(N)c(Cl)c2)cc1Cl,0
437.35,O=C(O)c1ccc(Cl)cc1Cl,O=C(O)c1ccc(Cl)cc1Cl,0
427.15,O=C(O)c1cc(Cl)ccc1Cl,O=C(O)c1cc(Cl)ccc1Cl,0
415.15,O=C(O)c1c(Cl)cccc1Cl,O=C(O)c1c(Cl)cccc1Cl,0
477.65,O=C(O)c1ccc(Cl)c(Cl)c1,O=C(O)c1ccc(Cl)c(Cl)c1,0
460.55,O=C(O)c1cc(Cl)cc(Cl)c1,O=C(O)c1cc(Cl)cc(Cl)c1,0
416.75,N#Cc1c(Cl)cccc1Cl,N#Cc1c(Cl)cccc1Cl,0
419.95,O=C(c1ccc(Cl)cc1)c1ccc(Cl)cc1,O=C(c1ccc(Cl)cc1)c1ccc(Cl)cc1,0
289.65,O=C(Cl)c1ccc(Cl)cc1Cl,O=C(Cl)c1ccc(Cl)cc1Cl,0
298.15,O=C(Cl)c1ccc(Cl)c(Cl)c1,O=C(Cl)c1ccc(Cl)c(Cl)c1,0
307.85,Clc1cccc(Cl)c1-c1ccccc1,Clc1cccc(Cl)c1-c1ccccc1,0
302.15,Clc1cccc(-c2cccc(Cl)c2)c1,Clc1cccc(-c2cccc(Cl)c2)c1,0
421.15,Clc1ccc(-c2ccc(Cl)cc2)cc1,Clc1ccc(-c2ccc(Cl)cc2)cc1,0
382.15,Clc1ccc(C(c2ccc(Cl)cc2)C(Cl)Cl)cc1,Clc1ccc(C(c2ccc(Cl)cc2)C(Cl)Cl)cc1,0
362.95,ClC(Cl)=C(c1ccc(Cl)cc1)c1ccc(Cl)cc1,ClC(Cl)=C(c1ccc(Cl)cc1)c1ccc(Cl)cc1,0
234.45,ClCCCCCl,ClCCCCCl,0
199.15,CCC(C)(Cl)Cl,CCC(C)(Cl)Cl,0
193.15,C[C@@H](Cl)[C@@H](C)Cl,C[C@@H](Cl)[C@@H](C)Cl,0
399.65,OC(CCl)C(O)CCl,OC(CCl)C(O)CCl,0
212.15,C=CC(Cl)CCl,C=CC(Cl)CCl,0
231.15,ClC/C=C\CCl,ClC/C=C\CCl,0
276.15,ClC/C=C/CCl,ClC/C=C/CCl,0
339.15,O=C1C(Cl)=CC(=NCl)C=C1Cl,O=C1C(Cl)=CC(=NCl)C=C1Cl,0
310.65,ClCc1ccc(Cl)c(Cl)c1,ClCc1ccc(Cl)c(Cl)c1,0
273.25,ClC=C[As](Cl)Cl,ClC=C[As](Cl)Cl,0
435.45,O=C1C=C(Cl)C(=O)C=C1Cl,O=C1C=C(Cl)C(=O)C=C1Cl,0
394.95,O=C1C=C(Cl)C(=O)C(Cl)=C1,O=C1C=C(Cl)C(=O)C(Cl)=C1,0
236.55,ClC1(Cl)CCCCC1,ClC1(Cl)CCCCC1,0
268.15,Cl[C@@H]1CCCC[C@@H]1Cl,Cl[C@@H]1CCCC[C@@H]1Cl,0
288.75,ClCCCCCCCCCCCl,ClCCCCCCCCCCCl,0
483.15,Clc1ccc2c(c1)Oc1ccc(Cl)cc1O2,Clc1ccc2c(c1)Oc1ccc(Cl)cc1O2,0
487.65,N#CC1=C(C#N)C(=O)C(Cl)=C(Cl)C1=O,N#CC1=C(C#N)C(=O)C(Cl)=C(Cl)C1=O,0
176.64999999999998,CC[Si](Cl)(Cl)CC,CC[Si](Cl)(Cl)CC,0
171.95,FC(F)(Cl)CCl,FC(F)(Cl)CCl,0
171.95,FC(Cl)C(F)Cl,FC(Cl)C(F)Cl,0
157.14999999999998,FC(F)=C(Cl)Cl,FC(F)=C(Cl)Cl,0
153.54999999999998,F/C(Cl)=C(\F)Cl,F/C(Cl)=C(\F)Cl,0
179.84999999999997,FC(Cl)=C(F)Cl,FC(Cl)=C(F)Cl,0
116.09999999999997,FC(F)(Cl)Cl,FC(F)(Cl)Cl,0
238.15,COC(F)(F)C(Cl)Cl,COC(F)(F)C(Cl)Cl,0
344.15,Cc1cc(Cl)c(C)cc1Cl,Cc1cc(Cl)c(C)cc1Cl,0
336.15,CC(C)(Cl)CCC(C)(C)Cl,CC(C)(Cl)CCC(C)(C)Cl,0
405.15,CC1(C)C(=O)N(Cl)C(=O)N1Cl,CC1(C)C(=O)N(Cl)C(=O)N1Cl,0
356.15,Cc1cc(O)c(Cl)c(C)c1Cl,Cc1cc(O)c(Cl)c(C)c1Cl,0
257.15,C[Si](C)(Cl)Cl,C[Si](C)(Cl)Cl,0
303.15,ClC1OCCOC1Cl,ClC1OCCOC1Cl,0
176.21999999999997,CC(Cl)Cl,CC(Cl)Cl,0
237.55,ClCCCl,ClCCCl,0
150.64999999999998,C=C(Cl)Cl,C=C(Cl)Cl,0
193.15,Cl/C=C\Cl,Cl/C=C\Cl,0
223.35,Cl/C=C/Cl,Cl/C=C/Cl,0
305.15,CC[Al](Cl)Cl,CC[Al](Cl)Cl,0
169.64999999999998,CC(F)(Cl)Cl,CC(F)(Cl)Cl,0
213.15,FC(Cl)CCl,FC(Cl)CCl,0
164.34999999999997,FC=C(Cl)Cl,FC=C(Cl)Cl,0
142.74999999999997,FC(Cl)Cl,FC(Cl)Cl,0
246.35,FC(Cl)(Cl)c1ccccc1,FC(Cl)(Cl)c1ccccc1,0
248.95,FC1(F)C(F)(F)C(F)(Cl)C1(F)Cl,FC1(F)C(F)(F)C(F)(Cl)C1(F)Cl,0
167.34999999999997,FC1(F)C(Cl)=C(Cl)C(F)(F)C1(F)F,FC1(F)C(Cl)=C(Cl)C(F)(F)C1(F)F,0
147.74999999999997,FC(F)(Cl)C(F)(F)C(F)(F)Cl,FC(F)(Cl)C(F)(F)C(F)(F)Cl,0
220.15,C[Si](C)(Cl)O[Si](C)(C)O[Si](C)(C)Cl,C[Si](C)(Cl)O[Si](C)(C)O[Si](C)(C)Cl,0
368.15,O=Cc1cc(Cl)cc(Cl)c1O,O=Cc1cc(Cl)cc(Cl)c1O,0
493.65,O=C(O)c1cc(Cl)cc(Cl)c1O,O=C(O)c1cc(Cl)cc(Cl)c1O,0
461.15,O=C1OC(=O)c2cc(Cl)c(Cl)cc21,O=C1OC(=O)c2cc(Cl)c(Cl)cc21,0
178.14999999999998,ClCCl,ClCCl,0
304.15,COc1cccc(Cl)c1Cl,COc1cccc(Cl)c1Cl,0
283.15,COc1c(Cl)cccc1Cl,COc1c(Cl)cccc1Cl,0
301.65,COc1ccc(Cl)cc1Cl,COc1ccc(Cl)cc1Cl,0
388.05,COc1c(Cl)ccc(Cl)c1C(=O)O,COc1c(Cl)ccc(Cl)c1C(=O)O,0
256.15,ClC(Cl)c1ccccc1,ClC(Cl)c1ccccc1,0
356.15,Cc1ccc(S(=O)(=O)N(Cl)Cl)cc1,Cc1ccc(S(=O)(=O)N(Cl)Cl)cc1,0
331.15,Cc1c(Cl)ccc(O)c1Cl,Cc1c(Cl)ccc(O)c1Cl,0
328.15,Cc1cc(Cl)cc(Cl)c1O,Cc1cc(Cl)cc(Cl)c1O,0
312.15,Cc1cc(Cl)c(O)c(Cl)c1,Cc1cc(Cl)c(O)c(Cl)c1,0
299.15,Cc1cnc(Cl)nc1Cl,Cc1cnc(Cl)nc1Cl,0
319.65,Cc1cc(Cl)nc(Cl)n1,Cc1cc(Cl)nc(Cl)n1,0
180.15,C[SiH](Cl)Cl,C[SiH](Cl)Cl,0
309.15,Clc1ccc2ccccc2c1Cl,Clc1ccc2ccccc2c1Cl,0
335.45,Clc1cc(Cl)c2ccccc2c1,Clc1cc(Cl)c2ccccc2c1,0
340.65,Clc1ccc(Cl)c2ccccc12,Clc1ccc(Cl)c2ccccc12,0
380.15,Clc1cccc2c(Cl)cccc12,Clc1cccc2c(Cl)cccc12,0
322.15,Clc1ccc2c(Cl)cccc2c1,Clc1ccc2c(Cl)cccc2c1,0
336.65,Clc1ccc2cccc(Cl)c2c1,Clc1ccc2cccc(Cl)c2c1,0
362.15,Clc1cccc2cccc(Cl)c12,Clc1cccc2cccc(Cl)c12,0
393.15,Clc1cc2ccccc2cc1Cl,Clc1cc2ccccc2cc1Cl,0
413.65,Clc1ccc2cc(Cl)ccc2c1,Clc1ccc2cc(Cl)ccc2c1,0
388.15,Clc1ccc2ccc(Cl)cc2c1,Clc1ccc2ccc(Cl)cc2c1,0
469.55,O=C1C(Cl)=C(Cl)C(=O)c2ccccc21,O=C1C(Cl)=C(Cl)C(=O)c2ccccc21,0
380.65,Oc1c(Cl)cc(Cl)c2ccccc12,Oc1c(Cl)cc(Cl)c2ccccc12,0
466.95,Nc1c(Cl)cc([N+](=O)[O-])cc1Cl,Nc1c(Cl)cc([N+](=O)[O-])cc1Cl,0
333.85,O=[N+]([O-])c1cccc(Cl)c1Cl,O=[N+]([O-])c1cccc(Cl)c1Cl,0
314.15,O=[N+]([O-])c1ccc(Cl)c(Cl)c1,O=[N+]([O-])c1ccc(Cl)c(Cl)c1,0
338.15,O=[N+]([O-])c1cc(Cl)cc(Cl)c1,O=[N+]([O-])c1cc(Cl)cc(Cl)c1,0
326.65,O=[N+]([O-])c1cc(Cl)ccc1Cl,O=[N+]([O-])c1cc(Cl)ccc1Cl,0
306.15,O=[N+]([O-])c1ccc(Cl)cc1Cl,O=[N+]([O-])c1ccc(Cl)cc1Cl,0
400.15,O=[N+]([O-])c1cc(Cl)c(O)c(Cl)c1,O=[N+]([O-])c1cc(Cl)c(O)c(Cl)c1,0
200.35,ClCCCCCCl,ClCCCCCCl,0
195.85,CCC(Cl)C(C)Cl,CCC(Cl)C(C)Cl,0
450.65,Oc1ccc(Cl)cc1Cc1cc(Cl)ccc1O,Oc1ccc(Cl)cc1Cc1cc(Cl)ccc1O,0
329.95,Oc1cccc(Cl)c1Cl,Oc1cccc(Cl)c1Cl,0
316.15,Oc1ccc(Cl)cc1Cl,Oc1ccc(Cl)cc1Cl,0
330.95,Oc1cc(Cl)ccc1Cl,Oc1cc(Cl)ccc1Cl,0
339.75,Oc1c(Cl)cccc1Cl,Oc1c(Cl)cccc1Cl,0
340.95,Oc1ccc(Cl)c(Cl)c1,Oc1ccc(Cl)c(Cl)c1,0
340.95,Oc1cc(Cl)cc(Cl)c1,Oc1cc(Cl)cc(Cl)c1,0
413.15,O=C(O)COc1ccc(Cl)cc1Cl,O=C(O)COc1ccc(Cl)cc1Cl,0
391.15,O=C(O)CCCOc1ccc(Cl)cc1Cl,O=C(O)CCCOc1ccc(Cl)cc1Cl,0
389.75,CC(Oc1ccc(Cl)cc1Cl)C(=O)O,CC(Oc1ccc(Cl)cc1Cl)C(=O)O,0
254.15,Cl[As](Cl)c1ccccc1,Cl[As](Cl)c1ccccc1,0
318.65,O=S(=O)(Oc1ccc(Cl)cc1Cl)c1ccccc1,O=S(=O)(Oc1ccc(Cl)cc1Cl)c1ccccc1,0
293.65,O=C(c1ccccc1)C(Cl)Cl,O=C(c1ccccc1)C(Cl)Cl,0
306.65,CC(=O)c1ccc(Cl)cc1Cl,CC(=O)c1ccc(Cl)cc1Cl,0
285.15,CC(=O)c1cc(Cl)ccc1Cl,CC(=O)c1cc(Cl)ccc1Cl,0
349.15,CC(=O)c1ccc(Cl)c(Cl)c1,CC(=O)c1ccc(Cl)c(Cl)c1,0
315.15,O=C=Nc1ccc(Cl)c(Cl)c1,O=C=Nc1ccc(Cl)c(Cl)c1,0
306.15,O=C=Nc1cc(Cl)cc(Cl)c1,O=C=Nc1cc(Cl)cc(Cl)c1,0
395.75,C=C(C)C(=O)Nc1ccc(Cl)c(Cl)c1,C=C(C)C(=O)Nc1ccc(Cl)c(Cl)c1,0
507.15,O=C(O)C=Cc1ccc(Cl)cc1Cl,O=C(O)C=Cc1ccc(Cl)cc1Cl,0
173.64999999999998,ClCCCCl,ClCCCCl,0
239.25,CC(C)(Cl)Cl,CC(C)(Cl)Cl,0
283.15,C=C(Cl)CCl,C=C(Cl)CCl,0
341.95,Clc1ccc(Cl)nn1,Clc1ccc(Cl)nn1,0
360.15,Clc1cccc(Cl)n1,Clc1cccc(Cl)n1,0
488.15,Nc1nc(Cl)cc(Cl)n1,Nc1nc(Cl)cc(Cl)n1,0
332.15,Clc1ccnc(Cl)n1,Clc1ccnc(Cl)n1,0
365.55,Clc1ccc2c(Cl)ccnc2c1,Clc1ccc2c(Cl)ccnc2c1,0
452.65,Oc1c(Cl)cc(Cl)c2cccnc12,Oc1c(Cl)cc(Cl)c2cccnc12,0
424.35,Clc1nc2ccccc2nc1Cl,Clc1nc2ccccc2nc1Cl,0
281.15,C=Cc1cc(Cl)ccc1Cl,C=Cc1cc(Cl)ccc1Cl,0
216.55,FC(F)(F)C(F)(Cl)Cl,FC(F)(F)C(F)(Cl)Cl,0
180.63,FC(F)(Cl)C(F)(F)Cl,FC(F)(Cl)C(F)(F)Cl,0
235.65,C[Si](C)(Cl)O[Si](C)(C)Cl,C[Si](C)(Cl)O[Si](C)(C)Cl,0
232.65,Clc1ccc(Cl)s1,Clc1ccc(Cl)s1,0
279.15,Cc1cccc(Cl)c1Cl,Cc1cccc(Cl)c1Cl,0
259.65,Cc1ccc(Cl)cc1Cl,Cc1ccc(Cl)cc1Cl,0
275.65,Cc1cc(Cl)ccc1Cl,Cc1cc(Cl)ccc1Cl,0
298.95,Cc1c(Cl)cccc1Cl,Cc1c(Cl)cccc1Cl,0
257.95,Cc1ccc(Cl)c(Cl)c1,Cc1ccc(Cl)c(Cl)c1,0
499.75,O=c1[nH]c(=O)n(Cl)c(=O)n1Cl,O=c1[nH]c(=O)n(Cl)c(=O)n1Cl,0
298.95,Clc1ccc(C(Cl)(Cl)Cl)cc1Cl,Clc1ccc(C(Cl)(Cl)Cl)cc1Cl,0
195.15,FC(Cl)C(F)(F)Cl,FC(Cl)C(F)(F)Cl,0
166.14999999999998,FC(F)(F)C(Cl)Cl,FC(F)(F)C(Cl)Cl,0
486.65,FC(F)(F)c1nc2c(Cl)c(Cl)ccc2[nH]1,FC(F)(F)c1nc2c(Cl)c(Cl)ccc2[nH]1,0
315.25,COC(=O)C(C)Oc1ccc(Oc2ccc(Cl)cc2Cl)cc1,COC(=O)C(C)Oc1ccc(Oc2ccc(Cl)cc2Cl)cc1,0
563.15,O=c1oc2ccccc2c(O)c1Cc1c(O)c2ccccc2oc1=O,O=c1oc2ccccc2c(O)c1Cc1c(O)c2ccccc2oc1=O,0
413.75,N#Cc1ccccc1C#N,N#Cc1ccccc1C#N,0
435.15,N#Cc1cccc(C#N)c1,N#Cc1cccc(C#N)c1,0
497.15,N#Cc1ccc(C#N)cc1,N#Cc1ccc(C#N)cc1,0
308.15,O=C(CCCCC(=O)OC1CCCCC1)OC1CCCCC1,O=C(CCCCC(=O)OC1CCCCC1)OC1CCCCC1,0
273.04999999999995,C1CCC(NC2CCCCC2)CC1,C1CCC(NC2CCCCC2)CC1,0
307.65,C(=NC1CCCCC1)=NC1CCCCC1,C(=NC1CCCCC1)=NC1CCCCC1,0
237.15,C1CCC(OC2CCCCC2)CC1,C1CCC(OC2CCCCC2)CC1,0
330.15,O=C(C1CCCCC1)C1CCCCC1,O=C(C1CCCCC1)C1CCCCC1,0
339.15,O=C(OC1CCCCC1)c1ccccc1C(=O)OC1CCCCC1,O=C(OC1CCCCC1)c1ccccc1C(=O)OC1CCCCC1,0
453.15,S=C(NC1CCCCC1)NC1CCCCC1,S=C(NC1CCCCC1)NC1CCCCC1,0
506.95,O=C(NC1CCCCC1)NC1CCCCC1,O=C(NC1CCCCC1)NC1CCCCC1,0
305.15,C1=C[C@@H]2[C@H](C1)[C@@H]1C=C[C@H]2C1,C1=C[C@@H]2[C@H](C1)[C@@H]1C=C[C@H]2C1,0
289.15,CCCCCCCCCCOCCCCCCCCCC,CCCCCCCCCCOCCCCCCCCCC,0
275.65,CCCCCCCCCCOC(=O)c1ccccc1C(=O)OCCCCCCCCCC,CCCCCCCCCCOC(=O)c1ccccc1C(=O)OCCCCCCCCCC,0
484.15,CC1=C(/C=C/C(C)=C/C=C/C(C)=C/C=C/C=C(C)/C=C/C=C(C)/C=C/C=C(C)/C=C/C=C(\C)C(=O)O)C(C)(C)CCC1,CC1=C(/C=C/C(C)=C/C=C/C(C)=C/C=C/C=C(C)/C=C/C=C(C)/C=C/C=C(C)/C=C/C=C(\C)C(=O)O)C(C)(C)CCC1,0
435.15,O=c1[nH]cnc2c1ncn2[C@H]1CC[C@@H](CO)O1,O=c1[nH]cnc2c1ncn2[C@H]1CC[C@@H](CO)O1,0
374.15,CO[C@@H](CC=O)[C@H](O)[C@@H](C)O,CO[C@@H](CC=O)[C@H](O)[C@@H](C)O,0
322.15,CCCCCCCCCCCC(=O)OOC(=O)CCCCCCCCCCC,CCCCCCCCCCCC(=O)OOC(=O)CCCCCCCCCCC,0
320.04999999999995,CCCCCCCCCCCCNCCCCCCCCCCCC,CCCCCCCCCCCCNCCCCCCCCCCCC,0
332.15,CCCCCCCCCCCCOP(=O)(O)OCCCCCCCCCCCC,CCCCCCCCCCCCOP(=O)(O)OCCCCCCCCCCCC,0
295.15,CCCCCCCCCCCCOC(=O)c1ccccc1C(=O)OCCCCCCCCCCCC,CCCCCCCCCCCCOC(=O)c1ccccc1C(=O)OCCCCCCCCCCCC,0
451.95,ClC1=C(Cl)[C@]2(Cl)[C@@H]3[C@@H]4C[C@@H]([C@H]5O[C@@H]45)[C@@H]3[C@@]1(Cl)C2(Cl)Cl,ClC1=C(Cl)[C@]2(Cl)[C@@H]3[C@@H]4C[C@@H]([C@H]5O[C@@H]45)[C@@H]3[C@@]1(Cl)C2(Cl)Cl,0
500.65,C/C=C(C(=C/C)/c1ccc(O)cc1)\c1ccc(O)cc1,C/C=C(C(=C/C)/c1ccc(O)cc1)\c1ccc(O)cc1,0
515.15,CC1(C2CCC3(C)OC3C2)CO1,CC1(C2CCC3(C)OC3C2)CO1,0
301.04999999999995,OCCNCCO,OCCNCCO,0
319.15,CCOC(=O)CN(C(=O)CCl)c1c(CC)cccc1CC,CCOC(=O)CN(C(=O)CCl)c1c(CC)cccc1CC,0
435.15,CCOc1ccc(N=Nc2ccc(OCC)cc2)cc1,CCOc1ccc(N=Nc2ccc(OCC)cc2)cc1,0
295.15,CCOc1ccc(C=O)cc1OCC,CCOc1ccc(C=O)cc1OCC,0
317.15,CCOc1ccccc1OCC,CCOc1ccccc1OCC,0
345.15,CCOc1ccc(OCC)cc1,CCOc1ccc(OCC)cc1,0
186.15,CCO[Si](C)(C)OCC,CCO[Si](C)(C)OCC,0
195.15,CCOC(CN)OCC,CCOC(CN)OCC,0
167.04999999999998,CCOC(C)OCC,CCOC(C)OCC,0
199.15,CCOCCOCC,CCOCCOCC,0
207.15,CCOCOCC,CCOCOCC,0
369.45,CCOC(=O)C(NC(C)=O)C(=O)OCC,CCOC(=O)C(NC(C)=O)C(=O)OCC,0
253.15,CCOC(=O)CCCCC(=O)OCC,CCOC(=O)CCCCC(=O)OCC,0
223.15,CCNCC,CCNCC,0
314.15,CCN(CC)c1ccc(C=O)cc1,CCN(CC)c1ccc(C=O)cc1,0
341.15,CCN(CC)CC(=O)Nc1c(C)cccc1C,CCN(CC)CC(=O)Nc1c(C)cccc1C,0
213.15,C=CC(=O)OCCN(CC)CC,C=CC(=O)OCCN(CC)CC,0
334.15,CCN(CC)CCOC(=O)c1ccc(N)cc1,CCN(CC)CCOC(=O)c1ccc(N)cc1,0
338.15,CCN(CC)c1ccc(C=O)c(O)c1,CCN(CC)c1ccc(C=O)c(O)c1,0
351.15,CCN(CC)c1cccc(O)c1,CCN(CC)c1cccc(O)c1,0
274.65,CCc1cccc(CC)c1N,CCc1cccc(CC)c1N,0
251.85,CCN(CC)c1ccccc1,CCN(CC)c1ccccc1,0
241.75,CCc1ccccc1CC,CCc1ccccc1CC,0
189.25,CCc1cccc(CC)c1,CCc1cccc(CC)c1,0
229.85,CCc1ccc(CC)cc1,CCc1ccc(CC)cc1,0
305.15,CCOC(=O)C(=Cc1ccccc1)C(=O)OCC,CCOC(=O)C(=Cc1ccccc1)C(=O)OCC,0
340.15,CCC(Br)(CC)C(N)=O,CCC(Br)(CC)C(N)=O,0
219.15,CCOC(=O)C(Br)C(=O)OCC,CCOC(=O)C(Br)C(=O)OCC,0
273.95,CCOC(=O)C#CC(=O)OCC,CCOC(=O)C#CC(=O)OCC,0
344.15,CCN(C(=O)N(CC)c1ccccc1)c1ccccc1,CCN(C(=O)N(CC)c1ccccc1)c1ccccc1,0
230.15,CCOC(=O)OCC,CCOC(=O)OCC,0
199.15,CC[Al](Cl)CC,CC[Al](Cl)CC,0
192.45,CCN(C#N)CC,CCN(C#N)CC,0
370.65,CCC1(CC)COC(=O)NC1=O,CCC1(CC)COC(=O)NC1=O,0
404.15,CCOC(=O)C1=C(C)NC(C)=C(C(=O)OCC)C1C,CCOC(=O)C1=C(C)NC(C)=C(C(=O)OCC)C1C,0
344.15,CCOC(=O)c1cc(C(=O)OCC)c(C)nc1C,CCOC(=O)c1cc(C(=O)OCC)c(C)nc1C,0
410.95,CCOC(=O)c1[nH]c(C)c(C(=O)OCC)c1C,CCOC(=O)c1[nH]c(C)c(C(=O)OCC)c1C,0
171.64999999999998,CCSSCC,CCSSCC,0
262.85,OCCOCCO,OCCOCCO,0
291.15,CC(=O)OCCOCCOC(C)=O,CC(=O)OCCOCCOC(C)=O,0
306.65,O=C(OCCOCCOC(=O)c1ccccc1)c1ccccc1,O=C(OCCOCCOC(=O)c1ccccc1)c1ccccc1,0
212.95,CCCCOCCOCCOCCCC,CCCCOCCOCCOCCCC,0
228.85,CCOCCOCCOCC,CCOCCOCCOCC,0
209.15,COCCOCCOC,COCCOCCOC,0
205.15,CCCCOCCOCCO,CCCCOCCOCCO,0
241.15,CCCCOCCOCCOC(C)=O,CCCCOCCOCCOC(C)=O,0
290.65,CCCCCCCCCCCC(=O)OCCOCCO,CCCCCCCCCCCC(=O)OCCOCCO,0
248.15,CCOCCOCCOC(C)=O,CCOCCOCCOC(C)=O,0
245.15,CCCCCCOCCOCCO,CCCCCCOCCOCCO,0
219.85,CCCOCCOCCO,CCCOCCOCCO,0
156.92999999999998,CCOCC,CCOCC,0
273.95,CCOC(=O)/C=C/C(=O)OCC,CCOC(=O)/C=C/C(=O)OCC,0
249.05,CCOC(=O)CCCC(=O)OCC,CCOC(=O)CCCC(=O)OCC,0
408.15,CCOC(=O)NNC(=O)OCC,CCOC(=O)NNC(=O)OCC,0
368.15,CCN(CC)C(=O)c1ccc(O)c(OC)c1,CCN(CC)C(=O)c1ccc(O)c(OC)c1,0
520.15,CCOC(=O)CNCC(=O)OCC,CCOC(=O)CNCC(=O)OCC,0
284.65,CCOC(=O)c1cccc(C(=O)OCC)c1,CCOC(=O)c1cccc(C(=O)OCC)c1,0
243.15,CCOC(=O)C(=O)C(=O)OCC,CCOC(=O)C(=O)C(=O)OCC,0
264.35,CCOC(=O)/C=C\C(=O)OCC,CCOC(=O)/C=C\C(=O)OCC,0
223.15,CCOC(=O)CC(=O)OCC,CCOC(=O)CC(=O)OCC,0
77.14999999999998,CCN(C)CC,CCN(C)CC,0
213.15,CCN(CC)c1ccccc1C,CCN(CC)c1ccccc1C,0
199.05,CCc1cc(C)cc(CC)c1,CCc1cc(C)cc(CC)c1,0
331.65,C=C(CC(=O)OCC)C(=O)OCC,C=C(CC(=O)OCC)C(=O)OCC,0
322.65,CCN(CC)C(=O)N1CCN(C)CC1,CCN(CC)C(=O)N1CCN(C)CC1,0
348.65,CCC1(CC)C(=O)NCC(C)C1=O,CCC1(CC)C(=O)NCC(C)C1=O,0
350.65,CCN(CC)c1ccc([N+](=O)[O-])cc1,CCN(CC)c1ccc([N+](=O)[O-])cc1,0
360.65,CCN(CC)c1ccc(N=O)cc1,CCN(CC)c1ccc(N=O)cc1,0
254.65,CCOC(=O)CCCCCCCC(=O)OCC,CCOC(=O)CCCCCCCC(=O)OCC,0
232.55,CCOC(=O)C(=O)OCC,CCOC(=O)C(=O)OCC,0
240.11,CCC(CC)(CC)CC,CCC(CC)(CC)CC,0
348.65,C=CCC(CC)(CC)C(N)=O,C=CCC(CC)(CC)C(N)=O,0
203.15,CCOOCC,CCOOCC,0
331.65,CCN(CC)C(c1ccccc1)c1ccccc1,CCN(CC)C(c1ccccc1)c1ccccc1,0
289.65,CCOC(=O)C(C(=O)OCC)c1ccccc1,CCOC(=O)C(C(=O)OCC)c1ccccc1,0
451.15,CCC1(CC)C(=O)NC(=O)N(c2ccccc2)C1=O,CCC1(CC)C(=O)NC(=O)N(c2ccccc2)C1=O,0
232.65,CCOC(=O)c1ccccc1C(=O)OCC,CCOC(=O)c1ccccc1C(=O)OCC,0
377.15,CCC1(CC)C(=O)CCNC1=O,CCC1(CC)C(=O)CCNC1=O,0
400.15,CCC(CC)(C(=O)O)C(=O)O,CCC(CC)(C(=O)O)C(=O)O,0
334.45,CCC(CC)(CO)CO,CCC(CC)(CO)CO,0
298.15,CCN(CC)C(=O)c1cccnc1,CCN(CC)C(=O)c1cccnc1,0
363.85,CCC1(CC)C(=O)C=CNC1=O,CCC1(CC)C(=O)C=CNC1=O,0
275.65,CCOC(=O)CCCCCCCCC(=O)OCC,CCOC(=O)CCCCCCCCC(=O)OCC,0
328.15,CC[Se]CC,CC[Se]CC,0
138.84999999999997,CC[SiH2]CC,CC[SiH2]CC,0
445.15,CC/C(=C(/CC)c1ccc(O)cc1)c1ccc(O)cc1,CC/C(=C(/CC)c1ccc(O)cc1)c1ccc(O)cc1,0
377.15,CCC(=O)Oc1ccc(/C(CC)=C(\CC)c2ccc(OC(=O)CC)cc2)cc1,CCC(=O)Oc1ccc(/C(CC)=C(\CC)c2ccc(OC(=O)CC)cc2)cc1,0
390.65,CC/C(=C(/CC)c1ccc(OC)cc1)c1ccc(O)cc1,CC/C(=C(/CC)c1ccc(OC)cc1)c1ccc(O)cc1,0
251.55,CCOC(=O)CCC(=O)OCC,CCOC(=O)CCC(=O)OCC,0
247.15,CCOS(=O)(=O)OCC,CCOS(=O)(=O)OCC,0
169.24999999999997,CCSCC,CCSCC,0
343.15,CCS(=O)(=O)CC,CCS(=O)(=O)CC,0
287.15,CCS(=O)CC,CCS(=O)CC,0
291.85,CCOC(=O)C(O)C(O)C(=O)OCC,CCOC(=O)C(O)C(O)C(=O)OCC,0
316.35,CCOC(=O)c1ccc(C(=O)OCC)cc1,CCOC(=O)c1ccc(C(=O)OCC)cc1,0
350.04999999999995,CCNC(=S)NCC,CCNC(=S)NCC,0
200.55,CCSSSCC,CCSSSCC,0
348.45,CCN(CC)C(N)=O,CCN(CC)C(N)=O,0
383.45,CCNC(=O)NCC,CCNC(=O)NCC,0
501.15,O=C(NC(=O)c1c(F)cccc1F)Nc1ccc(Cl)cc1,O=C(NC(=O)c1c(F)cccc1F)Nc1ccc(Cl)cc1,0
272.15,O=C(O)C(F)F,O=C(O)C(F)F,0
265.65,Nc1ccc(F)cc1F,Nc1ccc(F)cc1F,0
226.05,Fc1ccccc1F,Fc1ccccc1F,0
204.04,Fc1cccc(F)c1,Fc1cccc(F)c1,0
249.65,Fc1ccc(F)cc1,Fc1ccc(F)cc1,0
363.15,Fc1ccc(-c2ccc(F)cc2)cc1,Fc1ccc(-c2ccc(F)cc2)cc1,0
185.65,C[Si](C)(F)F,C[Si](C)(F)F,0
348.65,O=[N+]([O-])c1cc([N+](=O)[O-])c(F)cc1F,O=[N+]([O-])c1cc([N+](=O)[O-])c(F)cc1F,0
154.54999999999998,CC(F)F,CC(F)F,0
129.14999999999998,C=C(F)F,C=C(F)F,0
136.34999999999997,FCF,FCF,0
282.95,O=[N+]([O-])c1ccc(F)cc1F,O=[N+]([O-])c1ccc(F)cc1F,0
168.34999999999997,CC(C)(F)F,CC(C)(F)F,0
439.45,O=C(C(=O)c1ccco1)c1ccco1,O=C(C(=O)c1ccco1)c1ccco1,0
440.15,O/N=C(C(=N/O)/c1ccco1)\c1ccco1,O/N=C(C(=N/O)/c1ccco1)\c1ccco1,0
333.65,O=C(C=Cc1ccco1)C=Cc1ccco1,O=C(C=Cc1ccco1)C=Cc1ccco1,0
283.15,c1coc(CSSCc2ccco2)c1,c1coc(CSSCc2ccco2)c1,0
510.65,C[C@@H]1CC[C@@]2(OC1)O[C@H]1[C@@H](O)[C@H]3[C@@H]4CC[C@H]5C[C@@H](O[C@@H]6O[C@H](CO)[C@H](O[C@@H]7O[C@H](CO)[C@@H](O)[C@H](O[C@@H]8OC[C@@H](O)[C@H](O)[C@H]8O)[C@H]7O[C@@H]7O[C@H](CO)[C@H](O)[C@H](O[C@@H]8O[C@H](CO)[C@@H](O)[C@H](O)[C@H]8O)[C@H]7O)[C@H](O)[C@H]6O)[C@H](O)C[C@]5(C)[C@H]4CC[C@]3(C)[C@H]1[C@@H]2C,C[C@@H]1CC[C@@]2(OC1)O[C@H]1[C@@H](O)[C@H]3[C@@H]4CC[C@H]5C[C@@H](O[C@@H]6O[C@H](CO)[C@H](O[C@@H]7O[C@H](CO)[C@@H](O)[C@H](O[C@@H]8OC[C@@H](O)[C@H](O)[C@H]8O)[C@H]7O[C@@H]7O[C@H](CO)[C@H](O)[C@H](O[C@@H]8O[C@H](CO)[C@@H](O)[C@H](O)[C@H]8O)[C@H]7O)[C@H](O)[C@H]6O)[C@H](O)C[C@]5(C)[C@H]4CC[C@]3(C)[C@H]1[C@@H]2C,0
526.15,C[C@]12CC[C@H](O)C[C@H]1CC[C@@H]1[C@@H]2CC[C@]2(C)[C@@H](C3=CC(=O)OC3)CC[C@]12O,C[C@]12CC[C@H](O)C[C@H]1CC[C@@H]1[C@@H]2CC[C@]2(C)[C@@H](C3=CC(=O)OC3)CC[C@]12O,0
528.65,C[C@H]1O[C@@H](O[C@H]2[C@@H](O)C[C@H](O[C@H]3[C@@H](O)C[C@H](O[C@H]4CC[C@@]5(C)[C@H](CC[C@@H]6[C@@H]5CC[C@]5(C)[C@@H](C7=CC(=O)OC7)CC[C@]65O)C4)O[C@@H]3C)O[C@@H]2C)C[C@H](O)[C@@H]1O,C[C@H]1O[C@@H](O[C@H]2[C@@H](O)C[C@H](O[C@H]3[C@@H](O)C[C@H](O[C@H]4CC[C@@]5(C)[C@H](CC[C@@H]6[C@@H]5CC[C@]5(C)[C@@H](C7=CC(=O)OC7)CC[C@]65O)C4)O[C@@H]3C)O[C@@H]2C)C[C@H](O)[C@@H]1O,0
385.15,C[C@H]1OC(O)C[C@H](O)[C@@H]1O,C[C@H]1OC(O)C[C@H](O)[C@@H]1O,0
421.15,O=C(O)COCC(=O)O,O=C(O)COCC(=O)O,0
495.15,C[C@]12CC[C@H](O)C[C@H]1CC[C@@H]1[C@@H]2C[C@@H](O)[C@]2(C)[C@@H](C3=CC(=O)OC3)CC[C@]12O,C[C@]12CC[C@H](O)C[C@H]1CC[C@@H]1[C@@H]2C[C@@H](O)[C@]2(C)[C@@H](C3=CC(=O)OC3)CC[C@]12O,0
522.15,C[C@H]1O[C@@H](O[C@H]2[C@@H](O)C[C@H](O[C@H]3[C@@H](O)C[C@H](O[C@H]4CC[C@@]5(C)[C@H](CC[C@@H]6[C@@H]5C[C@@H](O)[C@]5(C)[C@@H](C7=CC(=O)OC7)CC[C@]65O)C4)O[C@@H]3C)O[C@@H]2C)C[C@H](O)[C@@H]1O,C[C@H]1O[C@@H](O[C@H]2[C@@H](O)C[C@H](O[C@H]3[C@@H](O)C[C@H](O[C@H]4CC[C@@]5(C)[C@H](CC[C@@H]6[C@@H]5C[C@@H](O)[C@]5(C)[C@@H](C7=CC(=O)OC7)CC[C@]65O)C4)O[C@@H]3C)O[C@@H]2C)C[C@H](O)[C@@H]1O,0
304.65,CCCCCCCNCCCCCCC,CCCCCCCNCCCCCCC,0
343.15,CCCCCCCSCCCCCCC,CCCCCCCSCCCCCCC,0
260.15,CCCCCCNCCCCCC,CCCCCCNCCCCCC,0
264.15,CCCCCCOC(=O)CCCCC(=O)OCCCCCC,CCCCCCOC(=O)CCCCC(=O)OCCCCCC,0
512.45,COc1cc2c(c3oc(=O)c4c(c13)CCOC4=O)[C@@H]1CCO[C@@H]1O2,COc1cc2c(c3oc(=O)c4c(c13)CCOC4=O)[C@@H]1CCO[C@@H]1O2,0
382.15,c1ccc2c(c1)Cc1ccccc1C2,c1ccc2c(c1)Cc1ccccc1C2,0
758.15,O=c1c2ccccc2c(=O)c2c1ccc1[nH]c3c(ccc4c(=O)c5ccccc5c(=O)c43)[nH]c12,O=c1c2ccccc2c(=O)c2c1ccc1[nH]c3c(ccc4c(=O)c5ccccc5c(=O)c43)[nH]c12,0
443.55,c1cc2c3c(c4ccc5ccccc5c4cc3c1)CC2,c1cc2c3c(c4ccc5ccccc5c4cc3c1)CC2,0
527.14,c1ccc2c(c1)C1c3ccccc3C2c2ccccc21,c1ccc2c(c1)C1c3ccccc3C2c2ccccc21,0
589.45,S=c1[nH]c2ccccc2[nH]1,S=c1[nH]c2ccccc2[nH]1,0
591.15,O=c1[nH]c2ccccc2[nH]1,O=c1[nH]c2ccccc2[nH]1,0
251.65,c1ccc2c(c1)CCO2,c1ccc2c(c1)CCO2,0
277.5,c1ccc2c(c1)CCOC2,c1ccc2c(c1)CCOC2,0
269.84,c1ccc2c(c1)CCCO2,c1ccc2c(c1)CCCO2,0
298.15,O=C1CCc2ccccc2O1,O=C1CCc2ccccc2O1,0
312.25,O=C1CCOc2ccccc21,O=C1CCOc2ccccc21,0
302.15,O=C1CCSc2ccccc21,O=C1CCSc2ccccc21,0
340.15,c1ccc(CC2=NCCN2)cc1,c1ccc(CC2=NCCN2)cc1,0
385.65,COc1ccc2c3c1O[C@H]1[C@@H](O)CC[C@H]4[C@@H](C2)N(C)CC[C@@]341,COc1ccc2c3c1O[C@H]1[C@@H](O)CC[C@H]4[C@@H](C2)N(C)CC[C@@]341,0
408.65,c1ccc2c(c1)ccc1c3c(ccc12)CCC3,c1ccc2c(c1)ccc1c3c(ccc12)CCC3,0
305.54999999999995,O=C1c2ccccc2CCc2ccccc21,O=C1c2ccccc2CCc2ccccc21,0
448.15,COc1cc2c(cc1OC)C(=O)NCC2,COc1cc2c(cc1OC)C(=O)NCC2,0
381.15,Cc1cc(=O)n(-c2ccccc2)n1C,Cc1cc(=O)n(-c2ccccc2)n1C,0
564.15,O=C(O)c1ccc2c(c1)C(=O)c1ccccc1C2=O,O=C(O)c1ccc2c(c1)C(=O)c1ccccc1C2=O,0
583.15,O=C1c2cccc(S(=O)(=O)O)c2C(=O)c2cccc(S(=O)(=O)O)c21,O=C1c2cccc(S(=O)(=O)O)c2C(=O)c2cccc(S(=O)(=O)O)c21,0
489.15,O=C1c2ccccc2C(=O)c2c1cccc2S(=O)(=O)O,O=C1c2ccccc2C(=O)c2c1cccc2S(=O)(=O)O,0
398.15,CN1CC(O)C2=CC(=O)C(=O)C=C21,CN1CC(O)C2=CC(=O)C(=O)C=C21,0
310.65,Nc1ccc2c(c1)CCC2,Nc1ccc2c(c1)CCC2,0
328.15,OC1CCc2ccccc21,OC1CCc2ccccc21,0
331.15,Oc1ccc2c(c1)CCC2,Oc1ccc2c(c1)CCC2,0
313.15,O=C1CCc2ccccc21,O=C1CCc2ccccc21,0
331.15,O=C1Cc2ccccc2C1,O=C1Cc2ccccc2C1,0
297.65,c1ccc2c(c1)CC1OC21,c1ccc2c(c1)CC1OC21,0
401.15,O=C1Cc2ccccc2N1,O=C1Cc2ccccc2N1,0
424.15,O=C1NCc2ccccc21,O=C1NCc2ccccc21,0
351.25,COc1ccc2c(c1)CCCC2=O,COc1ccc2c(c1)CCCC2=O,0
451.15,Cc1ccc2cc3c(ccc4ccccc43)c3c2c1CC3,Cc1ccc2cc3c(ccc4ccccc43)c3c2c1CC3,0
341.15,C=C1CC(=O)OC1=O,C=C1CC(=O)OC1=O,0
309.95,CC1CC(=O)OC1=O,CC1CC(=O)OC1=O,0
242.15,CC1CCC(=O)O1,CC1CCC(=O)O1,0
380.15,CC1=NCCN1,CC1=NCCN1,0
419.15,Cn1cc[nH]c1=S,Cn1cc[nH]c1=S,0
288.15,CC1CCc2ccccc2C1=O,CC1CCc2ccccc2C1=O,0
573.15,CC1=NN(c2ccc(S(=O)(=O)O)cc2)C(=O)C1,CC1=NN(c2ccc(S(=O)(=O)O)cc2)C(=O)C1,0
401.15,Cc1cc(=O)n(-c2ccccc2)[nH]1,Cc1cc(=O)n(-c2ccccc2)[nH]1,0
400.15,CC1=NN(c2ccccc2)C(=O)C1,CC1=NN(c2ccccc2)C(=O)C1,0
172.14999999999998,CC1=NCCS1,CC1=NCCS1,0
264.38,C1=Cc2ccccc2CC1,C1=Cc2ccccc2CC1,0
297.75,C1=CCc2ccccc2C1,C1=CCc2ccccc2C1,0
291.15,O=C1CCc2ccccc2C1,O=C1CCc2ccccc2C1,0
376.15,O=[N+]([O-])c1ccc2c3c(cccc13)CC2,O=[N+]([O-])c1ccc2c3c(cccc13)CC2,0
583.15,O=C(O)c1ccc(=O)[nH]c1,O=C(O)c1ccc(=O)[nH]c1,0
306.51,c1ccc2c(c1)CCc1ccccc1-2,c1ccc2c(c1)CCc1ccccc1-2,0
349.45,O=C1CC(c2ccccc2)Oc2ccccc21,O=C1CC(c2ccccc2)Oc2ccccc21,0
410.15,NC1=NCC(c2ccccc2)O1,NC1=NCC(c2ccccc2)O1,0
418.15,S=c1nn[nH]n1-c1ccccc1,S=c1nn[nH]n1-c1ccccc1,0
492.15,CCCc1cc(=O)[nH]c(=S)[nH]1,CCCc1cc(=O)[nH]c(=S)[nH]1,0
586.15,S=c1nc[nH]c2nc[nH]c12,S=c1nc[nH]c2nc[nH]c12,0
329.45,O=C1CCCC(=O)O1,O=C1CCCC(=O)O1,0
580.15,O=c1ccc(=O)[nH][nH]1,O=c1ccc(=O)[nH][nH]1,0
548.65,O=C1CCNC(=O)N1,O=C1CCNC(=O)N1,0
436.65,O=C1CCc2ccccc2N1,O=C1CCc2ccccc2N1,0
683.15,O=c1[nH]c2ccccc2[nH]c1=O,O=c1[nH]c2ccccc2[nH]c1=O,0
404.15,CC(C)[C@@H](C)/C=C/[C@@H](C)[C@H]1CC[C@H]2/C(=C/C=C3\C[C@@H](O)CC[C@@H]3C)CCC[C@]12C,CC(C)[C@@H](C)/C=C/[C@@H](C)[C@H]1CC[C@H]2/C(=C/C=C3\C[C@@H](O)CC[C@@H]3C)CCC[C@]12C,0
435.65,COC1=CC[C@H]2[C@H]3Cc4ccc(OC)c5c4[C@@]2(CCN3C)[C@H]1O5,COC1=CC[C@H]2[C@H]3Cc4ccc(OC)c5c4[C@@]2(CCN3C)[C@H]1O5,0
358.45,NC1=NCCS1,NC1=NCCS1,0
337.15,O=S1(=O)CC=CC1,O=S1(=O)CC=CC1,0
508.15,O=C1CC(=O)NC(=S)N1,O=C1CC(=O)NC(=S)N1,0
613.15,O=c1cc[nH]c(=S)[nH]1,O=c1cc[nH]c(=S)[nH]1,0
495.65,S=c1nc[nH][nH]1,S=c1nc[nH][nH]1,0
325.15,CC1(C)CC(C)(c2ccccc2)c2ccccc21,CC1(C)CC(C)(c2ccccc2)c2ccccc21,0
299.65,CC1=CC(C)(C)Nc2ccccc21,CC1=CC(C)(C)Nc2ccccc21,0
472.85,O=C1c2ccccc2C(=O)c2c(O)ccc(O)c21,O=C1c2ccccc2C(=O)c2c(O)ccc(O)c21,0
553.15,O=C1c2cccc(O)c2C(=O)c2cccc(O)c21,O=C1c2cccc(O)c2C(=O)c2cccc(O)c21,0
466.15,O=C1c2cccc(O)c2C(=O)c2c(O)cccc21,O=C1c2cccc(O)c2C(=O)c2c(O)cccc21,0
633.15,O=C1c2ccc(O)cc2C(=O)c2ccc(O)cc21,O=C1c2ccc(O)cc2C(=O)c2ccc(O)cc21,0
626.95,O=C1c2ccc(O)cc2C(=O)c2cc(O)ccc21,O=C1c2ccc(O)cc2C(=O)c2cc(O)ccc21,0
446.15,Oc1ccccc1N=Nc1ccccc1O,Oc1ccccc1N=Nc1ccccc1O,0
381.15,O=Cc1cccc(O)c1O,O=Cc1cccc(O)c1O,0
408.15,O=Cc1ccc(O)cc1O,O=Cc1ccc(O)cc1O,0
373.15,O=Cc1cc(O)ccc1O,O=Cc1cc(O)ccc1O,0
426.15,O=Cc1ccc(O)c(O)c1,O=Cc1ccc(O)c(O)c1,0
441.15,O=C(NO)c1ccccc1O,O=C(NO)c1ccccc1O,0
426.15,O=C(O)Cc1cc(O)ccc1O,O=C(O)Cc1cc(O)ccc1O,0
478.15,O=C(O)c1cccc(O)c1O,O=C(O)c1cccc(O)c1O,0
502.15,O=C(O)c1ccc(O)cc1O,O=C(O)c1ccc(O)cc1O,0
477.15,O=C(O)c1cc(O)ccc1O,O=C(O)c1cc(O)ccc1O,0
444.15,O=C(O)c1c(O)cccc1O,O=C(O)c1c(O)cccc1O,0
475.15,O=C(O)c1ccc(O)c(O)c1,O=C(O)c1ccc(O)c(O)c1,0
508.45,O=C(O)c1cc(O)cc(O)c1,O=C(O)c1cc(O)cc(O)c1,0
332.65,O=C(c1ccccc1O)c1ccccc1O,O=C(c1ccccc1O)c1ccccc1O,0
483.15,O=C(c1ccc(O)cc1)c1ccc(O)cc1,O=C(c1ccc(O)cc1)c1ccc(O)cc1,0
549.15,O=c1ccc2cc(O)c(O)cc2o1,O=c1ccc2cc(O)c(O)cc2o1,0
535.15,O=c1ccc2ccc(O)c(O)c2o1,O=c1ccc2ccc(O)c(O)c2o1,0
471.65,C[C@H](CCC(=O)O)[C@H]1CC[C@H]2[C@@H]3C[C@H](O)[C@@H]4C[C@H](O)CC[C@]4(C)[C@H]3CC[C@]12C,C[C@H](CCC(=O)O)[C@H]1CC[C@H]2[C@@H]3C[C@H](O)[C@@H]4C[C@H](O)CC[C@]4(C)[C@H]3CC[C@]12C,0
476.15,C[C@H](CCC(=O)O)[C@H]1CC[C@H]2[C@@H]3[C@@H](O)C[C@@H]4C[C@H](O)CC[C@]4(C)[C@H]3CC[C@]12C,C[C@H](CCC(=O)O)[C@H]1CC[C@H]2[C@@H]3[C@@H](O)C[C@@H]4C[C@H](O)CC[C@]4(C)[C@H]3CC[C@]12C,0
392.15,C[C@H](CCC(=O)O)[C@H]1CC[C@H]2[C@@H]3[C@H](O)C[C@@H]4C[C@H](O)CC[C@]4(C)[C@H]3CC[C@]12C,C[C@H](CCC(=O)O)[C@H]1CC[C@H]2[C@@H]3[C@H](O)C[C@@H]4C[C@H](O)CC[C@]4(C)[C@H]3CC[C@]12C,0
388.15,C=C1/C(=C\C=C2/CCC[C@]3(C)[C@@H]([C@H](C)CCCC(C)(C)O)CC[C@@H]23)C[C@@H](O)C[C@@H]1O,C=C1/C(=C\C=C2/CCC[C@]3(C)[C@@H]([C@H](C)CCCC(C)(C)O)CC[C@@H]23)C[C@@H](O)C[C@@H]1O,0
484.15,O=C1C=C(O)C(=O)C=C1O,O=C1C=C(O)C(=O)C=C1O,0
485.15,O=C1CCC(O)=C1O,O=C1CCC(O)=C1O,0
391.45,Oc1ccccc1Cc1ccccc1O,Oc1ccccc1Cc1ccccc1O,0
424.15,Oc1ccc(Sc2ccc(O)cc2)cc1,Oc1ccc(Sc2ccc(O)cc2)cc1,0
496.65,O=C1c2cccc(O)c2C(=O)c2c(O)cc(CO)cc21,O=C1c2cccc(O)c2C(=O)c2c(O)cc(CO)cc21,0
428.15,O=C(O)/C(O)=C(/O)C(=O)O,O=C(O)/C(O)=C(/O)C(=O)O,0
405.15,COc1cc(C(O)C(=O)O)ccc1O,COc1cc(C(O)C(=O)O)ccc1O,0
504.15,COc1cc2ccc(=O)oc2c(O)c1O,COc1cc2ccc(=O)oc2c(O)c1O,0
487.95,COc1ccc(-c2coc3cc(O)cc(O)c3c2=O)cc1,COc1ccc(-c2coc3cc(O)cc(O)c3c2=O)cc1,0
403.65,COc1cc(O)c(C(=O)c2ccccc2)c(O)c1,COc1cc(O)c(C(=O)c2ccccc2)c(O)c1,0
539.65,COc1cc(O)c2c(=O)c3cc(O)ccc3oc2c1,COc1cc(O)c2c(=O)c3cc(O)ccc3oc2c1,0
469.15,Cc1cc(O)c2c(c1)C(=O)c1cccc(O)c1C2=O,Cc1cc(O)c2c(c1)C(=O)c1cccc(O)c1C2=O,0
449.15,Cc1cc(O)cc(O)c1C(=O)O,Cc1cc(O)cc(O)c1C(=O)O,0
556.15,Cc1cc(=O)oc2cc(O)cc(O)c12,Cc1cc(=O)oc2cc(O)cc(O)c12,0
548.15,Cc1cc(=O)oc2cc(O)c(O)cc12,Cc1cc(=O)oc2cc(O)c(O)cc12,0
516.15,O=C1C=CC(=O)c2c(O)ccc(O)c21,O=C1C=CC(=O)c2c(O)ccc(O)c21,0
542.15,O=C1C(=O)c2c(c(O)c3ccccc3c2O)-c2cccnc21,O=C1C(=O)c2c(c(O)c3ccccc3c2O)-c2cccnc21,0
517.15,O=C1c2ccccc2C(=O)c2c1cc([N+](=O)[O-])c(O)c2O,O=C1c2ccccc2C(=O)c2c1cc([N+](=O)[O-])c(O)c2O,0
399.15,O=C(O)CCCCCCC[C@@H](O)[C@H](O)CCCCCCCC(=O)O,O=C(O)CCCCCCC[C@@H](O)[C@H](O)CCCCCCCC(=O)O,0
363.15,CCCCCCCCC(O)C(O)CCCCCCCC(=O)O,CCCCCCCCC(O)C(O)CCCCCCCC(=O)O,0
558.15,O=c1cc(-c2ccccc2)oc2cc(O)cc(O)c12,O=c1cc(-c2ccccc2)oc2cc(O)cc(O)c12,0
419.15,CC(=O)c1ccc(O)cc1O,CC(=O)c1ccc(O)cc1O,0
417.15,O=C(c1ccccc1)c1ccc(O)cc1O,O=C(c1ccccc1)c1ccc(O)cc1O,0
498.15,O=C(O)/C=C/c1ccc(O)c(O)c1,O=C(O)/C=C/c1ccc(O)c(O)c1,0
412.15,O=[Sb](O)(O)c1ccccc1,O=[Sb](O)(O)c1ccccc1,0
507.15,C[C@]12C=CC(=O)C=C1CC[C@@H]1[C@@H]2C(=O)C[C@@]2(C)[C@H]1CC[C@]2(O)C(=O)CO,C[C@]12C=CC(=O)C=C1CC[C@@H]1[C@@H]2C(=O)C[C@@]2(C)[C@H]1CC[C@]2(O)C(=O)CO,0
488.15,C[C@]12CCC(=O)C=C1CC[C@@H]1[C@@H]2CC[C@@]2(C)[C@H]1CC[C@]2(O)C(=O)CO,C[C@]12CCC(=O)C=C1CC[C@@H]1[C@@H]2CC[C@@]2(C)[C@H]1CC[C@]2(O)C(=O)CO,0
495.15,C[C@]12CCC(=O)C=C1CC[C@@H]1[C@@H]2C(=O)C[C@@]2(C)[C@H]1CC[C@]2(O)C(=O)CO,C[C@]12CCC(=O)C=C1CC[C@@H]1[C@@H]2C(=O)C[C@@]2(C)[C@H]1CC[C@]2(O)C(=O)CO,0
418.15,O=CC(O)CO,O=CC(O)CO,0
347.15,O=C(CO)CO,O=C(CO)CO,0
326.15,CCCCCCCCCC(=O)OCC(O)CO,CCCCCCCCCC(=O)OCC(O)CO,0
313.15,CCCCCCCC(=O)OCC(O)CO,CCCCCCCC(=O)OCC(O)CO,0
562.15,O=C(O)c1cc(=O)c2cccc(O)c2[nH]1,O=C(O)c1cc(=O)c2cccc(O)c2[nH]1,0
387.65,O=C(O)C(O)(O)C(O)(O)C(=O)O,O=C(O)C(O)(O)C(O)(O)C(=O)O,0
542.15,O=C(O)c1cc(O)c(O)c(OC(=O)c2cc(O)c(O)c(O)c2)c1,O=C(O)c1cc(O)c(O)c(OC(=O)c2cc(O)c(O)c(O)c2)c1,0
399.15,O=C(O)c1ccccc1C1c2ccc(O)cc2Oc2cc(O)ccc21,O=C(O)c1ccccc1C1c2ccc(O)cc2Oc2cc(O)ccc21,0
354.65,IC#CI,IC#CI,0
368.65,Nc1ccc(I)cc1I,Nc1ccc(I)cc1I,0
296.65,Ic1ccccc1I,Ic1ccccc1I,0
307.35,Ic1cccc(I)c1,Ic1cccc(I)c1,0
402.4,Ic1ccc(I)cc1,Ic1ccc(I)cc1,0
279.04999999999995,ICCCCI,ICCCCI,0
356.15,ICCI,ICCI,0
260.15,I/C=C\I,I/C=C\I,0
282.54999999999995,ICCCCCCI,ICCCCCCI,0
279.15,ICI,ICI,0
430.15,O=[N+]([O-])c1cc(I)c(O)c(I)c1,O=[N+]([O-])c1cc(I)c(O)c(I)c1,0
282.15,ICCCCCI,ICCCCCI,0
253.15,ICCCI,ICCCI,0
483.15,Oc1c(I)cc(I)c2cccnc12,Oc1c(I)cc(I)c2cccnc12,0
486.15,N[C@@H](Cc1cc(I)c(O)c(I)c1)C(=O)O,N[C@@H](Cc1cc(I)c(O)c(I)c1)C(=O)O,0
233.15,CC(C)C[Al](Cl)CC(C)C,CC(C)C[Al](Cl)CC(C)C,0
199.65,CC(C)CNCC(C)C,CC(C)CNCC(C)C,0
167.64999999999998,CC(C)CSCC(C)C,CC(C)CSCC(C)C,0
324.15,O=C=Nc1cccc(N=C=O)c1,O=C=Nc1cccc(N=C=O)c1,0
368.15,O=C=Nc1ccc(N=C=O)cc1,O=C=Nc1ccc(N=C=O)cc1,0
223.15,CC(C)CCCCCCCOC(=O)c1ccccc1C(=O)OCCCCCCCC(C)C,CC(C)CCCCCCCOC(=O)c1ccccc1C(=O)OCCCCCCCC(C)C,0
229.15,CC(C)CCNCCC(C)C,CC(C)CCNCCC(C)C,0
198.55,CC(C)CCSCCC(C)C,CC(C)CCSCCC(C)C,0
317.65,CC(O)CNCC(C)O,CC(O)CNCC(C)O,0
272.54999999999995,CC(C)OC(=O)CCCCC(=O)OC(C)C,CC(C)OC(=O)CCCCC(=O)OC(C)C,0
212.15,CC(C)NC(C)C,CC(C)NC(C)C,0
228.15,CC(C)c1cccc(C(C)C)c1N,CC(C)c1cccc(C(C)C)c1N,0
216.15,CC(C)c1ccccc1C(C)C,CC(C)c1ccccc1C(C)C,0
210.15,CC(C)c1cccc(C(C)C)c1,CC(C)c1cccc(C(C)C)c1,0
256.15,CC(C)c1ccc(C(C)C)cc1,CC(C)c1ccc(C(C)C)cc1,0
303.25,CC(C)c1ccc(C(C)(C)OO)cc1,CC(C)c1ccc(C(C)(C)OO)cc1,0
332.15,CC(C)N(Sc1nc2ccccc2s1)C(C)C,CC(C)N(Sc1nc2ccccc2s1)C(C)C,0
204.15,CC(C)SSC(C)C,CC(C)SSC(C)C,0
187.78,CC(C)OC(C)C,CC(C)OC(C)C,0
343.15,CC(C)c1ccc2cc(C(C)C)ccc2c1,CC(C)c1ccc2cc(C(C)C)ccc2c1,0
195.12,CC(C)SC(C)C,CC(C)SC(C)C,0
307.15,CC(C)OC(=O)[C@H](O)[C@@H](O)C(=O)OC(C)C,CC(C)OC(=O)[C@H](O)[C@@H](O)C(=O)OC(C)C,0
325.15,CC(C)OC(=S)SSC(=S)OC(C)C,CC(C)OC(=S)SSC(=S)OC(C)C,0
405.15,S=C=Nc1ccc(N=C=S)cc1,S=C=Nc1ccc(N=C=S)cc1,0
266.65,C=C1CC(=O)O1,C=C1CC(=O)O1,0
385.65,CC(OC(C)C(=O)O)C(=O)O,CC(OC(C)C(=O)O)C(=O)O,0
382.65,COc1ccc2c(=O)c(C)c(-c3ccccc3)oc2c1CN(C)C,COc1ccc2c(=O)c(C)c(-c3ccccc3)oc2c1CN(C)C,0
365.15,Cc1ccc2c(c1)[C@]13CCCC[C@@H]1[C@H](C2)N(C)CC3,Cc1ccc2c(c1)[C@]13CCCC[C@@H]1[C@H](C2)N(C)CC3,0
466.15,O=C(O)[C@@H](S)[C@@H](S)C(=O)O,O=C(O)[C@@H](S)[C@@H](S)C(=O)O,0
315.65,OC(CS)C(O)CS,OC(CS)C(O)CS,0
193.15,SCCOCCS,SCCOCCS,0
319.15,CN(C)C(=O)OC1=CC(=O)CC(C)(C)C1,CN(C)C(=O)OC1=CC(=O)CC(C)(C)C1,0
438.15,CC1=C(C)S(=O)(=O)CCS1(=O)=O,CC1=C(C)S(=O)(=O)CCS1(=O)=O,0
375.15,CCCCc1c(C)nc(N(C)C)[nH]c1=O,CCCCc1c(C)nc(N(C)C)[nH]c1=O,0
419.15,CCCCc1cc2ccccc2c(OCCN(C)C)n1,CCCCc1cc2ccccc2c(OCCN(C)C)n1,0
294.15,COc1ccc(OC)c(C(C)=O)c1,COc1ccc(OC)c(C(C)=O)c1,0
271.15,C=CCc1ccc(OC)c(OC)c1,C=CCc1ccc(OC)c(OC)c1,0
302.35,C=CCc1cc(OC)c2c(c1OC)OCO2,C=CCc1cc(OC)c2c(c1OC)OCO2,0
306.65,COc1ccc(N)c(OC)c1,COc1ccc(N)c(OC)c1,0
355.65,COc1ccc(OC)c(N)c1,COc1ccc(OC)c(N)c1,0
360.65,COc1ccc(N)cc1OC,COc1ccc(N)cc1OC,0
345.15,COc1ccc(C=O)c(OC)c1,COc1ccc(C=O)c(OC)c1,0
325.15,COc1ccc(OC)c(C=O)c1,COc1ccc(OC)c(C=O)c1,0
316.15,COc1ccc(C=O)cc1OC,COc1ccc(C=O)cc1OC,0
319.45,COc1cc(C=O)cc(OC)c1,COc1cc(C=O)cc(OC)c1,0
295.65,COc1ccccc1OC,COc1ccccc1OC,0
237.85,COc1cccc(OC)c1,COc1cccc(OC)c1,0
329.35,COc1ccc(OC)cc1,COc1ccc(OC)cc1,0
371.15,COc1ccc(CC(=O)O)cc1OC,COc1ccc(CC(=O)O)cc1OC,0
410.15,COc1cc(-c2ccc(N)c(OC)c2)ccc1N,COc1cc(-c2ccc(N)c(OC)c2)ccc1N,0
385.15,COc1cc(-c2ccc(N=C=O)c(OC)c2)ccc1N=C=O,COc1cc(-c2ccc(N=C=O)c(OC)c2)ccc1N=C=O,0
380.35,COc1ccc(C(=O)O)c(OC)c1,COc1ccc(C(=O)O)c(OC)c1,0
459.15,COc1cccc(OC)c1C(=O)O,COc1cccc(OC)c1C(=O)O,0
454.15,COc1ccc(C(=O)O)cc1OC,COc1ccc(C(=O)O)cc1OC,0
458.65,COc1cc(OC)cc(C(=O)O)c1,COc1cc(OC)cc(C(=O)O)c1,0
382.15,COc1ccc(C(=O)C(O)c2ccc(OC)cc2)cc1,COc1ccc(C(=O)C(O)c2ccc(OC)cc2)cc1,0
422.15,COc1cc(OC)c2ccc(=O)oc2c1,COc1cc(OC)c2ccc(=O)oc2c1,0
448.15,COc1ccc(-c2ccc(OC)cc2)cc1,COc1ccc(-c2ccc(OC)cc2)cc1,0
529.15,COC1=CC(=O)C=C(OC)C1=O,COC1=CC(=O)C=C(OC)C1=O,0
195.15,COC(CN)OC,COC(CN)OC,0
204.15,COCCOC,COCCOC,0
415.15,COc1c2ccoc2nc2c(OC)cccc12,COc1c2ccoc2nc2c(OC)cccc12,0
283.15,CCCCCCCCCCCCCCCC(OC)OC,CCCCCCCCCCCCCCCC(OC)OC,0
355.15,COc1cc(O)c(C(C)=O)c(OC)c1,COc1cc(O)c(C(C)=O)c(OC)c1,0
392.65,COc1cc2c(cc1OC)C(=O)CC2,COc1cc2c(cc1OC)C(=O)CC2,0
375.65,COc1ccc2c(c1OC)C(=O)OC2,COc1ccc2c(c1OC)C(=O)OC2,0
168.03999999999996,COCOC,COCOC,0
297.15,COc1ccc(C)cc1OC,COc1ccc(C)cc1OC,0
294.15,COc1ccc(OC)c(C)c1,COc1ccc(OC)c(C)c1,0
371.15,COc1ccc([N+](=O)[O-])cc1OC,COc1ccc([N+](=O)[O-])cc1OC,0
345.65,COc1ccc(OC)c([N+](=O)[O-])c1,COc1ccc(OC)c([N+](=O)[O-])c1,0
329.65,COc1cccc(OC)c1O,COc1cccc(OC)c1O,0
310.15,COc1cc(O)cc(OC)c1,COc1cc(O)cc(OC)c1,0
324.15,COc1ccc(C(C)=O)cc1OC,COc1ccc(C(C)=O)cc1OC,0
226.15,COC(C)(C)OC,COC(C)(C)OC,0
291.15,C/C=C/c1ccc(OC)c(OC)c1,C/C=C/c1ccc(OC)c(OC)c1,0
302.65,C=CCc1cc2c(c(OC)c1OC)OCO2,C=CCc1cc2c(c(OC)c1OC)OCO2,0
159.95,COC(C)OC,COC(C)OC,0
254.15,CC(=O)N(C)C,CC(=O)N(C)C,0
283.45,COC(=O)CCCCC(=O)OC,COC(=O)CCCCC(=O)OC,0
180.15,CNC,CNC,0
378.65,CC(=O)c1ccc(N(C)C)cc1,CC(=O)c1ccc(N(C)C)cc1,0
417.65,CN(C)CC(=O)N1c2ccccc2Sc2ccccc21,CN(C)CC(=O)N1c2ccccc2Sc2ccccc21,0
389.15,CN(C)c1ccc(N=Nc2ccccc2)cc1,CN(C)c1ccc(N=Nc2ccccc2)cc1,0
375.15,Cc1cc(N=Nc2ccccc2C)ccc1N,Cc1cc(N=Nc2ccccc2C)ccc1N,0
346.25,CN(C)c1ccc(C=O)cc1,CN(C)c1ccc(C=O)cc1,0
543.15,CN(C)c1ccc(/C=C2/SC(=S)NC2=O)cc1,CN(C)c1ccc(/C=C2/SC(=S)NC2=O)cc1,0
345.15,CN(C)c1ccccc1C(=O)O,CN(C)c1ccccc1C(=O)O,0
425.65,CN(C)c1cccc(C(=O)O)c1,CN(C)c1cccc(C(=O)O)c1,0
515.65,CN(C)c1ccc(C(=O)O)cc1,CN(C)c1ccc(C(=O)O)cc1,0
409.15,CN(C)c1ccc(C(=N)c2ccc(N(C)C)cc2)cc1,CN(C)c1ccc(C(=N)c2ccc(N(C)C)cc2)cc1,0
181.15,CB(C)N(C)C,CB(C)N(C)C,0
372.65,CCC(=O)C(CC(C)N(C)C)(c1ccccc1)c1ccccc1,CCC(=O)C(CC(C)N(C)C)(c1ccccc1)c1ccccc1,0
213.15,C=CC(=O)OCCN(C)C,C=CC(=O)OCCN(C)C,0
419.65,CN(C)CCc1c[nH]c2ccc(O)cc12,CN(C)CCc1c[nH]c2ccc(O)cc12,0
390.65,CN(C)CCc1ccc(O)cc1,CN(C)CCc1ccc(O)cc1,0
343.15,CN(C)c1cccc2c(S(=O)(=O)Cl)cccc12,CN(C)c1cccc2c(S(=O)(=O)Cl)cccc12,0
359.15,CN(C)c1cccc(O)c1,CN(C)c1cccc(O)c1,0
350.15,CN(C)c1ccc(O)cc1,CN(C)c1ccc(O)cc1,0
365.65,CN(C)c1ccc(C(=O)c2ccccc2)cc1,CN(C)c1ccc(C(=O)c2ccccc2)cc1,0
412.65,CN(C)c1ccc(/C=C/C=O)cc1,CN(C)c1ccc(/C=C/C=O)cc1,0
536.15,CN(C)c1ncnc2nc[nH]c12,CN(C)c1ncnc2nc[nH]c12,0
480.15,CN(C)c1ccc(/C=C/c2nc3ccccc3s2)cc1,CN(C)c1ccc(/C=C/c2nc3ccccc3s2)cc1,0
276.15,Cc1cccc(N)c1C,Cc1cccc(N)c1C,0
260.15,Cc1ccc(N)c(C)c1,Cc1ccc(N)c(C)c1,0
279.15,Cc1ccc(C)c(N)c1,Cc1ccc(C)c(N)c1,0
284.15,Cc1cccc(C)c1N,Cc1cccc(C)c1N,0
322.15,Cc1ccc(N)cc1C,Cc1ccc(N)cc1C,0
283.15,Cc1cc(C)cc(N)c1,Cc1cc(C)cc(N)c1,0
275.25,CN(C)c1ccccc1,CN(C)c1ccccc1,0
459.55,Cc1c2ccccc2c(C)c2ccccc12,Cc1c2ccccc2c(C)c2ccccc12,0
413.65,Cc1ccc(C)c2c1C(=O)c1ccccc1C2=O,Cc1ccc(C)c2c1C(=O)c1ccccc1C2=O,0
137.04999999999998,C[AsH]C,C[AsH]C,0
472.65,C[As](C)(=O)O,C[As](C)(=O)O,0
264.15,Cc1ccc(C=O)c(C)c1,Cc1ccc(C=O)c(C)c1,0
282.15,Cc1cc(C)cc(C=O)c1,Cc1cc(C)cc(C=O)c1,0
316.95,CN(C)C(=O)c1ccccc1,CN(C)C(=O)c1ccccc1,0
396.15,Cc1c2ccccc2c(C)c2c1ccc1ccccc12,Cc1c2ccccc2c(C)c2c1ccc1ccccc12,0
401.15,Cc1cc(N)c(N)cc1C,Cc1cc(N)c(N)cc1C,0
253.15,CN(C)c1cccc(N)c1,CN(C)c1cccc(N)c1,0
326.15,CN(C)c1ccc(N)cc1,CN(C)c1ccc(N)cc1,0
436.15,Cc1cc(O)c(C)c(O)c1,Cc1cc(O)c(C)c(O)c1,0
425.45,Cc1cc(O)cc(C)c1O,Cc1cc(O)cc(C)c1O,0
310.15,CC(C)(O)c1ccccc1,CC(C)(O)c1ccccc1,0
297.65,CC(C)(O)CCc1ccccc1,CC(C)(O)CCc1ccccc1,0
351.65,CNS(=O)(=O)c1ccc(C)cc1,CNS(=O)(=O)c1ccc(C)cc1,0
478.65,Cc1cc2nc[nH]c2cc1C,Cc1cc2nc[nH]c2cc1C,0
363.15,Cc1ccc(C(=O)O)c(C)c1,Cc1ccc(C(=O)O)c(C)c1,0
405.15,Cc1ccc(C)c(C(=O)O)c1,Cc1ccc(C)c(C(=O)O)c1,0
389.15,Cc1cccc(C)c1C(=O)O,Cc1cccc(C)c1C(=O)O,0
436.15,Cc1ccc(C(=O)O)cc1C,Cc1ccc(C(=O)O)cc1C,0
444.25,Cc1cc(C)cc(C(=O)O)c1,Cc1cc(C)cc(C(=O)O)c1,0
369.65,Cc1ccc(C(=O)c2ccc(C)cc2)cc1,Cc1ccc(C(=O)c2ccc(C)cc2)cc1,0
573.15,Cc1cc2nc3[nH]c(=O)[nH]c(=O)c3nc2cc1C,Cc1cc2nc3[nH]c(=O)[nH]c(=O)c3nc2cc1C,0
272.15,CC1(C)[C@H]2CCC(=O)[C@@H]1C2,CC1(C)[C@H]2CCC(=O)[C@@H]1C2,0
293.09,Cc1ccccc1-c1ccccc1C,Cc1ccccc1-c1ccccc1C,0
281.15,Cc1cccc(-c2cccc(C)c2)c1,Cc1cccc(-c2cccc(C)c2)c1,0
394.05,Cc1ccc(-c2ccc(C)cc2)cc1,Cc1ccc(-c2ccc(C)cc2)cc1,0
444.65,Cc1ccnc(-c2cc(C)ccn2)c1,Cc1ccnc(-c2cc(C)ccn2)c1,0
197.15,C=C(C)C(=C)C,C=C(C)C(=C)C,0
233.15,CCCC(=O)N(C)C,CCCC(=O)N(C)C,0
253.15,CC(N)C(C)(C)C,CC(N)C(C)(C)C,0
174.14999999999998,CCC(C)(C)C,CCC(C)(C)C,0
145.04999999999998,CC(C)C(C)C,CC(C)C(C)C,0
316.45,CC(C)(O)C(C)(C)O,CC(C)(O)C(C)(C)O,0
258.15,CCC(C)(C)C(=O)O,CCC(C)(C)C(=O)O,0
258.15,CCC(C)(C)CO,CCC(C)(C)CO,0
213.15,CC(C)(C)CCO,CC(C)(C)CCO,0
262.65,CC(C)C(C)(C)O,CC(C)C(C)(C)O,0
278.75,CC(O)C(C)(C)C,CC(O)C(C)(C)C,0
221.75,CC(=O)C(C)(C)C,CC(=O)C(C)(C)C,0
115.87999999999997,C=C(C)C(C)C,C=C(C)C(C)C,0
157.95,C=CC(C)(C)C,C=CC(C)(C)C,0
198.85,CC(C)=C(C)C,CC(C)=C(C)C,0
319.15,CC(C)CC(C)Nc1ccc(Nc2ccccc2)cc1,CC(C)CC(C)Nc1ccc(Nc2ccccc2)cc1,0
194.95,C#CC(C)(C)C,C#CC(C)(C)C,0
240.15,CN(C)C(=O)Cl,CN(C)C(=O)Cl,0
315.15,CN(C)C(=S)Cl,CN(C)C(=S)Cl,0
311.15,COC(=O)[C@@H]1[C@H](C(=O)OC)[C@@H]2C=C[C@H]1C2,COC(=O)[C@@H]1[C@H](C(=O)OC)[C@@H]2C=C[C@H]1C2,0
272.15,COC(=O)OC,COC(=O)OC,0
328.15,CC1=C(C)C(=O)C=CC1=O,CC1=C(C)C(=O)C=CC1=O,0
399.15,CC1=CC(=O)C(C)=CC1=O,CC1=CC(=O)C(C)=CC1=O,0
345.65,CC1=CC(=O)C=C(C)C1=O,CC1=CC(=O)C=C(C)C1=O,0
239.84,CC1(C)CCCCC1,CC1(C)CCCCC1,0
223.32,C[C@@H]1CCCC[C@@H]1C,C[C@@H]1CCCC[C@@H]1C,0
185.03,C[C@@H]1CCCC[C@H]1C,C[C@@H]1CCCC[C@H]1C,0
197.64,C[C@@H]1CCC[C@H](C)C1,C[C@@H]1CCC[C@H](C)C1,0
183.1,C[C@@H]1CCC[C@@H](C)C1,C[C@@H]1CCC[C@@H](C)C1,0
185.75,CC1CCC(C)CC1,CC1CCC(C)CC1,0
344.15,COC(=O)C1CCC(C(=O)OC)CC1,COC(=O)C1CCC(C(=O)OC)CC1,0
325.65,CC1(C)CC(=O)CC(=O)C1,CC1(C)CC(=O)CC(=O)C1,0
284.15,CC1(C)CCCC(O)C1,CC1(C)CCCC(O)C1,0
252.65,CC1(C)CCCCC1=O,CC1(C)CCCCC1=O,0
312.15,CC1(C)CCC(=O)CC1,CC1(C)CCC(=O)CC1,0
189.05,CC1=C(C)CCCC1,CC1=C(C)CCCC1,0
203.72,CC1(C)CCCC1,CC1(C)CCCC1,0
219.48,C[C@@H]1CCC[C@@H]1C,C[C@@H]1CCC[C@@H]1C,0
155.14999999999998,C[C@@H]1CCC[C@H]1C,C[C@@H]1CCC[C@H]1C,0
139.48,C[C@@H]1CC[C@H](C)C1,C[C@@H]1CC[C@H](C)C1,0
139.24999999999997,C[C@@H]1CC[C@@H](C)C1,C[C@@H]1CC[C@@H](C)C1,0
182.75,CC1=C(C)CCC1,CC1=C(C)CCC1,0
154.64999999999998,CC1=CCCC1C,CC1=CCCC1C,0
164.14999999999998,CC1(C)CC1,CC1(C)CC1,0
132.23,C[C@@H]1C[C@@H]1C,C[C@@H]1C[C@@H]1C,0
123.45,C[C@@H]1C[C@H]1C,C[C@@H]1C[C@H]1C,0
260.65,CC(=O)O[Si](C)(C)OC(C)=O,CC(=O)O[Si](C)(C)OC(C)=O,0
195.15,CN=NC,CN=NC,0
367.15,CC1(C)OC(=O)CC(=O)O1,CC1(C)OC(=O)CC(=O)O1,0
369.95,C[C@@H]1OC(=O)[C@H](C)OC1=O,C[C@@H]1OC(=O)[C@H](C)OC1=O,0
250.15,C[Si](C)(Oc1ccccc1)Oc1ccccc1,C[Si](C)(Oc1ccccc1)Oc1ccccc1,0
392.15,CC(C)(c1ccccc1)C(C)(C)c1ccccc1,CC(C)(c1ccccc1)C(C)(C)c1ccccc1,0
553.15,Cc1cc(-c2ccccc2)c2ccc3c(-c4ccccc4)cc(C)nc3c2n1,Cc1cc(-c2ccccc2)c2ccc3c(-c4ccccc4)cc(C)nc3c2n1,0
394.75,CN(C(=O)N(C)c1ccccc1)c1ccccc1,CN(C(=O)N(C)c1ccccc1)c1ccccc1,0
188.48,CSSC,CSSC,0
403.65,CCCCCCCCCCCC[N+](C)(C)[O-],CCCCCCCCCCCC[N+](C)(C)[O-],0
208.15,CN(C)CCO,CN(C)CCO,0
131.65999999999997,COC,COC,0
254.85,CC(C)(C)Oc1ccccc1,CC(C)(C)Oc1ccccc1,0
203.15,CC(C)(C)OCC1CO1,CC(C)(C)OCC1CO1,0
212.85,CN(C)C=O,CN(C)C=O,0
374.85,COC(=O)/C=C/C(=O)OC,COC(=O)/C=C/C(=O)OC,0
210.35,Cc1ccc(C)o1,Cc1ccc(C)o1,0
369.15,CC1=C(C)C(=O)OC1=O,CC1=C(C)C(=O)OC1=O,0
327.65,C[Ge](C)=S,C[Ge](C)=S,0
230.65,COC(=O)CCCC(=O)OC,COC(=O)CCCC(=O)OC,0
458.65,CN(C)CC(=O)O,CN(C)CC(=O)O,0
518.65,CC(=NO)C(C)=NO,CC(=NO)C(C)=NO,0
203.15,C=C(C)CCC=C(C)C,C=C(C)CCC=C(C)C,0
160.09999999999997,CCCCCC(C)(C)C,CCCCCC(C)(C)C,0
157.14999999999998,CCCCC(C)C(C)C,CCCCC(C)C(C)C,0
170.04999999999998,CC(C)CCCC(C)C,CC(C)CCCC(C)C,0
252.15,COC(=O)CCCCCC(=O)OC,COC(=O)CCCCCC(=O)OC,0
227.15,CC(C)CC(=O)CC(C)C,CC(C)CC(=O)CC(C)C,0
197.55,C=C(C)CCC(=C)C,C=C(C)CCC(=C)C,0
286.95,CC(C)=CC=C(C)C,CC(C)=CC=C(C)C,0
151.95999999999998,CCCCC(C)(C)C,CCCCC(C)(C)C,0
182.01,CC(C)CCC(C)C,CC(C)CCC(C)C,0
146.95,CCCC(C)(C)CC,CCCC(C)(C)CC,0
364.15,CC(C)(O)CCC(C)(C)O,CC(C)(O)CCC(C)(C)O,0
158.14999999999998,CCCC(C)=C(C)C,CCCC(C)=C(C)C,0
135.78999999999996,CC/C=C\C(C)(C)C,CC/C=C\C(C)(C)C,0
368.15,CC(C)(O)C#CC(C)(C)O,CC(C)(O)C#CC(C)(C)O,0
216.0,CN(C)N,CN(C)N,0
264.29,CNNC,CNNC,0
365.15,Cc1cnc(C)[nH]1,Cc1cnc(C)[nH]1,0
449.25,CC1(C)NC(=O)NC1=O,CC1(C)NC(=O)NC1=O,0
415.15,Cc1cn(C)c2ccccc12,Cc1cn(C)c2ccccc12,0
380.65,Cc1[nH]c2ccccc2c1C,Cc1[nH]c2ccccc2c1C,0
319.15,CN(C)CCc1c[nH]c2ccccc12,CN(C)CCc1c[nH]c2ccccc12,0
411.65,CN(C)Cc1c[nH]c2ccccc12,CN(C)Cc1c[nH]c2ccccc12,0
341.15,COC(=O)c1cccc(C(=O)OC)c1,COC(=O)c1cccc(C(=O)OC)c1,0
304.65,Cc1ccc(C(C)C)cc2c(C)ccc1-2,Cc1ccc(C(C)C)cc2c(C)ccc1-2,0
191.45,CC(C)C(C(C)C)C(C)C,CC(C)C(C(C)C)C(C)C,0
254.15,COC(=O)/C=C\C(=O)OC,COC(=O)/C=C\C(=O)OC,0
211.15,COC(=O)CC(=O)OC,COC(=O)CC(=O)OC,0
464.15,CC(C)(C(=O)O)C(=O)O,CC(C)(C(=O)O)C(=O)O,0
311.15,C=C(CC(=O)OC)C(=O)OC,C=C(CC(=O)OC)C(=O)OC,0
293.15,CC(C)=C[C@@H]1[C@@H](C(=O)O)C1(C)C,CC(C)=C[C@@H]1[C@@H](C(=O)O)C1(C)C,0
185.15,CC1CNCC(C)O1,CC1CNCC(C)O1,0
270.15,Cc1ccc2ccccc2c1C,Cc1ccc2ccccc2c1C,0
267.15,Cc1cc(C)c2ccccc2c1,Cc1cc(C)c2ccccc2c1,0
280.75,Cc1ccc(C)c2ccccc12,Cc1ccc(C)c2ccccc12,0
354.65,Cc1cccc2c(C)cccc12,Cc1cccc2c(C)cccc12,0
256.95,Cc1ccc2c(C)cccc2c1,Cc1ccc2c(C)cccc2c1,0
259.25,Cc1ccc2cccc(C)c2c1,Cc1ccc2cccc(C)c2c1,0
336.30999999999995,Cc1cccc2cccc(C)c12,Cc1cccc2cccc(C)c12,0
377.45,Cc1cc2ccccc2cc1C,Cc1cc2ccccc2cc1C,0
383.25,Cc1ccc2cc(C)ccc2c1,Cc1ccc2cc(C)ccc2c1,0
369.15,Cc1ccc2ccc(C)cc2c1,Cc1ccc2ccc(C)cc2c1,0
314.65,CN(C)c1ccc2ccccc2c1,CN(C)c1ccc2ccccc2c1,0
253.15,CN(C)c1ccccc1[N+](=O)[O-],CN(C)c1ccccc1[N+](=O)[O-],0
333.15,CN(C)c1cccc([N+](=O)[O-])c1,CN(C)c1cccc([N+](=O)[O-])c1,0
437.15,CN(C)c1ccc([N+](=O)[O-])cc1,CN(C)c1ccc([N+](=O)[O-])cc1,0
287.15,Cc1cccc([N+](=O)[O-])c1C,Cc1cccc([N+](=O)[O-])c1C,0
301.15,Cc1ccc([N+](=O)[O-])cc1C,Cc1ccc([N+](=O)[O-])cc1C,0
288.35,Cc1cccc(C)c1[N+](=O)[O-],Cc1cccc(C)c1[N+](=O)[O-],0
348.15,Cc1cc(C)cc([N+](=O)[O-])c1,Cc1cc(C)cc([N+](=O)[O-])c1,0
248.15,Cc1ccc(C)c([N+](=O)[O-])c1,Cc1ccc(C)c([N+](=O)[O-])c1,0
282.75,Cc1ccc([N+](=O)[O-])c(C)c1,Cc1ccc([N+](=O)[O-])c(C)c1,0
411.65,Cc1ncc([N+](=O)[O-])n1C,Cc1ncc([N+](=O)[O-])n1C,0
531.45,CN(C)c1ccc(/C=C/c2ccc([N+](=O)[O-])cc2)cc1,CN(C)c1ccc(/C=C/c2ccc([N+](=O)[O-])cc2)cc1,0
333.15,Cc1ccc(S(=O)(=O)N(C)N=O)cc1,Cc1ccc(S(=O)(=O)N(C)N=O)cc1,0
272.35,COC(=O)CCCCCCCC(=O)OC,COC(=O)CCCCCCCC(=O)OC,0
258.15,CC(C)=CCC/C(C)=C\CO,CC(C)=CCC/C(C)=C\CO,0
219.15,CC(C)CCCCC(C)C,CC(C)CCCCC(C)C,0
279.15,COC(=O)CCCCCCC(=O)OC,COC(=O)CCCCCCC(=O)OC,0
205.65,CCC(C)CCC(C)(O)CC,CCC(C)CCC(C)(O)CC,0
237.75,C/C=C(C)/C=C/C=C(C)C,C/C=C(C)/C=C/C=C(C)C,0
324.15,COC(=O)C(=O)OC,COC(=O)C(=O)OC,0
349.65,CC1(C)OC(=O)NC1=O,CC1(C)OC(=O)NC1=O,0
189.75,C[C@@H]1O[C@@H]1C,C[C@@H]1O[C@@H]1C,0
188.15,C[C@@H]1O[C@H]1C,C[C@@H]1O[C@H]1C,0
363.65,CC(C)(C)C(=O)C(=O)O,CC(C)(C)C(=O)C(=O)O,0
157.14999999999998,C=C(C)C=C(C)C,C=C(C)C=C(C)C,0
222.15,CCCCC(=O)N(C)C,CCCCC(=O)N(C)C,0
149.44,CCCC(C)(C)C,CCCC(C)(C)C,0
153.98999999999998,CC(C)CC(C)C,CC(C)CC(C)C,0
138.74999999999997,CCC(C)(C)CC,CCC(C)(C)CC,0
398.95,CC1(C)CC(=O)OC(=O)C1,CC1(C)CC(=O)OC(=O)C1,0
376.65,CC(C)(CC(=O)O)CC(=O)O,CC(C)(CC(=O)O)CC(=O)O,0
253.15,CC(C)CC(C)(C)O,CC(C)CC(C)(C)O,0
282.45,CCC(O)C(C)(C)C,CCC(O)C(C)(C)C,0
243.15,CCC(C)(O)C(C)C,CCC(C)(O)C(C)C,0
203.15,CC(C)C(O)C(C)C,CC(C)C(O)C(C)C,0
209.15,CC(=O)CC(C)(C)C,CC(=O)CC(C)(C)C,0
228.15,CCC(=O)C(C)(C)C,CCC(=O)C(C)(C)C,0
204.75,CC(C)C(=O)C(C)C,CC(C)C(=O)C(C)C,0
136.14999999999998,C=C(C)C(C)CC,C=C(C)C(C)CC,0
149.04999999999998,C=C(C)CC(C)C,C=C(C)CC(C)C,0
138.74999999999997,C=CC(C)(C)CC,C=CC(C)(C)CC,0
136.54999999999998,C=CCC(C)(C)C,C=CCC(C)(C)C,0
154.84999999999997,CCC(C)=C(C)C,CCC(C)=C(C)C,0
145.54999999999998,CC(C)=CC(C)C,CC(C)=CC(C)C,0
148.95,C/C=C(/C)C(C)C,C/C=C(/C)C(C)C,0
159.74999999999997,C/C=C(\C)C(C)C,C/C=C(\C)C(C)C,0
137.64999999999998,C/C=C\C(C)(C)C,C/C=C\C(C)(C)C,0
157.95,C/C=C/C(C)(C)C,C/C=C/C(C)(C)C,0
197.45,C#CCC(C)(C)C,C#CCC(C)(C)C,0
191.15,CC#CC(C)(C)C,CC#CC(C)(C)C,0
173.14999999999998,COOC,COOC,0
436.15,Cc1ccc2ccc3ccc(C)nc3c2n1,Cc1ccc2ccc3ccc(C)nc3c2n1,0
345.15,Cc1ccc(OP(=O)(Oc2ccc(C)c(C)c2)Oc2ccc(C)c(C)c2)cc1C,Cc1ccc(OP(=O)(Oc2ccc(C)c(C)c2)Oc2ccc(C)c(C)c2)cc1C,0
335.15,Cc1ccc(C)c(OCCCC(C)(C)C(=O)O)c1,Cc1ccc(C)c(OCCCC(C)(C)C(=O)O)c1,0
402.45,CC(=O)Nc1ccc(C)cc1C,CC(=O)Nc1ccc(C)cc1C,0
439.15,Cc1ccc(N=Nc2c(O)ccc3ccccc23)c(C)c1,Cc1ccc(N=Nc2c(O)ccc3ccccc23)c(C)c1,0
426.15,Cc1ccc(C)c(N=Nc2c(O)ccc3ccccc23)c1,Cc1ccc(C)c(N=Nc2c(O)ccc3ccccc23)c1,0
255.05,CC(=O)c1cc(C)ccc1C,CC(=O)c1cc(C)ccc1C,0
268.15,CC(=O)c1ccc(C)c(C)c1,CC(=O)c1ccc(C)c(C)c1,0
316.15,CC(C)(C)C(=O)/C=C\c1ccccc1,CC(C)(C)C(=O)/C=C\c1ccccc1,0
449.15,CC1(C)CN(c2ccccc2)NC1=O,CC1(C)CN(c2ccccc2)NC1=O,0
325.65,CN1C(=O)CC(C)(c2ccccc2)C1=O,CN1C(=O)CC(C)(c2ccccc2)C1=O,0
406.05,CN(C)C(=O)Nc1ccccc1,CN(C)C(=O)Nc1ccccc1,0
365.15,CP(C)(=O)O,CP(C)(=O)O,0
274.17999999999995,COC(=O)c1ccccc1C(=O)OC,COC(=O)c1ccccc1C(=O)OC,0
272.15,CN1CCN(C)CC1,CN1CCN(C)CC1,0
387.15,C[C@@H]1CN[C@H](C)CN1,C[C@@H]1CN[C@H](C)CN1,0
274.15,CC(C)(C)C=O,CC(C)(C)C=O,0
228.15,CCC(=O)N(C)C,CCC(=O)N(C)C,0
402.45,CC(C)(CO)CO,CC(C)(CO)CO,0
292.12,CC(C)(C)C#N,CC(C)(C)C#N,0
309.15,CC(C)(C)C(=O)O,CC(C)(C)C(=O)O,0
328.15,CC(C)(C)CO,CC(C)(C)CO,0
369.15,CCC(C)(C)C1CCC(=O)CC1,CCC(C)(C)C1CCC(=O)CC1,0
365.85,CCC(C)(C)c1ccc(O)cc1,CCC(C)(C)c1ccc(O)cc1,0
324.65,Cc1cc(C)oc(=O)c1,Cc1cc(C)oc(=O)c1,0
405.25,Cc1cc(=O)cc(C)o1,Cc1cc(=O)cc(C)o1,0
288.15,Cc1cnc(C)cn1,Cc1cnc(C)cn1,0
320.65,Cc1cncc(C)n1,Cc1cncc(C)n1,0
380.65,Cc1cc(C)[nH]n1,Cc1cc(C)[nH]n1,0
503.15,Cc1cc2ccc3cc(C)cc4ccc(c1)c2c34,Cc1cc2ccc3cc(C)cc4ccc(c1)c2c34,0
334.15,Cc1cc(C)nc(N)c1,Cc1cc(C)nc(N)c1,0
455.15,CN(C)c1ccccn1,CN(C)c1ccccn1,0
387.05,CN(C)c1ccncc1,CN(C)c1ccncc1,0
209.35,Cc1ccnc(C)c1,Cc1ccnc(C)c1,0
259.07,Cc1ccc(C)nc1,Cc1ccc(C)nc1,0
267.03,Cc1cccc(C)n1,Cc1cccc(C)n1,0
262.7,Cc1ccncc1C,Cc1ccncc1C,0
266.81,Cc1cncc(C)c1,Cc1cncc(C)c1,0
296.45,Cc1cccc(C)[n+]1[O-],Cc1cccc(C)[n+]1[O-],0
426.65,Cc1cc(C)nc(N)n1,Cc1cc(C)nc(N)n1,0
456.15,Cc1cc(N)nc(C)n1,Cc1cc(N)nc(C)n1,0
298.15,Cc1cc(C)ncn1,Cc1cc(C)ncn1,0
392.45,Cn1ccc(=O)n(C)c1=O,Cn1ccc(=O)n(C)c1=O,0
280.83,Cc1ccc(C)[nH]1,Cc1ccc(C)[nH]1,0
330.84,Cc1ccc2nc(C)ccc2c1,Cc1ccc2nc(C)ccc2c1,0
334.15,Cc1ccc2ccc(C)nc2c1,Cc1ccc2ccc(C)nc2c1,0
379.45,Cc1nc2ccccc2nc1C,Cc1nc2ccccc2nc1C,0
299.75,COC(=O)CCCCCCCCC(=O)OC,COC(=O)CCCCCCCCC(=O)OC,0
123.14999999999998,C[Si]C,C[Si]C,0
296.04999999999995,CCCCCCCCCCCCCCCCCCN(C)C,CCCCCCCCCCCCCCCCCCN(C)C,0
291.75,COC(=O)CCC(=O)OC,COC(=O)CCC(=O)OC,0
241.35,COS(=O)(=O)OC,COS(=O)(=O)OC,0
174.89,CSC,CSC,0
271.65,CC1CC(C)S(=O)(=O)C1,CC1CC(C)S(=O)(=O)C1,0
381.98,CS(C)(=O)=O,CS(C)(=O)=O,0
291.67,CS(C)=O,CS(C)=O,0
334.15,COC(=O)[C@H](O)[C@@H](O)C(=O)OC,COC(=O)[C@H](O)[C@@H](O)C(=O)OC,0
431.35,COC(=O)c1c(Cl)c(Cl)c(C(=O)OC)c(Cl)c1Cl,COC(=O)c1c(Cl)c(Cl)c(C(=O)OC)c(Cl)c1Cl,0
501.95,CC1=C(CCO)SC2=Nc3nc(C)ncc3CN21,CC1=C(CCO)SC2=Nc3nc(C)ncc3CN21,0
338.15,Cc1nnc(C)s1,Cc1nnc(C)s1,0
396.15,Cc1ccc2c(c1)Sc1ccc(C)cc1S2,Cc1ccc2c(c1)Sc1ccc(C)cc1S2,0
356.65,Cc1ncsc1C,Cc1ncsc1C,0
347.65,CC(=S)N(C)C,CC(=S)N(C)C,0
224.15,Cc1ccsc1C,Cc1ccsc1C,0
210.63,Cc1ccc(C)s1,Cc1ccc(C)s1,0
434.65,CN(C)C(N)=S,CN(C)C(N)=S,0
336.95,CNC(=S)NC,CNC(=S)NC,0
434.15,CN(C)C(=O)Nc1cccc(C(F)(F)F)c1,CN(C)C(=O)Nc1cccc(C(F)(F)F)c1,0
454.35,CN(C)C(N)=O,CN(C)C(N)=O,0
379.15,CNC(=O)NC,CNC(=O)NC,0
342.15,Cc1cc(OC(=O)N(C)C)nn1C(=O)N(C)C,Cc1cc(OC(=O)N(C)C)nn1C(=O)N(C)C,0
314.65,CCCCN(CCN(CCCC)C(=O)N1CCOCC1)C(=O)N1CCOCC1,CCCCN(CCN(CCCC)C(=O)N1CCOCC1)C(=O)N1CCOCC1,0
508.15,c1ccc2cc(Nc3ccc(Nc4ccc5ccccc5c4)cc3)ccc2c1,c1ccc2cc(Nc3ccc(Nc4ccc5ccccc5c4)cc3)ccc2c1,0
412.65,c1ccc2cc(SSc3ccc4ccccc4c3)ccc2c1,c1ccc2cc(SSc3ccc4ccccc4c3)ccc2c1,0
569.15,O=C(Nc1cccc2ccccc12)Nc1cccc2ccccc12,O=C(Nc1cccc2ccccc12)Nc1cccc2ccccc12,0
422.15,CC(C)(C)C(O)/C(=C\c1ccc(Cl)cc1Cl)n1cncn1,CC(C)(C)C(O)/C(=C\c1ccc(Cl)cc1Cl)n1cncn1,0
372.45,CCN(CC)c1c([N+](=O)[O-])cc(C(F)(F)F)c(N)c1[N+](=O)[O-],CCN(CC)c1c([N+](=O)[O-])cc(C(F)(F)F)c(N)c1[N+](=O)[O-],0
401.15,Nc1cccc([N+](=O)[O-])c1[N+](=O)[O-],Nc1cccc([N+](=O)[O-])c1[N+](=O)[O-],0
453.25,Nc1ccc([N+](=O)[O-])cc1[N+](=O)[O-],Nc1ccc([N+](=O)[O-])cc1[N+](=O)[O-],0
411.15,Nc1cc([N+](=O)[O-])ccc1[N+](=O)[O-],Nc1cc([N+](=O)[O-])ccc1[N+](=O)[O-],0
411.15,Nc1c([N+](=O)[O-])cccc1[N+](=O)[O-],Nc1c([N+](=O)[O-])cccc1[N+](=O)[O-],0
435.15,Nc1cc([N+](=O)[O-])cc([N+](=O)[O-])c1,Nc1cc([N+](=O)[O-])cc([N+](=O)[O-])c1,0
658.15,O=C1c2cccc([N+](=O)[O-])c2C(=O)c2cccc([N+](=O)[O-])c21,O=C1c2cccc([N+](=O)[O-])c2C(=O)c2cccc([N+](=O)[O-])c21,0
585.15,O=C1c2cccc([N+](=O)[O-])c2C(=O)c2c1cccc2[N+](=O)[O-],O=C1c2cccc([N+](=O)[O-])c2C(=O)c2c1cccc2[N+](=O)[O-],0
344.95,O=Cc1ccc([N+](=O)[O-])cc1[N+](=O)[O-],O=Cc1ccc([N+](=O)[O-])cc1[N+](=O)[O-],0
457.15,NC(=O)c1cc([N+](=O)[O-])cc([N+](=O)[O-])c1,NC(=O)c1cc([N+](=O)[O-])cc([N+](=O)[O-])c1,0
388.95,O=[N+]([O-])c1ccccc1[N+](=O)[O-],O=[N+]([O-])c1ccccc1[N+](=O)[O-],0
362.35,O=[N+]([O-])c1cccc([N+](=O)[O-])c1,O=[N+]([O-])c1cccc([N+](=O)[O-])c1,0
444.25,O=[N+]([O-])c1ccc([N+](=O)[O-])cc1,O=[N+]([O-])c1ccc([N+](=O)[O-])cc1,0
420.45,O=[N+]([O-])c1ccc(O)c([N+](=O)[O-])c1O,O=[N+]([O-])c1ccc(O)c([N+](=O)[O-])c1O,0
372.15,O=[N+]([O-])c1ccc(SCl)c([N+](=O)[O-])c1,O=[N+]([O-])c1ccc(SCl)c([N+](=O)[O-])c1,0
381.15,O=[N+]([O-])c1ccc(S(=O)(=O)O)c([N+](=O)[O-])c1,O=[N+]([O-])c1ccc(S(=O)(=O)O)c([N+](=O)[O-])c1,0
455.85,O=C(O)c1ccc([N+](=O)[O-])cc1[N+](=O)[O-],O=C(O)c1ccc([N+](=O)[O-])cc1[N+](=O)[O-],0
438.15,O=C(O)c1ccc([N+](=O)[O-])c([N+](=O)[O-])c1,O=C(O)c1ccc([N+](=O)[O-])c([N+](=O)[O-])c1,0
478.15,O=C(O)c1cc([N+](=O)[O-])cc([N+](=O)[O-])c1,O=C(O)c1cc([N+](=O)[O-])cc([N+](=O)[O-])c1,0
347.15,O=C(Cl)c1cc([N+](=O)[O-])cc([N+](=O)[O-])c1,O=C(Cl)c1cc([N+](=O)[O-])cc([N+](=O)[O-])c1,0
400.15,O=[N+]([O-])c1ccccc1-c1ccccc1[N+](=O)[O-],O=[N+]([O-])c1ccccc1-c1ccccc1[N+](=O)[O-],0
508.15,O=[N+]([O-])c1ccc(-c2ccc([N+](=O)[O-])cc2)cc1,O=[N+]([O-])c1ccc(-c2ccc([N+](=O)[O-])cc2)cc1,0
306.65,O=[N+]([O-])CCCC[N+](=O)[O-],O=[N+]([O-])CCCC[N+](=O)[O-],0
483.15,O=[N+]([O-])c1ccc(Nc2ccc([N+](=O)[O-])cc2)cc1,O=[N+]([O-])c1ccc(Nc2ccc([N+](=O)[O-])cc2)cc1,0
416.15,O=[N+]([O-])c1ccc(Oc2ccc([N+](=O)[O-])cc2)cc1,O=[N+]([O-])c1ccc(Oc2ccc([N+](=O)[O-])cc2)cc1,0
433.65,O=[N+]([O-])c1ccc(Sc2ccc([N+](=O)[O-])cc2)cc1,O=[N+]([O-])c1ccc(Sc2ccc([N+](=O)[O-])cc2)cc1,0
311.35,O=[N+]([O-])CC[N+](=O)[O-],O=[N+]([O-])CC[N+](=O)[O-],0
258.15,O=[N+]([O-])C[N+](=O)[O-],O=[N+]([O-])C[N+](=O)[O-],0
421.15,O=[N+]([O-])c1cc([N+](=O)[O-])c2ccccc2c1,O=[N+]([O-])c1cc([N+](=O)[O-])c2ccccc2c1,0
490.15,O=[N+]([O-])c1cccc2c([N+](=O)[O-])cccc12,O=[N+]([O-])c1cccc2c([N+](=O)[O-])cccc12,0
445.15,O=[N+]([O-])c1cccc2cccc([N+](=O)[O-])c12,O=[N+]([O-])c1cccc2cccc([N+](=O)[O-])c12,0
411.15,O=[N+]([O-])c1cc([N+](=O)[O-])c2ccccc2c1O,O=[N+]([O-])c1cc([N+](=O)[O-])c2ccccc2c1O,0
418.25,O=[N+]([O-])c1cccc(O)c1[N+](=O)[O-],O=[N+]([O-])c1cccc(O)c1[N+](=O)[O-],0
387.15,O=[N+]([O-])c1ccc(O)c([N+](=O)[O-])c1,O=[N+]([O-])c1ccc(O)c([N+](=O)[O-])c1,0
378.75,O=[N+]([O-])c1ccc([N+](=O)[O-])c(O)c1,O=[N+]([O-])c1ccc([N+](=O)[O-])c(O)c1,0
335.54999999999995,O=[N+]([O-])c1cccc([N+](=O)[O-])c1O,O=[N+]([O-])c1cccc([N+](=O)[O-])c1O,0
407.55,O=[N+]([O-])c1ccc(O)cc1[N+](=O)[O-],O=[N+]([O-])c1ccc(O)cc1[N+](=O)[O-],0
345.65,CC(=O)Oc1ccc([N+](=O)[O-])cc1[N+](=O)[O-],CC(=O)Oc1ccc([N+](=O)[O-])cc1[N+](=O)[O-],0
468.65,O=[N+]([O-])c1ccc(Nc2ccc(O)cc2)c([N+](=O)[O-])c1,O=[N+]([O-])c1ccc(Nc2ccc(O)cc2)c([N+](=O)[O-])c1,0
432.15,O=[N+]([O-])c1ccc(Nc2ccccc2)c([N+](=O)[O-])c1,O=[N+]([O-])c1ccc(Nc2ccccc2)c([N+](=O)[O-])c1,0
425.65,CN(C)C(=S)Sc1ccc([N+](=O)[O-])cc1[N+](=O)[O-],CN(C)C(=S)Sc1ccc([N+](=O)[O-])cc1[N+](=O)[O-],0
474.75,NNc1ccc([N+](=O)[O-])cc1[N+](=O)[O-],NNc1ccc([N+](=O)[O-])cc1[N+](=O)[O-],0
231.15,CCC([N+](=O)[O-])[N+](=O)[O-],CCC([N+](=O)[O-])[N+](=O)[O-],0
251.75,O=[N+]([O-])CCC[N+](=O)[O-],O=[N+]([O-])CCC[N+](=O)[O-],0
325.15,CC(C)([N+](=O)[O-])[N+](=O)[O-],CC(C)([N+](=O)[O-])[N+](=O)[O-],0
415.15,O=[N+]([O-])C(CO)(CO)[N+](=O)[O-],O=[N+]([O-])C(CO)(CO)[N+](=O)[O-],0
582.15,O=[N+]([O-])c1ccc2ccc3c([N+](=O)[O-])ccc4ccc1c2c43,O=[N+]([O-])c1ccc2ccc3c([N+](=O)[O-])ccc4ccc1c2c43,0
572.15,O=[N+]([O-])c1ccc2ccc3ccc([N+](=O)[O-])c4ccc1c2c34,O=[N+]([O-])c1ccc2ccc3ccc([N+](=O)[O-])c4ccc1c2c34,0
480.15,O=NN1CN2CN(C1)CN(N=O)C2,O=NN1CN2CN(C1)CN(N=O)C2,0
429.05,O=NN1CCN(N=O)CC1,O=NN1CCN(N=O)CC1,0
539.15,O=[N+]([O-])c1ccc(/C=C/c2ccc([N+](=O)[O-])cc2S(=O)(=O)O)c(S(=O)(=O)O)c1,O=[N+]([O-])c1ccc(/C=C/c2ccc([N+](=O)[O-])cc2S(=O)(=O)O)c(S(=O)(=O)O)c1,0
333.15,CCC(C)c1cc([N+](=O)[O-])cc([N+](=O)[O-])c1OC(=O)OC(C)C,CCC(C)c1cc([N+](=O)[O-])cc([N+](=O)[O-])c1OC(=O)OC(C)C,0
316.45,CCC(C)c1cc([N+](=O)[O-])cc([N+](=O)[O-])c1O,CCC(C)c1cc([N+](=O)[O-])cc([N+](=O)[O-])c1O,0
346.04999999999995,CCCCCCCCCCCCCCCCCCNCCCCCCCCCCCCCCCCCC,CCCCCCCCCCCCCCCCCCNCCCCCCCCCCCCCCCCCC,0
293.15,CCCCCCCCNCCCCCCCC,CCCCCCCCNCCCCCCCC,0
265.45,CCCCCCCCOCCCCCCCC,CCCCCCCCOCCCCCCCC,0
282.75,CCCCCCCCOC(=O)CCCCC(=O)OCCCCCCCC,CCCCCCCCOC(=O)CCCCC(=O)OCCCCCCCC,0
298.15,CCCCCCCCOC(=O)c1ccccc1C(=O)OCCCCCCCC,CCCCCCCCOC(=O)c1ccccc1C(=O)OCCCCCCCC,0
307.15,CC1=CC(=O)O[C@@]2(C1)C[C@H]1CC[C@@H]2CN1C,CC1=CC(=O)O[C@@]2(C1)C[C@H]1CC[C@@H]2CN1C,0
228.15,C1COCOC1,C1COCOC1,0
284.9,C1COCCO1,C1COCCO1,0
356.15,O=C1COC(=O)CO1,O=C1COC(=O)CO1,0
365.65,O=C1COCC(=O)O1,O=C1COCC(=O)O1,0
253.15,CCOP(=S)(OCC)SC1OCCOC1SP(=S)(OCC)OCC,CCOP(=S)(OCC)SC1OCCOC1SP(=S)(OCC)OCC,0
175.94,C1COCO1,C1COCO1,0
295.15,O=c1occo1,O=c1occo1,0
378.65,CC(=O)N(C)N(C(=O)C(=O)N(C)C)c1ccccc1,CC(=O)N(C)N(C(=O)C(=O)N(C)C)c1ccccc1,0
494.15,OCC(CO)(CO)COCC(CO)(CO)CO,OCC(CO)(CO)COCC(CO)(CO)CO,0
177.64999999999998,C=C(C)C1CC=C(C)CC1,C=C(C)C1CC=C(C)CC1,0
203.95,CCCCCOCCCCC,CCCCCOCCCCC,0
218.15,CCC(C)(C)OOC(C)(C)CC,CCC(C)(C)OOC(C)(C)CC,0
221.85,CCCCCSCCCCC,CCCCCSCCCCC,0
331.15,CCCCCS(=O)CCCCC,CCCCCS(=O)CCCCC,0
406.15,CN(C)C(=O)C(c1ccccc1)c1ccccc1,CN(C)C(=O)C(c1ccccc1)c1ccccc1,0
377.65,OC(CCCN1CCCCC1)(c1ccccc1)c1ccccc1,OC(CCCN1CCCCC1)(c1ccccc1)c1ccccc1,0
444.65,CC(CCC(=O)O)(c1ccc(O)cc1)c1ccc(O)cc1,CC(CCC(=O)O)(c1ccc(O)cc1)c1ccc(O)cc1,0
371.15,c1ccc(OCCOc2ccccc2)cc1,c1ccc(OCCOc2ccccc2)cc1,0
374.55,CC(=O)N(c1ccccc1)c1ccccc1,CC(=O)N(c1ccccc1)c1ccccc1,0
335.15,C(#Cc1ccccc1)c1ccccc1,C(#Cc1ccccc1)c1ccccc1,0
419.65,O=C1c2ccccc2C(=O)C1C(=O)C(c1ccccc1)c1ccccc1,O=C1c2ccccc2C(=O)C1C(=O)C(c1ccccc1)c1ccccc1,0
326.35,c1ccc(Nc2ccccc2)cc1,c1ccc(Nc2ccccc2)cc1,0
569.15,O=C(O)c1ccccc1Nc1ccccc1C(=O)O,O=C(O)c1ccccc1Nc1ccccc1C(=O)O,0
510.15,c1ccc(-c2c3ccccc3c(-c3ccccc3)c3ccccc23)cc1,c1ccc(-c2c3ccccc3c(-c3ccccc3)c3ccccc23)cc1,0
317.15,Cl[As](c1ccccc1)c1ccccc1,Cl[As](c1ccccc1)c1ccccc1,0
423.15,c1ccc(Nc2ccc(Nc3ccccc3)cc2)cc1,c1ccc(Nc2ccc(Nc3ccccc3)cc2)cc1,0
362.65,OC(Cc1ccccc1)(c1ccccc1)c1ccccc1,OC(Cc1ccccc1)(c1ccccc1)c1ccccc1,0
378.95,SC(c1ccccc1)(c1ccccc1)c1ccccc1,SC(c1ccccc1)(c1ccccc1)c1ccccc1,0
520.15,c1ccc(Nc2ccc(-c3ccc(Nc4ccccc4)cc3)cc2)cc1,c1ccc(Nc2ccc(-c3ccc(Nc4ccccc4)cc3)cc2)cc1,0
422.15,C(/C=C/c1ccccc1)=C\c1ccccc1,C(/C=C/c1ccccc1)=C\c1ccccc1,0
359.04999999999995,C(C#Cc1ccccc1)#Cc1ccccc1,C(C#Cc1ccccc1)#Cc1ccccc1,0
300.15,CCCC(c1ccccc1)c1ccccc1,CCCC(c1ccccc1)c1ccccc1,0
325.35,c1ccc(CCCCc2ccccc2)cc1,c1ccc(CCCCc2ccccc2)cc1,0
320.65,CC(/C=C/c1ccccc1)c1ccccc1,CC(/C=C/c1ccccc1)c1ccccc1,0
384.15,O=C(/C=C/C(=O)c1ccccc1)c1ccccc1,O=C(/C=C/C(=O)c1ccccc1)c1ccccc1,0
357.65,O=C(Cl)N(c1ccccc1)c1ccccc1,O=C(Cl)N(c1ccccc1)c1ccccc1,0
430.15,O=C(N=Nc1ccccc1)NNc1ccccc1,O=C(N=Nc1ccccc1)NNc1ccccc1,0
442.15,C(=Nc1ccccc1)=Nc1ccccc1,C(=Nc1ccccc1)=Nc1ccccc1,0
352.04999999999995,O=C(Oc1ccccc1)Oc1ccccc1,O=C(Oc1ccccc1)Oc1ccccc1,0
443.15,O=C(NNc1ccccc1)NNc1ccccc1,O=C(NNc1ccccc1)NNc1ccccc1,0
336.65,c1ccc([Se][Se]c2ccccc2)cc1,c1ccc([Se][Se]c2ccccc2)cc1,0
333.54999999999995,c1ccc(SSc2ccccc2)cc1,c1ccc(SSc2ccccc2)cc1,0
255.15,CC(c1ccccc1)c1ccccc1,CC(c1ccccc1)c1ccccc1,0
324.33,c1ccc(CCc2ccccc2)cc1,c1ccc(CCc2ccccc2)cc1,0
527.15,O=C(Nc1ccccc1)C(=O)Nc1ccccc1,O=C(Nc1ccccc1)C(=O)Nc1ccccc1,0
347.15,c1ccc(NCCNc2ccccc2)cc1,c1ccc(NCCNc2ccccc2)cc1,0
395.65,OC(c1ccccc1)C(O)c1ccccc1,OC(c1ccccc1)C(O)c1ccccc1,0
281.35,C=C(c1ccccc1)c1ccccc1,C=C(c1ccccc1)c1ccccc1,0
346.65,O=CN(c1ccccc1)c1ccccc1,O=CN(c1ccccc1)c1ccccc1,0
364.15,c1ccc(-c2ccc(-c3ccccc3)o2)cc1,c1ccc(-c2ccc(-c3ccccc3)o2)cc1,0
420.15,NC(=Nc1ccccc1)Nc1ccccc1,NC(=Nc1ccccc1)Nc1ccccc1,0
475.15,C(=C/C=C/c1ccccc1)\C=C\c1ccccc1,C(=C/C=C/c1ccccc1)\C=C\c1ccccc1,0
323.65,NN(c1ccccc1)c1ccccc1,NN(c1ccccc1)c1ccccc1,0
401.85,c1ccc(NNc2ccccc2)cc1,c1ccc(NNc2ccccc2)cc1,0
456.15,O=C1NCNC1(c1ccccc1)c1ccccc1,O=C1NCNC1(c1ccccc1)c1ccccc1,0
411.15,O=C(Oc1ccccc1)c1cccc(C(=O)Oc2ccccc2)c1,O=C(Oc1ccccc1)c1cccc(C(=O)Oc2ccccc2)c1,0
346.15,O=C(C=CC(=O)Oc1ccccc1)Oc1ccccc1,O=C(C=CC(=O)Oc1ccccc1)Oc1ccccc1,0
298.37,c1ccc(Cc2ccccc2)cc1,c1ccc(Cc2ccccc2)cc1,0
313.55999999999995,O=C=Nc1ccc(Cc2ccc(N=C=O)cc2)cc1,O=C=Nc1ccc(Cc2ccc(N=C=O)cc2)cc1,0
326.65,S=C(c1ccccc1)c1ccccc1,S=C(c1ccccc1)c1ccccc1,0
415.15,C(=Nc1ccccc1)Nc1ccccc1,C(=Nc1ccccc1)Nc1ccccc1,0
338.15,OC(c1ccccc1)c1ccccc1,OC(c1ccccc1)c1ccccc1,0
308.15,CP(=O)(Oc1ccccc1)Oc1ccccc1,CP(=O)(Oc1ccccc1)Oc1ccccc1,0
379.65,OCCN1CCCCC1C(c1ccccc1)c1ccccc1,OCCN1CCCCC1C(c1ccccc1)c1ccccc1,0
344.15,c1ccc(-c2cnc(-c3ccccc3)o2)cc1,c1ccc(-c2cnc(-c3ccccc3)o2)cc1,0
386.15,O=C(/C=C/c1ccccc1)/C=C/c1ccccc1,O=C(/C=C/c1ccccc1)/C=C/c1ccccc1,0
493.15,c1ccc(-c2ccnc3c2ccc2c(-c4ccccc4)ccnc23)cc1,c1ccc(-c2ccnc3c2ccc2c(-c4ccccc4)ccnc23)cc1,0
285.15,O=[PH](Oc1ccccc1)Oc1ccccc1,O=[PH](Oc1ccccc1)Oc1ccccc1,0
346.15,O=C(Oc1ccccc1)c1ccccc1C(=O)Oc1ccccc1,O=C(Oc1ccccc1)c1ccccc1C(=O)Oc1ccccc1,0
370.65,OC(c1ccccc1)(c1ccccc1)C1CCCCN1,OC(c1ccccc1)(c1ccccc1)C1CCCCN1,0
279.15,c1ccc(CCCc2ccccc2)cc1,c1ccc(CCCc2ccccc2)cc1,0
302.25,CC(C)(c1ccccc1)c1ccccc1,CC(C)(c1ccccc1)c1ccccc1,0
350.15,O=C(CC(=O)c1ccccc1)c1ccccc1,O=C(CC(=O)c1ccccc1)c1ccccc1,0
345.65,O=C(CCc1ccccc1)c1ccccc1,O=C(CCc1ccccc1)c1ccccc1,0
319.15,CC(=O)C(c1ccccc1)c1ccccc1,CC(=O)C(c1ccccc1)c1ccccc1,0
307.15,O=C(Cc1ccccc1)Cc1ccccc1,O=C(Cc1ccccc1)Cc1ccccc1,0
317.95,O=CC=C(c1ccccc1)c1ccccc1,O=CC=C(c1ccccc1)c1ccccc1,0
322.15,CC=C(c1ccccc1)c1ccccc1,CC=C(c1ccccc1)c1ccccc1,0
329.15,O=C(/C=C/c1ccccc1)c1ccccc1,O=C(/C=C/c1ccccc1)c1ccccc1,0
314.65,c1ccc(C(CCN2CCCCC2)c2ccccc2)cc1,c1ccc(C(CCN2CCCCC2)c2ccccc2)cc1,0
473.15,c1ccc(-c2cc(-c3ccccc3)[nH]n2)cc1,c1ccc(-c2cc(-c3ccccc3)[nH]n2)cc1,0
506.65,O=C1NN(c2ccccc2)C(=O)C1c1ccccc1,O=C1NN(c2ccccc2)C(=O)C1c1ccccc1,0
274.45,c1ccc([Se]c2ccccc2)cc1,c1ccc([Se]c2ccccc2)cc1,0
394.15,O=C(CCC(=O)Oc1ccccc1)Oc1ccccc1,O=C(CCC(=O)Oc1ccccc1)Oc1ccccc1,0
257.79999999999995,c1ccc(Sc2ccccc2)cc1,c1ccc(Sc2ccccc2)cc1,0
400.15,O=S(=O)(c1ccccc1)c1ccccc1,O=S(=O)(c1ccccc1)c1ccccc1,0
343.35,O=S(c1ccccc1)c1ccccc1,O=S(c1ccccc1)c1ccccc1,0
426.15,S=C(Nc1ccccc1)Nc1ccccc1,S=C(Nc1ccccc1)Nc1ccccc1,0
371.15,c1ccc(N=NNc2ccccc2)cc1,c1ccc(N=NNc2ccccc2)cc1,0
462.15,NC(=O)N(c1ccccc1)c1ccccc1,NC(=O)N(c1ccccc1)c1ccccc1,0
509.15,O=C(Nc1ccccc1)Nc1ccccc1,O=C(Nc1ccccc1)Nc1ccccc1,0
216.15,O=C(Cl)OC(Cl)(Cl)Cl,O=C(Cl)OC(Cl)(Cl)Cl,0
272.65,C1CCN(CCN2CCCCC2)CC1,C1CCN(CCN2CCCCC2)CC1,0
340.25,C(CC1CCNCC1)CC1CCNCC1,C(CC1CCNCC1)CC1CCNCC1,0
505.15,COc1c(Cl)c(C)c2c(c1Cl)OC(=O)c1c(C)c(Cl)c(O)c(Cl)c1O2,COc1c(Cl)c(C)c2c(c1Cl)OC(=O)c1c(C)c(Cl)c(O)c(Cl)c1O2,0
378.15,CCSc1nc(NC(C)C)nc(NC(C)C)n1,CCSc1nc(NC(C)C)nc(NC(C)C)n1,0
175.84999999999997,CCCOCOCCC,CCCOCOCCC,0
257.45,CCCOC(=O)CCCCC(=O)OCCC,CCCOC(=O)CCCCC(=O)OCCC,0
210.15,CCCNCCC,CCCNCCC,0
468.15,CCCN(CCC)S(=O)(=O)c1ccc(C(=O)O)cc1,CCCN(CCC)S(=O)(=O)c1ccc(C(=O)O)cc1,0
187.75,CCCSSCCC,CCCSSCCC,0
193.15,COCC(C)OCC(C)O,COCC(C)OCC(C)O,0
158.34999999999997,CCCOCCC,CCCOCCC,0
228.85,CCCOC(=O)C(=O)OCCC,CCCOC(=O)C(=O)OCCC,0
315.65,CCCC1(CCC)OC(=O)NC1=O,CCCC1(CCC)OC(=O)NC1=O,0
267.25,CCCOC(=O)CCC(=O)OCCC,CCCOC(=O)CCC(=O)OCCC,0
170.46999999999997,CCCSCCC,CCCSCCC,0
301.15,CCCS(=O)(=O)CCC,CCCS(=O)(=O)CCC,0
298.15,CCCS(=O)CCC,CCCS(=O)CCC,0
436.15,OCCN(CCO)c1nc(N2CCCCC2)c2nc(N(CCO)CCO)nc(N3CCCCC3)c2n1,OCCN(CCO)c1nc(N2CCCCC2)c2nc(N(CCO)CCO)nc(N3CCCCC3)c2n1,0
478.15,[O-][n+]1ccccc1SSc1cccc[n+]1[O-],[O-][n+]1ccccc1SSc1cccc[n+]1[O-],0
346.15,c1c[nH]c(Cc2ccc[nH]2)c1,c1c[nH]c(Cc2ccc[nH]2)c1,0
604.15,Nc1ccc(N)c2c1C(=O)c1c(N)ccc(N)c1C2=O,Nc1ccc(N)c2c1C(=O)c1c(N)ccc(N)c1C2=O,0
334.15,CCCCCCCCCCCCCCCCCCOC(=O)CCSCCC(=O)OCCCCCCCCCCCCCCCCCC,CCCCCCCCCCCCCCCCCCOC(=O)CCSCCC(=O)OCCCCCCCCCCCCCCCCCC,0
344.65,CCN(CC)C(=S)SSC(=S)N(CC)CC,CCN(CC)C(=S)SSC(=S)N(CC)CC,0
248.15,CCOP(=S)(OCC)SCCSCC,CCOP(=S)(OCC)SCCSCC,0
305.65,C1CCSSC1,C1CCSSC1,0
327.15,C1CSCSC1,C1CSCSC1,0
384.55,C1CSCCS1,C1CSCCS1,0
493.15,N#Cc1sc2c(=O)c3ccccc3c(=O)c=2sc1C#N,N#Cc1sc2c(=O)c3ccccc3c(=O)c=2sc1C#N,0
562.65,O=C(O)c1ccccc1SSc1ccccc1C(=O)O,O=C(O)c1ccccc1SSc1ccccc1C(=O)O,0
429.15,O=C(O)CCSSCCC(=O)O,O=C(O)CCSSCCC(=O)O,0
477.65,CC(C)(SSC(C)(C)[C@@H](N)C(=O)O)[C@@H](N)C(=O)O,CC(C)(SSC(C)(C)[C@@H](N)C(=O)O)[C@@H](N)C(=O)O,0
487.15,NC(=S)NNC(N)=S,NC(=S)NNC(N)=S,0
397.65,C1CN(SSN2CCOCC2)CCO1,C1CN(SSN2CCOCC2)CCO1,0
350.15,C1CSSC1,C1CSSC1,0
223.15,C1CSCS1,C1CSCS1,0
308.15,S=C1SCCS1,S=C1SCCS1,0
338.15,CSC(=O)c1c(C(F)F)nc(C(F)(F)F)c(C(=O)SC)c1CC(C)C,CSC(=O)c1c(C(F)F)nc(C(F)(F)F)c(C(=O)SC)c1CC(C)C,0
440.15,S=C(N=Nc1ccccc1)NNc1ccccc1,S=C(N=Nc1ccccc1)NNc1ccccc1,0
331.65,Cc1ccc(N=C=Nc2ccc(C)cc2)cc1,Cc1ccc(N=C=Nc2ccc(C)cc2)cc1,0
354.95,Cc1ccc(CCc2ccc(C)cc2)cc1,Cc1ccc(CCc2ccc(C)cc2)cc1,0
452.15,Cc1ccccc1N=C(N)Nc1ccccc1C,Cc1ccccc1N=C(N)Nc1ccccc1C,0
308.65,CCCCCCCCCCCOC(=O)c1ccccc1C(=O)OCCCCCCCCCCC,CCCCCCCCCCCOC(=O)c1ccccc1C(=O)OCCCCCCCCCCC,0
430.15,CN(C)C(=O)Nc1ccc(Cl)c(Cl)c1,CN(C)C(=O)Nc1ccc(Cl)c(Cl)c1,0
220.95,C=Cc1cccc(C=C)c1,C=Cc1cccc(C=C)c1,0
303.15,C=Cc1ccc(C=C)cc1,C=Cc1ccc(C=C)cc1,0
172.14999999999998,C=COC=C,C=COC=C,0
293.15,C=CSC=C,C=CSC=C,0
247.15,C=CS(=O)(=O)C=C,C=CS(=O)(=O)C=C,0
173.45,C=C[Si](C)(C)O[Si](C)(C)C=C,C=C[Si](C)(C)O[Si](C)(C)C=C,0
598.15,N[C@@H](CSCSC[C@H](N)C(=O)O)C(=O)O,N[C@@H](CSCSC[C@H](N)C(=O)O)C(=O)O,0
324.95,COP(=S)(NC(C)C)Oc1ccc(Cl)cc1Cl,COP(=S)(NC(C)C)Oc1ccc(Cl)cc1Cl,0
316.95,CCCCCCCCCCCCCCCCCCCCCC,CCCCCCCCCCCCCCCCCCCCCC,0
353.75,CCCCCCCCCCCCCCCCCCCCCC(=O)O,CCCCCCCCCCCCCCCCCCCCCC(=O)O,0
344.15,CCCCCCCCCCCCCCCCCCCCCCO,CCCCCCCCCCCCCCCCCCCCCCO,0
367.15,CCCCCCCC/C=C\CCCCCCCCCCCC(N)=O,CCCCCCCC/C=C\CCCCCCCCCCCC(N)=O,0
311.15,C=CCCCCCCCCCCCCCCCCCCCC,C=CCCCCCCCCCCCCCCCCCCCC,0
306.15,CCCCCCCC/C=C\CCCCCCCCCCCC(=O)O,CCCCCCCC/C=C\CCCCCCCCCCCC(=O)O,0
335.04999999999995,CCCCCCCC/C=C/CCCCCCCCCCCC(=O)O,CCCCCCCC/C=C/CCCCCCCCCCCC(=O)O,0
268.95,C[Si]1(C)O[Si](C)(C)O[Si](C)(C)O[Si](C)(C)O[Si](C)(C)O[Si](C)(C)O1,C[Si]1(C)O[Si](C)(C)O[Si](C)(C)O[Si](C)(C)O[Si](C)(C)O[Si](C)(C)O1,0
193.15,C[Si](C)(C)O[Si](C)(C)O[Si](C)(C)O[Si](C)(C)O[Si](C)(C)C,C[Si](C)(C)O[Si](C)(C)O[Si](C)(C)O[Si](C)(C)O[Si](C)(C)C,0
317.15,CCCCCCCCCCCC=O,CCCCCCCCCCCC=O,0
374.15,CCCCCCCCCCCC(N)=O,CCCCCCCCCCCC(N)=O,0
263.6,CCCCCCCCCCCC,CCCCCCCCCCCC,0
341.15,NCCCCCCCCCCCCN,NCCCCCCCCCCCCN,0
399.75,O=C(O)CCCCCCCCCCC(=O)O,O=C(O)CCCCCCCCCCC(=O)O,0
354.45,OCCCCCCCCCCCCO,OCCCCCCCCCCCCO,0
277.15,CCCCCCCCCCCC#N,CCCCCCCCCCCC#N,0
266.45,CCCCCCCCCCCCS,CCCCCCCCCCCCS,0
316.97,CCCCCCCCCCCC(=O)O,CCCCCCCCCCCC(=O)O,0
314.95,CCCCCCCCCCCC(=O)OC(=O)CCCCCCCCCCC,CCCCCCCCCCCC(=O)OC(=O)CCCCCCCCCCC,0
297.35,CCCCCCCCCCCCO,CCCCCCCCCCCCO,0
292.15,CCCCCCCCCCC(C)O,CCCCCCCCCCC(C)O,0
294.15,CCCCCCCCCCC(C)=O,CCCCCCCCCCC(C)=O,0
256.15,CCCCCCCCCCCC(=O)Cl,CCCCCCCCCCCC(=O)Cl,0
237.96,C=CCCCCCCCCCC,C=CCCCCCCCCCC,0
438.65,O=C(O)/C=C/CCCCCCCCC(=O)O,O=C(O)/C=C/CCCCCCCCC(=O)O,0
315.15,CCCCCCCCC/C=C/CC1CC(=O)OC1=O,CCCCCCCCC/C=C/CC1CC(=O)OC1=O,0
274.35,CCCCCCCCCCCCOC(C)=O,CCCCCCCCCCCCOC(C)=O,0
277.15,C=CC(=O)OCCCCCCCCCCCC,C=CC(=O)OCCCCCCCCCCCC,0
300.95,CCCCCCCCCCCCN,CCCCCCCCCCCCN,0
314.65,CCCCCCCCCCCCc1ccc(N)cc1,CCCCCCCCCCCCc1ccc(N)cc1,0
271.15,CCCCCCCCCCCCc1ccccc1,CCCCCCCCCCCCc1ccccc1,0
285.75,CCCCCCCCCCCCC1CCCCC1,CCCCCCCCCCCCC1CCCCC1,0
274.65,CCCCCCCCCCCCOC(=O)CS,CCCCCCCCCCCCOC(=O)CS,0
316.65,CCCCCCCCCCCCOc1ccc(C(=O)c2ccccc2)c(O)c1,CCCCCCCCCCCCOc1ccc(C(=O)c2ccccc2)c(O)c1,0
339.15,CCCCCCCCCCCCc1ccc(O)cc1,CCCCCCCCCCCCc1ccc(O)cc1,0
369.65,CCCCCCCCCCCCOC(=O)c1cc(O)c(O)c(O)c1,CCCCCCCCCCCCOC(=O)c1cc(O)c(O)c(O)c1,0
254.15,C#CCCCCCCCCCC,C#CCCCCCCCCCC,0
329.15,CN(C)CCC=C1c2ccccc2CSc2ccccc21,CN(C)CCC=C1c2ccccc2CSc2ccccc21,0
342.85,CCCCCCCCCCCCCCCCCCCCCCCCCCCCCCCC,CCCCCCCCCCCCCCCCCCCCCCCCCCCCCCCC,0
503.15,COc1cccc2c1C(=O)c1c(O)c3c(c(O)c1C2=O)C[C@@](O)(C(=O)CO)C[C@@H]3O[C@H]1C[C@H](N)[C@H](O)[C@H](C)O1,COc1cccc2c1C(=O)c1c(O)c3c(c(O)c1C2=O)C[C@@](O)(C(=O)CO)C[C@@H]3O[C@H]1C[C@H](N)[C@H](O)[C@H](C)O1,0
406.15,CC1(C)CCC[C@]2(C)[C@H]3C(=O)OCC3=CC[C@@H]12,CC1(C)CCC[C@]2(C)[C@H]3C(=O)OCC3=CC[C@@H]12,0
403.15,CCC(=O)O[C@H]1CC[C@H]2[C@@H]3CC[C@H]4CC(=O)[C@H](C)C[C@]4(C)[C@H]3CC[C@]12C,CCC(=O)O[C@H]1CC[C@H]2[C@@H]3CC[C@H]4CC(=O)[C@H](C)C[C@]4(C)[C@H]3CC[C@]12C,0
419.15,O=C(CCCN1CC=C(n2c(=O)[nH]c3ccccc32)CC1)c1ccc(F)cc1,O=C(CCCN1CC=C(n2c(=O)[nH]c3ccccc32)CC1)c1ccc(F)cc1,0
445.15,CC(=O)[C@H]1CC[C@H]2[C@@H]3C=CC4=CC(=O)CC[C@@]4(C)[C@@H]3CC[C@]12C,CC(=O)[C@H]1CC[C@H]2[C@@H]3C=CC4=CC(=O)CC[C@@]4(C)[C@@H]3CC[C@]12C,0
434.65,Cn1c(=O)c2c(ncn2CC(O)CO)n(C)c1=O,Cn1c(=O)c2c(ncn2CC(O)CO)n(C)c1=O,0
501.15,CN1[C@@H]2CC=C(C(=O)O)[C@H]1CC2,CN1[C@@H]2CC=C(C(=O)O)[C@H]1CC2,0
478.15,CN1[C@H]2CC[C@@H]1[C@@H](C(=O)O)[C@@H](O)C2,CN1[C@H]2CC[C@@H]1[C@@H](C(=O)O)[C@@H](O)C2,0
493.15,CCc1c(O)c(O)c2c(c1O)C(=O)C(O)=C(O)C2=O,CCc1c(O)c(O)c2c(c1O)C(=O)C(O)=C(O)C2=O,0
479.15,C/C=C1/C[N@+]2(C)CC[C@@]34c5ccccc5N[C@]32[C@@H](O)C[C@@H]1[C@@]4(CO)C(=O)OC,C/C=C1/C[N@+]2(C)CC[C@@]34c5ccccc5N[C@]32[C@@H](O)C[C@@H]1[C@@]4(CO)C(=O)OC,0
396.85,CCOC(=O)COc1ccc2c(=O)cc(-c3ccccc3)oc2c1,CCOC(=O)COc1ccc2c(=O)cc(-c3ccccc3)oc2c1,0
309.63,CCCCCCCCCCCCCCCCCCCC,CCCCCCCCCCCCCCCCCCCC,0
398.65,O=C(O)CCCCCCCCCCCCCCCCCCC(=O)O,O=C(O)CCCCCCCCCCCCCCCCCCC(=O)O,0
348.21,CCCCCCCCCCCCCCCCCCCC(=O)O,CCCCCCCCCCCCCCCCCCCC(=O)O,0
337.04999999999995,CCCCCCCCCCCCCCCCCCCCO,CCCCCCCCCCCCCCCCCCCCO,0
235.15,CCCCC/C=C\C/C=C\C/C=C\C/C=C\CCCC(=O)O,CCCCC/C=C\C/C=C\C/C=C\C/C=C\CCCC(=O)O,0
301.65,C=CCCCCCCCCCCCCCCCCCC,C=CCCCCCCCCCCCCCCCCCC,0
297.65,CCCCCCCCCC/C=C\CCCCCCCC(=O)O,CCCCCCCCCC/C=C\CCCCCCCC(=O)O,0
327.15,CCCCCCCCCCC=CCCCCCCCC(=O)O,CCCCCCCCCCC=CCCCCCCCC(=O)O,0
297.15,CCCCCCCC/C=C/CCCCCCCCCC(=O)O,CCCCCCCC/C=C/CCCCCCCCCC(=O)O,0
317.15,CCCCCCCC/C=C/CCCCCCCC(=O)O,CCCCCCCC/C=C/CCCCCCCC(=O)O,0
325.65,C=C[C@]1(C)CC[C@@H](C(C)(C)O)C[C@H]1C(=C)C,C=C[C@]1(C)CC[C@@H](C(C)(C)O)C[C@H]1C(=C)C,0
415.65,CCCCCCCCCCCC1=C(O)C(=O)C=C(O)C1=O,CCCCCCCCCCCC1=C(O)C(=O)C=C(O)C1=O,0
347.15,CC[C@H]1CN2CCc3cc(OC)c(OC)cc3[C@@H]2C[C@@H]1C[C@H]1NCCc2cc(OC)c(OC)cc21,CC[C@H]1CN2CCc3cc(OC)c(OC)cc3[C@@H]2C[C@@H]1C[C@H]1NCCc2cc(OC)c(OC)cc21,0
330.15,CCC(C)(CC)OC(N)=O,CCC(C)(CC)OC(N)=O,0
329.65,C=CCC1(C(C)C)C(=O)NC(=O)N(C)C1=O,C=CCC1(C(C)C)C(=O)NC(=O)N(C)C1=O,0
379.15,O=S1OCC2C(CO1)C1(Cl)C(Cl)=C(Cl)C2(Cl)C1(Cl)Cl,O=S1OCC2C(CO1)C1(Cl)C(Cl)=C(Cl)C2(Cl)C1(Cl)Cl,0
454.15,O=S1(=O)OCC2C(CO1)C1(Cl)C(Cl)=C(Cl)C2(Cl)C1(Cl)Cl,O=S1(=O)OCC2C(CO1)C1(Cl)C(Cl)=C(Cl)C2(Cl)C1(Cl)Cl,0
518.15,ClC1=C(Cl)[C@]2(Cl)[C@@H]3[C@H]4C[C@H]([C@@H]5O[C@H]45)[C@@H]3[C@@]1(Cl)C2(Cl)Cl,ClC1=C(Cl)[C@]2(Cl)[C@@H]3[C@H]4C[C@H]([C@@H]5O[C@H]45)[C@@H]3[C@@]1(Cl)C2(Cl)Cl,0
349.65,CNC(C)C(O)c1ccccc1,CNC(C)C(O)c1ccccc1,0
313.15,CN[C@H](C)[C@@H](O)c1ccccc1,CN[C@H](C)[C@@H](O)c1ccccc1,0
313.15,CN[C@@H](C)[C@H](O)c1ccccc1,CN[C@@H](C)[C@H](O)c1ccccc1,0
247.15,ClCC1CO1,ClCC1CO1,0
484.65,CNC[C@H](O)c1ccc(O)c(O)c1,CNC[C@H](O)c1ccc(O)c(O)c1,0
386.15,C=C[C@H]1CN2CC[C@H]1C[C@@H]2[C@H](O)c1ccnc2ccc(OC)cc12,C=C[C@H]1CN2CC[C@H]1C[C@@H]2[C@H](O)c1ccnc2ccc(OC)cc12,0
123.14999999999998,CCC1CO1,CCC1CO1,0
218.15,C1CC2OC2CC1C1CO1,C1CC2OC2CC1C1CO1,0
297.25,CCCCCCCCCCCCCCC1CO1,CCCCCCCCCCCCCCC1CO1,0
299.25,CCCCCCCCCCCCCCCCC1CO1,CCCCCCCCCCCCCCCCC1CO1,0
462.65,Oc1ccc([C@H]2COc3cc(O)ccc3C2)cc1,Oc1ccc([C@H]2COc3cc(O)ccc3C2)cc1,0
456.15,CC(C)[C@H]1C(=O)N2CCC[C@H]2[C@]2(O)O[C@](NC(=O)[C@@H]3C=C4c5cccc6[nH]cc(c56)C[C@H]4N(C)C3)(C(C)C)C(=O)N12,CC(C)[C@H]1C(=O)N2CCC[C@H]2[C@]2(O)O[C@](NC(=O)[C@@H]3C=C4c5cccc6[nH]cc(c56)C[C@H]4N(C)C3)(C(C)C)C(=O)N12,0
501.15,CC(C)[C@H]1C(=O)N2CCC[C@H]2[C@]2(O)O[C@](NC(=O)[C@H]3C=C4c5cccc6[nH]cc(c56)C[C@H]4N(C)C3)(C(C)C)C(=O)N12,CC(C)[C@H]1C(=O)N2CCC[C@H]2[C@]2(O)O[C@](NC(=O)[C@H]3C=C4c5cccc6[nH]cc(c56)C[C@H]4N(C)C3)(C(C)C)C(=O)N12,0
448.15,CC(C)[C@@]1(NC(=O)[C@@H]2C=C3c4cccc5[nH]cc(c45)C[C@H]3N(C)C2)O[C@@]2(O)[C@@H]3CCCN3C(=O)[C@H](Cc3ccccc3)N2C1=O,CC(C)[C@@]1(NC(=O)[C@@H]2C=C3c4cccc5[nH]cc(c45)C[C@H]3N(C)C2)O[C@@]2(O)[C@@H]3CCCN3C(=O)[C@H](Cc3ccccc3)N2C1=O,0
510.15,CC(C)[C@@]1(NC(=O)[C@H]2C=C3c4cccc5[nH]cc(c45)C[C@H]3N(C)C2)O[C@@]2(O)[C@@H]3CCCN3C(=O)[C@H](Cc3ccccc3)N2C1=O,CC(C)[C@@]1(NC(=O)[C@H]2C=C3c4cccc5[nH]cc(c45)C[C@H]3N(C)C2)O[C@@]2(O)[C@@H]3CCCN3C(=O)[C@H](Cc3ccccc3)N2C1=O,0
486.15,CC(C)C[C@H]1C(=O)N2CCC[C@H]2[C@]2(O)O[C@](NC(=O)[C@@H]3C=C4c5cccc6[nH]cc(c56)C[C@H]4N(C)C3)(C(C)C)C(=O)N12,CC(C)C[C@H]1C(=O)N2CCC[C@H]2[C@]2(O)O[C@](NC(=O)[C@@H]3C=C4c5cccc6[nH]cc(c56)C[C@H]4N(C)C3)(C(C)C)C(=O)N12,0
518.15,CC(C)C[C@H]1C(=O)N2CCC[C@H]2[C@]2(O)O[C@](NC(=O)[C@H]3C=C4c5cccc6[nH]cc(c56)C[C@H]4N(C)C3)(C(C)C)C(=O)N12,CC(C)C[C@H]1C(=O)N2CCC[C@H]2[C@]2(O)O[C@](NC(=O)[C@H]3C=C4c5cccc6[nH]cc(c56)C[C@H]4N(C)C3)(C(C)C)C(=O)N12,0
469.15,C[C@@H](CO)NC(=O)[C@H]1C=C2c3cccc4[nH]cc(c34)C[C@H]2N(C)C1,C[C@@H](CO)NC(=O)[C@H]1C=C2c3cccc4[nH]cc(c34)C[C@H]2N(C)C1,0
435.15,C[C@@H](CO)NC(=O)[C@@H]1C=C2c3cccc4[nH]cc(c34)C[C@H]2N(C)C1,C[C@@H](CO)NC(=O)[C@@H]1C=C2c3cccc4[nH]cc(c34)C[C@H]2N(C)C1,0
501.15,CC(C)C[C@H]1C(=O)N2CCC[C@H]2[C@]2(O)O[C@@](C)(NC(=O)[C@@H]3C=C4c5cccc6[nH]cc(c56)C[C@H]4N(C)C3)C(=O)N12,CC(C)C[C@H]1C(=O)N2CCC[C@H]2[C@]2(O)O[C@@](C)(NC(=O)[C@@H]3C=C4c5cccc6[nH]cc(c56)C[C@H]4N(C)C3)C(=O)N12,0
358.15,CC(C)[C@@H](C)CC[C@@H](C)[C@H]1CC[C@H]2[C@@H]3CC[C@H]4CCCC[C@]4(C)[C@H]3CC[C@]12C,CC(C)[C@@H](C)CC[C@@H](C)[C@H]1CC[C@H]2[C@@H]3CC[C@H]4CCCC[C@]4(C)[C@H]3CC[C@]12C,0
337.15,CC(C)[C@@H](C)CC[C@@H](C)[C@H]1CC[C@H]2[C@@H]3CC[C@@H]4CCCC[C@]4(C)[C@H]3CC[C@]12C,CC(C)[C@@H](C)CC[C@@H](C)[C@H]1CC[C@H]2[C@@H]3CC[C@@H]4CCCC[C@]4(C)[C@H]3CC[C@]12C,0
417.65,CC(C)[C@@H](C)CC[C@@H](C)[C@H]1CC[C@H]2[C@@H]3CC[C@H]4C[C@@H](O)CC[C@]4(C)[C@H]3CC[C@]12C,CC(C)[C@@H](C)CC[C@@H](C)[C@H]1CC[C@H]2[C@@H]3CC[C@H]4C[C@@H](O)CC[C@]4(C)[C@H]3CC[C@]12C,0
419.15,CC(C)[C@@H](C)/C=C/[C@@H](C)[C@H]1CC[C@H]2C3=CC=C4C[C@@H](O)CC[C@]4(C)C3=CC[C@]12C,CC(C)[C@@H](C)/C=C/[C@@H](C)[C@H]1CC[C@H]2C3=CC=C4C[C@@H](O)CC[C@]4(C)C3=CC[C@]12C,0
431.15,CC(C)[C@@H](C)/C=C/[C@@H](C)[C@H]1CC[C@H]2C3=CC=C4C[C@@H](O)CC[C@]4(C)[C@H]3CC[C@]12C,CC(C)[C@@H](C)/C=C/[C@@H](C)[C@H]1CC[C@H]2C3=CC=C4C[C@@H](O)CC[C@]4(C)[C@H]3CC[C@]12C,0
367.15,CC(C)[C@@H](C)/C=C/[C@@H](C)[C@H]1CC[C@H]2C3=CC=C4C[C@@H](O)CC[C@@]4(C)[C@H]3CC[C@]12C,CC(C)[C@@H](C)/C=C/[C@@H](C)[C@H]1CC[C@H]2C3=CC=C4C[C@@H](O)CC[C@@]4(C)[C@H]3CC[C@]12C,0
391.15,CC(C)[C@@H](C)/C=C/[C@@H](C)[C@H]1CC[C@H]2C3=CC=C4C[C@@H](O)CC[C@@]4(C)[C@@H]3CC[C@]12C,CC(C)[C@@H](C)/C=C/[C@@H](C)[C@H]1CC[C@H]2C3=CC=C4C[C@@H](O)CC[C@@]4(C)[C@@H]3CC[C@]12C,0
430.65,CC(C)[C@H](C)CC[C@@H](C)[C@H]1CC[C@H]2[C@@H]3CC=C4C[C@@H](O)CC[C@]4(C)[C@H]3CC[C@]12C,CC(C)[C@H](C)CC[C@@H](C)[C@H]1CC[C@H]2[C@@H]3CC=C4C[C@@H](O)CC[C@]4(C)[C@H]3CC[C@]12C,0
419.15,CC(C)[C@@H](C)CC[C@@H](C)[C@H]1CC[C@H]2C3=CC[C@H]4C[C@@H](O)CC[C@]4(C)[C@H]3CC[C@]12C,CC(C)[C@@H](C)CC[C@@H](C)[C@H]1CC[C@H]2C3=CC[C@H]4C[C@@H](O)CC[C@]4(C)[C@H]3CC[C@]12C,0
404.15,CC(C)[C@@H](C)CC[C@@H](C)[C@H]1CCC2=C3CC[C@H]4C[C@@H](O)CC[C@]4(C)[C@H]3CC[C@@]21C,CC(C)[C@@H](C)CC[C@@H](C)[C@H]1CCC2=C3CC[C@H]4C[C@@H](O)CC[C@]4(C)[C@H]3CC[C@@]21C,0
486.15,CN1C[C@H](C(=O)N[C@]2(C)O[C@@]3(O)[C@@H]4CCCN4C(=O)[C@H](Cc4ccccc4)N3C2=O)C=C2c3cccc4[nH]cc(c34)C[C@H]21,CN1C[C@H](C(=O)N[C@]2(C)O[C@@]3(O)[C@@H]4CCCN4C(=O)[C@H](Cc4ccccc4)N3C2=O)C=C2c3cccc4[nH]cc(c34)C[C@H]21,0
525.15,CN1C[C@@H](C(=O)N[C@]2(C)O[C@@]3(O)[C@@H]4CCCN4C(=O)[C@H](Cc4ccccc4)N3C2=O)C=C2c3cccc4[nH]cc(c34)C[C@H]21,CN1C[C@@H](C(=O)N[C@]2(C)O[C@@]3(O)[C@@H]4CCCN4C(=O)[C@H](Cc4ccccc4)N3C2=O)C=C2c3cccc4[nH]cc(c34)C[C@H]21,0
563.15,C[N+](C)(C)[C@@H](Cc1c[nH]c(=S)[nH]1)C(=O)[O-],C[N+](C)(C)[C@@H](Cc1c[nH]c(=S)[nH]1)C(=O)[O-],0
540.15,O=C1C[C@@H](c2ccc(O)c(O)c2)Oc2cc(O)cc(O)c21,O=C1C[C@@H](c2ccc(O)c(O)c2)Oc2cc(O)cc(O)c21,0
441.15,O=C1O[C@H]([C@H](O)CO)C(O)=C1O,O=C1O[C@H]([C@H](O)CO)C(O)=C1O,0
372.65,CO[C@H]1C=CC2=CCN3CCC4=C(CC(=O)OC4)[C@]23C1,CO[C@H]1C=CC2=CCN3CCC4=C(CC(=O)OC4)[C@]23C1,0
464.15,CC[C@H]1OC(=O)[C@H](C)[C@@H](O[C@H]2C[C@@](C)(OC)[C@@H](O)[C@H](C)O2)[C@H](C)[C@@H](O[C@@H]2O[C@H](C)C[C@H](N(C)C)[C@H]2O)[C@](C)(O)C[C@@H](C)C(=O)[C@H](C)[C@@H](O)[C@]1(C)O,CC[C@H]1OC(=O)[C@H](C)[C@@H](O[C@H]2C[C@@](C)(OC)[C@@H](O)[C@H](C)O2)[C@H](C)[C@@H](O[C@@H]2O[C@H](C)C[C@H](N(C)C)[C@H]2O)[C@](C)(O)C[C@@H](C)C(=O)[C@H](C)[C@@H](O)[C@]1(C)O,0
495.15,CCOC(=O)CCC(=O)O[C@H]1[C@H](O[C@@H]2[C@@H](C)[C@H](O[C@H]3C[C@@](C)(OC)[C@@H](O)[C@H](C)O3)[C@@H](C)C(=O)O[C@H](CC)[C@@](C)(O)[C@H](O)[C@@H](C)C(=O)[C@H](C)C[C@@]2(C)O)O[C@H](C)C[C@@H]1N(C)C,CCOC(=O)CCC(=O)O[C@H]1[C@H](O[C@@H]2[C@@H](C)[C@H](O[C@H]3C[C@@](C)(OC)[C@@H](O)[C@H](C)O3)[C@@H](C)C(=O)O[C@H](CC)[C@@](C)(O)[C@H](O)[C@@H](C)C(=O)[C@H](C)C[C@@]2(C)O)O[C@H](C)C[C@@H]1N(C)C,0
388.15,CNCCOC(=O)/C=C1\CC[C@H]2[C@@H]([C@@H](O)C[C@@H]3[C@]2(C)CCC[C@]3(C)C(=O)OC)[C@H]1C,CNCCOC(=O)/C=C1\CC[C@H]2[C@@H]([C@@H](O)C[C@@H]3[C@]2(C)CCC[C@]3(C)C(=O)OC)[C@H]1C,0
385.15,O=C(CN1CCNCC1)NC1CCCCC1,O=C(CN1CCNCC1)NC1CCCCC1,0
494.65,C[C@]12CC[C@@H]3c4ccc(O)cc4CC[C@H]3[C@@H]1CC[C@H]2O,C[C@]12CC[C@@H]3c4ccc(O)cc4CC[C@H]3[C@@H]1CC[C@H]2O,0
453.15,C[C@]12CC[C@@H]3c4ccc(O)cc4CC[C@H]3[C@@H]1CC[C@@H]2O,C[C@]12CC[C@@H]3c4ccc(O)cc4CC[C@H]3[C@@H]1CC[C@@H]2O,0
454.15,C[C@]12CC[C@@H]3c4ccc(O)cc4CC[C@@H]3[C@@H]1CC[C@@H]2O,C[C@]12CC[C@@H]3c4ccc(O)cc4CC[C@@H]3[C@@H]1CC[C@@H]2O,0
471.15,C[C@]12CC[C@@H]3c4ccc(OC(=O)c5ccccc5)cc4CC[C@H]3[C@@H]1CC[C@@H]2O,C[C@]12CC[C@@H]3c4ccc(OC(=O)c5ccccc5)cc4CC[C@H]3[C@@H]1CC[C@@H]2O,0
561.15,C[C@]12CC[C@@H]3c4ccc(O)cc4CC[C@H]3[C@@H]1C[C@@H](O)[C@@H]2O,C[C@]12CC[C@@H]3c4ccc(O)cc4CC[C@H]3[C@@H]1C[C@@H](O)[C@@H]2O,0
563.15,C[C@]12CC[C@@H]3c4ccc(O)cc4CC[C@H]3[C@@H]1C[C@H](O)[C@@H]2O,C[C@]12CC[C@@H]3c4ccc(O)cc4CC[C@H]3[C@@H]1C[C@H](O)[C@@H]2O,0
533.3499999999999,C[C@]12CC[C@@H]3c4ccc(O)cc4CC[C@H]3[C@@H]1CCC2=O,C[C@]12CC[C@@H]3c4ccc(O)cc4CC[C@H]3[C@@H]1CCC2=O,0
395.65,C=C(CC)C(=O)c1ccc(OCC(=O)O)c(Cl)c1Cl,C=C(CC)C(=O)c1ccc(OCC(=O)O)c(Cl)c1Cl,0
330.15,C=C(C)CN(CC)c1c([N+](=O)[O-])cc(C(F)(F)F)cc1[N+](=O)[O-],C=C(C)CN(CC)c1c([N+](=O)[O-])cc(C(F)(F)F)cc1[N+](=O)[O-],0
362.15,CC[C@@H](CO)NCCN[C@@H](CC)CO,CC[C@@H](CO)NCCN[C@@H](CC)CO,0
372.65,CC[As](=O)(O)O,CC[As](=O)(O)O,0
451.15,ON=CC=NO,ON=CC=NO,0
284.29,NCCN,NCCN,0
260.15,OCCO,OCCO,0
399.65,Cc1ccc(S(=O)(=O)OCCOS(=O)(=O)c2ccc(C)cc2)cc1,Cc1ccc(S(=O)(=O)OCCOS(=O)(=O)c2ccc(C)cc2)cc1,0
292.04999999999995,CC(=O)OC(C)OC(C)=O,CC(=O)OC(C)OC(C)=O,0
242.15,CC(=O)OCCOC(C)=O,CC(=O)OCCOC(C)=O,0
346.65,O=C(OCCOC(=O)c1ccccc1)c1ccccc1,O=C(OCCOC(=O)c1ccccc1)c1ccccc1,0
329.75,CCCCCCCCCCCC(=O)OCCOC(=O)CCCCCCCCCCC,CCCCCCCCCCCC(=O)OCCOC(=O)CCCCCCCCCCC,0
342.25,CCCCCCCCCCCCCCCC(=O)OCCOC(=O)CCCCCCCCCCCCCCC,CCCCCCCCCCCCCCCC(=O)OCCOC(=O)CCCCCCCCCCCCCCC,0
233.15,C=C(C)C(=O)OCCOC(=O)C(=C)C,C=C(C)C(=O)OCCOC(=O)C(=C)C,0
250.65,O=[N+]([O-])OCCO[N+](=O)[O-],O=[N+]([O-])OCCO[N+](=O)[O-],0
348.45,CCCCCCCCCCCCCCCCCC(=O)OCCOC(=O)CCCCCCCCCCCCCCCCC,CCCCCCCCCCCCCCCCCC(=O)OCCOC(=O)CCCCCCCCCCCCCCCCC,0
334.85,CCCCCCCCCCCCCC(=O)OCCOC(=O)CCCCCCCCCCCCC,CCCCCCCCCCCCCC(=O)OCCOC(=O)CCCCCCCCCCCCC,0
363.15,N#CSCCSC#N,N#CSCCSC#N,0
318.15,O=C(OCCO)c1ccccc1,O=C(OCCO)c1ccccc1,0
333.65,CCCCCCCCCCCCCCCCCC(=O)OCCO,CCCCCCCCCCCCCCCCCC(=O)OCCO,0
262.15,O=S1OCCO1,O=S1OCCO1,0
496.15,O=P(O)(O)CCP(=O)(O)O,O=P(O)(O)CCP(=O)(O)O,0
446.15,O=S(=O)(O)CCS(=O)(=O)O,O=S(=O)(O)CCS(=O)(=O)O,0
443.15,NC(=S)C(N)=S,NC(=S)C(N)=S,0
231.95,SCCS,SCCS,0
256.15,CCS(=O)(=O)O,CCS(=O)(=O)O,0
125.26,CCS,CCS,0
238.15,CC(=N)N,CC(=N)N,0
159.01,CCO,CCO,0
283.54999999999995,NCCO,NCCO,0
503.15,NCCOS(=O)(=O)O,NCCOS(=O)(=O)O,0
373.15,CCOc1ccc(Cc2nccc3cc(OCC)c(OCC)cc23)cc1OCC,CCOc1ccc(Cc2nccc3cc(OCC)c(OCC)cc23)cc1OCC,0
349.85,O=P(O)(O)CCCl,O=P(O)(O)CCCl,0
459.15,C#C[C@]1(O)CC[C@H]2[C@@H]3CCc4cc(O)ccc4[C@H]3CC[C@@]21C,C#C[C@]1(O)CC[C@H]2[C@@H]3CCc4cc(O)ccc4[C@H]3CC[C@@]21C,0
260.15,CCOP(=S)(OCC)SCSP(=S)(OCC)OCC,CCOP(=S)(OCC)SCSP(=S)(OCC)OCC,0
551.15,CCSCC[C@@H](N)C(=O)O,CCSCC[C@@H](N)C(=O)O,0
546.15,CCSCC[C@H](N)C(=O)O,CCSCC[C@H](N)C(=O)O,0
434.35,CCCCc1c(C)nc(NCC)[nH]c1=O,CCCCc1c(C)nc(NCC)[nH]c1=O,0
545.15,C#C[C@]1(O)CC[C@H]2[C@@H]3CCC4=CC(=O)CC[C@]4(C)[C@H]3CC[C@@]21C,C#C[C@]1(O)CC[C@H]2[C@@H]3CCC4=CC(=O)CC[C@]4(C)[C@H]3CC[C@@]21C,0
340.15,CCNC(=O)CSP(=S)(OC)OC,CCNC(=O)CSP(=S)(OC)OC,0
345.65,CCOC1Oc2ccc(OS(C)(=O)=O)cc2C1(C)C,CCOC1Oc2ccc(OS(C)(=O)=O)cc2C1(C)C,0
367.15,CCN1C(=O)NC(c2ccccc2)C1=O,CCN1C(=O)NC(c2ccccc2)C1=O,0
312.15,CCOc1ccc(C(C)=O)cc1,CCOc1ccc(C(C)=O)cc1,0
499.15,CCOc1ccc2nc3cc(N)ccc3c(N)c2c1,CCOc1ccc2nc3cc(N)ccc3c(N)c2c1,0
252.15,CCOc1ccccc1N,CCOc1ccccc1N,0
277.85,CCOc1ccc(N)cc1,CCOc1ccc(N)cc1,0
294.15,CCOc1ccccc1C=O,CCOc1ccccc1C=O,0
286.65,CCOc1ccc(C=O)cc1,CCOc1ccc(C=O)cc1,0
406.15,CCOc1ccccc1C(N)=O,CCOc1ccccc1C(N)=O,0
243.55,CCOc1ccccc1,CCOc1ccccc1,0
344.65,CCOc1ccc(N)c(N)c1,CCOc1ccc(N)c(N)c1,0
293.85,CCOc1ccccc1C(=O)O,CCOc1ccccc1C(=O)O,0
472.15,CCOc1ccc(C(=O)O)cc1,CCOc1ccc(C(=O)O)cc1,0
464.15,CCOc1ccc2nc(S(N)(=O)=O)sc2c1,CCOc1ccc2nc(S(N)(=O)=O)sc2c1,0
335.15,CCOC(C(=O)c1ccccc1)c1ccccc1,CCOC(C(=O)c1ccccc1)c1ccccc1,0
203.15,CCOCCO,CCOCCO,0
211.45,CCOCCOC(C)=O,CCOCCOC(C)=O,0
225.85,C=CC(=O)OCCOCC,C=CC(=O)OCCOCC,0
337.25,CCOc1cccc(C=O)c1O,CCOc1cccc(C=O)c1O,0
349.85,CCOc1cc(C=O)ccc1O,CCOc1cc(C=O)ccc1O,0
337.65,CCOc1ccc(C=O)cc1OC,CCOc1ccc(C=O)cc1OC,0
339.15,CCOC=C(C#N)C#N,CCOC=C(C#N)C#N,0
278.65,CCOc1cccc2ccccc12,CCOc1cccc2ccccc12,0
310.65,CCOc1ccc2ccccc2c1,CCOc1ccc2ccccc2c1,0
369.65,CCOc1ccc([N+](=O)[O-])cc1N,CCOc1ccc([N+](=O)[O-])cc1N,0
274.25,CCOc1ccccc1[N+](=O)[O-],CCOc1ccccc1[N+](=O)[O-],0
333.15,CCOc1ccc([N+](=O)[O-])cc1,CCOc1ccc([N+](=O)[O-])cc1,0
397.15,CCOc1ccc(NC(C)=O)cc1[N+](=O)[O-],CCOc1ccc(NC(C)=O)cc1[N+](=O)[O-],0
302.15,CCOc1ccccc1O,CCOc1ccccc1O,0
339.65,CCOc1ccc(O)cc1,CCOc1ccc(O)cc1,0
352.15,CCOc1ccccc1NC(C)=O,CCOc1ccccc1NC(C)=O,0
408.15,CCOc1ccc(NC(C)=O)cc1,CCOc1ccc(NC(C)=O)cc1,0
446.65,CCOc1ccc(NC(N)=O)cc1,CCOc1ccc(NC(N)=O)cc1,0
559.15,CCOc1ccc(S(=O)(=O)O)c2cccnc12,CCOc1ccc(S(=O)(=O)O)c2cccnc12,0
338.15,CCO[Si](c1ccccc1)(c1ccccc1)c1ccccc1,CCO[Si](c1ccccc1)(c1ccccc1)c1ccccc1,0
189.35,CCOC(C)=O,CCOC(C)=O,0
228.15,CCOC(=O)CC(C)=O,CCOC(=O)CC(C)=O,0
202.15,C=CC(=O)OCC,C=CC(=O)OCC,0
192.15,CCN,CCN,0
287.45,CCOC(=O)c1ccccc1N,CCOC(=O)c1ccccc1N,0
362.75,CCOC(=O)c1ccc(N)cc1,CCOC(=O)c1ccc(N)cc1,0
469.65,CCOC(=O)NC(N)=O,CCOC(=O)NC(N)=O,0
226.15,CCc1ccccc1N,CCc1ccccc1N,0
209.15,CCc1cccc(N)c1,CCc1cccc(N)c1,0
268.04999999999995,CCc1ccc(N)cc1,CCc1ccc(N)cc1,0
209.75,CCNc1ccccc1,CCNc1ccccc1,0
381.95,CCc1ccc2c(c1)C(=O)c1ccccc1C2=O,CCc1ccc2c(c1)C(=O)c1ccccc1C2=O,0
343.65,CCNC(=O)c1ccccc1,CCNC(=O)c1ccccc1,0
178.2,CCc1ccccc1,CCc1ccccc1,0
359.15,CCC(C(N)=O)c1ccccc1,CCC(C(N)=O)c1ccccc1,0
320.65,CCC(C(=O)O)c1ccccc1,CCC(C(=O)O)c1ccccc1,0
371.65,CCc1ccc(O)cc1O,CCc1ccc(O)cc1O,0
449.65,CCc1nc2ccccc2[nH]1,CCc1nc2ccccc2[nH]1,0
238.65,CCOC(=O)c1ccccc1,CCOC(=O)c1ccccc1,0
291.65,CCOC(=O)c1ccc2c(c1)OCO2,CCOC(=O)c1ccc2c(c1)OCO2,0
273.15,CCOC(=O)CC(=O)c1ccccc1,CCOC(=O)CC(=O)c1ccccc1,0
333.65,CCOC(=O)C(=Cc1ccccc1)C(C)=O,CCOC(=O)C(=Cc1ccccc1)C(C)=O,0
255.15,CCOC(=O)c1ccc(Br)cc1,CCOC(=O)c1ccc(Br)cc1,0
306.15,CCOC(=O)CCCCCBr,CCOC(=O)CCCCCBr,0
176.14999999999998,CCCC(=O)OCC,CCCC(=O)OCC,0
241.35,CCC(CC)C(=O)O,CCC(CC)C(=O)O,0
258.15,CCC(CC)CO,CCC(CC)CO,0
141.14999999999998,C=C(CC)CC,C=C(CC)CC,0
173.14999999999998,CCC(CC)COC(C)=O,CCC(CC)COC(C)=O,0
398.15,CCC(CC)CN,CCC(CC)CN,0
251.15,CCCCNC(=O)OCC,CCCCNC(=O)OCC,0
321.4,CCOC(N)=O,CCOC(N)=O,0
372.15,CCn1c2ccccc2c2cc(N)ccc21,CCn1c2ccccc2c2cc(N)ccc21,0
340.15,CCn1c2ccccc2c2ccccc21,CCn1c2ccccc2c2ccccc21,0
252.15,CCOC(=O)CCl,CCOC(=O)CCl,0
265.15,CCOC(=O)CC(=O)CCl,CCOC(=O)CC(=O)CCl,0
192.55,CCOC(=O)Cl,CCOC(=O)Cl,0
279.65,CCOC(=O)/C=C/c1ccccc1,CCOC(=O)/C=C/c1ccccc1,0
247.05,CCOC(=O)CC#N,CCOC(=O)CC#N,0
383.65,CCOC(=O)C(C#N)=C(c1ccccc1)c1ccccc1,CCOC(=O)C(C#N)=C(c1ccccc1)c1ccccc1,0
325.15,CCO/C=C(\C#N)C(=O)OCC,CCO/C=C(\C#N)C(=O)OCC,0
324.15,CCOC(=O)C(C#N)=Cc1ccccc1,CCOC(=O)C(C#N)=Cc1ccccc1,0
130.24999999999997,CCC1CCC1,CCC1CCC1,0
161.86999999999998,CCC1CCCCC1,CCC1CCCCC1,0
163.24999999999997,CCC1=CCCCC1,CCC1=CCCCC1,0
134.73,CCC1CCCC1,CCC1CCCC1,0
154.34999999999997,CCC1=CCCC1,CCC1=CCCC1,0
123.74999999999996,CCC1CC1,CCC1CC1,0
253.15,CCCCCCCCCC(=O)OCC,CCCCCCCCCC(=O)OCC,0
251.15,CCOC(=O)C=[N+]=[N-],CCOC(=O)C=[N+]=[N-],0
331.65,CCOC(=O)C(Br)C(C)Br,CCOC(=O)C(Br)C(C)Br,0
234.45,CC[As](F)F,CC[As](F)F,0
442.15,CCC(C)C1(CC)C(=O)NC(=S)NC1=O,CCC(C)C1(CC)C(=O)NC(=S)NC1=O,0
255.15,CCC1CCC(=O)O1,CCC1CCC(=O)O1,0
554.65,CCC1(c2ccccc2)C(=O)NCNC1=O,CCC1(c2ccccc2)C(=O)NCNC1=O,0
405.15,CCOC(=O)c1c(C)cc(O)cc1O,CCOC(=O)c1c(C)cc(O)cc1O,0
133.14999999999998,CCN(C)C,CCN(C)C,0
339.65,CCOC(=O)c1ccc(N(C)C)cc1,CCOC(=O)c1ccc(N(C)C)cc1,0
210.25,CCc1ccc(C)cc1C,CCc1ccc(C)cc1C,0
188.85,CCc1cc(C)cc(C)c1,CCc1cc(C)cc(C)c1,0
256.85,CCc1c(C)cccc1C,CCc1c(C)cccc1C,0
219.45,CCc1cc(C)ccc1C,CCc1cc(C)ccc1C,0
223.65,CCc1cccc(C)c1C,CCc1cccc(C)c1C,0
206.25,CCc1ccc(C)c(C)c1,CCc1ccc(C)c(C)c1,0
173.74999999999997,CCC(CC)C(C)(C)C,CCC(CC)C(C)(C)C,0
150.76999999999998,CCC(C(C)C)C(C)C,CCC(C(C)C)C(C)C,0
183.65,CCOC(=O)C(C)(C)C,CCOC(=O)C(C)(C)C,0
273.15,CCc1c(C)c[nH]c1C,CCc1c(C)c[nH]c1C,0
398.15,CCOC(=O)c1[nH]c(C)cc1C,CCOC(=O)c1[nH]c(C)cc1C,0
351.65,CCOC(=O)c1c(C)c[nH]c1C,CCOC(=O)c1c(C)c[nH]c1C,0
390.65,CCOC(=O)c1cc(C)[nH]c1C,CCOC(=O)c1cc(C)[nH]c1C,0
384.45,CCOC(=O)c1c[nH]c(C)c1C,CCOC(=O)c1c[nH]c(C)c1C,0
291.15,CCOC(=O)C(=O)CC(C)=O,CCOC(=O)C(=O)CC(C)=O,0
220.15,CCOC(=S)S,CCOC(=S)S,0
103.96999999999996,C=C,C=C,0
518.15,O=C(O)CN(CCN(CC(=O)O)CC(=O)O)CC(=O)O,O=C(O)CN(CCN(CC(=O)O)CC(=O)O)CC(=O)O,0
422.15,CCCCCCCCCCCCCCCCCC(=O)NCCNC(=O)CCCCCCCCCCCCCCCCC,CCCCCCCCCCCCCCCCCC(=O)NCCNC(=O)CCCCCCCCCCCCCCCCC,0
195.15,C1CN1,C1CN1,0
350.15,CC[C@]1(O)CC[C@H]2[C@@H]3CCC4=CCCC[C@@H]4[C@H]3CC[C@@]21C,CC[C@]1(O)CC[C@H]2[C@@H]3CCC4=CCCC[C@@H]4[C@H]3CC[C@@]21C,0
329.65,CCOC(=O)N1c2ccccc2C=CC1OCC,CCOC(=O)N1c2ccccc2C=CC1OCC,0
302.15,CCc1ccccc1Nc1ccccc1CC,CCc1ccccc1Nc1ccccc1CC,0
299.15,CCOC(=O)c1ccc(F)cc1,CCOC(=O)c1ccc(F)cc1,0
193.55,CCOC=O,CCOC=O,0
307.65,CCOC(=O)c1ccco1,CCOC(=O)c1ccco1,0
464.15,CCOC(=O)CC[C@H](N)C(=O)O,CCOC(=O)CC[C@H](N)C(=O)O,0
158.24999999999997,CCCCC(CC)CC,CCCCC(CC)CC,0
206.95,CCCCCCC(=O)OCC,CCCCCCC(=O)OCC,0
173.14999999999998,CCCCC(C=O)CC,CCCCC(C=O)CC,0
233.15,CCCC(O)C(CC)CO,CCCC(O)C(CC)CO,0
205.55,CCCCCC(=O)OCC,CCCCCC(=O)OCC,0
203.15,CCCCC(CC)CO,CCCCC(CC)CO,0
193.15,CCCCC(CC)COC(C)=O,CCCCC(CC)COC(C)=O,0
183.15,C=CC(=O)OCC(CC)CCCC,C=CC(=O)OCC(CC)CCCC,0
318.95,CCOC(=O)NN,CCOC(=O)NN,0
302.15,CCOC(=O)CCCCC(=O)O,CCOC(=O)CCCCC(=O)O,0
343.15,CCOC(=O)/C=C/C(=O)O,CCOC(=O)/C=C/C(=O)O,0
281.15,CCOC(=O)CCC(=O)O,CCOC(=O)CCC(=O)O,0
173.14999999999998,CCOO,CCOO,0
347.15,CCOC(=O)c1cccc(O)c1,CCOC(=O)c1cccc(O)c1,0
390.15,CCOC(=O)c1ccc(O)cc1,CCOC(=O)c1ccc(O)cc1,0
354.65,CCC(C(=O)O)C1(O)CCCCC1,CCC(C(=O)O)C1(O)CCCCC1,0
283.15,CCN(O)CC,CCN(O)CC,0
317.15,CCOC(=O)c1ccc(O)c(OC)c1,CCOC(=O)c1ccc(O)c(OC)c1,0
208.15,CCOC(=O)NCC(C)C,CCOC(=O)NCC(C)C,0
207.15,[C-]#[N+]CC,[C-]#[N+]CC,0
352.15,CCN1C(=O)c2ccccc2C1=O,CCN1C(=O)c2ccccc2C1=O,0
150.95,CCSC(C)C,CCSC(C)C,0
267.25,CCN=C=S,CCN=C=S,0
271.35,CCCCCCCCCCCC(=O)OCC,CCCCCCCCCCCC(=O)OCC,0
280.65,CCOC(=O)c1ccc(OC)cc1,CCOC(=O)c1ccc(OC)cc1,0
266.15,CCc1ccc(O)c(OC)c1,CCc1ccc(O)c(OC)c1,0
433.65,C=C(C)CC1(CC)C(=O)NC(=S)NC1=O,C=C(C)CC1(CC)C(=O)NC(=S)NC1=O,0
240.15,CCc1cccc(C)c1N,CCc1cccc(C)c1N,0
258.15,CCNc1ccccc1C,CCNc1ccccc1C,0
337.15,CCNS(=O)(=O)c1ccc(C)cc1,CCNS(=O)(=O)c1ccc(C)cc1,0
324.15,CCn1c(C)nc2ccccc21,CCn1c(C)nc2ccccc21,0
263.15,CCOC(=O)c1ccccc1C,CCOC(=O)c1ccccc1C,0
173.84999999999997,CCOC(=O)CC(C)C,CCOC(=O)CC(C)C,0
253.15,CCC(C)(CC)C(=O)O,CCC(C)(CC)C(=O)O,0
403.15,CCCC(C)C1(CC)C(=O)NC(=O)NC1=O,CCCC(C)C1(CC)C(=O)NC(=O)NC1=O,0
259.15,CCOC(=O)OC,CCOC(=O)OC,0
192.35,CCC1CCC(C)CC1,CCC1CCC(C)CC1,0
129.34999999999997,CCC1(C)CCCC1,CCC1(C)CCCC1,0
167.24999999999997,CC[C@@H]1CCC[C@@H]1C,CC[C@@H]1CCC[C@@H]1C,0
164.14999999999998,CC[C@@H]1CCC[C@H]1C,CC[C@@H]1CCC[C@H]1C,0
165.14999999999998,CCC1CCC(C)C1,CCC1CCC(C)C1,0
142.95,CCC1(C)CC1,CCC1(C)CC1,0
160.14999999999998,CCOC,CCOC,0
264.15,CCOC(=O)CC(=O)C(C)C,CCOC(=O)CC(=O)C(C)C,0
158.14999999999998,CCC(CC)C(C)C,CCC(CC)C(C)C,0
182.35,CCC(C)(CC)CC,CCC(C)(CC)CC,0
160.24999999999997,C=C(C)C(CC)CC,C=C(C)C(CC)CC,0
399.65,CCC1(C)CC(=O)NC(=O)C1,CCC1(C)CC(=O)NC(=O)C1,0
175.34999999999997,CCOC(=O)C(C)C,CCOC(=O)C(C)C,0
337.65,CCC1(C)CC(=O)NC1=O,CCC1(C)CC(=O)NC1=O,0
167.26,CCSC,CCSC,0
285.45,CCCCCCCCCCCCCC(=O)OCC,CCCCCCCCCCCCCC(=O)OCC,0
259.25,CCc1cccc2ccccc12,CCc1cccc2ccccc12,0
265.75,CCc1ccc2ccccc2c1,CCc1ccc2ccccc2c1,0
361.65,CCOC(=O)Cc1cccc2ccccc12,CCOC(=O)Cc1cccc2ccccc12,0
178.64,CCO[N+](=O)[O-],CCO[N+](=O)[O-],0
260.95,CCc1ccccc1[N+](=O)[O-],CCc1ccccc1[N+](=O)[O-],0
260.85,CCc1ccc([N+](=O)[O-])cc1,CCc1ccc([N+](=O)[O-])cc1,0
320.15,CCOC(=O)c1cccc([N+](=O)[O-])c1,CCOC(=O)c1cccc([N+](=O)[O-])c1,0
330.15,CCOC(=O)c1ccc([N+](=O)[O-])cc1,CCOC(=O)c1ccc([N+](=O)[O-])cc1,0
312.35,CCOP(=S)(Oc1ccc([N+](=O)[O-])cc1)c1ccccc1,CCOP(=S)(Oc1ccc([N+](=O)[O-])cc1)c1ccccc1,0
330.65,CCC(CO)(CO)[N+](=O)[O-],CCC(CO)(CO)[N+](=O)[O-],0
373.15,CCN(N=O)C(N)=O,CCN(N=O)C(N)=O,0
228.75,CCCCCCCCC(=O)OCC,CCCCCCCCC(=O)OCC,0
218.15,CCCCC/C=C\C/C=C\CCCCCCCC(=O)OCC,CCCCC/C=C\C/C=C\CCCCCCCC(=O)OCC,0
278.25,CCCCCCCC/C=C/CCCCCCCC(=O)OCC,CCCCCCCC/C=C/CCCCCCCC(=O)OCC,0
228.45,CCCCCCCC(=O)OCC,CCCCCCCC(=O)OCC,0
252.15,CCCCCCCC/C=C\CCCCCCCC(=O)OCC,CCCCCCCC/C=C\CCCCCCCC(=O)OCC,0
223.15,CCOC(=O)C(C)=O,CCOC(=O)C(C)=O,0
297.35,CCCCCCCCCCCCCCCC(=O)OCC,CCCCCCCCCCCCCCCC(=O)OCC,0
154.59999999999997,CCC(CC)CC,CCC(CC)CC,0
181.95,CCCCC(=O)OCC,CCCCC(=O)OCC,0
260.15,CCC(O)(CC)CC,CCC(O)(CC)CC,0
145.64,C=CC(CC)CC,C=CC(CC)CC,0
291.15,CCc1ccccc1O,CCc1ccccc1O,0
273.15,CCc1cccc(O)c1,CCc1cccc(O)c1,0
318.15,CCc1ccc(O)cc1,CCc1ccc(O)cc1,0
328.15,CCN(C(C)=O)c1ccccc1,CCN(C(C)=O)c1ccccc1,0
243.75,CCOC(=O)Cc1ccccc1,CCOC(=O)Cc1ccccc1,0
326.15,CCOC(=O)Nc1ccccc1,CCOC(=O)Nc1ccccc1,0
331.15,CCOC(=O)CNc1ccccc1,CCOC(=O)CNc1ccccc1,0
315.15,CCS(=O)(=O)c1ccccc1,CCS(=O)(=O)c1ccccc1,0
334.65,CCP(=O)(O)O,CCP(=O)(O)O,0
385.15,CCC(C(=O)O)C(=O)O,CCC(C(=O)O)C(=O)O,0
199.55,CCOC(=O)CC,CCOC(=O)CC,0
145.64999999999998,CCCOCC,CCCOCC,0
398.65,CCC(CC)c1ccncc1,CCC(CC)c1ccncc1,0
156.11999999999998,CCCSCC,CCCSCC,0
210.15,CCc1ccccn1,CCc1ccccn1,0
196.25,CCc1cccnc1,CCc1cccnc1,0
182.65,CCc1ccncc1,CCc1ccncc1,0
436.15,CCc1cc(C(N)=S)ccn1,CCc1cc(C(N)=S)ccn1,0
274.15,CCOC(=O)c1ccccn1,CCOC(=O)c1ccccn1,0
281.65,CCOC(=O)c1cccnc1,CCOC(=O)c1cccnc1,0
296.15,CCOC(=O)c1ccncc1,CCOC(=O)c1ccncc1,0
318.65,CCN1C(=O)C=CC1=O,CCN1C(=O)C=CC1=O,0
408.15,CCN(CC)c1ccc(N=Nc2ccccc2C(=O)O)cc1,CCN(CC)c1ccc(N=Nc2ccccc2C(=O)O)cc1,0
318.15,CCOC(=O)c1ccccc1O,CCOC(=O)c1ccccc1O,0
190.95,CCO[Si](OCC)(OCC)OCC,CCO[Si](OCC)(OCC)OCC,0
306.25,CCCCCCCCCCCCCCCCCC(=O)OCC,CCCCCCCCCCCCCCCCCC(=O)OCC,0
197.55,C=Cc1ccccc1CC,C=Cc1ccccc1CC,0
171.84999999999997,C=Cc1cccc(CC)c1,C=Cc1cccc(CC)c1,0
223.45,C=Cc1ccc(CC)cc1,C=Cc1ccc(CC)cc1,0
480.15,CC[n+]1ccc(-c2cccc(S(=O)(=O)[O-])c2)o1,CC[n+]1ccc(-c2cccc(S(=O)(=O)[O-])c2)o1,0
363.15,CCOC(=O)[C@H](O)[C@@H](O)C(=O)O,CCOC(=O)[C@H](O)[C@@H](O)C(=O)O,0
473.95,CCc1nnc(N)s1,CCc1nnc(N)s1,0
264.65,CCSCC(=O)O,CCSCC(=O)O,0
187.65,CCSC#N,CCSC#N,0
173.14999999999998,CCSCCO,CCSCCO,0
308.65,CCN1C(=O)CSC1=S,CCN1C(=O)CSC1=S,0
192.45,CCc1ccccc1C,CCc1ccccc1C,0
177.45,CCc1cccc(C)c1,CCc1cccc(C)c1,0
210.45,CCc1ccc(C)cc1,CCc1ccc(C)cc1,0
306.15,CCOS(=O)(=O)c1ccc(C)cc1,CCOS(=O)(=O)c1ccc(C)cc1,0
234.05,CCOC(=O)CC(=O)C(F)(F)F,CCOC(=O)CC(=O)C(F)(F)F,0
436.15,CCOC(=O)c1cc(O)c(O)c(O)c1,CCOC(=O)c1cc(O)c(O)c(O)c1,0
259.75,CCc1cc(C)c(C)cc1C,CCc1cc(C)c(C)cc1C,0
257.65,CCc1c(C)cc(C)cc1C,CCc1c(C)cc(C)cc1C,0
339.65,CCc1c(C)[nH]c(C)c1C,CCc1c(C)[nH]c(C)c1C,0
326.85,CCC12COP(OC1)OC2,CCC12COP(OC1)OC2,0
257.15,CCCCCCCCCCC(=O)OCC,CCCCCCCCCCC(=O)OCC,0
235.15,C=CCCCCCCCCC(=O)OCC,C=CCCCCCCCCC(=O)OCC,0
367.15,CCNC(N)=O,CCNC(N)=O,0
157.34999999999997,C=COCC,C=COCC,0
295.15,C#CC(O)c1ccccc1,C#CC(O)c1ccccc1,0
359.65,C#CC(OC(N)=O)c1ccccc1,C#CC(OC(N)=O)c1ccccc1,0
304.15,C#CC1(O)CCCCC1,C#CC1(O)CCCCC1,0
370.15,C#CC1(OC(N)=O)CCCCC1,C#CC1(OC(N)=O)CCCCC1,0
300.15,C#CC1(O)CCCC1,C#CC1(O)CCCC1,0
325.15,C#CC(C)(O)c1ccccc1,C#CC(C)(O)c1ccccc1,0
635.15,CCC1=C(C)c2cc3[nH]c(cc4[nH]c(cc5nc(cc1n2)C(C)=C5CC)c(C)c4CC)c(C)c3CC,CCC1=C(C)c2cc3[nH]c(cc4[nH]c(cc5nc(cc1n2)C(C)=C5CC)c(C)c4CC)c(C)c3CC,0
431.15,Cn1c(=O)c2c(ncn2CCO)n(C)c1=O,Cn1c(=O)c2c(ncn2CCO)n(C)c1=O,0
260.15,C(COCCOCC1CO1)OCCOCC1CO1,C(COCCOCC1CO1)OCCOCC1CO1,0
516.15,COc1cc([C@@H]2c3cc4c(cc3[C@@H](O[C@@H]3O[C@@H]5CO[C@@H](C)O[C@H]5[C@H](O)[C@H]3O)[C@H]3COC(=O)[C@H]23)OCO4)cc(OC)c1O,COc1cc([C@@H]2c3cc4c(cc3[C@@H](O[C@@H]3O[C@@H]5CO[C@@H](C)O[C@H]5[C@H](O)[C@H]3O)[C@H]3COC(=O)[C@H]23)OCO4)cc(OC)c1O,0
271.45,CCOc1cc(OP(=S)(OC)OC)nc(CC)n1,CCOc1cc(OP(=S)(OC)OC)nc(CC)n1,0
274.54999999999995,CC12CCC(CC1)C(C)(C)O2,CC12CCC(CC1)C(C)(C)O2,0
394.65,C=C(C)c1cc2cc(C(C)=O)c(O)cc2o1,C=C(C)c1cc2cc(C(C)=O)c(O)cc2o1,0
301.15,CN1c2ccccc2C(=O)N2CCc3c([nH]c4ccccc34)[C@H]21,CN1c2ccccc2C(=O)N2CCc3c([nH]c4ccccc34)[C@H]21,0
443.75,NC(N)=Nc1nc(CSCC/C(N)=N/S(N)(=O)=O)cs1,NC(N)=Nc1nc(CSCC/C(N)=N/S(N)(=O)=O)cs1,0
330.15,COP(=S)(OC)Oc1ccc(S(=O)(=O)N(C)C)cc1,COP(=S)(OC)Oc1ccc(S(=O)(=O)N(C)C)cc1,0
385.15,Oc1ccccc1-c1nnco1,Oc1ccccc1-c1nnco1,0
322.15,CCOP(=O)(NC(C)C)Oc1ccc(SC)c(C)c1,CCOP(=O)(NC(C)C)Oc1ccc(SC)c(C)c1,0
391.15,OC(c1ccc(Cl)cc1)(c1cncnc1)c1ccccc1Cl,OC(c1ccc(Cl)cc1)(c1cncnc1)c1ccccc1Cl,0
418.95,CC(C)(C[Sn](CC(C)(C)c1ccccc1)(CC(C)(C)c1ccccc1)O[Sn](CC(C)(C)c1ccccc1)(CC(C)(C)c1ccccc1)CC(C)(C)c1ccccc1)c1ccccc1,CC(C)(C[Sn](CC(C)(C)c1ccccc1)(CC(C)(C)c1ccccc1)O[Sn](CC(C)(C)c1ccccc1)(CC(C)(C)c1ccccc1)CC(C)(C)c1ccccc1)c1ccccc1,0
326.15,CCOC(=O)NCCOc1ccc(Oc2ccccc2)cc1,CCOC(=O)NCCOc1ccc(Oc2ccccc2)cc1,0
322.45,CC1(C)C(C(=O)OC(C#N)c2cccc(Oc3ccccc3)c2)C1(C)C,CC1(C)C(C(=O)OC(C#N)c2cccc(Oc3ccccc3)c2)C1(C)C,0
358.35,CCC(=O)N(c1ccccc1)C1CCN(CCc2ccccc2)CC1,CCC(=O)N(c1ccccc1)C1CCN(CCc2ccccc2)CC1,0
280.65,COP(=S)(OC)Oc1ccc(SC)c(C)c1,COP(=S)(OC)Oc1ccc(SC)c(C)c1,0
319.15,CC(C)[C@H]1CC[C@H]2[C@@H](CC[C@H]3[C@@H](C)CCC[C@]23C)C1,CC(C)[C@H]1CC[C@H]2[C@@H](CC[C@H]3[C@@H](C)CCC[C@]23C)C1,0
525.15,CC(C)(C)NC(=O)[C@H]1CC[C@H]2[C@@H]3CC[C@H]4NC(=O)C=C[C@]4(C)[C@H]3CC[C@]12C,CC(C)(C)NC(=O)[C@H]1CC[C@H]2[C@@H]3CC[C@H]4NC(=O)C=C[C@]4(C)[C@H]3CC[C@]12C,0
603.15,O=c1c(O)c(-c2ccc(O)c(O)c2)oc2cc(O)ccc12,O=c1c(O)c(-c2ccc(O)c(O)c2)oc2cc(O)ccc12,0
481.15,O=C(O)CCC(=O)c1ccc2c(c1)-c1cccc3cccc-2c13,O=C(O)CCC(=O)c1ccc2c(c1)-c1cccc3cccc-2c13,0
278.15,CCCCOC(=O)[C@@H](C)Oc1ccc(Oc2ccc(C(F)(F)F)cn2)cc1,CCCCOC(=O)[C@@H](C)Oc1ccc(Oc2ccc(C(F)(F)F)cn2)cc1,0
392.15,FC(F)(F)N=C1SC(=Nc2ccccc2)N(c2ccccc2)C1=NC(F)(F)F,FC(F)(F)N=C1SC(=Nc2ccccc2)N(c2ccccc2)C1=NC(F)(F)F,0
320.85,CCCN(CCCl)c1c([N+](=O)[O-])cc(C(F)(F)F)cc1[N+](=O)[O-],CCCN(CCCl)c1c([N+](=O)[O-])cc(C(F)(F)F)cc1[N+](=O)[O-],0
534.15,C[C@]12CCC(=O)C=C1CC[C@H]1[C@@H]3CC[C@](O)(C(=O)CO)[C@@]3(C)C[C@H](O)[C@@]12F,C[C@]12CCC(=O)C=C1CC[C@H]1[C@@H]3CC[C@](O)(C(=O)CO)[C@@]3(C)C[C@H](O)[C@@]12F,0
579.15,NS(=O)(=O)c1cc2c(cc1C(F)(F)F)NC=NS2(=O)=O,NS(=O)(=O)c1cc2c(cc1C(F)(F)F)NC=NS2(=O)=O,0
539.15,CC1(C)O[C@@H]2C[C@H]3[C@@H]4C[C@H](F)C5=CC(=O)C=C[C@]5(C)[C@@]4(F)[C@@H](O)C[C@]3(C)[C@]2(C(=O)CO)O1,CC1(C)O[C@@H]2C[C@H]3[C@@H]4C[C@H](F)C5=CC(=O)C=C[C@]5(C)[C@@]4(F)[C@@H](O)C[C@]3(C)[C@]2(C(=O)CO)O1,0
383.35,c1ccc2c(c1)-c1cccc3cccc-2c13,c1ccc2c(c1)-c1cccc3cccc-2c13,0
403.45,Nc1ccc2c(c1)Cc1ccccc1-2,Nc1ccc2c(c1)Cc1ccccc1-2,0
387.91,c1ccc2c(c1)Cc1ccccc1-2,c1ccc2c(c1)Cc1ccccc1-2,0
503.15,O=C(O)C1c2ccccc2-c2ccccc21,O=C(O)C1c2ccccc2-c2ccccc21,0
439.15,Nc1ccc2c(c1)Cc1cc(N)ccc1-2,Nc1ccc2c(c1)Cc1cc(N)ccc1-2,0
376.57,OCC1c2ccccc2-c2ccccc21,OCC1c2ccccc2-c2ccccc21,0
427.15,OC1c2ccccc2-c2ccccc21,OC1c2ccccc2-c2ccccc21,0
357.15,O=C1c2ccccc2-c2ccccc21,O=C1c2ccccc2-c2ccccc21,0
588.15,O=C1OC2(c3ccc(O)cc3Oc3cc(O)ccc32)c2ccccc21,O=C1OC2(c3ccc(O)cc3Oc3cc(O)ccc32)c2ccccc21,0
381.15,NC(=O)CF,NC(=O)CF,0
308.35,O=C(O)CF,O=C(O)CF,0
77.14999999999998,C#CF,C#CF,0
244.15,Nc1ccccc1F,Nc1ccccc1F,0
271.25,Nc1ccc(F)cc1,Nc1ccc(F)cc1,0
228.65,O=Cc1ccccc1F,O=Cc1ccccc1F,0
263.15,O=Cc1ccc(F)cc1,O=Cc1ccc(F)cc1,0
230.97,Fc1ccccc1,Fc1ccccc1,0
367.15,O=C(O)Cc1ccc(F)cc1,O=C(O)Cc1ccc(F)cc1,0
359.15,N#CCc1ccc(F)cc1,N#CCc1ccc(F)cc1,0
296.15,OCc1ccc(F)cc1,OCc1ccc(F)cc1,0
303.15,O=S(=O)(Cl)c1ccc(F)cc1,O=S(=O)(Cl)c1ccc(F)cc1,0
397.35,O=C(O)c1ccccc1F,O=C(O)c1ccccc1F,0
396.75,O=C(O)c1cccc(F)c1,O=C(O)c1cccc(F)c1,0
457.05,O=C(O)c1ccc(F)cc1,O=C(O)c1ccc(F)cc1,0
307.95,N#Cc1ccc(F)cc1,N#Cc1ccc(F)cc1,0
275.15,O=C(Cl)c1ccccc1F,O=C(Cl)c1ccccc1F,0
243.15,O=C(Cl)c1cccc(F)c1,O=C(Cl)c1cccc(F)c1,0
282.15,O=C(Cl)c1ccc(F)cc1,O=C(Cl)c1ccc(F)cc1,0
346.65,Fc1ccccc1-c1ccccc1,Fc1ccccc1-c1ccccc1,0
347.35,Fc1ccc(-c2ccccc2)cc1,Fc1ccc(-c2ccccc2)cc1,0
139.14999999999998,CCCCF,CCCCF,0
151.74999999999997,CCC(C)F,CCC(C)F,0
286.15,FC1CCCCC1,FC1CCCCC1,0
569.15,Nc1[nH]c(=O)ncc1F,Nc1[nH]c(=O)ncc1F,0
238.15,CCCCCCCCCCF,CCCCCCCCCCF,0
364.85,O=[N+]([O-])c1ccc(Oc2ccc(C(F)(F)F)cc2[N+](=O)[O-])cc1,O=[N+]([O-])c1ccc(Oc2ccc(C(F)(F)F)cc2[N+](=O)[O-])cc1,0
298.95,O=[N+]([O-])c1ccc(F)c([N+](=O)[O-])c1,O=[N+]([O-])c1ccc(F)c([N+](=O)[O-])c1,0
129.95,CCF,CCF,0
246.75,OCCF,OCCF,0
112.64999999999998,C=CF,C=CF,0
200.15,CCCCCCCF,CCCCCCCF,0
170.14999999999998,CCCCCCF,CCCCCCF,0
231.65,Fc1ccccc1I,Fc1ccccc1I,0
246.15,Fc1ccc(I)cc1,Fc1ccc(I)cc1,0
300.15,Fc1ccc(N=C=S)cc1,Fc1ccc(N=C=S)cc1,0
129.84999999999997,CF,CF,0
234.15,COc1ccccc1F,COc1ccccc1F,0
238.15,COc1cccc(F)c1,COc1cccc(F)c1,0
228.15,COc1ccc(F)cc1,COc1ccc(F)cc1,0
287.35,Cc1cc(F)ccc1N,Cc1cc(F)ccc1N,0
238.15,FCc1ccccc1,FCc1ccccc1,0
326.35,Cc1ccc([N+](=O)[O-])c(F)c1,Cc1ccc([N+](=O)[O-])c(F)c1,0
259.15,Fc1cccc2ccccc12,Fc1cccc2ccccc12,0
331.15,Fc1ccc2ccccc2c1,Fc1ccc2ccccc2c1,0
267.15,O=[N+]([O-])c1ccccc1F,O=[N+]([O-])c1ccccc1F,0
314.15,O=[N+]([O-])c1cccc(F)c1,O=[N+]([O-])c1cccc(F)c1,0
299.65,O=[N+]([O-])c1ccc(F)cc1,O=[N+]([O-])c1ccc(F)cc1,0
209.15,CCCCCCCCF,CCCCCCCCF,0
153.14999999999998,CCCCCF,CCCCCF,0
289.25,Oc1ccccc1F,Oc1ccccc1F,0
287.15,Oc1cccc(F)c1,Oc1cccc(F)c1,0
321.15,Oc1ccc(F)cc1,Oc1ccc(F)cc1,0
302.15,O=C(CF)c1ccccc1,O=C(CF)c1ccccc1,0
228.15,CC(=O)c1ccc(F)cc1,CC(=O)c1ccc(F)cc1,0
114.14999999999998,CCCF,CCCF,0
253.15,C/C=C/F,C/C=C/F,0
210.65,Cc1ccccc1F,Cc1ccccc1F,0
183.95,Cc1cccc(F)c1,Cc1cccc(F)c1,0
216.55,Cc1ccc(F)cc1,Cc1ccc(F)cc1,0
191.65,Fc1cccc(C(F)(F)F)c1,Fc1cccc(C(F)(F)F)c1,0
231.45,Fc1ccc(C(F)(F)F)cc1,Fc1ccc(C(F)(F)F)cc1,0
557.15,O=c1[nH]cc(F)c(=O)[nH]1,O=c1[nH]cc(F)c(=O)[nH]1,0
543.15,C[C@]1(O)CC[C@H]2[C@@H]3CCC4=CC(=O)CC[C@]4(C)[C@@]3(F)[C@@H](O)C[C@@]21C,C[C@]1(O)CC[C@H]2[C@@H]3CCC4=CC(=O)CC[C@]4(C)[C@@]3(F)[C@@H](O)C[C@@]21C,0
483.15,C[C@]12C=CC(=O)C=C1[C@@H](F)C[C@@H]1[C@@H]2[C@@H](O)C[C@@]2(C)[C@H]1CC[C@]2(O)C(=O)CO,C[C@]12C=CC(=O)C=C1[C@@H](F)C[C@@H]1[C@@H]2[C@@H](O)C[C@@]2(C)[C@H]1CC[C@]2(O)C(=O)CO,0
524.15,CC1(C)O[C@@H]2C[C@H]3[C@@H]4C[C@H](F)C5=CC(=O)CC[C@]5(C)[C@H]4[C@@H](O)C[C@]3(C)[C@]2(C(=O)CO)O1,CC1(C)O[C@@H]2C[C@H]3[C@@H]4C[C@H](F)C5=CC(=O)CC[C@]5(C)[C@H]4[C@@H](O)C[C@]3(C)[C@]2(C(=O)CO)O1,0
353.15,CCN(CC)CCN1C(=O)CN=C(c2ccccc2F)c2cc(Cl)ccc21,CCN(CC)CCN1C(=O)CN=C(c2ccccc2F)c2cc(Cl)ccc21,0
428.15,Cn1cc(-c2ccccc2)c(=O)c(-c2cccc(C(F)(F)F)c2)c1,Cn1cc(-c2ccccc2)c(=O)c(-c2cccc(C(F)(F)F)c2)c1,0
505.15,Nc1c(Cl)c(F)nc(OCC(=O)O)c1Cl,Nc1c(Cl)c(F)nc(OCC(=O)O)c1Cl,0
523.15,Nc1nc2ncc(CNc3ccc(C(=O)N[C@@H](CCC(=O)O)C(=O)O)cc3)nc2c(=O)[nH]1,Nc1nc2ncc(CNc3ccc(C(=O)N[C@@H](CCC(=O)O)C(=O)O)cc3)nc2c(=O)[nH]1,0
518.15,Nc1nc2c(c(=O)[nH]1)N(C=O)C(CNc1ccc(C(=O)N[C@@H](CCC(=O)O)C(=O)O)cc1)CN2,Nc1nc2c(c(=O)[nH]1)N(C=O)C(CNc1ccc(C(=O)N[C@@H](CCC(=O)O)C(=O)O)cc1)CN2,0
454.15,O=C1c2ccccc2C(=O)N1SC(Cl)(Cl)Cl,O=C1c2ccccc2C(=O)N1SC(Cl)(Cl)Cl,0
493.15,CS(=O)(=O)NC(=O)c1cc(Oc2ccc(C(F)(F)F)cc2Cl)ccc1[N+](=O)[O-],CS(=O)(=O)NC(=O)c1cc(Oc2ccc(C(F)(F)F)cc2Cl)ccc1[N+](=O)[O-],0
326.15,c1ccc(OCc2ccc(CCCN3CCOCC3)cc2)cc1,c1ccc(OCc2ccc(CCCN3CCOCC3)cc2)cc1,0
181.15,C=O,C=O,0
274.45,C=NO,C=NO,0
275.72,NC=O,NC=O,0
417.15,N=C(N)S(=O)O,N=C(N)S(=O)O,0
281.45,O=CO,O=CO,0
363.15,NC=N[C@@H](CCC(=O)O)C(=O)O,NC=N[C@@H](CCC(=O)O)C(=O)O,0
529.65,COc1ccc(-c2coc3cc(O)ccc3c2=O)cc1,COc1ccc(-c2coc3cc(O)ccc3c2=O)cc1,0
298.65,COP(=S)(OC)SCC(=O)N(C)C=O,COP(=S)(OC)SCC(=O)N(C)C=O,0
373.65,O=Cc1ccccc1C(=O)O,O=Cc1ccccc1C(=O)O,0
448.15,O=Cc1cccc(C(=O)O)c1,O=Cc1cccc(C(=O)O)c1,0
522.95,O=Cc1ccc(C(=O)O)cc1,O=Cc1ccc(C(=O)O)cc1,0
349.65,N#Cc1cccc(C=O)c1,N#Cc1cccc(C=O)c1,0
373.65,N#Cc1ccc(C=O)cc1,N#Cc1ccc(C=O)cc1,0
423.15,COc1ccc(C=O)c(C(=O)O)c1OC,COc1ccc(C=O)c(C(=O)O)c1OC,0
130.95,O=CF,O=CF,0
431.15,CC(=O)Nc1ccc(C=O)cc1,CC(=O)Nc1ccc(C=O)cc1,0
478.15,COc1cc2ccc(=O)oc2c(O[C@@H]2O[C@H](CO)[C@@H](O)[C@H](O)[C@H]2O)c1O,COc1cc2ccc(=O)oc2c(O[C@@H]2O[C@H](CO)[C@@H](O)[C@H](O)[C@H]2O)c1O,0
403.15,CC(=O)N1CCSC1c1ccccc1OCc1ccccc1,CC(=O)N1CCSC1c1ccccc1OCc1ccccc1,0
375.15,O=C(CO)[C@H](O)[C@@H](O)[C@@H](O)CO,O=C(CO)[C@H](O)[C@@H](O)[C@@H](O)CO,0
376.15,OC[C@H]1O[C@](O)(CO)[C@@H](O)[C@@H]1O,OC[C@H]1O[C@](O)(CO)[C@@H](O)[C@@H]1O,0
441.15,CC(=O)O[C@H]1CC(C)(C)C(=C=C/C(C)=C/C=C/C(C)=C/C=C/C=C(C)/C=C/C=C(\C)C(=O)C[C@@]23O[C@]2(C)C[C@@H](O)CC3(C)C)[C@](C)(O)C1,CC(=O)O[C@H]1CC(C)(C)C(=C=C/C(C)=C/C=C/C(C)=C/C=C/C=C(C)/C=C/C=C(\C)C(=O)C[C@@]23O[C@]2(C)C[C@@H](O)CC3(C)C)[C@](C)(O)C1,0
395.15,O=C(O)/C=C/C(=O)O,O=C(O)/C=C/C(=O)O,0
389.15,COC1=C(O)C(=O)C(C)=CC1=O,COC1=C(O)C(=O)C(C)=CC1=O,0
187.57,c1ccoc1,c1ccoc1,0
341.65,O=C(O)Cc1ccco1,O=C(O)Cc1ccco1,0
272.15,O=C(Cl)c1ccco1,O=C(Cl)c1ccco1,0
403.15,O=C(O)c1ccco1,O=C(O)c1ccco1,0
394.85,O=C(O)c1ccoc1,O=C(O)c1ccoc1,0
615.15,O=C(O)c1ccc(C(=O)O)o1,O=C(O)c1ccc(C(=O)O)o1,0
325.15,CC(=O)OC(OC(C)=O)c1ccco1,CC(=O)OC(OC(C)=O)c1ccco1,0
312.65,CC(=O)C=Cc1ccco1,CC(=O)C=Cc1ccco1,0
301.65,CC(=O)c1ccco1,CC(=O)c1ccco1,0
320.15,O=C(/C=C/c1ccco1)c1ccccc1,O=C(/C=C/c1ccco1)c1ccccc1,0
301.15,CCC(=O)c1ccco1,CCC(=O)c1ccco1,0
302.15,CC(=O)Cc1ccco1,CC(=O)Cc1ccco1,0
325.15,O=CC=Cc1ccco1,O=CC=Cc1ccco1,0
311.15,N#C/C=C/c1ccco1,N#C/C=C/c1ccco1,0
414.15,O=C(O)C=Cc1ccco1,O=C(O)C=Cc1ccco1,0
528.15,O=C1OCCN1/N=C/c1ccc([N+](=O)[O-])o1,O=C1OCCN1/N=C/c1ccc([N+](=O)[O-])o1,0
301.15,CCOC(=O)C1(c2ccccc2)CCN(CCOCC2CCCO2)CC1,CCOC(=O)C1(c2ccccc2)CCN(CCOCC2CCCO2)CC1,0
234.85,O=Cc1ccco1,O=Cc1ccco1,0
258.65,OCc1ccco1,OCc1ccco1,0
408.15,O=C(c1ccco1)C(O)c1ccco1,O=C(c1ccco1)C(O)c1ccco1,0
475.45,C/C(=N\NC(=O)c1ccncc1)c1ccco1,C/C(=N\NC(=O)c1ccncc1)c1ccco1,0
477.15,NS(=O)(=O)c1cc(C(=O)O)c(NCc2ccco2)cc1Cl,NS(=O)(=O)c1cc(C(=O)O)c(NCc2ccco2)cc1Cl,0
405.15,C/C(=C(/CCO)SSCC1CCCO1)N(C=O)Cc1cnc(C)nc1N,C/C(=C(/CCO)SSCC1CCCO1)N(C=O)Cc1cnc(C)nc1N,0
427.15,NC(=O)/C(=C/c1ccc([N+](=O)[O-])o1)c1ccco1,NC(=O)/C(=C/c1ccc([N+](=O)[O-])o1)c1ccco1,0
455.15,CC(=O)O[C@@H]1[C@@H](O)[C@H]2O[C@@H]3C=C(C)C(=O)[C@@H](O)[C@]3(CO)[C@]1(C)[C@]21CO1,CC(=O)O[C@@H]1[C@@H](O)[C@H]2O[C@@H]3C=C(C)C(=O)[C@@H](O)[C@]3(CO)[C@]1(C)[C@]21CO1,0
528.15,O=C(O)[C@@H](O)[C@H](O)[C@H](O)[C@@H](O)C(=O)O,O=C(O)[C@@H](O)[C@H](O)[C@H](O)[C@@H](O)C(=O)O,0
460.35,OC[C@@H](O)[C@H](O)[C@H](O)[C@@H](O)CO,OC[C@@H](O)[C@H](O)[C@H](O)[C@@H](O)CO,0
385.15,O=C1O[C@@H]([C@H](O)CO)[C@H](O)[C@H]1O,O=C1O[C@@H]([C@H](O)CO)[C@H](O)[C@H]1O,0
440.15,OC[C@H]1O[C@H](O)[C@H](O)[C@@H](O)[C@H]1O,OC[C@H]1O[C@H](O)[C@H](O)[C@@H](O)[C@H]1O,0
443.15,OC[C@H]1OC(O)[C@H](O)[C@@H](O)[C@H]1O,OC[C@H]1OC(O)[C@H](O)[C@@H](O)[C@H]1O,0
439.15,O=C(O)[C@H]1OC(O)[C@H](O)[C@@H](O)[C@H]1O,O=C(O)[C@H]1OC(O)[C@H](O)[C@@H](O)[C@H]1O,0
399.65,COc1ccc2c3c1O[C@H]1C[C@@H](O)C=C[C@@]31CCN(C)C2,COc1ccc2c3c1O[C@H]1C[C@@H](O)C=C[C@@]31CCN(C)C2,0
388.65,COc1ccc(CCc2cc(OC)c3ccccc3n2)cc1OC,COc1ccc(CCc2cc(OC)c3ccccc3n2)cc1OC,0
573.15,O=C1OC2(c3ccccc31)c1ccc(O)c(O)c1Oc1c2ccc(O)c1O,O=C1OC2(c3ccccc31)c1ccc(O)c(O)c1Oc1c2ccc(O)c1O,0
523.15,Nc1nc2c(ncn2COC(CO)CO)c(=O)[nH]1,Nc1nc2c(ncn2COC(CO)CO)c(=O)[nH]1,0
451.15,C=C[C@]12CN(C)[C@@H]3[C@H]4CO[C@H](C[C@H]41)[C@]1(C(=O)Nc4ccccc41)[C@@H]32,C=C[C@]12CN(C)[C@@H]3[C@H]4CO[C@H](C[C@H]41)[C@]1(C(=O)Nc4ccccc41)[C@@H]32,0
574.15,O=c1c(-c2ccc(O)cc2)coc2cc(O)cc(O)c12,O=c1c(-c2ccc(O)cc2)coc2cc(O)cc(O)c12,0
465.15,O=C[C@H](O)[C@@H](O)[C@H](O)[C@H](O)CO[C@@H]1O[C@H](CO)[C@@H](O)[C@H](O)[C@H]1O,O=C[C@H](O)[C@@H](O)[C@H](O)[C@H](O)CO[C@@H]1O[C@H](CO)[C@@H](O)[C@H](O)[C@H]1O,0
258.15,CC(C)=CCC/C(C)=C/CO,CC(C)=CCC/C(C)=C/CO,0
493.15,C[C@H]1CC[C@@H]2N(C1)C[C@@H]1[C@H]([C@@H](O)[C@H](O)[C@]3(O)[C@H]1C[C@@]14O[C@@]5(O)[C@@H](C[C@@H](O)[C@@H]31)[C@]4(C)CC[C@@H]5O)[C@]2(C)O,C[C@H]1CC[C@@H]2N(C1)C[C@@H]1[C@H]([C@@H](O)[C@H](O)[C@]3(O)[C@H]1C[C@@]14O[C@@]5(O)[C@@H](C[C@@H](O)[C@@H]31)[C@]4(C)CC[C@@H]5O)[C@]2(C)O,0
507.15,C=C1C[C@]23C[C@@]1(O)CC[C@H]2[C@@]12C=C[C@H](O)[C@@](C)(C(=O)O1)[C@H]2[C@@H]3C(=O)O,C=C1C[C@]23C[C@@]1(O)CC[C@H]2[C@@]12C=C[C@H](O)[C@@](C)(C(=O)O1)[C@H]2[C@@H]3C(=O)O,0
507.15,C[C@]12CC[C@H](O)C[C@H]1CC[C@@H]1[C@@H]2CC[C@]2(C)[C@@H](C3=CC(=O)OC3)[C@@H](O)C[C@]12O,C[C@]12CC[C@H](O)C[C@H]1CC[C@@H]1[C@@H]2CC[C@]2(C)[C@@H](C3=CC(=O)OC3)[C@@H](O)C[C@]12O,0
558.15,C[C@H]1O[C@@H](O[C@H]2[C@@H](O)C[C@H](O[C@H]3[C@@H](O)C[C@H](O[C@H]4CC[C@@]5(C)[C@H](CC[C@@H]6[C@@H]5CC[C@]5(C)[C@@H](C7=CC(=O)OC7)[C@@H](O)C[C@]65O)C4)O[C@@H]3C)O[C@@H]2C)C[C@H](O)[C@@H]1O,C[C@H]1O[C@@H](O[C@H]2[C@@H](O)C[C@H](O[C@H]3[C@@H](O)C[C@H](O[C@H]4CC[C@@]5(C)[C@H](CC[C@@H]6[C@@H]5CC[C@]5(C)[C@@H](C7=CC(=O)OC7)[C@@H](O)C[C@]65O)C4)O[C@@H]3C)O[C@@H]2C)C[C@H](O)[C@@H]1O,0
393.15,COc1cc2c(cc1OC)-c1c(OC)c(OC)cc3c1[C@H](C2)N(C)CC3,COc1cc2c(cc1OC)-c1c(OC)c(OC)cc3c1[C@H](C2)N(C)CC3,0
398.65,O=C(O)[C@@H](O)[C@@H](O)[C@H](O)[C@@H](O)C(=O)O,O=C(O)[C@@H](O)[C@@H](O)[C@H](O)[C@@H](O)C(=O)O,0
370.15,OC[C@@H](O)[C@@H](O)[C@H](O)[C@@H](O)CO,OC[C@@H](O)[C@@H](O)[C@H](O)[C@@H](O)CO,0
371.15,CC(=O)OC[C@H](OC(C)=O)[C@@H](OC(C)=O)[C@H](OC(C)=O)[C@@H](COC(C)=O)OC(C)=O,CC(=O)OC[C@H](OC(C)=O)[C@@H](OC(C)=O)[C@H](OC(C)=O)[C@@H](COC(C)=O)OC(C)=O,0
404.15,O=C(O)[C@H](O)[C@@H](O)[C@H](O)[C@H](O)CO,O=C(O)[C@H](O)[C@@H](O)[C@H](O)[C@H](O)CO,0
422.15,OC[C@H]1O[C@@H](O)[C@H](O)[C@@H](O)[C@@H]1O,OC[C@H]1O[C@@H](O)[C@H](O)[C@@H](O)[C@@H]1O,0
448.15,O=Cc1ccccc1O[C@@H]1O[C@H](CO)[C@@H](O)[C@H](O)[C@H]1O,O=Cc1ccccc1O[C@@H]1O[C@H](CO)[C@@H](O)[C@H](O)[C@H]1O,0
493.15,O=c1ccc2ccc(O[C@@H]3O[C@H](CO)[C@@H](O)[C@H](O)[C@H]3O)cc2o1,O=c1ccc2ccc(O[C@@H]3O[C@H](CO)[C@@H](O)[C@H](O)[C@H]3O)cc2o1,0
418.15,CC(C)(C#N)O[C@@H]1O[C@H](CO)[C@@H](O)[C@H](O)[C@H]1O,CC(C)(C#N)O[C@@H]1O[C@H](CO)[C@@H](O)[C@H](O)[C@H]1O,0
468.65,CC(=O)c1ccc(O[C@@H]2O[C@H](CO)[C@@H](O)[C@H](O)[C@H]2O)cc1,CC(=O)c1ccc(O[C@@H]2O[C@H](CO)[C@@H](O)[C@H](O)[C@H]2O)cc1,0
419.15,OCC1OC(O)C(O)C(O)C1O,OCC1OC(O)C(O)C(O)C1O,0
405.15,CC(=O)OC[C@H]1O[C@H](OC(C)=O)[C@H](OC(C)=O)[C@@H](OC(C)=O)[C@@H]1OC(C)=O,CC(=O)OC[C@H]1O[C@H](OC(C)=O)[C@H](OC(C)=O)[C@@H](OC(C)=O)[C@@H]1OC(C)=O,0
407.15,CC(=O)OC[C@H]1O[C@@H](OC(C)=O)[C@H](OC(C)=O)[C@@H](OC(C)=O)[C@@H]1OC(C)=O,CC(=O)OC[C@H]1O[C@@H](OC(C)=O)[C@H](OC(C)=O)[C@@H](OC(C)=O)[C@@H]1OC(C)=O,0
438.15,O=C(O)[C@H]1OC(O)[C@H](O)[C@@H](O)[C@@H]1O,O=C(O)[C@H]1OC(O)[C@H](O)[C@@H](O)[C@@H]1O,0
450.65,O=C[C@H](O)[C@H]1OC(=O)[C@@H](O)[C@H]1O,O=C[C@H](O)[C@H]1OC(=O)[C@@H](O)[C@H]1O,0
472.15,NC(CCC(=O)O)C(=O)O,NC(CCC(=O)O)C(=O)O,0
486.15,N[C@H](CCC(=O)O)C(=O)O,N[C@H](CCC(=O)O)C(=O)O,0
433.15,N[C@@H](CCC(=O)O)C(=O)O,N[C@@H](CCC(=O)O)C(=O)O,0
455.15,NC(=O)CC[C@H](N)C(=O)O,NC(=O)CC[C@H](N)C(=O)O,0
371.05,O=C(O)CCCC(=O)O,O=C(O)CCCC(=O)O,0
468.15,N[C@@H](CCC(=O)N[C@@H](CS)C(=O)NCC(=O)O)C(=O)O,N[C@@H](CCC(=O)N[C@@H](CS)C(=O)NCC(=O)O)C(=O)O,0
452.15,N[C@@H](CCC(=O)N[C@@H](CSSC[C@H](NC(=O)CC[C@H](N)C(=O)O)C(=O)NCC(=O)O)C(=O)NCC(=O)O)C(=O)O,N[C@@H](CCC(=O)N[C@@H](CSSC[C@H](NC(=O)CC[C@H](N)C(=O)O)C(=O)NCC(=O)O)C(=O)NCC(=O)O)C(=O)O,0
358.15,CCC1(c2ccccc2)CCC(=O)NC1=O,CCC1(c2ccccc2)CCC(=O)NC1=O,0
291.35,OCC(O)CO,OCC(O)CO,0
299.15,O=[N+]([O-])OCC(O)CO[N+](=O)[O-],O=[N+]([O-])OCC(O)CO[N+](=O)[O-],0
323.25,CCCCCCCC/C=C\CCCCCCCC(=O)OCC(O)COC(=O)CCCCCCC/C=C\CCCCCCCC,CCCCCCCC/C=C\CCCCCCCC(=O)OCC(O)COC(=O)CCCCCCC/C=C\CCCCCCCC,0
308.15,CCCCCCCC/C=C\CCCCCCCC(=O)OCC(O)CO,CCCCCCCC/C=C\CCCCCCCC(=O)OCC(O)CO,0
304.15,CCCCCCCCCC(=O)OCC(COC(=O)CCCCCCCCC)OC(=O)CCCCCCCCC,CCCCCCCCCC(=O)OCC(COC(=O)CCCCCCCCC)OC(=O)CCCCCCCCC,0
278.45,CCCCCCCC/C=C\CCCCCCCC(=O)OCC(COC(=O)CCCCCCC/C=C\CCCCCCCC)OC(=O)CCCCCCC/C=C\CCCCCCCC,CCCCCCCC/C=C\CCCCCCCC(=O)OCC(COC(=O)CCCCCCC/C=C\CCCCCCCC)OC(=O)CCCCCCC/C=C\CCCCCCCC,0
339.15,CCCCCCCCCCCCCCCC(=O)OCC(COC(=O)CCCCCCCCCCCCCCC)OC(=O)CCCCCCCCCCCCCCC,CCCCCCCCCCCCCCCC(=O)OCC(COC(=O)CCCCCCCCCCCCCCC)OC(=O)CCCCCCCCCCCCCCC,0
330.15,CCCCCCCCCCCCCC(=O)OCC(COC(=O)CCCCCCCCCCCCC)OC(=O)CCCCCCCCCCCCC,CCCCCCCCCCCCCC(=O)OCC(COC(=O)CCCCCCCCCCCCC)OC(=O)CCCCCCCCCCCCC,0
563.15,NCC(=O)O,NCC(=O)O,0
439.65,C[C@H](CCC(=O)NCC(=O)O)[C@H]1CC[C@H]2[C@@H]3[C@H](O)C[C@@H]4C[C@H](O)CC[C@]4(C)[C@H]3C[C@H](O)[C@]12C,C[C@H](CCC(=O)NCC(=O)O)[C@H]1CC[C@H]2[C@@H]3[C@H](O)C[C@@H]4C[C@H](O)CC[C@]4(C)[C@H]3C[C@H](O)[C@]12C,0
555.15,NC(N)=NCC(=O)O,NC(N)=NCC(=O)O,0
370.15,O=CCO,O=CCO,0
352.65,O=C(O)CO,O=C(O)CO,0
459.15,O=C(CO)N[C@@H]([C@@H](O)[C@H](O)[C@H](O)CO)[C@@H](O)CC(=O)C(=O)O,O=C(CO)N[C@@H]([C@@H](O)[C@H](O)[C@H](O)CO)[C@@H](O)CC(=O)C(=O)O,0
510.15,CC(N)C(=O)NCC(=O)O,CC(N)C(=O)NCC(=O)O,0
489.15,NCC(=O)N[C@@H](CC(N)=O)C(=O)O,NCC(=O)N[C@@H](CC(N)=O)C(=O)O,0
493.15,NCC(=O)NCC(=O)O,NCC(=O)NCC(=O)O,0
519.15,NCC(=O)NCC(=O)NCC(=O)O,NCC(=O)NCC(=O)NCC(=O)O,0
529.15,CC(C)C[C@H](NC(=O)CN)C(=O)O,CC(C)C[C@H](NC(=O)CN)C(=O)O,0
540.15,NCC(=O)N[C@@H](Cc1ccccc1)C(=O)O,NCC(=O)N[C@@H](Cc1ccccc1)C(=O)O,0
471.15,NCC(=O)NC(CO)C(=O)O,NCC(=O)NC(CO)C(=O)O,0
493.15,CC1(C)[C@@H](O[C@H]2O[C@H](C(=O)O)[C@@H](O)[C@H](O)[C@H]2O[C@@H]2O[C@H](C(=O)O)[C@@H](O)[C@H](O)[C@H]2O)CC[C@]2(C)[C@H]3C(=O)C=C4[C@@H]5C[C@@](C)(C(=O)O)CC[C@]5(C)CC[C@@]4(C)[C@]3(C)CC[C@@H]12,CC1(C)[C@@H](O[C@H]2O[C@H](C(=O)O)[C@@H](O)[C@H](O)[C@H]2O[C@@H]2O[C@H](C(=O)O)[C@@H](O)[C@H](O)[C@H]2O)CC[C@]2(C)[C@H]3C(=O)C=C4[C@@H]5C[C@@](C)(C(=O)O)CC[C@]5(C)CC[C@@]4(C)[C@]3(C)CC[C@@H]12,0
288.15,O=CC=O,O=CC=O,0
475.15,Oc1ccccc1N=CC=Nc1ccccc1O,Oc1ccccc1N=CC=Nc1ccccc1O,0
371.15,O=CC(=O)O,O=CC(=O)O,0
503.15,O=C(O)CNCP(=O)(O)O,O=C(O)CNCP(=O)(O)O,0
541.15,CC(=O)O[C@@H]1[C@H]2CC[C@H]3[C@@](C)(O)[C@@H]4C[C@H](O)C(C)(C)[C@@]4(O)[C@H](O)C[C@@]13C[C@@]2(C)O,CC(=O)O[C@@H]1[C@H]2CC[C@H]3[C@@](C)(O)[C@@H]4C[C@H](O)C(C)(C)[C@@]4(O)[C@H](O)C[C@@]13C[C@@]2(C)O,0
493.15,COC1=CC(=O)C[C@@H](C)[C@]12Oc1c(Cl)c(OC)cc(OC)c1C2=O,COC1=CC(=O)C[C@@H](C)[C@]12Oc1c(Cl)c(OC)cc(OC)c1C2=O,0
364.15,C[C@H]1CC[C@@H](C(C)(C)O)CC2=C1CC[C@@H]2C,C[C@H]1CC[C@@H](C(C)(C)O)CC2=C1CC[C@@H]2C,0
501.15,NC(N)=N/N=C/c1c(Cl)cccc1Cl,NC(N)=N/N=C/c1c(Cl)cccc1Cl,0
499.15,NC(N)=NCCN1CCCCCCC1,NC(N)=NCCN1CCCCCCC1,0
323.15,N=C(N)N,N=C(N)N,0
500.15,NC(N)=NCCS(=O)(=O)O,NC(N)=NCCS(=O)(=O)O,0
483.15,NC(N)=NCCC(=O)O,NC(N)=NCCC(=O)O,0
633.15,Nc1nc2nc[nH]c2c(=O)[nH]1,Nc1nc2nc[nH]c2c(=O)[nH]1,0
512.15,Nc1nc2c(ncn2[C@@H]2O[C@H](CO)[C@@H](O)[C@H]2O)c(=O)[nH]1,Nc1nc2c(ncn2[C@@H]2O[C@H](CO)[C@@H](O)[C@H]2O)c(=O)[nH]1,0
463.15,Nc1nc2c(ncn2[C@@H]2O[C@H](COP(=O)(O)O)[C@@H](O)[C@H]2O)c(=O)[nH]1,Nc1nc2c(ncn2[C@@H]2O[C@H](COP(=O)(O)O)[C@@H](O)[C@H]2O)c(=O)[nH]1,0
424.65,O=C(CCCN1CCC(O)(c2ccc(Cl)cc2)CC1)c1ccc(F)cc1,O=C(CCCN1CCC(O)(c2ccc(Cl)cc2)CC1)c1ccc(F)cc1,0
503.15,COc1ccc2c3c([nH]c2c1)C(C)=NCC3,COc1ccc2c3c([nH]c2c1)C(C)=NCC3,0
509.65,Cc1nccc2c1[nH]c1ccccc12,Cc1nccc2c1[nH]c1ccccc12,0
546.15,COc1ccc2c(c1)[nH]c1c(C)nccc12,COc1ccc2c(c1)[nH]c1c(C)nccc12,0
373.15,CNc1ccc(N(CCO)CCO)cc1[N+](=O)[O-],CNc1ccc(N(CCO)CCO)cc1[N+](=O)[O-],0
383.15,O=[N+]([O-])c1cc(N(CCO)CCO)ccc1NCCO,O=[N+]([O-])c1cc(N(CCO)CCO)ccc1NCCO,0
388.35,CCCCCCCCCCCCCCCCCCCCCCCCCCCCCCCCCCCCCCCCCCCCCCCCCCCCCCCCCCCCCCCCCCCCCCCCCCCCCCCCCCCCCCCCCCCCCCCCCCCC,CCCCCCCCCCCCCCCCCCCCCCCCCCCCCCCCCCCCCCCCCCCCCCCCCCCCCCCCCCCCCCCCCCCCCCCCCCCCCCCCCCCCCCCCCCCCCCCCCCCC,0
606.15,CC1(C)CC[C@]2(C(=O)O)CC[C@]3(C)C(=CC[C@@H]4[C@@]5(C)CC[C@H](O)[C@@](C)(CO)[C@@H]5CC[C@]43C)[C@@H]2C1,CC1(C)CC[C@]2(C(=O)O)CC[C@]3(C)C(=CC[C@@H]4[C@@]5(C)CC[C@H](O)[C@@](C)(CO)[C@@H]5CC[C@]43C)[C@@H]2C1,0
499.15,C=C1C(=O)O[C@@H]2C[C@@H](C)[C@@H]3C=CC(=O)[C@@]3(C)[C@@H](O)[C@H]12,C=C1C(=O)O[C@@H]2C[C@@H](C)[C@@H]3C=CC(=O)[C@@]3(C)[C@@H](O)[C@H]12,0
331.15,CC1=C(C=O)[C@H]2[C@@H](C(C)C)CC[C@]1(C)[C@H]2C=O,CC1=C(C=O)[C@H]2[C@@H](C(C)C)CC[C@]1(C)[C@H]2C=O,0
485.15,CC(=O)O[C@H]1C[C@@]2(C)[C@@H](CC[C@H]3[C@@]4(C)C=CC(=O)[C@@H](C)[C@@H]4[C@H](OC(C)=O)C(=O)[C@@]32C)/C1=C(\CCC=C(C)C)C(=O)O,CC(=O)O[C@H]1C[C@@]2(C)[C@@H](CC[C@H]3[C@@]4(C)C=CC(=O)[C@@H](C)[C@@H]4[C@H](OC(C)=O)C(=O)[C@@]32C)/C1=C(\CCC=C(C)C)C(=O)O,0
523.15,O=C1C=CC2=C3c4cc(O)c(O)cc4CC3(O)COC2=C1O,O=C1C=CC2=C3c4cc(O)c(O)cc4CC3(O)COC2=C1O,0
413.15,Oc1cc2c(cc1O)[C@@H]1c3ccc(O)c(O)c3OC[C@]1(O)C2,Oc1cc2c(cc1O)[C@@H]1c3ccc(O)c(O)c3OC[C@]1(O)C2,0
313.54999999999995,CCCCCCCCCCCCCCCCCCCCC,CCCCCCCCCCCCCCCCCCCCC,0
341.15,CCCCCCCCCCCCCCCCCCCCCCCCCCCCCCC,CCCCCCCCCCCCCCCCCCCCCCCCCCCCCCC,0
368.95,ClC1=C(Cl)C2(Cl)C3C(Cl)C=CC3C1(Cl)C2(Cl)Cl,ClC1=C(Cl)C2(Cl)C3C(Cl)C=CC3C1(Cl)C2(Cl)Cl,0
435.95,ClC1=C(Cl)[C@]2(Cl)[C@@H]3[C@@H](Cl)[C@H]4O[C@H]4[C@@H]3[C@@]1(Cl)C2(Cl)Cl,ClC1=C(Cl)[C@]2(Cl)[C@@H]3[C@@H](Cl)[C@H]4O[C@H]4[C@@H]3[C@@]1(Cl)C2(Cl)Cl,0
395.35,Clc1ccc(-c2c(Cl)cc(Cl)c(Cl)c2Cl)c(Cl)c1Cl,Clc1ccc(-c2c(Cl)cc(Cl)c(Cl)c2Cl)c(Cl)c1Cl,0
284.15,ClC(C(Cl)(Cl)Cl)C(Cl)(Cl)Cl,ClC(C(Cl)(Cl)Cl)C(Cl)(Cl)Cl,0
379.15,CCCCCCCCCCCCCCCCCCCCCCCCCCCCCCCCCCCCCCCCCCCCCCCCCCCCCCCCCCCCCCCCCCCCCC,CCCCCCCCCCCCCCCCCCCCCCCCCCCCCCCCCCCCCCCCCCCCCCCCCCCCCCCCCCCCCCCCCCCCCC,0
331.95,CCCCCCCCCCCCCCCCCCCCCCCCCCC,CCCCCCCCCCCCCCCCCCCCCCCCCCC,0
309.15,CCCCCCCCCCCCCCCCC=O,CCCCCCCCCCCCCCCCC=O,0
322.15,CCCCCCCCCCCCCCCCCN,CCCCCCCCCCCCCCCCCN,0
295.12,CCCCCCCCCCCCCCCCC,CCCCCCCCCCCCCCCCC,0
307.15,CCCCCCCCCCCCCCCCC#N,CCCCCCCCCCCCCCCCC#N,0
334.23,CCCCCCCCCCCCCCCCC(=O)O,CCCCCCCCCCCCCCCCC(=O)O,0
326.15,CCCCCCCCCCCCCCCCCO,CCCCCCCCCCCCCCCCCO,0
321.35,CCCCCCCCCCCCCCCC(C)=O,CCCCCCCCCCCCCCCC(C)=O,0
323.85,CCCCCCCCC(=O)CCCCCCCC,CCCCCCCCC(=O)CCCCCCCC,0
283.85,C=CCCCCCCCCCCCCCCC,C=CCCCCCCCCCCCCCCC,0
292.85,CCCCCCCCCCCCCCCCCc1ccccc1,CCCCCCCCCCCCCCCCCc1ccccc1,0
188.35,C#CCCCC#C,C#CCCCC#C,0
255.65,O=C(O)C(F)(F)C(F)(F)C(F)(F)F,O=C(O)C(F)(F)C(F)(F)C(F)(F)F,0
230.15,O=C(OC(=O)C(F)(F)C(F)(F)C(F)(F)F)C(F)(F)C(F)(F)C(F)(F)F,O=C(OC(=O)C(F)(F)C(F)(F)C(F)(F)F)C(F)(F)C(F)(F)C(F)(F)F,0
311.15,CC(C)(C)C(=O)CC(=O)C(F)(F)C(F)(F)C(F)(F)F,CC(C)(C)C(=O)CC(=O)C(F)(F)C(F)(F)C(F)(F)F,0
146.34999999999997,FC(C(F)(F)F)C(F)(F)F,FC(C(F)(F)F)C(F)(F)F,0
229.21,CCCCCCC=O,CCCCCCC=O,0
330.65,CCCCCC/C=N/O,CCCCCC/C=N/O,0
298.45,NCCCCCCCN,NCCCCCCCN,0
241.75,N#CCCCCCC#N,N#CCCCCCC#N,0
377.55,O=C(O)CCCCCC(=O)O,O=C(O)CCCCCC(=O)O,0
295.04999999999995,OCCCCCCCO,OCCCCCCCO,0
209.35,CCCCCCC#N,CCCCCCC#N,0
229.93,CCCCCCCS,CCCCCCCS,0
322.15,CC(=O)CC(=O)CC(C)=O,CC(=O)CC(=O)CC(C)=O,0
265.98,CCCCCCC(=O)O,CCCCCCC(=O)O,0
260.75,CCCCCCC(=O)OC(=O)CCCCCC,CCCCCCC(=O)OC(=O)CCCCCC,0
239.95,CCCCCCCO,CCCCCCCO,0
203.15,CCCC[C@@H](O)CC,CCCC[C@@H](O)CC,0
231.95,CCCC(O)CCC,CCCC(O)CCC,0
238.45,CCCCCC(C)=O,CCCCCC(C)=O,0
235.95,CCCCC(=O)CC,CCCCC(=O)CC,0
241.05,CCCC(=O)CCC,CCCC(=O)CCC,0
189.35,CCCCCCC(=O)Cl,CCCCCCC(=O)Cl,0
154.32,C=CCCCCC,C=CCCCCC,0
163.67999999999998,C/C=C/CCCC,C/C=C/CCCC,0
136.54999999999998,CC/C=C\CCC,CC/C=C\CCC,0
136.51,CC/C=C/CCC,CC/C=C/CCC,0
266.65,C=CCCCCC(=O)O,C=CCCCCC(=O)O,0
222.85,CCCCCCCOC(C)=O,CCCCCCCOC(C)=O,0
250.15,CCCCCCCN,CCCCCCCN,0
225.15,CCCCCCCc1ccccc1,CCCCCCCc1ccccc1,0
215.65,CCCCCCCOC(=O)CCC,CCCCCCCOC(=O)CCC,0
232.85,CCCCCCCC1CCCCC1,CCCCCCCC1CCCCC1,0
212.15,CCCCCCCC1CCCC1,CCCCCCCC1CCCC1,0
226.75,CCCCCCCOC(=O)CCCC,CCCCCCCOC(=O)CCCC,0
261.15,CCCCCCCC1CCCC(=O)O1,CCCCCCCC1CCCC(=O)O1,0
192.25,C#CCCCCC,C#CCCCCC,0
142.64999999999998,CCC#CCCC,CCC#CCCC,0
499.15,COc1ccc([C@@H]2CC(=O)c3c(O)cc(O)cc3O2)cc1O,COc1ccc([C@@H]2CC(=O)c3c(O)cc(O)cc3O2)cc1O,0
535.15,COc1ccc([C@@H]2CC(=O)c3c(O)cc(O[C@@H]4O[C@H](CO[C@@H]5O[C@@H](C)[C@H](O)[C@@H](O)[C@H]5O)[C@@H](O)[C@H](O)[C@H]4O)cc3O2)cc1O,COc1ccc([C@@H]2CC(=O)c3c(O)cc(O[C@@H]4O[C@H](CO[C@@H]5O[C@@H](C)[C@H](O)[C@@H](O)[C@H]5O)[C@@H](O)[C@H](O)[C@H]4O)cc3O2)cc1O,0
600.15,Brc1c(Br)c(Br)c(Br)c(Br)c1Br,Brc1c(Br)c(Br)c(Br)c(Br)c1Br,0
433.15,Brc1cc(Br)c(-c2cc(Br)c(Br)cc2Br)cc1Br,Brc1cc(Br)c(-c2cc(Br)c(Br)cc2Br)cc1Br,0
440.15,BrC1CCC(Br)C(Br)CCC(Br)C(Br)CCC1Br,BrC1CCC(Br)C(Br)CCC(Br)C(Br)CCC1Br,0
228.15,CCCC[Sn](CCCC)(CCCC)O[Sn](CCCC)(CCCC)CCCC,CCCC[Sn](CCCC)(CCCC)O[Sn](CCCC)(CCCC)CCCC,0
653.15,c1ccc2cc3cc4cc5cc6ccccc6cc5cc4cc3cc2c1,c1ccc2cc3cc4cc5cc6ccccc6cc5cc4cc3cc2c1,0
272.15,O=C(C(Cl)(Cl)Cl)C(Cl)(Cl)Cl,O=C(C(Cl)(Cl)Cl)C(Cl)(Cl)Cl,0
503.15,Clc1c(Cl)c(Cl)c(Cl)c(Cl)c1Cl,Clc1c(Cl)c(Cl)c(Cl)c(Cl)c1Cl,0
424.85,Clc1ccc(-c2ccc(Cl)c(Cl)c2Cl)c(Cl)c1Cl,Clc1ccc(-c2ccc(Cl)c(Cl)c2Cl)c(Cl)c1Cl,0
386.85,Clc1cc(Cl)c(-c2c(Cl)cc(Cl)cc2Cl)c(Cl)c1,Clc1cc(Cl)c(-c2c(Cl)cc(Cl)cc2Cl)c(Cl)c1,0
385.15,Clc1ccc(Cl)c(-c2c(Cl)ccc(Cl)c2Cl)c1Cl,Clc1ccc(Cl)c(-c2c(Cl)ccc(Cl)c2Cl)c1Cl,0
376.65,Clc1cc(Cl)c(-c2cc(Cl)c(Cl)cc2Cl)cc1Cl,Clc1cc(Cl)c(-c2cc(Cl)c(Cl)cc2Cl)cc1Cl,0
252.15,ClC(Cl)=C(Cl)C(Cl)=C(Cl)Cl,ClC(Cl)=C(Cl)C(Cl)=C(Cl)Cl,0
388.15,ClC1C(Cl)C(Cl)C(Cl)C(Cl)C1Cl,ClC1C(Cl)C(Cl)C(Cl)C(Cl)C1Cl,0
264.15,ClC1=C(Cl)C(Cl)(Cl)C(Cl)=C1Cl,ClC1=C(Cl)C(Cl)(Cl)C(Cl)=C1Cl,0
558.15,Clc1cc2c(c(Cl)c1Cl)Oc1cc(Cl)c(Cl)c(Cl)c1O2,Clc1cc2c(c(Cl)c1Cl)Oc1cc(Cl)c(Cl)c(Cl)c1O2,0
516.15,Clc1cc2c(c(Cl)c1Cl)Oc1c(cc(Cl)c(Cl)c1Cl)O2,Clc1cc2c(c(Cl)c1Cl)Oc1c(cc(Cl)c(Cl)c1Cl)O2,0
459.95,ClC(Cl)(Cl)C(Cl)(Cl)Cl,ClC(Cl)(Cl)C(Cl)(Cl)Cl,0
438.15,Oc1c(Cl)cc(Cl)c(Cl)c1Cc1c(O)c(Cl)cc(Cl)c1Cl,Oc1c(Cl)cc(Cl)c(Cl)c1Cc1c(O)c(Cl)cc(Cl)c1Cl,0
200.25,ClC(Cl)=C(Cl)C(Cl)(Cl)Cl,ClC(Cl)=C(Cl)C(Cl)(Cl)Cl,0
373.15,CCCCCCCCCCCCCCCCCCCCCCCCCCCCCCCCCCCCCCCCCCCCCCCCCCCCCCCCCCCC,CCCCCCCCCCCCCCCCCCCCCCCCCCCCCCCCCCCCCCCCCCCCCCCCCCCCCCCCCCCC,0
329.24,CCCCCCCCCCCCCCCCCCCCCCCCCC,CCCCCCCCCCCCCCCCCCCCCCCCCC,0
360.85,CCCCCCCCCCCCCCCCCCCCCCCCCC(=O)O,CCCCCCCCCCCCCCCCCCCCCCCCCC(=O)O,0
353.15,CCCCCCCCCCCCCCCCCCCCCCCCCCO,CCCCCCCCCCCCCCCCCCCCCCCCCCO,0
195.15,C[Si](C)(C)O[Si](C)(C)O[Si](C)(C)O[Si](C)(C)O[Si](C)(C)O[Si](C)(C)O[Si](C)(C)C,C[Si](C)(C)O[Si](C)(C)O[Si](C)(C)O[Si](C)(C)O[Si](C)(C)O[Si](C)(C)O[Si](C)(C)C,0
309.15,CCCCCCCCCCCCCCCC=O,CCCCCCCCCCCCCCCC=O,0
378.15,CCCCCCCCCCCCCCCC(N)=O,CCCCCCCCCCCCCCCC(N)=O,0
291.33,CCCCCCCCCCCCCCCC,CCCCCCCCCCCCCCCC,0
395.15,O=C(O)CCCCCCCCCCCCCCC(=O)O,O=C(O)CCCCCCCCCCCCCCC(=O)O,0
304.54999999999995,CCCCCCCCCCCCCCCC#N,CCCCCCCCCCCCCCCC#N,0
292.15,CCCCCCCCCCCCCCCCS,CCCCCCCCCCCCCCCCS,0
335.64,CCCCCCCCCCCCCCCC(=O)O,CCCCCCCCCCCCCCCC(=O)O,0
337.15,CCCCCCCCCCCCCCCC(=O)OC(=O)CCCCCCCCCCCCCCC,CCCCCCCCCCCCCCCC(=O)OC(=O)CCCCCCCCCCCCCCC,0
322.45,CCCCCCCCCCCCCCCCO,CCCCCCCCCCCCCCCCO,0
316.15,CCCCCCCCCCCCCC(=O)CC,CCCCCCCCCCCCCC(=O)CC,0
285.15,CCCCCCCCCCCCCCCC(=O)Cl,CCCCCCCCCCCCCCCC(=O)Cl,0
277.35,C=CCCCCCCCCCCCCCC,C=CCCCCCCCCCCCCCC,0
275.15,CCCCCC/C=C\CCCCCCCC(=O)O,CCCCCC/C=C\CCCCCCCC(=O)O,0
254.65,CCCCCCCCCCCCCCCCOC(C)=O,CCCCCCCCCCCCCCCCOC(C)=O,0
319.15,CCCCCCCCCCCCCCCCN,CCCCCCCCCCCCCCCCN,0
299.54999999999995,CCCCCCCCCCCCCCCCc1ccccc1,CCCCCCCCCCCCCCCCc1ccccc1,0
317.04999999999995,CCCCCCCCCCCCCCCCOC(=O)CCCCCCCCCCCCCCC,CCCCCCCCCCCCCCCCOC(=O)CCCCCCCCCCCCCCC,0
345.65,CCCCCCCCCCCCCCCCOC(=O)c1cc2ccccc2cc1O,CCCCCCCCCCCCCCCCOC(=O)c1cc2ccccc2cc1O,0
314.15,CCCCCCCCCCCCCCCCOC(=O)C(C)O,CCCCCCCCCCCCCCCCOC(=O)C(C)O,0
297.15,C=C(C)C(=O)OCCCCCCCCCCCCCCCC,C=C(C)C(=O)OCCCCCCCCCCCCCCCC,0
337.15,CCCCCCCCCCCCCCCCOC[C@@H](O)CO,CCCCCCCCCCCCCCCCOC[C@@H](O)CO,0
329.95,CCCCCCCCCCCCCCCCCC(=O)OCCCCCCCCCCCCCCCC,CCCCCCCCCCCCCCCCCC(=O)OCCCCCCCCCCCCCCCC,0
289.15,C=COCCCCCCCCCCCCCCCC,C=COCCCCCCCCCCCCCCCC,0
288.15,C#CCCCCCCCCCCCCCC,C#CCCCCCCCCCCCCCC,0
256.65,C/C=C/C=C/C=O,C/C=C/C=C/C=O,0
170.74999999999997,C=C/C=C/CC,C=C/C=C/CC,0
134.45,C=CC/C=C/C,C=CC/C=C/C,0
132.45,C=CCCC=C,C=CCCC=C,0
177.04999999999998,C/C=C\C=C\C,C/C=C\C=C\C,0
228.25,C/C=C/C=C/C,C/C=C/C=C/C,0
407.65,C/C=C/C=C/C(=O)O,C/C=C/C=C/C(=O)O,0
302.15,CC=CC=CCO,CC=CC=CCO,0
185.15,C=CC#CC=C,C=CC#CC=C,0
267.65,C#CCCC#C,C#CCCC#C,0
337.82,CC#CC#CC,CC#CC#CC,0
402.15,CCc1c(CC)c(CC)c(CC)c(CC)c1CC,CCc1c(CC)c(CC)c(CC)c(CC)c1CC,0
233.15,CCOP(=O)(OCC)OP(=O)(OCC)OP(=O)(OCC)OP(=O)(OCC)OCC,CCOP(=O)(OCC)OP(=O)(OCC)OP(=O)(OCC)OP(=O)(OCC)OCC,0
278.25,Fc1c(F)c(F)c(F)c(F)c1F,Fc1c(F)c(F)c(F)c(F)c1F,0
141.14999999999998,FC(F)=C(F)C(F)=C(F)F,FC(F)=C(F)C(F)=C(F)F,0
155.74999999999997,FC(F)(F)C#CC(F)(F)F,FC(F)(F)C#CC(F)(F)F,0
213.15,FC1=C(F)C(F)(F)C1(F)F,FC1=C(F)C(F)(F)C1(F)F,0
179.54999999999998,FC(F)(F)CC(F)(F)F,FC(F)(F)CC(F)(F)F,0
271.15,OC(C(F)(F)F)C(F)(F)F,OC(C(F)(F)F)C(F)(F)F,0
313.65,C1CNCCNC1,C1CNCCNC1,0
193.15,O=CC12CC=CCC1C1CC=CCC1O2,O=CC12CC=CCC1C1CC=CCC1O2,0
305.15,O=C1OC(=O)C2CCCCC12,O=C1OC(=O)C2CCCCC12,0
476.55,O=[N+]([O-])N1CN([N+](=O)[O-])CN([N+](=O)[O-])C1,O=[N+]([O-])N1CN([N+](=O)[O-])CN([N+](=O)[O-])C1,0
417.15,c1ccc(N2CN(c3ccccc3)CN(c3ccccc3)C2)cc1,c1ccc(N2CN(c3ccccc3)CN(c3ccccc3)C2)cc1,0
438.75,Cc1c(C)c(C)c(C)c(C)c1C,Cc1c(C)c(C)c(C)c(C)c1C,0
254.45,C[Si]1(C)N[Si](C)(C)N[Si](C)(C)N1,C[Si]1(C)N[Si](C)(C)N[Si](C)(C)N1,0
336.85,C[Si]1(C)O[Si](C)(C)O[Si](C)(C)O1,C[Si]1(C)O[Si](C)(C)O[Si](C)(C)O1,0
287.54999999999995,C[Si](C)(C)[Si](C)(C)C,C[Si](C)(C)[Si](C)(C)C,0
204.95,C[Si](C)(C)O[Si](C)(C)C,C[Si](C)(C)O[Si](C)(C)C,0
423.15,NCCCCCCNC(=O)O,NCCCCCCNC(=O)O,0
523.15,C1N2CN3CN1CN(C2)C3,C1N2CN3CN1CN(C2)C3,0
410.15,OCN(CO)c1nc(N(CO)CO)nc(N(CO)CO)n1,OCN(CO)c1nc(N(CO)CO)nc(N(CO)CO)n1,0
280.35,CN(C)P(=O)(N(C)C)N(C)C,CN(C)P(=O)(N(C)C)N(C)C,0
235.15,CC(C)CCCC(C)CCCC(C)CCCCC(C)CCCC(C)CCCC(C)C,CC(C)CCCC(C)CCCC(C)CCCCC(C)CCCC(C)CCCC(C)C,0
214.95,CCCCCC=O,CCCCCC=O,0
374.15,CCCCCC(N)=O,CCCCCC(N)=O,0
177.88,CCCCCC,CCCCCC,0
265.15,O=CCCCCC=O,O=CCCCCC=O,0
499.05,NC(=O)CCCCC(N)=O,NC(=O)CCCCC(N)=O,0
311.95,NCCCCCCN,NCCCCCCN,0
454.95,NNC(=O)CCCCC(=O)NN,NNC(=O)CCCCC(=O)NN,0
318.15,CCCCC(O)CO,CCCCC(O)CO,0
314.65,OCCCCCCO,OCCCCCCO,0
316.15,CC(O)CCC(C)O,CC(O)CCC(C)O,0
267.65,CC(=O)CCC(C)=O,CC(=O)CCC(C)=O,0
263.15,CCC(=O)C(=O)CC,CCC(=O)C(=O)CC,0
252.15,SCCCCCCS,SCCCCCCS,0
192.85,CCCCCC#N,CCCCCC#N,0
192.63,CCCCCCS,CCCCCCS,0
126.14999999999998,CCCCC(C)S,CCCCC(C)S,0
269.04999999999995,CCCCCC(=O)O,CCCCCC(=O)O,0
232.15,CCCCCC(=O)OC(=O)CCCCC,CCCCCC(=O)OC(=O)CCCCC,0
226.75,CCCCCCO,CCCCCCO,0
217.7,CCCCC(C)=O,CCCCC(C)=O,0
217.75,CCCC(=O)CC,CCCC(=O)CC,0
186.15,CCCCCC(=O)Cl,CCCCCC(=O)Cl,0
348.96,CCCCCCCCCCCCCCCCCCCCCCCCCCCCCCCCCCCC,CCCCCCCCCCCCCCCCCCCCCCCCCCCCCCCCCCCC,0
261.15,C=C/C=C\C=C,C=C/C=C\C=C,0
261.15,C=C/C=C/C=C,C=C/C=C/C=C,0
390.35,CN(C)c1nc(=O)n(C2CCCCC2)c(=O)n1C,CN(C)c1nc(=O)n(C2CCCCC2)c(=O)n1C,0
133.39,C=CCCCC,C=CCCCC,0
132.02999999999997,C/C=C\CCC,C/C=C\CCC,0
140.04999999999998,C/C=C/CCC,C/C=C/CCC,0
134.45,CC/C=C\CC,CC/C=C\CC,0
159.45,CC/C=C/CC,CC/C=C/CC,0
349.15,N#CC/C=C/CC#N,N#CC/C=C/CC#N,0
309.65,CCCC=CC(=O)O,CCCC=CC(=O)O,0
285.15,CCC=CCC(=O)O,CCC=CCC(=O)O,0
236.15,C=CCCCC(=O)O,C=CCCCC(=O)O,0
459.65,CC[C@H](c1ccc(O)cc1)[C@@H](CC)c1ccc(O)cc1,CC[C@H](c1ccc(O)cc1)[C@@H](CC)c1ccc(O)cc1,0
418.15,CN1C(=O)NC(=O)C(C)(C2=CCCCC2)C1=O,CN1C(=O)NC(=O)C(C)(C2=CCCCC2)C1=O,0
212.15,CCCCCCOC(C)=O,CCCCCCOC(C)=O,0
228.15,C=CC(=O)OCCCCCC,C=CC(=O)OCCCCCC,0
252.15,CCCCCCN,CCCCCCN,0
209.75,CCCCCCc1ccccc1,CCCCCCc1ccccc1,0
341.45,CCCCCCc1ccc(O)cc1O,CCCCCCc1ccc(O)cc1O,0
195.15,CCCCCCOC(=O)CCC,CCCCCCOC(=O)CCC,0
225.65,CCCCCCC1CCCCC1,CCCCCCC1CCCCC1,0
200.15,CCCCCCC1CCCC1,CCCCCCC1CCCC1,0
210.55,CCCCCCOC=O,CCCCCCOC=O,0
217.95,CCCCCCOC(=O)CCCCC,CCCCCCOC(=O)CCCCC,0
255.15,CCCCCCc1cccc2ccccc12,CCCCCCc1cccc2ccccc12,0
242.15,CCCCCCCC(=O)OCCCCCC,CCCCCCCC(=O)OCCCCCC,0
379.15,CCCCCCOc1ccc(C(=O)O)cc1,CCCCCCOc1ccc(C(=O)O)cc1,0
228.05,CCCCCCOCCO,CCCCCCOCCO,0
210.15,CCCCCCOC(=O)CCCC,CCCCCCOC(=O)CCCC,0
215.65,CCCCCCOC(=O)CC,CCCCCCOC(=O)CC,0
141.04999999999998,C#CCCCC,C#CCCCC,0
183.65,CC#CCCC,CC#CCCC,0
169.14999999999998,CCC#CCC,CCC#CCC,0
193.15,C#CC(O)CCC,C#CC(O)CCC,0
356.15,NCCc1cnc[nH]1,NCCc1cnc[nH]1,0
560.15,N[C@@H](Cc1cnc[nH]1)C(=O)O,N[C@@H](Cc1cnc[nH]1)C(=O)O,0
372.65,CN1[C@@H]2CC[C@H]1CC(OC(=O)C(O)c1ccccc1)C2,CN1[C@@H]2CC[C@H]1CC(OC(=O)C(O)c1ccccc1)C2,0
545.15,NC(CCS)C(=O)O,NC(CCS)C(=O)O,0
505.15,N[C@@H](CCS)C(=O)O,N[C@@H](CCS)C(=O)O,0
537.15,N[C@H](CCSSCC[C@@H](N)C(=O)O)C(=O)O,N[C@H](CCSSCC[C@@H](N)C(=O)O)C(=O)O,0
476.15,N[C@@H](CCO)C(=O)O,N[C@@H](CCO)C(=O)O,0
339.65,CC(C)=CCC1=C(O)[C@](O)(CC=C(C)C)C(=O)C(C(=O)CC(C)C)=C1O,CC(C)=CCC1=C(O)[C@](O)(CC=C(C)C)C(=O)C(C(=O)CC(C)C)=C1O,0
445.15,NNc1nncc2ccccc12,NNc1nncc2ccccc12,0
466.45,CC1(C)CN=C(NN=C(C=Cc2ccc(C(F)(F)F)cc2)C=Cc2ccc(C(F)(F)F)cc2)NC1,CC1(C)CN=C(NN=C(C=Cc2ccc(C(F)(F)F)cc2)C=Cc2ccc(C(F)(F)F)cc2)NC1,0
405.15,COc1ccc2c(c1OC)C(=O)O[C@@H]2[C@H]1c2cc3c(cc2CCN1C)OCO3,COc1ccc2c(c1OC)C(=O)O[C@@H]2[C@H]1c2cc3c(cc2CCN1C)OCO3,0
389.65,CN1CCc2cc3c(cc2C1O)OCO3,CN1CCc2cc3c(cc2C1O)OCO3,0
456.15,NNC(N)=S,NNC(N)=S,0
327.15,NNC=O,NNC=O,0
369.15,NNC(N)=O,NNC(N)=O,0
434.15,O=CNNC=O,O=CNNC=O,0
521.15,NC(=O)NNC(N)=O,NC(=O)NNC(N)=O,0
559.15,NNc1ccc(S(=O)(=O)O)cc1,NNc1ccc(S(=O)(=O)O)cc1,0
494.15,NNc1ccc(C(=O)O)cc1,NNc1ccc(C(=O)O)cc1,0
203.15,NNCCO,NNCCO,0
523.15,O=C1c2ccccc2C(=O)C1(O)C1(O)C(=O)c2ccccc2C1=O,O=C1c2ccccc2C(=O)C1(O)C1(O)C(=O)c2ccccc2C1=O,0
547.15,NS(=O)(=O)c1cc2c(cc1Cl)NCNS2(=O)=O,NS(=O)(=O)c1cc2c(cc1Cl)NCNS2(=O)=O,0
502.15,CC[C@H]1CN2CC[C@H]1C[C@H]2[C@H](O)c1ccnc2ccccc12,CC[C@H]1CN2CC[C@H]1C[C@H]2[C@H](O)c1ccnc2ccccc12,0
541.65,CC[C@H]1CN2CC[C@H]1C[C@@H]2[C@@H](O)c1ccnc2ccccc12,CC[C@H]1CN2CC[C@H]1C[C@@H]2[C@@H](O)c1ccnc2ccccc12,0
471.15,COc1ccc2c3c1O[C@H]1C(=O)CC[C@H]4[C@@H](C2)N(C)CC[C@]314,COc1ccc2c3c1O[C@H]1C(=O)CC[C@H]4[C@@H](C2)N(C)CC[C@]314,0
493.15,C[C@]12CCC(=O)C=C1CC[C@@H]1[C@@H]2[C@@H](O)C[C@@]2(C)[C@H]1CC[C@]2(O)C(=O)CO,C[C@]12CCC(=O)C=C1CC[C@@H]1[C@@H]2[C@@H](O)C[C@@]2(C)[C@H]1CC[C@]2(O)C(=O)CO,0
496.15,CC(=O)OCC(=O)[C@@]1(O)CC[C@H]2[C@@H]3CCC4=CC(=O)CC[C@]4(C)[C@H]3[C@@H](O)C[C@@]21C,CC(=O)OCC(=O)[C@@]1(O)CC[C@H]2[C@@H]3CCC4=CC(=O)CC[C@]4(C)[C@H]3[C@@H](O)C[C@@]21C,0
329.15,COc1c2c(cc3c1OCO3)CCN(C)C2,COc1c2c(cc3c1OCO3)CCN(C)C2,0
543.65,NS(=O)(=O)c1cc2c(cc1C(F)(F)F)NCNS2(=O)=O,NS(=O)(=O)c1cc2c(cc1C(F)(F)F)NCNS2(=O)=O,0
390.15,C(=N/C(/N=C/c1ccco1)c1ccco1)\c1ccco1,C(=N/C(/N=C/c1ccco1)c1ccco1)\c1ccco1,0
259.87,C#N,C#N,0
339.15,CN1CCc2cc3c(cc2C1)OCO3,CN1CCc2cc3c(cc2C1)OCO3,0
539.65,CN1CC[C@]23c4c5ccc(O)c4O[C@H]2C(=O)CC[C@H]3[C@H]1C5,CN1CC[C@]23c4c5ccc(O)c4O[C@H]2C(=O)CC[C@H]3[C@H]1C5,0
441.65,CC[C@H]1CN2CC[C@H]1C[C@@H]2[C@@H](O)c1ccnc2ccc(OC)cc12,CC[C@H]1CN2CC[C@H]1C[C@@H]2[C@@H](O)c1ccnc2ccc(OC)cc12,0
445.65,CC[C@H]1CN2CC[C@H]1C[C@H]2[C@H](O)c1ccnc2ccc(OC)cc12,CC[C@H]1CN2CC[C@H]1C[C@H]2[C@H](O)c1ccnc2ccc(OC)cc12,0
446.15,Oc1ccc(O)cc1,Oc1ccc(O)cc1,0
201.15,N#CCO,N#CCO,0
363.15,O=C(CO)c1ccccc1,O=C(CO)c1ccccc1,0
454.15,C[C@]12CCC(=O)C[C@@H]1CC[C@@H]1[C@@H]2CC[C@]2(C)[C@@H](O)CC[C@@H]12,C[C@]12CCC(=O)C[C@@H]1CC[C@@H]1[C@@H]2CC[C@]2(C)[C@@H](O)CC[C@@H]12,0
458.15,C[C@]12CC[C@@H](O)C[C@@H]1CC[C@@H]1[C@@H]2CC[C@]2(C)C(=O)CC[C@@H]12,C[C@]12CC[C@@H](O)C[C@@H]1CC[C@@H]1[C@@H]2CC[C@]2(C)C(=O)CC[C@@H]12,0
451.15,C[C@]12CC[C@H](O)C[C@@H]1CC[C@@H]1[C@@H]2CC[C@]2(C)C(=O)CC[C@@H]12,C[C@]12CC[C@H](O)C[C@@H]1CC[C@@H]1[C@@H]2CC[C@]2(C)C(=O)CC[C@@H]12,0
424.15,C[C@]12CC[C@H]3[C@@H](CCC4=CC(=O)CC[C@@]43C)[C@@H]1CC[C@@H]2O,C[C@]12CC[C@H]3[C@@H](CCC4=CC(=O)CC[C@@]43C)[C@@H]1CC[C@@H]2O,0
466.95,O=C1c2ccccc2C(=O)c2c(O)cccc21,O=C1c2ccccc2C(=O)c2c(O)cccc21,0
579.15,O=C1c2ccccc2C(=O)c2cc(O)ccc21,O=C1c2ccccc2C(=O)c2cc(O)ccc21,0
379.15,O=Cc1cccc(O)c1,O=Cc1cccc(O)c1,0
389.15,O=Cc1ccc(O)cc1,O=Cc1ccc(O)cc1,0
487.15,Oc1ccccc1/C=N/N=C/c1ccccc1O,Oc1ccccc1/C=N/N=C/c1ccccc1O,0
413.15,NC(=O)c1ccccc1O,NC(=O)c1ccccc1O,0
404.15,O=C(NO)c1ccccc1,O=C(NO)c1ccccc1,0
391.75,O=C(O)C(O)c1ccccc1,O=C(O)C(O)c1ccccc1,0
420.15,O=C(O)Cc1ccccc1O,O=C(O)Cc1ccccc1O,0
405.15,O=C(O)Cc1cccc(O)c1,O=C(O)Cc1cccc(O)c1,0
423.35,O=C(O)Cc1ccc(O)cc1,O=C(O)Cc1ccc(O)cc1,0
263.15,N#CC(O)c1ccccc1,N#CC(O)c1ccccc1,0
322.15,Oc1ccccc1C(=S)S,Oc1ccccc1C(=S)S,0
583.15,O=C(O)c1ccc(O)c(C(=O)O)c1,O=C(O)c1ccc(O)c(C(=O)O)c1,0
373.15,O=S(=O)(O)c1ccc(O)c(S(=O)(=O)O)c1,O=S(=O)(O)c1ccc(O)c(S(=O)(=O)O)c1,0
363.15,OCCc1ccc(O)cc1,OCCc1ccc(O)cc1,0
360.15,OCc1ccccc1O,OCc1ccccc1O,0
346.15,OCc1cccc(O)c1,OCc1cccc(O)c1,0
397.65,OCc1ccc(O)cc1,OCc1ccc(O)cc1,0
402.45,O=C(O)CCc1ccc(O)cc1,O=C(O)CCc1ccc(O)cc1,0
371.15,O=C(O)C(O)Cc1ccccc1,O=C(O)C(O)Cc1ccccc1,0
431.75,O=C(O)c1ccccc1O,O=C(O)c1ccccc1O,0
474.45,O=C(O)c1cccc(O)c1,O=C(O)c1cccc(O)c1,0
486.15,O=C(O)c1ccc(O)cc1,O=C(O)c1ccc(O)cc1,0
421.15,NNC(=O)c1ccccc1O,NNC(=O)c1ccccc1O,0
371.15,N#Cc1ccccc1O,N#Cc1ccccc1O,0
355.95,N#Cc1cccc(O)c1,N#Cc1cccc(O)c1,0
386.15,N#Cc1ccc(O)cc1,N#Cc1ccc(O)cc1,0
408.15,O=C(c1ccccc1)c1ccc(O)cc1,O=C(c1ccccc1)c1ccc(O)cc1,0
486.65,O=c1cc(O)c2ccccc2o1,O=c1cc(O)c2ccccc2o1,0
503.65,O=c1ccc2ccc(O)cc2o1,O=c1ccc2ccc(O)cc2o1,0
430.95,On1nnc2ccccc21,On1nnc2ccccc21,0
292.15,O=C(Cl)c1ccccc1O,O=C(Cl)c1ccccc1O,0
330.75,Oc1ccccc1-c1ccccc1,Oc1ccccc1-c1ccccc1,0
351.15,Oc1cccc(-c2ccccc2)c1,Oc1cccc(-c2ccccc2)c1,0
443.15,Oc1ccc(-c2ccccc2)cc1,Oc1ccc(-c2ccccc2)cc1,0
317.35,CCC(O)C(=O)O,CCC(O)C(=O)O,0
322.15,CC(O)CC(=O)O,CC(O)CC(=O)O,0
256.15,O=C(O)CCCO,O=C(O)CCCO,0
288.15,CC(=O)C(C)O,CC(=O)C(C)O,0
325.15,NC(=O)CCCO,NC(=O)CCCO,0
478.65,CC12CCC(C(O)C1=O)C2(C)C,CC12CCC(C(O)C1=O)C2(C)C,0
461.15,C[C@H](CCC(=O)O)[C@H]1CC[C@H]2[C@@H]3CC[C@@H]4C[C@H](O)CC[C@]4(C)[C@H]3CC[C@]12C,C[C@H](CCC(=O)O)[C@H]1CC[C@H]2[C@@H]3CC[C@@H]4C[C@H](O)CC[C@]4(C)[C@H]3CC[C@]12C,0
548.15,COc1ccc2c3c1O[C@H]1C(=O)C=C[C@@]4(O)[C@@H](C2)N(C)CC[C@]314,COc1ccc2c3c1O[C@H]1C(=O)C=C[C@@]4(O)[C@@H](C2)N(C)CC[C@]314,0
311.65,O=C1CCCCCCCCC1O,O=C1CCCCCCCCC1O,0
323.15,O=c1cccccc1O,O=c1cccccc1O,0
308.15,N#CC1(O)CCCCC1,N#CC1(O)CCCCC1,0
508.65,O=C(O)c1cc(I)cc(I)c1O,O=C(O)c1cc(I)cc(I)c1O,0
510.15,O=C(O)c1cc(I)c(O)c(I)c1,O=C(O)c1cc(I)c(O)c(I)c1,0
488.95,N#Cc1cc(I)c(O)c(I)c1,N#Cc1cc(I)c(O)c(I)c1,0
437.15,O=C(O)C(Cc1cc(I)c(O)c(I)c1)c1ccccc1,O=C(O)C(Cc1cc(I)c(O)c(I)c1)c1ccccc1,0
343.15,COc1cc(O)c(C=O)c(OC)c1,COc1cc(O)c(C=O)c(OC)c1,0
386.15,COc1cc(C=O)cc(OC)c1O,COc1cc(C=O)cc(OC)c1O,0
477.65,COc1cc(C(=O)O)cc(OC)c1O,COc1cc(C(=O)O)cc(OC)c1O,0
362.65,CC(C)(C=O)CO,CC(C)(C=O)CO,0
455.15,O=C(O)c1cc([N+](=O)[O-])cc([N+](=O)[O-])c1O,O=C(O)c1cc([N+](=O)[O-])cc([N+](=O)[O-])c1O,0
378.15,CC(O)(P(=O)(O)O)P(=O)(O)O,CC(O)(P(=O)(O)O)P(=O)(O)O,0
531.65,C[C@]12CCc3c(ccc4cc(O)ccc34)[C@@H]1CCC2=O,C[C@]12CCc3c(ccc4cc(O)ccc34)[C@@H]1CCC2=O,0
512.15,C[C@]12CC[C@H]3C(=CCc4cc(O)ccc43)[C@@H]1CCC2=O,C[C@]12CC[C@H]3C(=CCc4cc(O)ccc43)[C@@H]1CCC2=O,0
361.65,CCCCCCCCCCCC(=O)NCCO,CCCCCCCCCCCC(=O)NCCO,0
438.15,O=C(O)CN(CCO)CCN(CC(=O)O)CC(=O)O,O=C(O)CN(CCO)CCN(CC(=O)O)CC(=O)O,0
310.15,O=C(OCCO)c1ccccc1O,O=C(OCCO)c1ccccc1O,0
403.45,O=C1c2ccccc2C(=O)N1CCO,O=C1c2ccccc2C(=O)N1CCO,0
293.15,O=C1CCCN1CCO,O=C1CCCN1CCO,0
384.15,O=C1C=C2C(=CCOC2O)O1,O=C1C=C2C(=CCOC2O)O1,0
369.65,O=C(O)CCCCCCCCCCCCCCCO,O=C(O)CCCCCCCCCCCCCCCO,0
333.15,CCCCC(O)C(=O)O,CCCCC(O)C(=O)O,0
468.65,CC(CO)(CO)C(=O)O,CC(CO)(CO)C(=O)O,0
426.65,O=c1cc(CO)occ1O,O=c1cc(CO)occ1O,0
533.15,O=S(=O)(O)c1cc(I)c(O)c2ncccc12,O=S(=O)(O)c1cc(I)c(O)c2ncccc12,0
505.15,O=C1c2ccccc2C(=O)N1O,O=C1c2ccccc2C(=O)N1O,0
324.15,CC(C)c1cccc(O)c(=O)c1,CC(C)c1cccc(O)c(=O)c1,0
442.65,O=C1CCC[C@@H]2[C@H]3C[C@@H](CN12)[C@@H]1C[C@@H](O)CCN1C3,O=C1CCC[C@@H]2[C@H]3C[C@@H](CN12)[C@@H]1C[C@@H](O)CCN1C3,0
360.65,CNO,CNO,0
313.65,COc1cccc(C=O)c1O,COc1cccc(C=O)c1O,0
315.15,COc1ccc(C=O)c(O)c1,COc1ccc(C=O)c(O)c1,0
277.15,COc1ccc(O)c(C=O)c1,COc1ccc(O)c(C=O)c1,0
390.15,COc1ccc(C=O)cc1O,COc1ccc(C=O)cc1O,0
354.15,COc1cc(C=O)ccc1O,COc1cc(C=O)ccc1O,0
416.65,COc1cc(CC(=O)O)ccc1O,COc1cc(CC(=O)O)ccc1O,0
388.15,COc1cc(CO)ccc1O,COc1cc(CO)ccc1O,0
338.15,COc1cc(CCCO)ccc1O,COc1cc(CCCO)ccc1O,0
415.15,COc1ccc(O)c(C(=O)O)c1,COc1ccc(O)c(C(=O)O)c1,0
485.15,COc1cc(C(=O)O)ccc1O,COc1cc(C(=O)O)ccc1O,0
477.15,COc1cc2ccc(=O)oc2cc1O,COc1cc2ccc(=O)oc2cc1O,0
313.65,COc1cc(CCC(C)=O)ccc1O,COc1cc(CCC(C)=O)ccc1O,0
325.65,COc1ccc(C(C)=O)c(O)c1,COc1ccc(C(C)=O)c(O)c1,0
388.15,COc1cc(C(C)=O)ccc1O,COc1cc(C(C)=O)ccc1O,0
338.65,COc1ccc(C(=O)c2ccccc2)c(O)c1,COc1ccc(C(=O)c2ccccc2)c(O)c1,0
357.15,COc1cc(/C=C/C=O)ccc1O,COc1cc(/C=C/C=O)ccc1O,0
457.65,CNCC(O)c1ccc(O)cc1,CNCC(O)c1ccc(O)cc1,0
465.65,C[C@]12CCC(=O)C[C@@H]1CC[C@@H]1[C@@H]2CC[C@@]2(C)[C@H]1CC[C@]2(C)O,C[C@]12CCC(=O)C[C@@H]1CC[C@@H]1[C@@H]2CC[C@@]2(C)[C@H]1CC[C@]2(C)O,0
369.15,Cc1ccc(NO)cc1,Cc1ccc(NO)cc1,0
328.25,Cc1ccc(O)c(C=O)c1,Cc1ccc(O)c(C=O)c1,0
391.15,O=C(O)C(CO)c1ccccc1,O=C(O)C(CO)c1ccccc1,0
367.15,CC(O)(C(=O)O)c1ccccc1,CC(O)(C(=O)O)c1ccccc1,0
403.65,Cc1cc(CO)c(O)c(CO)c1,Cc1cc(CO)c(O)c(CO)c1,0
373.15,OCc1cc(O)ccc1O,OCc1cc(O)ccc1O,0
425.65,Cc1ccc(O)c(C(=O)O)c1,Cc1ccc(O)c(C(=O)O)c1,0
440.15,Cc1cccc(C(=O)O)c1O,Cc1cccc(C(=O)O)c1O,0
450.95,Cc1ccc(C(=O)O)c(O)c1,Cc1ccc(C(=O)O)c(O)c1,0
467.65,Cc1cc(=O)oc2cc(O)ccc12,Cc1cc(=O)oc2cc(O)ccc12,0
241.15,CC(C)(O)CC(=O)O,CC(C)(O)CC(=O)O,0
377.95,CC1=C(O)C(=O)CC1,CC1=C(O)C(=O)CC1,0
304.65,O=Cc1ccc(CO)o1,O=Cc1ccc(CO)o1,0
400.15,Cc1ccc(C(C)C)c(O)c1C(=O)O,Cc1ccc(C(C)C)c(O)c1C(=O)O,0
356.15,CC1=C(O)C(=O)C(C(C)C)CC1,CC1=C(O)C(=O)C(C(C)C)CC1,0
472.15,CC(CO)(CO)CO,CC(CO)(CO)CO,0
446.65,CC1=C(O)c2ccccc2C(=O)C1=O,CC1=C(O)c2ccccc2C(=O)C1=O,0
351.65,CC1=CC(=O)c2c(O)cccc2C1=O,CC1=CC(=O)c2c(O)cccc2C1=O,0
438.15,O=[N+]([O-])C(CO)(CO)CO,O=[N+]([O-])C(CO)(CO)CO,0
354.65,CC(C)C[C@H](O)C(=O)O,CC(C)C[C@H](O)C(=O)O,0
294.15,CC(=O)c1ccc(C)cc1O,CC(=O)c1ccc(C)cc1O,0
323.15,CC(=O)c1cc(C)ccc1O,CC(=O)c1cc(C)ccc1O,0
480.15,OCc1ccccc1O[C@@H]1O[C@H](CO)[C@@H](O)[C@H](O)[C@H]1O,OCc1ccccc1O[C@@H]1O[C@H](CO)[C@@H](O)[C@H](O)[C@H]1O,0
274.15,CCC(=O)c1cc(C)ccc1O,CCC(=O)c1cc(C)ccc1O,0
414.65,O=C1c2ccccc2C(=O)N1CO,O=C1c2ccccc2C(=O)N1CO,0
353.15,CC(C)(O)C(=O)O,CC(C)(O)C(=O)O,0
349.15,C=CC(=O)NCO,C=CC(=O)NCO,0
462.15,Cc1cc(O)cc(=O)o1,Cc1cc(O)cc(=O)o1,0
434.65,Cc1occc(=O)c1O,Cc1occc(=O)c1O,0
433.15,Cc1ncc(CO)c(CO)c1O,Cc1ncc(CO)c(CO)c1O,0
538.15,Cn1c(=O)cc(O)c2ccccc21,Cn1c(=O)cc(O)c2ccccc21,0
573.15,C[C@](N)(Cc1ccc(O)c(O)c1)C(=O)O,C[C@](N)(Cc1ccc(O)c(O)c1)C(=O)O,0
384.15,NC(=O)NCO,NC(=O)NCO,0
356.15,O=Cc1c(O)ccc2ccccc12,O=Cc1c(O)ccc2ccccc12,0
430.45,O=C(O)c1c(O)ccc2ccccc12,O=C(O)c1c(O)ccc2ccccc12,0
468.15,O=C(O)c1ccc2ccccc2c1O,O=C(O)c1ccc2ccccc2c1O,0
495.65,O=C(O)c1cc2ccccc2cc1O,O=C(O)c1cc2ccccc2cc1O,0
468.15,O=C1C=C(O)c2ccccc2C1=O,O=C1C=C(O)c2ccccc2C1=O,0
428.15,O=C1C=CC(=O)c2c(O)cccc21,O=C1C=CC(=O)c2c(O)cccc21,0
453.65,O=C(O)CCc1ccc2cc(O)ccc2c1,O=C(O)CCc1ccc2cc(O)ccc2c1,0
443.15,O=S(=O)(O)c1ccc(O)c2ccccc12,O=S(=O)(O)c1ccc(O)c2ccccc12,0
523.15,O=S(=O)(O)c1ccc2ccccc2c1O,O=S(=O)(O)c1ccc2ccccc2c1O,0
398.15,O=S(=O)(O)c1ccc2cc(O)ccc2c1,O=S(=O)(O)c1ccc2cc(O)ccc2c1,0
508.15,CC(=O)Nc1c(O)ccc2ccccc12,CC(=O)Nc1c(O)ccc2ccccc12,0
371.75,CC(=O)c1ccc2ccccc2c1O,CC(=O)c1ccc2ccccc2c1O,0
382.65,O=Cc1cccc([N+](=O)[O-])c1O,O=Cc1cccc([N+](=O)[O-])c1O,0
400.15,O=Cc1cc([N+](=O)[O-])ccc1O,O=Cc1cc([N+](=O)[O-])ccc1O,0
421.15,O=C(O)c1cccc([N+](=O)[O-])c1O,O=C(O)c1cccc([N+](=O)[O-])c1O,0
502.65,O=C(O)c1cc([N+](=O)[O-])ccc1O,O=C(O)c1cc([N+](=O)[O-])ccc1O,0
415.15,CCCCCCCCCCCCCCCCC(C(=O)O)C(O)(CC(=O)O)C(=O)O,CCCCCCCCCCCCCCCCC(C(=O)O)C(O)(CC(=O)O)C(=O)O,0
355.15,CCCCCCC(O)CCCCCCCCCCC(=O)O,CCCCCCC(O)CCCCCCCCCCC(=O)O,0
264.87,CCCCCC[C@@H](O)C/C=C\CCCCCCCC(=O)O,CCCCCC[C@@H](O)C/C=C\CCCCCCCC(=O)O,0
343.15,CCCCCCC(O)C(=O)O,CCCCCCC(O)C(=O)O,0
263.15,CCCC(=O)C(O)CCC,CCCC(=O)C(O)CCC,0
321.65,CCCCCCCCOc1ccc(C(=O)c2ccccc2)c(O)c1,CCCCCCCCOc1ccc(C(=O)c2ccccc2)c(O)c1,0
354.15,O=C(O)C(=O)CO,O=C(O)C(=O)CO,0
393.15,O=C(O)c1cc(=O)c(O)c(C(=O)O)o1,O=C(O)c1cc(=O)c(O)c(C(=O)O)o1,0
307.15,CCCC(O)C(=O)O,CCCC(O)C(=O)O,0
482.15,CC(=O)Nc1ccccc1O,CC(=O)Nc1ccccc1O,0
421.65,CC(=O)Nc1cccc(O)c1,CC(=O)Nc1cccc(O)c1,0
441.15,CC(=O)Nc1ccc(O)cc1,CC(=O)Nc1ccc(O)cc1,0
479.15,O=C(O)c1ccccc1N=Nc1ccc(O)cc1,O=C(O)c1ccccc1N=Nc1ccc(O)cc1,0
409.65,O=C(Nc1ccccc1)c1ccccc1O,O=C(Nc1ccccc1)c1ccccc1O,0
394.15,O=C(c1ccccc1)N(O)c1ccccc1,O=C(c1ccccc1)N(O)c1ccccc1,0
422.15,O=C(O)C(O)(c1ccccc1)c1ccccc1,O=C(O)C(O)(c1ccccc1)c1ccccc1,0
442.65,O=c1c(O)c(-c2ccccc2)oc2ccccc12,O=c1c(O)c(-c2ccccc2)oc2ccccc12,0
412.65,CCCC(=O)Nc1ccc(O)cc1,CCCC(=O)Nc1ccc(O)cc1,0
355.65,CC(=O)CCc1ccc(O)cc1,CC(=O)CCc1ccc(O)cc1,0
275.65,CC(=O)c1ccccc1O,CC(=O)c1ccccc1O,0
367.15,CC(=O)c1cccc(O)c1,CC(=O)c1cccc(O)c1,0
381.35,CC(=O)c1ccc(O)cc1,CC(=O)c1ccc(O)cc1,0
472.65,OC[C@H]1O[C@@H](Oc2ccc(O)cc2)[C@H](O)[C@@H](O)[C@@H]1O,OC[C@H]1O[C@@H](Oc2ccc(O)cc2)[C@H](O)[C@@H](O)[C@@H]1O,0
513.15,N[C@@H](C(=O)O)c1ccc(O)cc1,N[C@@H](C(=O)O)c1ccc(O)cc1,0
519.15,O=C(O)CNc1ccc(O)cc1,O=C(O)CNc1ccc(O)cc1,0
384.15,CC(C)(c1ccc(O)cc1)c1ccccc1O,CC(C)(c1ccc(O)cc1)c1ccccc1O,0
458.15,Oc1ccccc1C=Nc1ccccc1O,Oc1ccccc1C=Nc1ccccc1O,0
395.65,ON(Cc1ccccc1)Cc1ccccc1,ON(Cc1ccccc1)Cc1ccccc1,0
406.95,CCCCCCCCCCCCCCCCCC(=O)Nc1ccc(O)cc1,CCCCCCCCCCCCCCCCCC(=O)Nc1ccc(O)cc1,0
493.15,O=C(O)C(=O)Cc1ccc(O)cc1,O=C(O)C(=O)Cc1ccc(O)cc1,0
308.15,O=C(c1ccccc1)c1ccccc1O,O=C(c1ccccc1)c1ccccc1O,0
363.15,O=C(/C=C/c1ccccc1)c1ccccc1O,O=C(/C=C/c1ccccc1)c1ccccc1O,0
422.15,CCC(=O)c1ccc(O)cc1,CCC(=O)c1ccc(O)cc1,0
485.15,O=C(O)/C=C/c1ccc(O)cc1,O=C(O)/C=C/c1ccc(O)cc1,0
479.15,O=C(O)c1c(O)c(-c2ccccc2)nc2ccccc12,O=C(O)c1c(O)c(-c2ccccc2)nc2ccccc12,0
312.45,ON1CCCCC1,ON1CCCCC1,0
450.15,CC(=O)[C@H]1CC[C@H]2[C@@H]3CC[C@H]4C[C@H](O)CC[C@]4(C)[C@H]3CC[C@]12C,CC(=O)[C@H]1CC[C@H]2[C@@H]3CC[C@H]4C[C@H](O)CC[C@]4(C)[C@H]3CC[C@]12C,0
443.15,CC(=O)[C@H]1CC[C@H]2[C@@H]3CC[C@H]4C[C@@H](O)CC[C@]4(C)[C@H]3CC[C@]12C,CC(=O)[C@H]1CC[C@H]2[C@@H]3CC[C@H]4C[C@@H](O)CC[C@]4(C)[C@H]3CC[C@]12C,0
414.65,C[C@]12CC[C@H]3[C@@H](CCC4=CC(=O)CC[C@@]43C)[C@@H]1CC[C@@H]2C(=O)CO,C[C@]12CC[C@H]3[C@@H](CCC4=CC(=O)CC[C@@]43C)[C@@H]1CC[C@@H]2C(=O)CO,0
456.65,C[C@]12CC(=O)[C@H]3[C@@H](CCC4=CC(=O)CC[C@@]43C)[C@@H]1CC[C@@H]2C(=O)CO,C[C@]12CC(=O)[C@H]3[C@@H](CCC4=CC(=O)CC[C@@]43C)[C@@H]1CC[C@@H]2C(=O)CO,0
512.65,O=C(O)[C@@H]1C[C@H](O)CN1,O=C(O)[C@@H]1C[C@H](O)CN1,0
547.15,O=C(O)[C@@H]1C[C@@H](O)CN1,O=C(O)[C@@H]1C[C@@H](O)CN1,0
430.15,O=C(O)C(O)C(=O)O,O=C(O)C(O)C(=O)O,0
233.15,CC(O)C#N,CC(O)C#N,0
227.15,N#CCCO,N#CCCO,0
256.15,CC(=O)CO,CC(=O)CO,0
347.15,COc1cc(/C=C/CO)ccc1O,COc1cc(/C=C/CO)ccc1O,0
518.15,O=c1[nH]cccc1O,O=c1[nH]cccc1O,0
369.45,O=C1CCC(=O)N1O,O=C1CCC(=O)N1O,0
555.65,O=C(O)c1cc(=O)c2ccccc2[nH]1,O=C(O)c1cc(=O)c2ccccc2[nH]1,0
595.65,O=S(=O)(O)c1ccc(O)c2ncccc12,O=S(=O)(O)c1ccc(O)c2ncccc12,0
626.15,O=c1cc(O)c2ccccc2[nH]1,O=c1cc(O)c2ccccc2[nH]1,0
539.65,C[C@@H]1CC[C@@]2(OC1)O[C@H]1C[C@H]3[C@@H]4CC[C@H]5C[C@@H](O)CC[C@]5(C)[C@H]4CC(=O)[C@]3(C)[C@H]1[C@@H]2C,C[C@@H]1CC[C@@]2(OC1)O[C@H]1C[C@H]3[C@@H]4CC[C@H]5C[C@@H](O)CC[C@]5(C)[C@H]4CC(=O)[C@]3(C)[C@H]1[C@@H]2C,0
345.15,C=Cc1ccc(O)cc1,C=Cc1ccc(O)cc1,0
393.15,O=C(O)c1cc(S(=O)(=O)O)ccc1O,O=C(O)c1cc(S(=O)(=O)O)ccc1O,0
403.15,CC1(C)CC(O)CC(C)(C)N1,CC1(C)CC(O)CC(C)(C)N1,0
573.15,NC(Cc1c[nH]c2ccc(O)cc12)C(=O)O,NC(Cc1c[nH]c2ccc(O)cc12)C(=O)O,0
414.15,NC(=O)NO,NC(=O)NO,0
311.15,CCOP(=S)(OCC)Oc1ccc2c(C)cc(=O)oc2c1,CCOP(=S)(OCC)Oc1ccc2c(C)cc(=O)oc2c1,0
381.65,CN1[C@@H]2CC[C@H]1CC(OC(=O)[C@H](CO)c1ccccc1)C2,CN1[C@@H]2CC[C@H]1CC(OC(=O)[C@H](CO)c1ccccc1)C2,0
555.15,C=C1CC1C[C@H](N)C(=O)O,C=C1CC1C[C@H](N)C(=O)O,0
423.15,O=c1[nH]cnc2nc[nH]c12,O=c1[nH]cnc2nc[nH]c12,0
348.15,CC(C)Cc1ccc(C(C)C(=O)O)cc1,CC(C)Cc1ccc(C(C)C(=O)O)cc1,0
323.35,C=CCOC(Cn1ccnc1)c1ccc(Cl)cc1Cl,C=CCOC(Cn1ccnc1)c1ccc(Cl)cc1Cl,0
444.15,CC(C)C1(C)N=C(c2ncccc2C(=O)O)NC1=O,CC(C)C1(C)N=C(c2ncccc2C(=O)O)NC1=O,0
494.15,CC(C)C1(C)N=C(c2nc3ccccc3cc2C(=O)O)NC1=O,CC(C)C1(C)N=C(c2nc3ccccc3cc2C(=O)O)NC1=O,0
446.15,CCc1cnc(C2=NC(C)(C(C)C)C(=O)N2)c(C(=O)O)c1,CCc1cnc(C2=NC(C)(C(C)C)C(=O)N2)c(C(=O)O)c1,0
362.67,c1c[nH]cn1,c1c[nH]cn1,0
563.15,O=C(O)c1nc[nH]c1C(=O)O,O=C(O)c1nc[nH]c1C(=O)O,0
493.15,O=C1CNC(=O)N1,O=C1CNC(=O)N1,0
476.15,S=C1NCCN1,S=C1NCCN1,0
520.15,O=C1NC(=O)C(=O)N1,O=C1NC(=O)C(=O)N1,0
404.85,O=C1NCCN1,O=C1NCCN1,0
463.15,NC(=O)NC(N)=O,NC(=O)NC(N)=O,0
267.15,N#CCCNCCC#N,N#CCCNCCC#N,0
520.65,O=C(O)CNCC(=O)O,O=C(O)CNCC(=O)O,0
351.15,N#CCNCC#N,N#CCNCC#N,0
375.15,CC(C)=CCOc1c2occc2cc2ccc(=O)oc12,CC(C)=CCOc1c2occc2cc2ccc(=O)oc12,0
475.15,CCN1C[C@]2(COC)[C@H](O)C[C@H](OC)[C@]34C1[C@H]([C@H](OC)[C@H]23)[C@@]1(OC(C)=O)C[C@H](OC)[C@@]2(O)C[C@@H]4[C@@H]1[C@H]2OC(=O)c1ccccc1,CCN1C[C@]2(COC)[C@H](O)C[C@H](OC)[C@]34C1[C@H]([C@H](OC)[C@H]23)[C@@]1(OC(C)=O)C[C@H](OC)[C@@]2(O)C[C@@H]4[C@@H]1[C@H]2OC(=O)c1ccccc1,0
221.81,c1ccc2c(c1)CCC2,c1ccc2c(c1)CCC2,0
419.25,c1ccc2[nH]ncc2c1,c1ccc2[nH]ncc2c1,0
525.65,O=c1[nH][nH]c2ccccc12,O=c1[nH][nH]c2ccccc12,0
271.7,C1=Cc2ccccc2C1,C1=Cc2ccccc2C1,0
402.15,O=C1CC(=O)c2ccccc21,O=C1CC(=O)c2ccccc21,0
515.15,O=C1c2ccccc2C(=O)C1(O)O,O=C1c2ccccc2C(=O)C1(O)O,0
437.15,c1ccc2c(c1)-c1ccc3ccc4cccc5cc-2c1c3c45,c1ccc2c(c1)-c1ccc3ccc4cccc5cc-2c1c3c45,0
663.15,O=C1C(c2[nH]c3ccccc3c2O)=Nc2ccccc21,O=C1C(c2[nH]c3ccccc3c2O)=Nc2ccccc21,0
405.15,Nc1ccc2[nH]ccc2c1,Nc1ccc2[nH]ccc2c1,0
325.45,c1ccc2[nH]ccc2c1,c1ccc2[nH]ccc2c1,0
441.65,O=C(O)Cc1c[nH]c2ccccc12,O=C(O)Cc1c[nH]c2ccccc12,0
309.15,N#CCc1c[nH]c2ccccc12,N#CCc1c[nH]c2ccccc12,0
397.65,O=C(O)CCCc1c[nH]c2ccccc12,O=C(O)CCCc1c[nH]c2ccccc12,0
470.95,O=Cc1c[nH]c2ccccc12,O=Cc1c[nH]c2ccccc12,0
474.15,O=C1Nc2ccccc2C1=O,O=C1Nc2ccccc2C1=O,0
556.15,NC(=S)N=Nc1c(O)[nH]c2ccccc12,NC(=S)N=Nc1c(O)[nH]c2ccccc12,0
332.15,OCCc1c[nH]c2ccccc12,OCCc1c[nH]c2ccccc12,0
373.15,O=C(O)[C@@H](O)Cc1c[nH]c2ccccc12,O=C(O)[C@@H](O)Cc1c[nH]c2ccccc12,0
407.65,O=C(O)CCc1c[nH]c2ccccc12,O=C(O)CCc1c[nH]c2ccccc12,0
348.15,c1ccn2cccc2c1,c1ccn2cccc2c1,0
402.15,CC(=O)Oc1c[nH]c2ccccc12,CC(=O)Oc1c[nH]c2ccccc12,0
465.45,CC(=O)c1c[nH]c2ccccc12,CC(=O)c1c[nH]c2ccccc12,0
389.15,CC(=O)Cc1c[nH]c2ccccc12,CC(=O)Cc1c[nH]c2ccccc12,0
458.15,O=C(O)/C=C/c1c[nH]c2ccccc12,O=C(O)/C=C/c1c[nH]c2ccccc12,0
433.15,COc1ccc2c(c1)c(CC(=O)O)c(C)n2C(=O)c1ccc(Cl)cc1,COc1ccc2c(c1)c(CC(=O)O)c(C)n2C(=O)c1ccc(Cl)cc1,0
491.15,O=c1[nH]cnc2c1ncn2[C@@H]1O[C@H](CO)[C@@H](O)[C@H]1O,O=c1[nH]cnc2c1ncn2[C@@H]1O[C@H](CO)[C@@H](O)[C@H]1O,0
496.95,OC1C(O)C(O)C(O)C(O)C1O,OC1C(O)C(O)C(O)C(O)C1O,0
498.15,CC(=O)N(CC(C)C(=O)O)c1c(I)cc(I)c(N)c1I,CC(=O)N(CC(C)C(=O)O)c1c(I)cc(I)c(N)c1I,0
580.15,O=C(CCCCC(=O)Nc1c(I)cc(I)c(C(=O)O)c1I)Nc1c(I)cc(I)c(C(=O)O)c1I,O=C(CCCCC(=O)Nc1c(I)cc(I)c(C(=O)O)c1I)Nc1c(I)cc(I)c(C(=O)O)c1I,0
366.15,NC(=O)CI,NC(=O)CI,0
355.65,O=C(O)CI,O=C(O)CI,0
329.65,Nc1ccccc1I,Nc1ccccc1I,0
306.15,Nc1cccc(I)c1,Nc1cccc(I)c1,0
336.04999999999995,Nc1ccc(I)cc1,Nc1ccc(I)cc1,0
310.15,O=Cc1ccccc1I,O=Cc1ccccc1I,0
350.65,O=Cc1ccc(I)cc1,O=Cc1ccc(I)cc1,0
242.45,Ic1ccccc1,Ic1ccccc1,0
365.15,OCc1ccccc1I,OCc1ccccc1I,0
358.15,O=S(=O)(Cl)c1ccc(I)cc1,O=S(=O)(Cl)c1ccc(I)cc1,0
434.75,O=C(O)c1ccccc1I,O=C(O)c1ccccc1I,0
459.85,O=C(O)c1cccc(I)c1,O=C(O)c1cccc(I)c1,0
543.75,O=C(O)c1ccc(I)cc1,O=C(O)c1ccc(I)cc1,0
400.65,N#Cc1ccc(I)cc1,N#Cc1ccc(I)cc1,0
311.45,O=C(Cl)c1ccccc1I,O=C(Cl)c1ccccc1I,0
337.65,O=C(Cl)c1ccc(I)cc1,O=C(Cl)c1ccc(I)cc1,0
299.65,Ic1cccc(-c2ccccc2)c1,Ic1cccc(-c2ccccc2)c1,0
386.65,Ic1ccc(-c2ccccc2)cc1,Ic1ccc(-c2ccccc2)cc1,0
169.64999999999998,CCCCI,CCCCI,0
256.85,CCCCCCCCCCI,CCCCCCCCCCI,0
284.35,Cc1cccc(C)c1I,Cc1cccc(C)c1I,0
273.45,CCCCCCCCCCCCI,CCCCCCCCCCCCI,0
162.14999999999998,CCI,CCI,0
349.15,COP(=S)(OC)Oc1cc(Cl)c(I)cc1Cl,COP(=S)(OC)Oc1cc(Cl)c(I)cc1Cl,0
224.95,CCCCCCCI,CCCCCCCI,0
293.15,CCCCCCCCCCCCCCCCI,CCCCCCCCCCCCCCCCI,0
199.05,CCCCCCI,CCCCCCI,0
207.15,CI,CI,0
326.15,COc1ccc(I)cc1,COc1ccc(I)cc1,0
245.95,Cc1cccc(I)c1,Cc1cccc(I)c1,0
299.45,ICc1ccccc1,ICc1ccccc1,0
239.55,CC(C)(C)I,CC(C)(C)I,0
163.64999999999998,[SiH3]CI,[SiH3]CI,0
280.15,Ic1cccc2ccccc12,Ic1cccc2ccccc12,0
327.45,Ic1ccc2ccccc2c1,Ic1ccc2ccccc2c1,0
323.15,O=[N+]([O-])c1ccccc1I,O=[N+]([O-])c1ccccc1I,0
309.15,O=[N+]([O-])c1cccc(I)c1,O=[N+]([O-])c1cccc(I)c1,0
446.15,O=[N+]([O-])c1ccc(I)cc1,O=[N+]([O-])c1ccc(I)cc1,0
253.15,CCCCCCCCCI,CCCCCCCCCI,0
307.15,CCCCCCCCCCCCCCCCCCI,CCCCCCCCCCCCCCCCCCI,0
227.45,CCCCCCCCI,CCCCCCCCI,0
187.55,CCCCCI,CCCCCI,0
316.15,Oc1ccccc1I,Oc1ccccc1I,0
391.15,Oc1cccc(I)c1,Oc1cccc(I)c1,0
366.65,Oc1ccc(I)cc1,Oc1ccc(I)cc1,0
359.15,CC(=O)c1ccc(I)cc1,CC(=O)c1ccc(I)cc1,0
171.74999999999997,CCCI,CCCI,0
182.75,CC(C)I,CC(C)I,0
358.15,O=C(O)CCI,O=C(O)CCI,0
175.14999999999998,C=CCI,C=CCI,0
548.15,O=c1[nH]cc(I)c(=O)[nH]1,O=c1[nH]cc(I)c(=O)[nH]1,0
473.65,O=C1CCC(=O)N1I,O=C1CCC(=O)N1I,0
483.15,O=Ic1ccccc1,O=Ic1ccccc1,0
233.15,Ic1cccs1,Ic1cccs1,0
306.75,Cc1ccc(I)cc1,Cc1ccc(I)cc1,0
478.15,N[C@@H](Cc1ccc(O)c(I)c1)C(=O)O,N[C@@H](Cc1ccc(O)c(I)c1)C(=O)O,0
429.15,CCC(Cc1c(I)cc(I)c(N)c1I)C(=O)O,CCC(Cc1c(I)cc(I)c(N)c1I)C(=O)O,0
409.15,CC(C)NC(=O)N1CC(=O)N(c2cc(Cl)cc(Cl)c2)C1=O,CC(C)NC(=O)N1CC(=O)N(c2cc(Cl)cc(Cl)c2)C1=O,0
334.15,C[C@@H]1C(=O)OC[C@H]2[C@@H]1CC[C@@H]2C,C[C@@H]1C(=O)OC[C@H]2[C@@H]1CC[C@@H]2C,0
312.65,C=CCCCCC#CC#CCCCCCCCC(=O)O,C=CCCCCC#CC#CCCCCCCCC(=O)O,0
418.15,C/C=C1/C[C@@H](C)[C@](O)(CO)C(=O)OCC2=CC[N+]3([O-])CC[C@@H](OC1=O)[C@@H]23,C/C=C1/C[C@@H](C)[C@](O)(CO)C(=O)OCC2=CC[N+]3([O-])CC[C@@H](OC1=O)[C@@H]23,0
301.15,CC(C)Nc1ncccn1,CC(C)Nc1ncccn1,0
395.35,ClC1=C(Cl)C2(Cl)C3C(Cl)OC(Cl)C3C1(Cl)C2(Cl)Cl,ClC1=C(Cl)C2(Cl)C3C(Cl)OC(Cl)C3C1(Cl)C2(Cl)Cl,0
348.15,O=C1OCc2ccccc21,O=C1OCc2ccccc21,0
368.15,Cc1cc(O)c([C@H]2C[C@@H]3CC[C@@]2(C)C3(C)C)cc1C,Cc1cc(O)c([C@H]2C[C@@H]3CC[C@@]2(C)C3(C)C)cc1C,0
201.05,CC(C)C=O,CC(C)C=O,0
113.55999999999996,CC(C)C,CC(C)C,0
132.45,C=C(C)C,C=C(C)C,0
176.04999999999998,CC(=O)OCC(C)C,CC(=O)OCC(C)C,0
212.15,C=CC(=O)OCC(C)C,C=CC(=O)OCC(C)C,0
483.65,C=CCN1C(=O)C(CC(C)C)NC1=S,C=CCN1C(=O)C(CC(C)C)NC1=S,0
187.15,CC(C)CN,CC(C)CN,0
337.65,CC(C)COC(=O)c1ccc(N)cc1,CC(C)COC(=O)c1ccc(N)cc1,0
221.55,CC(C)Cc1ccccc1,CC(C)Cc1ccccc1,0
340.15,CC(C)COC(N)=O,CC(C)COC(N)=O,0
178.14999999999998,CC(C)CC1CCCCC1,CC(C)CC1CCCCC1,0
157.95,CC(C)CC1CCCC1,CC(C)CC1CCCC1,0
177.64999999999998,CC(C)COC=O,CC(C)COC=O,0
279.04999999999995,CC(C)COC(=O)c1ccccc1O,CC(C)COC(=O)c1ccccc1O,0
192.55,CC(C)COC(=O)C(C)C,CC(C)COC(=O)C(C)C,0
201.75,CCC(=O)OCC(C)C,CCC(=O)OCC(C)C,0
302.04999999999995,CCCCCCCCCCCCCCCCCC(=O)OCC(C)C,CCCCCCCCCCCCCCCCCC(=O)OCC(C)C,0
214.25,CC(C)CSC#N,CC(C)CSC#N,0
161.14999999999998,C=COCC(C)C,C=COCC(C)C,0
378.15,O=C(O)CC(C(=O)O)C(O)C(=O)O,O=C(O)CC(C(=O)O)C(O)C(=O)O,0
460.65,COc1cc2c(cc1O)[C@H]1[C@@H](C)c3ccc(OC)c(OC)c3CN1CC2,COc1cc2c(cc1O)[C@H]1[C@@H](C)c3ccc(OC)c(OC)c3CN1CC2,0
458.15,COc1ccc2c(c1O)-c1c(OC)c(OC)cc3c1[C@H](C2)N(C)CC3,COc1ccc2c(c1O)-c1c(OC)c(OC)cc3c1[C@H](C2)N(C)CC3,0
358.65,CC(C)(C)N=C=O,CC(C)(C)N=C=O,0
314.15,O=C=Nc1ccccc1[N+](=O)[O-],O=C=Nc1ccccc1[N+](=O)[O-],0
324.15,O=C=Nc1cccc([N+](=O)[O-])c1,O=C=Nc1cccc([N+](=O)[O-])c1,0
330.15,O=C=Nc1ccc([N+](=O)[O-])cc1,O=C=Nc1ccc([N+](=O)[O-])cc1,0
228.15,[C-]#[N+]C,[C-]#[N+]C,0
173.14999999999998,C=CC(=O)OCCCCCCCC(C)C,C=CC(=O)OCCCCCCCC(C)C,0
527.15,C[C@]12CC[C@@H]3c4ccc(O)cc4CC[C@@H]3[C@@H]1CCC2=O,C[C@]12CC[C@@H]3c4ccc(O)cc4CC[C@@H]3[C@@H]1CCC2=O,0
261.15,CCOP(=S)(NC(C)C)Oc1ccccc1C(=O)OC(C)C,CCOP(=S)(NC(C)C)Oc1ccccc1C(=O)OC(C)C,0
511.15,O=C1NC(=O)c2ccccc21,O=C1NC(=O)c2ccccc21,0
565.15,CCC(C)C(N)C(=O)O,CCC(C)C(N)C(=O)O,0
557.15,CC[C@H](C)[C@H](N)C(=O)O,CC[C@H](C)[C@H](N)C(=O)O,0
491.15,CN1C[C@@H](C(=O)O)C=C2c3cccc4[nH]cc(c34)C[C@H]21,CN1C[C@@H](C(=O)O)C=C2c3cccc4[nH]cc(c34)C[C@H]21,0
393.15,OC[C@H]1O[C@H](OC[C@H]2OC(O)[C@H](O)[C@@H](O)[C@@H]2O)[C@H](O)[C@@H](O)[C@@H]1O,OC[C@H]1O[C@H](OC[C@H]2OC(O)[C@H](O)[C@@H](O)[C@@H]2O)[C@H](O)[C@@H](O)[C@@H]1O,0
444.55,NNC(=O)c1ccncc1,NNC(=O)c1ccncc1,0
113.34999999999997,CCC(C)C,CCC(C)C,0
194.65,CC(=O)OCCC(C)C,CC(=O)OCCC(C)C,0
179.64999999999998,CC(C)CCOC=O,CC(C)CCOC=O,0
265.04999999999995,CC1=CC(=O)CC(C)(C)C1,CC1=CC(=O)CC(C)(C)C1,0
333.15,CC1(C)CC(N=C=O)CC(C)(CN=C=O)C1,CC1(C)CC(N=C=O)CC(C)(CN=C=O)C1,0
621.15,O=C(O)c1cccc(C(=O)O)c1,O=C(O)c1cccc(C(=O)O)c1,0
460.15,Cn1cncc1C[C@H]1COC(=O)[C@@H]1[C@@H](O)c1ccccc1,Cn1cncc1C[C@H]1COC(=O)[C@@H]1[C@@H](O)c1ccccc1,0
180.25,C=C(C)OC(C)=O,C=C(C)OC(C)=O,0
250.79,C=C(C)c1ccccc1,C=C(C)c1ccccc1,0
242.55,C=C(C)c1ccc(C(C)C)cc1,C=C(C)c1ccc(C(C)C)cc1,0
356.15,CC(C)Oc1ccc(Nc2ccccc2)cc1,CC(C)Oc1ccc(Nc2ccccc2)cc1,0
199.75,CC(=O)OC(C)C,CC(=O)OC(C)C,0
401.65,CC(C)NCCO,CC(C)NCCO,0
177.14,CC(C)c1ccccc1,CC(C)c1ccccc1,0
301.15,CC(C)c1ccc(CO)cc1,CC(C)c1ccc(CO)cc1,0
390.15,CC(C)c1ccc(C(=O)O)cc1,CC(C)c1ccc(C(=O)O)cc1,0
366.15,CC(C)OC(N)=O,CC(C)OC(N)=O,0
183.25,CC(C)C1CCCCC1,CC(C)C1CCCCC1,0
161.64999999999998,CC(C)C1CCCC1,CC(C)C1CCCC1,0
160.14999999999998,CC(C)C1CC1,CC(C)C1CC1,0
278.15,CC(C)OC(=O)COc1ccc(Cl)cc1Cl,CC(C)OC(=O)COc1ccc(Cl)cc1Cl,0
343.15,CC(C)NC1CCC(c2ccccc2)(c2ccccc2)CC1,CC(C)NC1CCC(c2ccccc2)(c2ccccc2)CC1,0
201.65,Cc1ccccc1C(C)C,Cc1ccccc1C(C)C,0
209.35,Cc1cccc(C(C)C)c1,Cc1cccc(C(C)C)c1,0
205.05,Cc1ccc(C(C)C)cc1,Cc1ccc(C(C)C)cc1,0
275.65,Cc1ccc(C(C)C)cc1O,Cc1ccc(C(C)C)cc1O,0
446.15,Cc1cc(=O)[nH]c(C(C)C)n1,Cc1cc(=O)[nH]c(C(C)C)n1,0
171.67999999999998,CSC(C)C,CSC(C)C,0
257.54999999999995,CC(C)c1cccc2ccccc12,CC(C)c1cccc2ccccc12,0
288.15,CC(C)c1ccc2ccccc2c1,CC(C)c1ccc2ccccc2c1,0
321.15,CC(C)N(N=O)C(C)C,CC(C)N(N=O)C(C)C,0
245.85,CC(=O)CC(=O)OC(C)C,CC(=O)CC(=O)OC(C)C,0
285.95,CCCCCCCCCCCCCCCC(=O)OC(C)C,CCCCCCCCCCCCCCCC(=O)OC(C)C,0
290.15,CC(C)c1ccccc1O,CC(C)c1ccccc1O,0
298.85,CC(C)c1cccc(O)c1,CC(C)c1cccc(O)c1,0
335.15,CC(C)c1ccc(O)cc1,CC(C)c1ccc(O)cc1,0
345.65,CC(C)Nc1ccc(Nc2ccccc2)cc1,CC(C)Nc1ccc(Nc2ccccc2)cc1,0
358.15,CC(C)OC(=O)Nc1ccccc1,CC(C)OC(=O)Nc1ccccc1,0
337.65,C=CC(=O)NC(C)C,C=CC(=O)NC(C)C,0
218.25,CC(C)c1ccncc1,CC(C)c1ccncc1,0
297.25,CCCCCCCCCCCCCCCCCC(=O)OC(C)C,CCCCCCCCCCCCCCCCCC(=O)OC(C)C,0
228.45,C=Cc1ccc(C(C)C)cc1,C=Cc1ccc(C(C)C)cc1,0
133.14999999999998,C=COC(C)C,C=COC(C)C,0
443.65,CC(C)NCC(O)c1ccc(O)c(O)c1,CC(C)NCC(O)c1ccc(O)c(O)c1,0
412.15,O=c1ccc2ccc3occc3c2o1,O=c1ccc2ccc3occc3c2o1,0
396.15,Nc1nccc2ccccc12,Nc1nccc2ccccc12,0
451.65,Nc1cc2ccccc2cn1,Nc1cc2ccccc2cn1,0
299.61,c1ccc2cnccc2c1,c1ccc2cnccc2c1,0
503.15,Oc1ccc2ccncc2c1,Oc1ccc2ccncc2c1,0
336.15,O[C@@H]1CO[C@H]2[C@@H]1OC[C@@H]2O,O[C@@H]1CO[C@H]2[C@@H]1OC[C@@H]2O,0
325.15,O=[N+]([O-])O[C@H]1CO[C@H]2[C@@H]1OC[C@H]2O[N+](=O)[O-],O=[N+]([O-])O[C@H]1CO[C@H]2[C@@H]1OC[C@H]2O[N+](=O)[O-],0
476.65,COc1cc2c3c(c1O)-c1c(cccc1OC)C[C@@H]3N(C)CC2,COc1cc2c3c(c1O)-c1c(cccc1OC)C[C@@H]3N(C)CC2,0
573.15,CCC(C)(N)C(=O)O,CCC(C)(N)C(=O)O,0
446.15,CCC(C)(CC)c1cc(NC(=O)c2c(OC)cccc2OC)on1,CCC(C)(CC)c1cc(NC(=O)c2c(OC)cccc2OC)on1,0
376.15,C[C@H](COc1ccccc1)N[C@H](C)[C@@H](O)c1ccc(O)cc1,C[C@H](COc1ccccc1)N[C@H](C)[C@@H](O)c1ccc(O)cc1,0
501.15,C[C@@H]1C[C@@]2(O[C@H]2C)C(=O)O[C@@H]2CCN3CC=C(COC(=O)[C@]1(C)O)[C@H]23,C[C@@H]1C[C@@]2(O[C@H]2C)C(=O)O[C@@H]2CCN3CC=C(COC(=O)[C@]1(C)O)[C@H]23,0
481.15,COC1=CC(=O)c2c(O)c(C)c(CC(C)=O)c(O)c2C1=O,COC1=CC(=O)c2c(O)c(C)c(CC(C)=O)c(O)c2C1=O,0
516.15,CC1=C2C(=O)[C@H]3[C@@H](CC=C4C[C@@H](O)CC[C@@]43C)[C@@H]2CC[C@]12O[C@@H]1C[C@H](C)CN[C@H]1[C@H]2C,CC1=C2C(=O)[C@H]3[C@@H](CC=C4C[C@@H](O)CC[C@@]43C)[C@@H]2CC[C@]12O[C@@H]1C[C@H](C)CN[C@H]1[C@H]2C,0
550.15,O=c1c(O)c(-c2ccc(O)cc2)oc2cc(O)cc(O)c12,O=c1c(O)c(-c2ccc(O)cc2)oc2cc(O)cc(O)c12,0
526.15,C=C(C)[C@H]1CN[C@H](C(=O)O)[C@H]1CC(=O)O,C=C(C)[C@H]1CN[C@H](C(=O)O)[C@H]1CC(=O)O,0
623.15,O=C1C2(Cl)C3(Cl)C4(Cl)C(Cl)(Cl)C5(Cl)C3(Cl)C1(Cl)C5(Cl)C24Cl,O=C1C2(Cl)C3(Cl)C4(Cl)C(Cl)(Cl)C5(Cl)C3(Cl)C1(Cl)C5(Cl)C24Cl,0
365.65,CNC1(c2ccccc2Cl)CCCCC1=O,CNC1(c2ccccc2Cl)CCCCC1=O,0
122.14999999999998,C=C=O,C=C=O,0
427.15,COc1c2occc2c(OC)c2c(=O)cc(C)oc12,COc1c2occc2c(OC)c2c(=O)cc(C)oc12,0
467.15,Nc1ccccc1C(=O)C[C@H](N)C(=O)O,Nc1ccccc1C(=O)C[C@H](N)C(=O)O,0
437.15,CC(CCc1ccccc1)NCC(O)c1ccc(O)c(C(N)=O)c1,CC(CCc1ccccc1)NCC(O)c1ccc(O)c(C(N)=O)c1,0
290.04999999999995,CC(O)C(=O)O,CC(O)C(=O)O,0
326.15,C[C@@H](O)C(=O)O,C[C@@H](O)C(=O)O,0
326.15,C[C@H](O)C(=O)O,C[C@H](O)C(=O)O,0
366.15,CCOC(=O)C(C)OC(=O)c1cc(Oc2ccc(C(F)(F)F)cc2Cl)ccc1[N+](=O)[O-],CCOC(=O)C(C)OC(=O)c1cc(Oc2ccc(C(F)(F)F)cc2Cl)ccc1[N+](=O)[O-],0
495.95,OC[C@H]1O[C@@H](O[C@H]2[C@H](O)[C@@H](O)[C@@H](O)O[C@@H]2CO)[C@H](O)[C@@H](O)[C@H]1O,OC[C@H]1O[C@@H](O[C@H]2[C@H](O)[C@@H](O)[C@@H](O)O[C@@H]2CO)[C@H](O)[C@@H](O)[C@H]1O,0
527.15,OC[C@H]1O[C@@H](O[C@H]2[C@H](O)[C@@H](O)[C@H](O)O[C@@H]2CO)[C@H](O)[C@@H](O)[C@H]1O,OC[C@H]1O[C@@H](O[C@H]2[C@H](O)[C@@H](O)[C@H](O)O[C@@H]2CO)[C@H](O)[C@@H](O)[C@H]1O,0
442.15,OC[C@H]1O[C@@H](O[C@@H]2[C@@H](CO)O[C@](O)(CO)[C@H]2O)[C@H](O)[C@@H](O)[C@H]1O,OC[C@H]1O[C@@H](O[C@@H]2[C@@H](CO)O[C@](O)(CO)[C@H]2O)[C@H](O)[C@@H](O)[C@H]1O,0
478.15,O=C[C@H](O)[C@@H](O[C@@H]1O[C@H](CO)[C@@H](O)[C@H](O)[C@H]1O)[C@H](O)[C@H](O)CO,O=C[C@H](O)[C@@H](O[C@@H]1O[C@H](CO)[C@@H](O)[C@H](O)[C@H]1O)[C@H](O)[C@H](O)CO,0
413.65,CC(C)=CCC[C@@H](C)[C@H]1CC[C@@]2(C)C3=C(CC[C@]12C)[C@@]1(C)CC[C@H](O)C(C)(C)[C@@H]1CC3,CC(C)=CCC[C@@H](C)[C@H]1CC[C@@]2(C)C3=C(CC[C@]12C)[C@@]1(C)CC[C@H](O)C(C)(C)[C@@H]1CC3,0
570.15,C/C=C(/C)C(=O)O[C@@H]1CC(C)(C)C[C@H]2C3=CC[C@@H]4[C@@]5(C)CCC(=O)C(C)(C)[C@@H]5CC[C@@]4(C)[C@]3(C)CC[C@@]12C(=O)O,C/C=C(/C)C(=O)O[C@@H]1CC(C)(C)C[C@H]2C3=CC[C@@H]4[C@@]5(C)CCC(=O)C(C)(C)[C@@H]5CC[C@@]4(C)[C@]3(C)CC[C@@]12C(=O)O,0
575.15,CC(C)=CC(=O)O[C@@H]1CC(C)(C)C[C@H]2C3=CC[C@@H]4[C@@]5(C)CCC(=O)C(C)(C)[C@@H]5CC[C@@]4(C)[C@]3(C)CC[C@@]12C(=O)O,CC(C)=CC(=O)O[C@@H]1CC(C)(C)C[C@H]2C3=CC[C@@H]4[C@@]5(C)CCC(=O)C(C)(C)[C@@H]5CC[C@@]4(C)[C@]3(C)CC[C@@]12C(=O)O,0
567.15,N[C@@H](CSC[C@H](N)C(=O)O)C(=O)O,N[C@@H](CSC[C@H](N)C(=O)O)C(=O)O,0
412.65,CC(C)=CCC1=C(O)c2ccccc2C(=O)C1=O,CC(C)=CCC1=C(O)c2ccccc2C(=O)C1=O,0
490.65,CCN1C[C@]2(OC(=O)c3ccccc3NC(C)=O)CC[C@H](OC)[C@@]34[C@@H]2C[C@@H]([C@@H]13)[C@@]1(O)C[C@H](OC)[C@H]2C[C@@H]4[C@]1(O)[C@H]2OC,CCN1C[C@]2(OC(=O)c3ccccc3NC(C)=O)CC[C@H](OC)[C@@]34[C@@H]2C[C@@H]([C@@H]13)[C@@]1(O)C[C@H](OC)[C@H]2C[C@@H]4[C@]1(O)[C@H]2OC,0
368.65,C/C=C(/C)C(=O)O[C@H]1CCN2CC=C(COC(=O)[C@@](O)([C@H](C)OC)C(C)(C)O)[C@H]12,C/C=C(/C)C(=O)O[C@H]1CCN2CC=C(COC(=O)[C@@](O)([C@H](C)OC)C(C)(C)O)[C@H]12,0
457.65,COc1ccc(C[C@@H]2c3cc(OC)c(OC)cc3CCN2C)cc1O,COc1ccc(C[C@@H]2c3cc(OC)c(OC)cc3CCN2C)cc1O,0
440.15,COc1ccc(CC2c3cc(OC)c(OC)cc3CCN2C)cc1O,COc1ccc(CC2c3cc(OC)c(OC)cc3CCN2C)cc1O,0
362.15,COc1ccc(C[C@H]2c3cc(OC)c(OC)cc3CCN2C)cc1OC,COc1ccc(C[C@H]2c3cc(OC)c(OC)cc3CCN2C)cc1OC,0
387.15,COc1ccc2c(c1)-c1c3c(cc4c1[C@@H](C2)N(C)CC4)OCO3,COc1ccc2c(c1)-c1c3c(cc4c1[C@@H](C2)N(C)CC4)OCO3,0
266.15,CCCCCCCCCCCCN1CCCCCC1=O,CCCCCCCCCCCCN1CCCCCC1=O,0
531.15,CN(C)C(=S)S[Pb]SC(=S)N(C)C,CN(C)C(=S)S[Pb]SC(=S)N(C)C,0
378.15,C[C@H]1CC[C@@H]2[C@H]1[C@@H]1[C@H](CC[C@]2(C)O)C1(C)C,C[C@H]1CC[C@@H]2[C@H]1[C@@H]1[C@H](CC[C@]2(C)O)C1(C)C,0
563.15,O=c1[nH]c2c(c(=O)n1C1CCCCC1)CCC2,O=c1[nH]c2c(c(=O)n1C1CCCCC1)CCC2,0
347.15,COP(=S)(Oc1cc(Cl)c(Br)cc1Cl)c1ccccc1,COP(=S)(Oc1cc(Cl)c(Br)cc1Cl)c1ccccc1,0
566.15,CC(C)CC(N)C(=O)O,CC(C)CC(N)C(=O)O,0
566.15,CC(C)C[C@@H](N)C(=O)O,CC(C)C[C@@H](N)C(=O)O,0
566.15,CC(C)C[C@H](N)C(=O)O,CC(C)C[C@H](N)C(=O)O,0
521.15,CC(C)C[C@H](N)C(=O)NCC(=O)O,CC(C)C[C@H](N)C(=O)NCC(=O)O,0
476.15,CC[C@]12CN3CCc4c([nH]c5ccccc45)[C@@](C(=O)OC)(c4cc5c(cc4OC)N(C)[C@H]4[C@@](O)(C(=O)OC)[C@H](OC(C)=O)[C@]6(CC)C=CCN7CC[C@]54[C@@H]76)C[C@@H](C3)[C@H]1O2,CC[C@]12CN3CCc4c([nH]c5ccccc45)[C@@](C(=O)OC)(c4cc5c(cc4OC)N(C)[C@H]4[C@@](O)(C(=O)OC)[C@H](OC(C)=O)[C@]6(CC)C=CCN7CC[C@]54[C@@H]76)C[C@@H](C3)[C@H]1O2,0
454.15,C=CCN1CC[C@]23CCCC[C@H]2[C@H]1Cc1ccc(O)cc13,C=CCN1CC[C@]23CCCC[C@H]2[C@H]1Cc1ccc(O)cc13,0
550.15,N[C@@H](Cc1ccc(O)c(O)c1)C(=O)O,N[C@@H](Cc1ccc(O)c(O)c1)C(=O)O,0
423.15,CC(C)C1=CC[C@H]2C(=C1)CC[C@@H]1[C@]2(C)CCC[C@@]1(C)C(=O)O,CC(C)C1=CC[C@H]2C(=C1)CC[C@@H]1[C@]2(C)CCC[C@@]1(C)C(=O)O,0
471.15,CN1CC[C@]23CCCC[C@H]2[C@H]1Cc1ccc(O)cc13,CN1CC[C@]23CCCC[C@H]2[C@H]1Cc1ccc(O)cc13,0
199.15,C=C(C)[C@H]1CC=C(C)CC1,C=C(C)[C@H]1CC=C(C)CC1,0
266.25,CCCCC/C=C\C/C=C\CCCCCCCC(=O)O,CCCCC/C=C\C/C=C\CCCCCCCC(=O)O,0
263.15,CC/C=C\C/C=C\C/C=C\CCCCCCCC(=O)O,CC/C=C\C/C=C\C/C=C\CCCCCCCC(=O)O,0
366.05,CON(C)C(=O)Nc1ccc(Cl)c(Cl)c1,CON(C)C(=O)Nc1ccc(Cl)c(Cl)c1,0
509.15,N[C@@H](Cc1cc(I)c(Oc2ccc(O)c(I)c2)c(I)c1)C(=O)O,N[C@@H](Cc1cc(I)c(Oc2ccc(O)c(I)c2)c(I)c1)C(=O)O,0
401.15,NC(=O)CCCCC1CCSS1,NC(=O)CCCCC1CCSS1,0
334.15,O=C(O)CCCCC1CCSS1,O=C(O)CCCCC1CCSS1,0
423.15,CN1[C@@H](C[C@@H](O)c2ccccc2)CCC[C@H]1C[C@H](O)c1ccccc1,CN1[C@@H](C[C@@H](O)c2ccccc2)CCC[C@H]1C[C@H](O)c1ccccc1,0
372.15,CN1[C@@H](CC(=O)c2ccccc2)CCC[C@H]1CC(=O)c1ccccc1,CN1[C@@H](CC(=O)c2ccccc2)CCC[C@H]1CC(=O)c1ccccc1,0
403.65,CN1[C@@H](CC(=O)c2ccccc2)CCC[C@H]1C[C@H](O)c1ccccc1,CN1[C@@H](CC(=O)c2ccccc2)CCC[C@H]1C[C@H](O)c1ccccc1,0
436.65,Fc1ccc(NC(=S)Nc2cc(Cl)cc(Cl)c2)cc1,Fc1ccc(NC(=S)Nc2cc(Cl)cc(Cl)c2)cc1,0
405.15,CCOC(=O)N1CCC(=C2c3ccc(Cl)cc3CCc3cccnc32)CC1,CCOC(=O)N1CCC(=C2c3ccc(Cl)cc3CCc3cccnc32)CC1,0
452.15,CC[C@H](C)C(=O)O[C@H]1C[C@@H](C)C=C2C=C[C@H](C)[C@H](CC[C@@H]3C[C@@H](O)CC(=O)O3)[C@H]21,CC[C@H](C)C(=O)O[C@H]1C[C@@H](C)C=C2C=C[C@H](C)[C@H](CC[C@@H]3C[C@@H](O)CC(=O)O3)[C@H]21,0
376.15,O=C(Oc1ccccc1)n1c(C(F)(F)F)nc2cc(Cl)c(Cl)cc21,O=C(Oc1ccccc1)n1c(C(F)(F)F)nc2cc(Cl)c(Cl)cc21,0
382.65,CN1CCN(C2=Nc3ccccc3Oc3ccc(Cl)cc32)CC1,CN1CCN(C2=Nc3ccccc3Oc3ccc(Cl)cc32)CC1,0
383.15,CC(C(=O)O)c1ccc(CC2CCCC2=O)cc1,CC(C(=O)O)c1ccc(CC2CCCC2=O)cc1,0
422.15,C=C1[C@H]2C[C@@]3([C@@H]1O)[C@@H](C[C@@H]2O)[C@]12[C@@H]4C[C@H]3[C@H]1N(CC)C[C@]4(C)CC[C@@H]2O,C=C1[C@H]2C[C@@]3([C@@H]1O)[C@@H](C[C@@H]2O)[C@]12[C@@H]4C[C@H]3[C@H]1N(CC)C[C@]4(C)CC[C@@H]2O,0
529.15,C=C(C)[C@@H]1CC[C@]2(CO)CC[C@]3(C)[C@H](CC[C@@H]4[C@@]5(C)CC[C@H](O)C(C)(C)[C@@H]5CC[C@]43C)[C@@H]12,C=C(C)[C@@H]1CC[C@]2(CO)CC[C@]3(C)[C@H](CC[C@@H]4[C@@]5(C)CC[C@H](O)C(C)(C)[C@@H]5CC[C@]43C)[C@@H]12,0
489.15,C=C(C)[C@@H]1CC[C@]2(C)CC[C@]3(C)[C@H](CC[C@@H]4[C@@]5(C)CC[C@H](O)C(C)(C)[C@@H]5CC[C@]43C)[C@@H]12,C=C(C)[C@@H]1CC[C@]2(C)CC[C@]3(C)[C@H](CC[C@@H]4[C@@]5(C)CC[C@H](O)C(C)(C)[C@@H]5CC[C@]43C)[C@@H]12,0
366.15,CC(C)=CCC1=C(O)C(CC=C(C)C)(CC=C(C)C)C(=O)C(C(=O)CC(C)C)=C1O,CC(C)=CCC1=C(O)C(CC=C(C)C)(CC=C(C)C)C(=O)C(C(=O)CC(C)C)=C1O,0
601.15,O=c1cc(-c2ccc(O)c(O)c2)oc2cc(O)cc(O)c12,O=c1cc(-c2ccc(O)c(O)c2)oc2cc(O)cc(O)c12,0
551.15,Cc1cc(O)c2c(c1O)C(=O)C13C(=C2O)C(=O)C2C(O)C1C1C(O)C3C(=O)C3=C(O)c4c(O)cc(C)c(O)c4C(=O)C321,Cc1cc(O)c2c(c1O)C(=O)C13C(=C2O)C(=O)C2C(O)C1C1C(O)C3C(=O)C3=C(O)c4c(O)cc(C)c(O)c4C(=O)C321,0
372.15,C[C@@H]1C[C@H]2Cc3ncccc3[C@]3(C1)NCCC[C@H]23,C[C@@H]1C[C@H]2Cc3ncccc3[C@]3(C1)NCCC[C@H]23,0
501.15,NC(=O)CNC(CN[C@@H](CC(=O)O)C(=O)O)C(=O)O,NC(=O)CNC(CN[C@@H](CC(=O)O)C(=O)O)C(=O)O,0
553.15,O[C@H]1[C@H]2c3cc4c(cc3CN3CCC(=C[C@@H]1O)[C@H]23)OCO4,O[C@H]1[C@H]2c3cc4c(cc3CN3CCC(=C[C@@H]1O)[C@H]23)OCO4,0
410.65,CN1C[C@H](C(N)=O)C=C2c3cccc4[nH]cc(c34)C[C@H]21,CN1C[C@H](C(N)=O)C=C2c3cccc4[nH]cc(c34)C[C@H]21,0
513.15,CN1C[C@H](C(=O)O)C=C2c3cccc4[nH]cc(c34)C[C@H]21,CN1C[C@H](C(=O)O)C=C2c3cccc4[nH]cc(c34)C[C@H]21,0
355.15,CCN(CC)C(=O)[C@@H]1C=C2c3cccc4[nH]cc(c34)C[C@H]2N(C)C1,CCN(CC)C(=O)[C@@H]1C=C2c3cccc4[nH]cc(c34)C[C@H]2N(C)C1,0
497.15,NCCCCC(N)C(=O)O,NCCCCC(N)C(=O)O,0
491.15,NCCCC[C@@H](N)C(=O)O,NCCCC[C@@H](N)C(=O)O,0
497.15,NCCCC[C@H](N)C(=O)O,NCCCC[C@H](N)C(=O)O,0
381.15,OC1OC[C@@H](O)[C@H](O)[C@@H]1O,OC1OC[C@@H](O)[C@H](O)[C@@H]1O,0
383.15,O=C[C@H](O)[C@H](O)[C@@H](O)CO,O=C[C@H](O)[C@H](O)[C@@H](O)CO,0
495.65,O=C(c1ccc(O)c(O)c1)c1c(O)cc(O)cc1O,O=C(c1ccc(O)c(O)c1)c1c(O)cc(O)cc1O,0
459.15,CC1=CC(=C(c2ccc(N)cc2)c2ccc(N)cc2)C=CC1=N,CC1=CC(=C(c2ccc(N)cc2)c2ccc(N)cc2)C=CC1=N,0
276.15,CCOC(=O)CC(SP(=S)(OC)OC)C(=O)OCC,CCOC(=O)CC(SP(=S)(OC)OC)C(=O)OCC,0
416.65,O=C(O)/C=C\C(=O)O,O=C(O)/C=C\C(=O)O,0
325.71,O=C1C=CC(=O)O1,O=C1C=CC(=O)O1,0
304.65,N#C/C=C\C#N,N#C/C=C\C#N,0
405.15,O=C(O)CC(O)C(=O)O,O=C(O)CC(O)C(=O)O,0
346.15,O=CCC=O,O=CCC=O,0
408.15,O=C(O)CC(=O)O,O=C(O)CC(=O)O,0
304.98,N#CCC#N,N#CCC#N,0
351.15,O=C[C@H](O)[C@@H](O)[C@H](O[C@H]1O[C@H](CO)[C@@H](O[C@H]2O[C@H](CO)[C@@H](O[C@H]3O[C@H](CO)[C@@H](O[C@H]4O[C@H](CO)[C@@H](O)[C@H](O)[C@H]4O)[C@H](O)[C@H]3O)[C@H](O)[C@H]2O)[C@H](O)[C@H]1O)[C@H](O)CO,O=C[C@H](O)[C@@H](O)[C@H](O[C@H]1O[C@H](CO)[C@@H](O[C@H]2O[C@H](CO)[C@@H](O[C@H]3O[C@H](CO)[C@@H](O[C@H]4O[C@H](CO)[C@@H](O)[C@H](O)[C@H]4O)[C@H](O)[C@H]3O)[C@H](O)[C@H]2O)[C@H](O)[C@H]1O)[C@H](O)CO,0
435.65,OC[C@H]1O[C@H](O[C@H]2[C@H](O)[C@@H](O)[C@@H](O)O[C@@H]2CO)[C@H](O)[C@@H](O)[C@@H]1O,OC[C@H]1O[C@H](O[C@H]2[C@H](O)[C@@H](O)[C@@H](O)O[C@@H]2CO)[C@H](O)[C@@H](O)[C@@H]1O,0
443.15,O=C[C@H](O)[C@@H](O)[C@H](O[C@H]1O[C@H](CO)[C@@H](O[C@H]2O[C@H](CO)[C@@H](O[C@H]3O[C@H](CO)[C@@H](O)[C@H](O)[C@H]3O)[C@H](O)[C@H]2O)[C@H](O)[C@H]1O)[C@H](O)CO,O=C[C@H](O)[C@@H](O)[C@H](O[C@H]1O[C@H](CO)[C@@H](O[C@H]2O[C@H](CO)[C@@H](O[C@H]3O[C@H](CO)[C@@H](O)[C@H](O)[C@H]3O)[C@H](O)[C@H]2O)[C@H](O)[C@H]1O)[C@H](O)CO,0
395.15,N#CC(O[C@@H]1O[C@H](CO)[C@@H](O)[C@H](O)[C@H]1O)c1ccccc1,N#CC(O[C@@H]1O[C@H](CO)[C@@H](O)[C@H](O)[C@H]1O)c1ccccc1,0
437.25,OC[C@@H](O)[C@@H](O)[C@H](O)[C@H](O)CO,OC[C@@H](O)[C@@H](O)[C@H](O)[C@H](O)CO,0
384.15,O=[N+]([O-])OC[C@@H](O[N+](=O)[O-])[C@@H](O[N+](=O)[O-])[C@H](O[N+](=O)[O-])[C@@H](CO[N+](=O)[O-])O[N+](=O)[O-],O=[N+]([O-])OC[C@@H](O[N+](=O)[O-])[C@@H](O[N+](=O)[O-])[C@H](O[N+](=O)[O-])[C@@H](CO[N+](=O)[O-])O[N+](=O)[O-],0
391.15,O=C[C@@H](O)[C@@H](O)[C@H](O)[C@H](O)CO,O=C[C@@H](O)[C@@H](O)[C@H](O)[C@H](O)CO,0
405.15,O=C[C@H](O)[C@H](O)[C@@H](O)[C@@H](O)CO,O=C[C@H](O)[C@H](O)[C@@H](O)[C@@H](O)CO,0
471.15,OC1(c2ccc(Cl)cc2)c2ccccc2C2=NCCN21,OC1(c2ccc(Cl)cc2)c2ccccc2C2=NCCN21,0
561.65,COC(=O)Nc1nc2ccc(C(=O)c3ccccc3)cc2[nH]1,COC(=O)Nc1nc2ccc(C(=O)c3ccccc3)cc2[nH]1,0
368.15,CN1CCc2c(c3ccccc3n2Cc2ccccc2)C1,CN1CCc2c(c3ccccc3n2Cc2ccccc2)C1,0
487.65,CC(=O)[C@@]1(O)CC[C@H]2[C@@H]3C[C@H](C)C4=CC(=O)CC[C@]4(C)[C@H]3CC[C@@]21C,CC(=O)[C@@]1(O)CC[C@H]2[C@@H]3C[C@H](C)C4=CC(=O)CC[C@]4(C)[C@H]3CC[C@@]21C,0
503.15,Cc1cccc(Nc2ccccc2C(=O)O)c1C,Cc1cccc(Nc2ccccc2C(=O)O)c1C,0
451.35,OC(c1cc(C(F)(F)F)nc2c(C(F)(F)F)cccc12)C1CCCCN1,OC(c1cc(C(F)(F)F)nc2c(C(F)(F)F)cccc12)C1CCCCN1,0
457.45,CC(=O)Nc1cc(NS(=O)(=O)C(F)(F)F)c(C)cc1C,CC(=O)Nc1cc(NS(=O)(=O)C(F)(F)F)c(C)cc1C,0
426.15,OC[C@H]1O[C@@](CO)(O[C@H]2O[C@H](CO)[C@@H](O)[C@H](O)[C@H]2O)[C@@H](O[C@H]2O[C@H](CO)[C@@H](O)[C@H](O)[C@H]2O)[C@@H]1O,OC[C@H]1O[C@@](CO)(O[C@H]2O[C@H](CO)[C@@H](O)[C@H](O)[C@H]2O)[C@@H](O[C@H]2O[C@H](CO)[C@@H](O)[C@H](O)[C@H]2O)[C@@H]1O,0
277.15,CCCCC/C=C\C/C=C\CCCCCCCC(=O)NC(C)c1ccccc1,CCCCC/C=C\C/C=C\CCCCCCCC(=O)NC(C)c1ccccc1,0
456.15,N[C@@H](Cc1ccc(N(CCCl)CCCl)cc1)C(=O)O,N[C@@H](Cc1ccc(N(CCCl)CCCl)cc1)C(=O)O,0
327.15,CC(C)=CCC/C(C)=C/CC/C(C)=C/CC/C(C)=C/CC/C(C)=C/CC/C(C)=C/CC/C(C)=C/CC1=C(C)C(=O)c2ccccc2C1=O,CC(C)=CCC/C(C)=C/CC/C(C)=C/CC/C(C)=C/CC/C(C)=C/CC/C(C)=C/CC/C(C)=C/CC1=C(C)C(=O)c2ccccc2C1=O,0
433.15,COP(=S)(OC)SCc1nc(N)nc(N)n1,COP(=S)(OC)SCc1nc(N)nc(N)n1,0
303.15,CCOC(=O)C1(c2ccccc2)CCN(C)CC1,CCOC(=O)C1(c2ccccc2)CCN(C)CC1,0
409.15,CCC1(c2ccccc2)NC(=O)N(C)C1=O,CCC1(c2ccccc2)NC(=O)N(C)C1=O,0
449.15,CCC1(c2ccccc2)C(=O)NC(=O)N(C)C1=O,CCC1(c2ccccc2)C(=O)NC(=O)N(C)C1=O,0
423.65,Cc1cccc(C)c1NC(=O)C1CCCCN1C,Cc1cccc(C)c1NC(=O)C1CCCCN1C,0
441.65,O=C(O)c1ccccc1S,O=C(O)c1ccccc1S,0
453.15,c1ccc2sc(SSc3nc4ccccc4s3)nc2c1,c1ccc2sc(SSc3nc4ccccc4s3)nc2c1,0
320.15,CC(C)(S)C(=O)O,CC(C)(S)C(=O)O,0
384.65,O=C(CS)Nc1ccc2ccccc2c1,O=C(CS)Nc1ccc2ccccc2c1,0
278.65,Oc1ccccc1S,Oc1ccccc1S,0
302.65,Oc1ccc(S)cc1,Oc1ccc(S)cc1,0
289.65,O=C(O)CCS,O=C(O)CCS,0
471.65,CC(C)(S)[C@@H](N)C(=O)O,CC(C)(S)[C@@H](N)C(=O)O,0
426.15,CC(=O)O[Hg]c1ccccc1,CC(=O)O[Hg]c1ccccc1,0
373.15,CCCCSP(SCCCC)SCCCC,CCCCSP(SCCCC)SCCCC,0
220.35,CC(=O)C=C(C)C,CC(=O)C=C(C)C,0
427.15,C#C[C@]1(O)CC[C@H]2[C@@H]3CCc4cc(OC)ccc4[C@H]3CC[C@@]21C,C#C[C@]1(O)CC[C@H]2[C@@H]3CCc4cc(OC)ccc4[C@H]3CC[C@@]21C,0
404.15,c1cc2cc(c1)CCc1cccc(c1)CC2,c1cc2cc(c1)CCc1cccc(c1)CC2,0
346.15,COCC(=O)N(c1c(C)cccc1C)C(C)C(=O)OC,COCC(=O)N(c1c(C)cccc1C)C(C)C(=O)OC,0
519.15,CC1OC(C)OC(C)OC(C)O1,CC1OC(C)OC(C)OC(C)O1,0
395.15,Cc1cc(C)cc(OCC2CNC(=O)O2)c1,Cc1cc(C)cc(OCC2CNC(=O)O2)c1,0
287.75,C=C(C)C(=O)O,C=C(C)C(=O)O,0
478.15,C=C1c2cccc(O)c2C(O)=C2C(=O)[C@]3(O)C(O)=C(C(N)=O)C(=O)[C@@H](N(C)C)[C@@H]3[C@@H](O)[C@H]12,C=C1c2cccc(O)c2C(O)=C2C(=O)[C@]3(O)C(O)=C(C(N)=O)C(=O)[C@@H](N(C)C)[C@@H]3[C@@H](O)[C@H]12,0
412.15,CCC(c1ccc2cc(OC)ccc2c1)C(C)(C)C(=O)O,CCC(c1ccc2cc(OC)ccc2c1)C(C)(C)C(=O)O,0
319.85,COP(N)(=O)SC,COP(N)(=O)SC,0
439.15,C[C@]12C=CC(=O)C=C1CC[C@@H]1[C@@H]2CC[C@@]2(C)[C@H]1CC[C@]2(C)O,C[C@]12C=CC(=O)C=C1CC[C@@H]1[C@@H]2CC[C@@]2(C)[C@H]1CC[C@]2(C)O,0
433.65,C[As](=O)(O)O,C[As](=O)(O)O,0
371.15,O=S(=O)(O)CS(=O)(=O)O,O=S(=O)(O)CS(=O)(=O)O,0
293.15,CS(=O)(=O)O,CS(=O)(=O)O,0
150.16999999999996,CS,CS,0
354.15,N=CN,N=CN,0
175.64999999999998,CO,CO,0
423.65,CCC1(CC)C(=O)NC(=O)N(C)C1=O,CCC1(CC)C(=O)NC(=O)N(C)C1=O,0
486.15,CC(=O)N=c1sc(S(N)(=O)=O)nn1C,CC(=O)N=c1sc(S(N)(=O)=O)nn1C,0
397.05,Cn1c(=O)on(-c2ccc(Cl)c(Cl)c2)c1=O,Cn1c(=O)on(-c2ccc(Cl)c(Cl)c2)c1=O,0
418.15,CCC(c1ccc(O)c(C)c1)C(CC)c1ccc(O)c(C)c1,CCC(c1ccc(O)c(C)c1)C(CC)c1ccc(O)c(C)c1,0
315.65,COc1nn(CSP(=S)(OC)OC)c(=O)s1,COc1nn(CSP(=S)(OC)OC)c(=O)s1,0
394.65,CNC(=O)Oc1cc(C)c(SC)c(C)c1,CNC(=O)Oc1cc(C)c(SC)c(C)c1,0
554.15,CSCC[C@H](N)C(=O)O,CSCC[C@H](N)C(=O)O,0
366.15,COc1ccccc1OCC(O)COC(N)=O,COc1ccccc1OCC(O)COC(N)=O,0
352.15,CNC(=O)ON=C(C)SC,CNC(=O)ON=C(C)SC,0
342.15,COCCCNc1nc(NC(C)C)nc(SC)n1,COCCCNc1nc(NC(C)C)nc(SC)n1,0
463.15,CN(Cc1cnc2nc(N)nc(N)c2n1)c1ccc(C(=O)N[C@@H](CCC(=O)O)C(=O)O)cc1,CN(Cc1cnc2nc(N)nc(N)c2n1)c1ccc(C(=O)N[C@@H](CCC(=O)O)C(=O)O)cc1,0
421.15,COc1c2occc2cc2ccc(=O)oc12,COc1c2occc2cc2ccc(=O)oc12,0
279.35,COc1ccccc1N,COc1ccccc1N,0
272.15,COc1cccc(N)c1,COc1cccc(N)c1,0
330.95,COc1ccc(N)cc1,COc1ccc(N)cc1,0
443.45,COc1cccc2c1C(=O)c1ccccc1C2=O,COc1cccc2c1C(=O)c1ccccc1C2=O,0
310.65,COc1ccccc1C=O,COc1ccccc1C=O,0
273.15,COc1ccc(C=O)cc1,COc1ccc(C=O)cc1,0
439.65,COc1ccc(C(N)=O)cc1,COc1ccc(C(N)=O)cc1,0
397.15,COc1ccccc1CC(=O)O,COc1ccccc1CC(=O)O,0
358.04999999999995,COc1ccc(CC(=O)O)cc1,COc1ccc(CC(=O)O)cc1,0
324.15,COc1ccc(N)c(N)c1,COc1ccc(N)c(N)c1,0
340.65,COc1ccc(N)cc1N,COc1ccc(N)cc1N,0
380.15,COc1cc(N)ccc1N,COc1cc(N)ccc1N,0
315.95,COc1cccc(O)c1O,COc1cccc(O)c1O,0
302.15,COc1ccc(CCO)cc1,COc1ccc(CCO)cc1,0
303.15,COc1cccc(CO)c1,COc1cccc(CO)c1,0
290.15,COc1ccc(CO)cc1,COc1ccc(CO)cc1,0
315.65,COc1ccc(S(=O)(=O)Cl)cc1,COc1ccc(S(=O)(=O)Cl)cc1,0
374.05,COc1ccccc1C(=O)O,COc1ccccc1C(=O)O,0
380.15,COc1cccc(C(=O)O)c1,COc1cccc(C(=O)O)c1,0
457.15,COc1ccc(C(=O)O)cc1,COc1ccc(C(=O)O)cc1,0
297.65,COc1ccccc1C#N,COc1ccccc1C#N,0
332.65,COc1ccc(C#N)cc1,COc1ccc(C#N)cc1,0
391.45,COc1ccc2ccc(=O)oc2c1,COc1ccc2ccc(=O)oc2c1,0
439.15,COc1ccc2nc(N)sc2c1,COc1ccc2nc(N)sc2c1,0
419.15,COc1ccc(C(=O)c2ccccc2C(=O)O)cc1,COc1ccc(C(=O)c2ccccc2C(=O)O)cc1,0
294.15,COc1ccc(C(=O)Cl)cc1,COc1ccc(C(=O)Cl)cc1,0
357.15,COc1ccc(COC(C)=O)cc1,COc1ccc(COC(C)=O)cc1,0
302.15,COc1ccccc1-c1ccccc1,COc1ccccc1-c1ccccc1,0
363.15,COc1ccc(-c2ccccc2)cc1,COc1ccc(-c2ccccc2)cc1,0
362.15,COc1ccc(C(c2ccc(OC)cc2)C(Cl)(Cl)Cl)cc1,COc1ccc(C(c2ccc(OC)cc2)C(Cl)(Cl)Cl)cc1,0
198.85,COC1CCCCC1,COC1CCCCC1,0
369.05,COc1ccc([N+](=O)[O-])cc1[N+](=O)[O-],COc1ccc([N+](=O)[O-])cc1[N+](=O)[O-],0
378.45,COc1cc([N+](=O)[O-])cc([N+](=O)[O-])c1,COc1cc([N+](=O)[O-])cc([N+](=O)[O-])c1,0
322.65,COC(C(=O)c1ccccc1)c1ccccc1,COC(C(=O)c1ccccc1)c1ccccc1,0
188.05,COCCO,COCCO,0
203.15,COCCOC(C)=O,COCCOC(C)=O,0
315.15,COCC[Hg]OC(C)=O,COCC[Hg]OC(C)=O,0
406.65,COc1c2ccccc2nc2occc12,COc1c2ccccc2nc2occc12,0
421.15,CC[C@H]1C[C@@H]2C[C@H]3c4[nH]c5ccc(OC)cc5c4CCN(C2)[C@@H]13,CC[C@H]1C[C@@H]2C[C@H]3c4[nH]c5ccc(OC)cc5c4CCN(C2)[C@@H]13,0
394.65,COc1ccc2[nH]cc(CCN)c2c1,COc1ccc2[nH]cc(CCN)c2c1,0
390.15,COc1ccc2[nH]cc(CCNC(C)=O)c2c1,COc1ccc2[nH]cc(CCNC(C)=O)c2c1,0
376.15,COc1ccc(Nc2ccc(OC)cc2)cc1,COc1ccc(Nc2ccc(OC)cc2)cc1,0
326.15,COc1ccc(C)cc1N,COc1ccc(C)cc1N,0
302.65,COc1ccc(N)c(C)c1,COc1ccc(N)c(C)c1,0
356.15,C=C(C)C(=O)/C(=C/C(=O)O)OC,C=C(C)C(=O)/C(=C/C(=O)O)OC,0
278.65,COc1cc(C)ccc1O,COc1cc(C)ccc1O,0
263.15,COc1cccc2ccccc12,COc1cccc2ccccc12,0
346.65,COc1ccc2ccccc2c1,COc1ccc2ccccc2c1,0
456.15,COC1=CC(=O)c2ccccc2C1=O,COC1=CC(=O)c2ccccc2C1=O,0
402.95,COc1ccc(O)c2ccccc12,COc1ccc(O)c2ccccc12,0
414.15,COc1cc([N+](=O)[O-])ccc1N,COc1cc([N+](=O)[O-])ccc1N,0
391.15,COc1ccc([N+](=O)[O-])cc1N,COc1ccc([N+](=O)[O-])cc1N,0
402.15,COc1ccc(N)c([N+](=O)[O-])c1,COc1ccc(N)c([N+](=O)[O-])c1,0
301.45,COc1ccccc1O,COc1ccccc1O,0
256.15,COc1cccc(O)c1,COc1cccc(O)c1,0
327.15,COc1ccc(O)cc1,COc1ccc(O)cc1,0
330.65,COc1ccccc1OC(=O)c1ccccc1,COc1ccccc1OC(=O)c1ccccc1,0
362.15,COc1ccccc1OC(=O)Oc1ccccc1OC,COc1ccccc1OC(=O)Oc1ccccc1OC,0
364.15,COc1ccccc1OP(=O)(Oc1ccccc1OC)Oc1ccccc1OC,COc1ccccc1OP(=O)(Oc1ccccc1OC)Oc1ccccc1OC,0
417.15,COc1ccccc1OCC1CNC(=O)O1,COc1ccccc1OCC1CNC(=O)O1,0
351.65,COc1ccccc1OCC(O)CO,COc1ccccc1OCC(O)CO,0
360.65,COc1ccccc1NC(C)=O,COc1ccccc1NC(C)=O,0
354.15,COc1cccc(NC(C)=O)c1,COc1cccc(NC(C)=O)c1,0
400.35,COc1ccc(NC(C)=O)cc1,COc1ccc(NC(C)=O)cc1,0
304.65,COc1ccccc1OC(C)=O,COc1ccccc1OC(C)=O,0
347.15,COc1ccc(/C=C/C(C)=O)cc1,COc1ccc(/C=C/C(C)=O)cc1,0
281.15,COCC(=O)c1ccccc1,COCC(=O)c1ccccc1,0
368.65,COc1cccc(C(C)=O)c1,COc1cccc(C(C)=O)c1,0
429.65,COc1ccc(C2C(=O)c3ccccc3C2=O)cc1,COc1ccc(C2C(=O)c3ccccc3C2=O)cc1,0
390.45,COc1ccc(NC(=O)CC(C)=O)cc1,COc1ccc(NC(=O)CC(C)=O)cc1,0
329.15,COc1ccc(N=Nc2ccccc2)cc1,COc1ccc(N=Nc2ccccc2)cc1,0
375.15,COc1ccc(Nc2ccc(N)cc2)cc1,COc1ccc(Nc2ccc(N)cc2)cc1,0
334.65,COc1ccc(C(=O)c2ccccc2)cc1,COc1ccc(C(=O)c2ccccc2)cc1,0
352.15,COc1ccc(/C=C/C(=O)c2ccccc2)cc1,COc1ccc(/C=C/C(=O)c2ccccc2)cc1,0
298.65,CCC(=O)c1ccc(OC)cc1,CCC(=O)c1ccc(OC)cc1,0
258.15,COc1ccc(CC(C)=O)cc1,COc1ccc(CC(C)=O)cc1,0
447.35,COc1ccc(/C=C/C(=O)O)cc1,COc1ccc(/C=C/C(=O)O)cc1,0
409.65,COc1ccc(/C=C/c2ccccc2)cc1,COc1ccc(/C=C/c2ccccc2)cc1,0
295.65,C/C=C/c1ccc(OC)cc1,C/C=C/c1ccc(OC)cc1,0
306.65,C/C=C/c1ccc(O)c(OC)c1,C/C=C/c1ccc(O)c(OC)c1,0
461.15,COc1c2ccoc2cc2oc(=O)ccc12,COc1c2ccoc2cc2oc(=O)ccc12,0
303.15,COc1ccc(N)cn1,COc1ccc(N)cn1,0
299.65,COc1ccc2ncccc2c1,COc1ccc2ncccc2c1,0
558.15,COc1ccc2nccc(C(=O)O)c2c1,COc1ccc2nccc(C(=O)O)c2c1,0
340.75,COc1c([N+](=O)[O-])cc([N+](=O)[O-])cc1[N+](=O)[O-],COc1c([N+](=O)[O-])cc([N+](=O)[O-])cc1[N+](=O)[O-],0
303.75,CNC(C)=O,CNC(C)=O,0
424.15,CC(=O)Nc1ccc(C)cc1,CC(=O)Nc1ccc(C)cc1,0
174.95,COC(C)=O,COC(C)=O,0
300.65,COC(=O)CC(C)=O,COC(=O)CC(C)=O,0
301.15,CC(=O)c1ccc(C)cc1,CC(=O)c1ccc(C)cc1,0
324.65,COC(=O)c1ccccc1OC(C)=O,COC(=O)c1ccccc1OC(C)=O,0
197.55,C=CC(=O)OC,C=CC(=O)OC,0
237.35,C=C(C)C#N,C=C(C)C#N,0
608.15,CC(C)(N)C(=O)O,CC(C)(N)C(=O)O,0
179.72999999999996,CN,CN,0
444.15,CNc1cccc2c1C(=O)c1ccccc1C2=O,CNc1cccc2c1C(=O)c1ccccc1C2=O,0
297.54999999999995,COC(=O)c1ccccc1N,COC(=O)c1ccccc1N,0
312.15,COC(=O)c1cccc(N)c1,COC(=O)c1cccc(N)c1,0
384.95,COC(=O)c1ccc(N)cc1,COC(=O)c1ccc(N)cc1,0
453.65,CNc1ccccc1C(=O)[O-],CNc1ccccc1C(=O)[O-],0
400.15,CNc1cccc(C(=O)O)c1,CNc1cccc(C(=O)O)c1,0
441.15,CNc1ccc(C(=O)O)cc1,CNc1ccc(C(=O)O)cc1,0
453.65,CNC(=O)NC(C)=O,CNC(=O)NC(C)=O,0
514.65,CNCCS(=O)(=O)O,CNCCS(=O)(=O)O,0
461.65,CNCCc1ccc(O)c(O)c1,CNCCc1ccc(O)c(O)c1,0
416.15,COC(=O)c1ccc(O)c(N)c1,COC(=O)c1ccc(O)c(N)c1,0
434.15,CNC(C)Cc1ccc(O)cc1,CNC(C)Cc1ccc(O)cc1,0
258.73999999999995,Cc1ccccc1N,Cc1ccccc1N,0
242.35,Cc1cccc(N)c1,Cc1cccc(N)c1,0
316.45,Cc1ccc(N)cc1,Cc1ccc(N)cc1,0
216.15,CNc1ccccc1,CNc1ccccc1,0
239.05,COc1ccccc1C,COc1ccccc1C,0
217.65,COc1cccc(C)c1,COc1cccc(C)c1,0
241.55,COc1ccc(C)cc1,COc1ccc(C)cc1,0
358.65,Cc1cccc2cc3ccccc3cc12,Cc1cccc2cc3ccccc3cc12,0
482.15,Cc1ccc2cc3ccccc3cc2c1,Cc1ccc2cc3ccccc3cc2c1,0
354.85,Cc1c2ccccc2cc2ccccc12,Cc1c2ccccc2cc2ccccc12,0
449.35,Cc1ccc2c(c1)C(=O)c1ccccc1C2=O,Cc1ccc2c(c1)C(=O)c1ccccc1C2=O,0
130.14999999999998,C[AsH2],C[AsH2],0
327.15,CN1[C@@H]2CCC[C@H]1CC(=O)C2,CN1[C@@H]2CCC[C@H]1CC(=O)C2,0
316.15,CN1[C@@H]2CC[C@H]1CC(=O)C2,CN1[C@@H]2CC[C@H]1CC(=O)C2,0
420.15,Cc1ccccc1C(N)=O,Cc1ccccc1C(N)=O,0
435.65,Cc1ccc(C(N)=O)cc1,Cc1ccc(C(N)=O)cc1,0
347.45,CNC(=O)c1ccccc1,CNC(=O)c1ccccc1,0
414.15,Cc1c2ccccc2cc2c1ccc1ccccc12,Cc1c2ccccc2cc2c1ccc1ccccc12,0
429.65,Cc1cccc2cc3c(ccc4ccccc43)cc12,Cc1cccc2cc3c(ccc4ccccc43)cc12,0
425.65,Cc1ccc2cc3c(ccc4ccccc43)cc2c1,Cc1ccc2cc3c(ccc4ccccc43)cc2c1,0
457.15,Cc1ccc2cc3ccc4ccccc4c3cc2c1,Cc1ccc2cc3ccc4ccccc4c3cc2c1,0
423.65,Cc1c2ccccc2cc2ccc3ccccc3c12,Cc1c2ccccc2cc2ccc3ccccc3c12,0
313.15,Cc1ccc(CC=O)cc1,Cc1ccc(CC=O)cc1,0
362.15,Cc1ccccc1CC(=O)O,Cc1ccccc1CC(=O)O,0
335.15,Cc1cccc(CC(=O)O)c1,Cc1cccc(CC(=O)O)c1,0
366.15,Cc1ccc(CC(=O)O)cc1,Cc1ccc(CC(=O)O)cc1,0
253.15,CC(C(=O)O)c1ccccc1,CC(C(=O)O)c1ccccc1,0
291.15,Cc1ccc(CC#N)cc1,Cc1ccc(CC#N)cc1,0
336.65,Cc1cccc(N)c1N,Cc1cccc(N)c1N,0
362.65,Cc1ccc(N)c(N)c1,Cc1ccc(N)c(N)c1,0
379.15,Cc1c(N)cccc1N,Cc1c(N)cccc1N,0
337.15,Cc1cc(N)ccc1N,Cc1cc(N)ccc1N,0
341.15,Cc1cccc(O)c1O,Cc1cccc(O)c1O,0
338.15,Cc1ccc(O)c(O)c1,Cc1ccc(O)c(O)c1,0
393.15,Cc1c(O)cccc1O,Cc1c(O)cccc1O,0
378.15,Cc1ccc(O)cc1O,Cc1ccc(O)cc1O,0
380.15,Cc1cc(O)cc(O)c1,Cc1cc(O)cc(O)c1,0
398.15,Cc1cc(O)ccc1O,Cc1cc(O)ccc1O,0
302.15,Cc1ccc(S)c(S)c1,Cc1ccc(S)c(S)c1,0
274.15,Cc1ccccc1CCO,Cc1ccccc1CCO,0
243.15,Cc1ccccc1CN,Cc1ccccc1CN,0
285.65,Cc1ccc(CN)cc1,Cc1ccc(CN)cc1,0
288.15,CC(O)c1ccccc1,CC(O)c1ccccc1,0
311.15,Cc1ccccc1CO,Cc1ccccc1CO,0
253.15,Cc1cccc(CO)c1,Cc1cccc(CO)c1,0
331.87,Cc1ccc(CO)cc1,Cc1ccc(CO)cc1,0
416.15,CC(N)CCc1ccccc1,CC(N)CCc1ccccc1,0
319.65,CC(CC(=O)O)c1ccccc1,CC(CC(=O)O)c1ccccc1,0
359.65,Cc1ccc(S(=O)O)cc1,Cc1ccc(S(=O)O)cc1,0
330.15,Cc1ccc(S(=O)Cl)cc1,Cc1ccc(S(=O)Cl)cc1,0
429.45,Cc1ccccc1S(N)(=O)=O,Cc1ccccc1S(N)(=O)=O,0
411.15,Cc1ccc(S(N)(=O)=O)cc1,Cc1ccc(S(N)(=O)=O)cc1,0
277.65,COS(=O)(=O)c1ccccc1,COS(=O)(=O)c1ccccc1,0
340.65,Cc1ccccc1S(=O)(=O)O,Cc1ccccc1S(=O)(=O)O,0
284.15,Cc1ccccc1S(=O)(=O)Cl,Cc1ccccc1S(=O)(=O)Cl,0
288.15,Cc1ccccc1S,Cc1ccccc1S,0
253.15,Cc1cccc(S)c1,Cc1cccc(S)c1,0
316.15,Cc1ccc(S)cc1,Cc1ccc(S)cc1,0
339.15,Cn1cnc2ccccc21,Cn1cnc2ccccc21,0
451.45,Cc1nc2ccccc2[nH]1,Cc1nc2ccccc2[nH]1,0
260.79999999999995,COC(=O)c1ccccc1,COC(=O)c1ccccc1,0
326.15,COC(=O)c1ccc2c(c1)OCO2,COC(=O)c1ccc2c(c1)OCO2,0
262.65,Cc1ccccc1C#N,Cc1ccccc1C#N,0
250.15,Cc1cccc(C#N)c1,Cc1cccc(C#N)c1,0
301.15,Cc1ccc(C#N)cc1,Cc1ccc(C#N)cc1,0
349.65,Cc1ccc2oc(=O)ccc2c1,Cc1ccc2oc(=O)ccc2c1,0
401.15,Cc1ccc2ccc(=O)oc2c1,Cc1ccc2ccc(=O)oc2c1,0
415.15,Cc1ccc2nc(N)sc2c1,Cc1ccc2nc(N)sc2c1,0
287.15,Cc1nc2ccccc2s1,Cc1nc2ccccc2s1,0
363.15,Cn1c(=S)sc2ccccc21,Cn1c(=S)sc2ccccc21,0
467.95,Cc1ccc2nc(-c3ccc(N)cc3)sc2c1,Cc1ccc2nc(-c3ccc(N)cc3)sc2c1,0
337.65,Cn1nnc2ccccc21,Cn1nnc2ccccc21,0
453.15,Cn1c(=O)oc(=O)c2ccccc21,Cn1c(=O)oc(=O)c2ccccc21,0
282.65,Cc1nc2ccccc2o1,Cc1nc2ccccc2o1,0
325.15,COC(=O)c1ccccc1C(=O)c1ccccc1,COC(=O)c1ccccc1C(=O)c1ccccc1,0
413.35,Cc1ccc(C(=O)c2ccccc2C(=O)O)cc1,Cc1ccc(C(=O)c2ccccc2C(=O)O)cc1,0
250.15,Cc1cccc(C(=O)Cl)c1,Cc1cccc(C(=O)Cl)c1,0
271.65,Cc1ccc(C(=O)Cl)cc1,Cc1ccc(C(=O)Cl)cc1,0
358.15,COC(=O)c1ccccc1OC(=O)c1ccccc1,COC(=O)c1ccccc1OC(=O)c1ccccc1,0
305.15,CC(N)c1ccccc1,CC(N)c1ccccc1,0
279.76,Cc1ccccc1Cc1ccccc1,Cc1ccccc1Cc1ccccc1,0
243.15,Cc1ccc(Cc2ccccc2)cc1,Cc1ccc(Cc2ccccc2)cc1,0
434.65,Cn1c(Cc2ccccc2)nc(=O)c2ccccc21,Cn1c(Cc2ccccc2)nc(=O)c2ccccc21,0
272.95,Cc1ccccc1-c1ccccc1,Cc1ccccc1-c1ccccc1,0
277.65,Cc1cccc(-c2ccccc2)c1,Cc1cccc(-c2ccccc2)c1,0
321.25,Cc1ccc(-c2ccccc2)cc1,Cc1ccc(-c2ccccc2)cc1,0
388.15,Cc1ccc(N(c2ccc(C)cc2)c2ccc(C)cc2)cc1,Cc1ccc(N(c2ccc(C)cc2)c2ccc(C)cc2)cc1,0
305.15,COC(=O)c1cccc(Br)c1,COC(=O)c1cccc(Br)c1,0
354.15,COC(=O)c1ccc(Br)cc1,COC(=O)c1ccc(Br)cc1,0
159.53999999999996,C=C=C(C)C,C=C=C(C)C,0
127.04999999999998,C=CC(=C)C,C=CC(=C)C,0
222.15,CC(C)CC=O,CC(C)CC=O,0
410.15,CC(C)CC(N)=O,CC(C)CC(N)=O,0
168.14999999999998,CCC(C)(C)N,CCC(C)(C)N,0
223.15,CC(C)C(C)N,CC(C)C(C)N,0
172.34999999999997,CC(C)CC#N,CC(C)CC#N,0
146.05999999999997,CC(C)C(C)S,CC(C)C(C)S,0
187.35,CCCC(=O)OC,CCCC(=O)OC,0
193.15,CCC(C)C(=O)O,CCC(C)C(=O)O,0
243.55,CC(C)CC(=O)O,CC(C)CC(=O)O,0
155.95,CC(C)CCO,CC(C)CCO,0
264.45,CCC(C)(C)O,CCC(C)(C)O,0
180.01999999999998,CC(=O)C(C)C,CC(=O)C(C)C,0
135.61999999999998,C=C(C)CC,C=C(C)CC,0
104.73999999999998,C=CC(C)C,C=CC(C)C,0
139.42999999999998,CC=C(C)C,CC=C(C)C,0
356.35,C/C(=C/C(=O)O)C(=O)O,C/C(=C/C(=O)O)C(=O)O,0
231.15,C/C=C/C(=O)OC,C/C=C/C(=O)OC,0
318.65,C/C=C(/C)C(=O)O,C/C=C(/C)C(=O)O,0
336.65,C/C=C(\C)C(=O)O,C/C=C(\C)C(=O)O,0
342.65,CC(C)=CC(=O)O,CC(C)=CC(=O)O,0
232.15,C=CC(C)(C)O,C=CC(C)(C)O,0
219.55,C=C(C)C(C)=O,C=C(C)C(C)=O,0
335.65,CC(C)=CCN=C(N)N,CC(C)=CCN=C(N)N,0
160.14999999999998,C#CC(=C)C,C#CC(=C)C,0
164.54999999999998,COC(C)(C)C,COC(C)(C)C,0
291.15,C#CC(C)(C)N,C#CC(C)(C)N,0
183.45,C#CC(C)C,C#CC(C)C,0
276.15,C#CC(C)(C)O,C#CC(C)(C)O,0
328.54999999999995,COC(N)=O,COC(N)=O,0
477.15,Cc1ccc2[nH]c3ccccc3c2c1,Cc1ccc2[nH]c3ccccc3c2c1,0
362.47,Cn1c2ccccc2c2ccccc21,Cn1c2ccccc2c2ccccc21,0
240.85,COC(=O)CCl,COC(=O)CCl,0
294.15,COC(=O)c1cccc(Cl)c1,COC(=O)c1cccc(Cl)c1,0
316.65,COC(=O)c1ccc(Cl)cc1,COC(=O)c1ccc(Cl)cc1,0
323.15,COC(=O)c1cc(Cl)ccc1O,COC(=O)c1cc(Cl)ccc1O,0
321.65,COC(=O)c1cc(Cl)ccc1[N+](=O)[O-],COC(=O)c1cc(Cl)ccc1[N+](=O)[O-],0
445.05,Cc1ccc2ccc3c4ccccc4ccc3c2c1,Cc1ccc2ccc3c4ccccc4ccc3c2c1,0
390.65,Cc1cc2ccccc2c2ccc3ccccc3c12,Cc1cc2ccccc2c2ccc3ccccc3c12,0
432.55,Cc1cc2c3ccccc3ccc2c2ccccc12,Cc1cc2c3ccccc3ccc2c2ccccc12,0
309.65,COC(=O)/C=C/c1ccccc1,COC(=O)/C=C/c1ccccc1,0
448.15,Cc1ccccc1/C=C/C(=O)O,Cc1ccccc1/C=C/C(=O)O,0
388.15,Cc1cccc(/C=C/C(=O)O)c1,Cc1cccc(/C=C/C(=O)O)c1,0
471.65,Cc1ccc(/C=C/C(=O)O)cc1,Cc1ccc(/C=C/C(=O)O)cc1,0
498.15,CN1C(CCl)Nc2cc(Cl)c(S(N)(=O)=O)cc2S1(=O)=O,CN1C(CCl)Nc2cc(Cl)c(S(N)(=O)=O)cc2S1(=O)=O,0
243.15,COC#N,COC#N,0
260.04999999999995,COC(=O)CC#N,COC(=O)CC#N,0
111.64999999999998,CC1CCC1,CC1CCC1,0
341.15,CC1=CC(=O)C=CC1=O,CC1=CC(=O)C=CC1=O,0
146.54999999999998,CC1CCCCC1,CC1CCCCC1,0
299.35,CC1(O)CCCCC1,CC1(O)CCCCC1,0
271.15,CC1CCCCC1O,CC1CCCCC1O,0
267.65,C[C@H]1CCC[C@@H](O)C1,C[C@H]1CCC[C@@H](O)C1,0
272.65,C[C@@H]1CCC[C@@H](O)C1,C[C@@H]1CCC[C@@H](O)C1,0
263.95,CC1CCC(O)CC1,CC1CCC(O)CC1,0
199.25,CC1CCCC(=O)C1,CC1CCCC(=O)C1,0
232.55,CC1CCC(=O)CC1,CC1CCC(=O)CC1,0
152.74999999999997,CC1=CCCCC1,CC1=CCCCC1,0
154.14999999999998,CC1CC=CCC1,CC1CC=CCC1,0
252.15,CC1=CC(=O)CCC1,CC1=CC(=O)CCC1,0
308.54999999999995,CC1(O)CCCC1,CC1(O)CCCC1,0
198.15,CC1CCCC1=O,CC1CCCC1=O,0
146.54999999999998,CC1=CCCC1,CC1=CCCC1,0
112.34999999999997,CC1CC=CC1,CC1CC=CC1,0
95.95,CC1CC1,CC1CC1,0
241.05,CC(O)C1CC1,CC(O)C1CC1,0
224.32,CCCCCCCCC(C)C,CCCCCCCCC(C)C,0
193.65,CCCCCCCC(C)CC,CCCCCCCC(C)CC,0
180.35,CCCCCCC(C)CCC,CCCCCCC(C)CCC,0
260.35,CCCCCCCCCC(=O)OC,CCCCCCCCCC(=O)OC,0
221.25,COC(=O)C(Cl)Cl,COC(=O)C(Cl)Cl,0
311.15,COC(=O)c1cc(Cl)ccc1Cl,COC(=O)c1cc(Cl)ccc1Cl,0
392.15,COC(=O)COc1ccc(Cl)cc1Cl,COC(=O)COc1ccc(Cl)cc1Cl,0
382.75,COC(=O)Nc1ccc(Cl)c(Cl)c1,COC(=O)Nc1ccc(Cl)c(Cl)c1,0
243.45,C[As](F)F,C[As](F)F,0
163.14999999999998,CP(F)F,CP(F)F,0
389.65,COC(=O)c1ccc(O)cc1O,COC(=O)c1ccc(O)cc1O,0
438.15,COC(=O)c1cc(O)cc(O)c1,COC(=O)c1cc(O)cc(O)c1,0
333.95,COC(=O)c1ccc(OC)c(OC)c1,COC(=O)c1ccc(OC)c(OC)c1,0
395.15,Cc1cccc(N=Nc2ccc(N(C)C)cc2)c1,Cc1cccc(N=Nc2ccc(N(C)C)cc2)c1,0
212.15,Cc1ccccc1N(C)C,Cc1ccccc1N(C)C,0
189.15,CSB(C)C,CSB(C)C,0
454.15,Cc1c(C(N)=O)cc([N+](=O)[O-])cc1[N+](=O)[O-],Cc1c(C(N)=O)cc([N+](=O)[O-])cc1[N+](=O)[O-],0
329.75,Cc1cccc([N+](=O)[O-])c1[N+](=O)[O-],Cc1cccc([N+](=O)[O-])c1[N+](=O)[O-],0
342.75,Cc1ccc([N+](=O)[O-])cc1[N+](=O)[O-],Cc1ccc([N+](=O)[O-])cc1[N+](=O)[O-],0
355.85,Cc1cc([N+](=O)[O-])cc([N+](=O)[O-])c1,Cc1cc([N+](=O)[O-])cc([N+](=O)[O-])c1,0
336.95,Cc1c([N+](=O)[O-])cccc1[N+](=O)[O-],Cc1c([N+](=O)[O-])cccc1[N+](=O)[O-],0
325.65,Cc1cc([N+](=O)[O-])ccc1[N+](=O)[O-],Cc1cc([N+](=O)[O-])ccc1[N+](=O)[O-],0
331.45,Cc1ccc([N+](=O)[O-])c([N+](=O)[O-])c1,Cc1ccc([N+](=O)[O-])c([N+](=O)[O-])c1,0
359.15,Cc1cc([N+](=O)[O-])cc([N+](=O)[O-])c1O,Cc1cc([N+](=O)[O-])cc([N+](=O)[O-])c1O,0
358.15,Cc1cc([N+](=O)[O-])c(O)c([N+](=O)[O-])c1,Cc1cc([N+](=O)[O-])c(O)c([N+](=O)[O-])c1,0
243.05,CCCCCCCCN(C)CCCCCCCC,CCCCCCCCN(C)CCCCCCCC,0
228.65,CC1CCOCO1,CC1CCOCO1,0
265.54999999999995,CN(c1ccccc1)c1ccccc1,CN(c1ccccc1)c1ccccc1,0
440.15,C[Si](O)(c1ccccc1)c1ccccc1,C[Si](O)(c1ccccc1)c1ccccc1,0
323.65,CC(C)(C(=O)c1cccnc1)c1cccnc1,CC(C)(C(=O)c1cccnc1)c1cccnc1,0
326.45,CCCCCCCCCCCCCCCCCCCCCC(=O)OC,CCCCCCCCCCCCCCCCCCCCCC(=O)OC,0
272.04999999999995,CCCCCCCC/C=C\CCCCCCCCCCCC(=O)OC,CCCCCCCC/C=C\CCCCCCCCCCCC(=O)OC,0
278.25,CCCCCCCCCCCC(=O)OC,CCCCCCCCCCCC(=O)OC,0
295.15,CCCCCCCCCCC(C)C(=O)O,CCCCCCCCCCC(C)C(=O)O,0
319.54999999999995,CCCCCCCCCCCCCCCCCCCC(=O)OC,CCCCCCCCCCCCCCCCCCCC(=O)OC,0
402.15,C=NCC#N,C=NCC#N,0
379.65,C=C(C(=O)O)c1ccccc1,C=C(C(=O)O)c1ccccc1,0
427.15,CC(C)(C)c1cc(Cc2cc(C(C)(C)C)c(O)c(C(C)(C)C)c2)cc(C(C)(C)C)c1O,CC(C)(C)c1cc(Cc2cc(C(C)(C)C)c(O)c(C(C)(C)C)c2)cc(C(C)(C)C)c1O,0
138.62999999999997,C=C1CCC1,C=C1CCC1,0
168.45,C=C1CCCCC1,C=C1CCCCC1,0
361.15,Nc1ccc(Cc2ccccc2N)cc1,Nc1ccc(Cc2ccccc2N)cc1,0
516.65,O=C(O)c1cc(Cc2ccc(O)c(C(=O)O)c2)ccc1O,O=C(O)c1cc(Cc2ccc(O)c(C(=O)O)c2)ccc1O,0
375.15,N#CSCSC#N,N#CSCSC#N,0
360.65,C[C@@H]([C@H](O)c1ccccc1)N(C)C,C[C@@H]([C@H](O)c1ccccc1)N(C)C,0
445.15,CC[C@@H](CO)NC(=O)[C@@H]1C=C2c3cccc4[nH]cc(c34)C[C@H]2N(C)C1,CC[C@@H](CO)NC(=O)[C@@H]1C=C2c3cccc4[nH]cc(c34)C[C@H]2N(C)C1,0
274.15,CC(C)=C1C=CC=C1,CC(C)=C1C=CC=C1,0
360.15,Cc1cccc2c1Cc1ccccc1-2,Cc1cccc2c1Cc1ccccc1-2,0
318.15,CC1c2ccccc2-c2ccccc21,CC1c2ccccc2-c2ccccc21,0
178.14999999999998,COS(=O)(=O)F,COS(=O)(=O)F,0
270.65,CNC=O,CNC=O,0
173.45,COC=O,COC=O,0
336.15,COC(=O)c1ccc(C=O)cc1,COC(=O)c1ccc(C=O)cc1,0
181.95,Cc1ccco1,Cc1ccco1,0
279.15,CC1=CC(=O)OC1=O,CC1=CC(=O)OC1=O,0
291.15,CC1=CCC(=O)O1,CC1=CCC(=O)O1,0
256.15,CC1C=CC(=O)O1,CC1C=CC(=O)O1,0
115.14999999999998,C[GeH3],C[GeH3],0
382.15,CO[C@@H]1O[C@H](CO)[C@@H](O)[C@H](O)[C@H]1O,CO[C@@H]1O[C@H](CO)[C@@H](O)[C@H](O)[C@H]1O,0
436.95,CO[C@H]1O[C@H](CO)[C@@H](O)[C@H](O)[C@H]1O,CO[C@H]1O[C@H](CO)[C@@H](O)[C@H](O)[C@H]1O,0
360.15,CC(CC(=O)O)CC(=O)O,CC(CC(=O)O)CC(=O)O,0
303.04999999999995,CCCCCCCCCCCCCCCCC(=O)OC,CCCCCCCCCCCCCCCCC(=O)OC,0
191.45,COC(=O)C(F)(F)C(F)(F)C(F)(F)F,COC(=O)C(F)(F)C(F)(F)C(F)(F)F,0
164.14999999999998,CCCCCC(C)C,CCCCCC(C)C,0
152.66999999999996,CCCCC(C)CC,CCCCC(C)CC,0
152.14999999999998,CCCC(C)CCC,CCCC(C)CCC,0
217.45,CCCCCCC(=O)OC,CCCCCCC(=O)OC,0
183.15,CCCCC(C)CCO,CCCCC(C)CCO,0
167.14999999999998,CC(C)CCCCCO,CC(C)CCCCCO,0
222.75,CCCCCC(C)(C)O,CCCCCC(C)(C)O,0
171.14999999999998,CCCC(C)CC(C)O,CCCC(C)CC(C)O,0
212.15,CCC(C)CCC(C)O,CCC(C)CCC(C)O,0
168.14999999999998,CC(C)CCCC(C)O,CC(C)CCCC(C)O,0
190.15,CCCCC(C)(O)CC,CCCCC(C)(O)CC,0
150.14999999999998,CCCC(C)C(O)CC,CCCC(C)C(O)CC,0
181.95,CCC(C)CC(O)CC,CCC(C)CC(O)CC,0
192.15,CCCC(O)CC(C)C,CCCC(O)CC(C)C,0
191.15,CCCC(C)(O)CCC,CCCC(C)(O)CCC,0
183.05,C=C(C)CCCCC,C=C(C)CCCCC,0
446.65,CC(=O)CCC=C(C)C,CC(=O)CCC=C(C)C,0
144.24999999999997,C=CCCC(=C)C,C=CCCC(=C)C,0
288.15,C/C=C/C=C/C(=O)OC,C/C=C/C=C/C(=O)OC,0
154.91999999999996,CCCCC(C)C,CCCCC(C)C,0
153.74999999999997,CCC[C@H](C)CC,CCC[C@H](C)CC,0
203.15,CCCCCC(=O)OC,CCCCCC(=O)OC,0
170.32999999999998,C=C(C)CCCC,C=C(C)CCCC,0
131.67999999999998,C=CCC(C)CC,C=CCC(C)CC,0
142.78999999999996,CCCC=C(C)C,CCCC=C(C)C,0
154.64999999999998,C/C=C(/C)CCC,C/C=C(/C)CCC,0
147.45,C/C=C/C(C)CC,C/C=C/C(C)CC,0
148.84999999999997,C/C=C/CC(C)C,C/C=C/CC(C)C,0
131.54999999999998,CC/C=C/C(C)C,CC/C=C/C(C)C,0
148.54999999999998,C#CCCC(C)C,C#CCCC(C)C,0
180.55,CC#CCC(C)C,CC#CCC(C)C,0
156.45,CCC#CC(C)C,CCC#CC(C)C,0
522.15,Cn1cnc(C[C@H](N)C(=O)O)c1,Cn1cnc(C[C@H](N)C(=O)O)c1,0
523.15,Cn1cncc1C[C@H](N)C(=O)O,Cn1cncc1C[C@H](N)C(=O)O,0
220.85,CNN,CNN,0
346.15,COC(=O)NN,COC(=O)NN,0
331.15,COC(=O)CCC(=O)O,COC(=O)CCC(=O)O,0
201.15,COO,COO,0
346.15,COC(=O)c1cccc(O)c1,COC(=O)c1cccc(O)c1,0
398.35,COC(=O)c1ccc(O)cc1,COC(=O)c1ccc(O)cc1,0
348.95,COC(=O)C(O)(c1ccccc1)c1ccccc1,COC(=O)C(O)(c1ccccc1)c1ccccc1,0
337.15,COC(=O)c1ccc(O)c(OC)c1,COC(=O)c1ccc(O)c(OC)c1,0
302.15,COC(=O)c1cccc(C)c1O,COC(=O)c1cccc(C)c1O,0
272.15,COC(=O)c1cc(C)ccc1O,COC(=O)c1cc(C)ccc1O,0
348.65,COC(=O)c1cc2ccccc2cc1O,COC(=O)c1cc2ccccc2cc1O,0
331.15,COC(=O)C(O)c1ccccc1,COC(=O)C(O)c1ccccc1,0
267.15,Cn1ccnc1,Cn1ccnc1,0
419.05,Cc1ncc[nH]1,Cc1ncc[nH]1,0
329.15,Cc1cnc[nH]1,Cc1cnc[nH]1,0
499.15,CN(CC(=O)O)CC(=O)O,CN(CC(=O)O)CC(=O)O,0
353.15,CC1=Cc2ccccc2C1,CC1=Cc2ccccc2C1,0
331.75,Cc1cc2ccccc2[nH]1,Cc1cc2ccccc2[nH]1,0
368.25,Cc1c[nH]c2ccccc12,Cc1c[nH]c2ccccc12,0
334.15,Cc1ccc2[nH]ccc2c1,Cc1ccc2[nH]ccc2c1,0
356.15,Cc1cccc2cc[nH]c12,Cc1cccc2cc[nH]c12,0
327.65,COC(=O)c1cccc(I)c1,COC(=O)c1cccc(I)c1,0
387.95,COC(=O)c1ccc(I)cc1,COC(=O)c1ccc(I)cc1,0
366.15,Cc1ccc2c(c1)C(=O)OC2=O,Cc1ccc2c(c1)C(=O)OC2=O,0
188.55,COC(=O)C(C)C,COC(=O)C(C)C,0
228.15,CN=C=O,CN=C=O,0
407.15,CN1C(=O)c2ccccc2C1=O,CN1C(=O)c2ccccc2C1=O,0
257.15,Cc1ccc(C(C)C)cc1N,Cc1ccc(C(C)C)cc1N,0
318.65,CC1=CC(=O)C(C(C)C)=CC1=O,CC1=CC(=O)C(C(C)C)=CC1=O,0
183.35,CC1CCC(C(C)C)CC1,CC1CCC(C(C)C)CC1,0
315.15,CC(C)[C@H]1CC[C@H](C)C[C@@H]1O,CC(C)[C@H]1CC[C@H](C)C[C@@H]1O,0
315.25,CC(C)[C@@H]1CC[C@@H](C)C[C@H]1O,CC(C)[C@@H]1CC[C@@H](C)C[C@H]1O,0
251.15,CC(C)[C@@H]1CC[C@@H](C)C[C@@H]1O,CC(C)[C@@H]1CC[C@@H](C)C[C@@H]1O,0
355.65,CC(C)[C@H]1CC[C@@H](C)C[C@@H]1O,CC(C)[C@H]1CC[C@@H](C)C[C@@H]1O,0
267.15,CC(C)[C@@H]1CC[C@@H](C)CC1=O,CC(C)[C@@H]1CC[C@@H](C)CC1=O,0
274.15,CC(C)C12CCC(C)(CC1)O2,CC(C)C12CCC(C)(CC1)O2,0
368.55,Cc1cccc2c1ccc1cc(C(C)C)ccc12,Cc1cccc2c1ccc1cc(C(C)C)ccc12,0
309.15,Cc1ccc(O)c(C(C)C)c1,Cc1ccc(O)c(C(C)C)c1,0
283.15,Cc1nccc2ccccc12,Cc1nccc2ccccc12,0
336.54999999999995,Cc1cc2ccccc2cn1,Cc1cc2ccccc2cn1,0
309.15,CN=C=S,CN=C=S,0
335.15,Cc1cc(N)no1,Cc1cc(N)no1,0
236.55,CCCCC/C=C\C/C=C\CCCCCCCC(=O)OC,CCCCC/C=C\C/C=C\CCCCCCCC(=O)OC,0
224.15,CC/C=C\C/C=C\C/C=C\CCCCCCCC(=O)OC,CC/C=C\C/C=C\C/C=C\CCCCCCCC(=O)OC,0
407.15,CC(C(=O)O)C(=O)O,CC(C(=O)O)C(=O)O,0
430.15,C[Hg]/N=C(\N)NC#N,C[Hg]/N=C(\N)NC#N,0
225.6,C=C(C)C(=O)OC,C=C(C)C(=O)OC,0
293.15,COS(C)(=O)=O,COS(C)(=O)=O,0
322.15,COC(=O)c1ccc(OC)cc1,COC(=O)c1ccc(OC)cc1,0
301.15,CNc1c(OC)cccc1C(=O)OC,CNc1c(OC)cccc1C(=O)OC,0
292.15,CNc1ccccc1C(=O)OC,CNc1ccccc1C(=O)OC,0
228.77,COC(=O)c1ccccc1C,COC(=O)c1ccccc1C,0
306.5,COC(=O)c1ccc(C)cc1,COC(=O)c1ccc(C)cc1,0
387.15,COC(=O)C=C(C)C,COC(=O)C=C(C)C,0
328.65,CC(=O)N(C)c1ccccc1C,CC(=O)N(C)c1ccccc1C,0
352.15,Cc1ccc(Nc2ccc(C)cc2)cc1,Cc1ccc(Nc2ccc(C)cc2)cc1,0
393.15,Cc1ccccc1-n1c(C)nc2ccccc2c1=O,Cc1ccccc1-n1c(C)nc2ccccc2c1=O,0
253.15,C=C(C)c1ccc(C)cc1,C=C(C)c1ccc(C)cc1,0
305.65,C=C(C)C1CCC(C)(O)CC1,C=C(C)C1CCC(C)(O)CC1,0
351.15,C=C(C)[C@@H]1CC[C@@H](C)C[C@H]1O,C=C(C)[C@@H]1CC[C@@H](C)C[C@H]1O,0
358.15,C=C(C)[C@@H]1CC[C@@H](C)C[C@H]1OC(C)=O,C=C(C)[C@@H]1CC[C@@H](C)C[C@H]1OC(C)=O,0
208.75,CN1CCOCC1,CN1CCOCC1,0
242.72,Cc1cccc2ccccc12,Cc1cccc2ccccc12,0
307.75,Cc1ccc2ccccc2c1,Cc1ccc2ccccc2c1,0
332.65,COC(=O)c1cccc2ccccc12,COC(=O)c1cccc2ccccc12,0
349.95,COC(=O)c1ccc2ccccc2c1,COC(=O)c1ccc2ccccc2c1,0
386.15,CC(=O)Oc1cc(C)c(OC(C)=O)c2ccccc12,CC(=O)Oc1cc(C)c(OC(C)=O)c2ccccc12,0
376.15,CC1=CC(=O)c2ccccc2C1=O,CC1=CC(=O)c2ccccc2C1=O,0
447.15,CNc1cccc2ccccc12,CNc1cccc2ccccc12,0
190.25,CO[N+](=O)[O-],CO[N+](=O)[O-],0
257.15,CON=O,CON=O,0
365.15,Cc1c(N)cccc1[N+](=O)[O-],Cc1c(N)cccc1[N+](=O)[O-],0
401.15,Cc1cc([N+](=O)[O-])ccc1N,Cc1cc([N+](=O)[O-])ccc1N,0
378.65,Cc1ccc([N+](=O)[O-])cc1N,Cc1ccc([N+](=O)[O-])cc1N,0
369.15,Cc1cccc([N+](=O)[O-])c1N,Cc1cccc([N+](=O)[O-])c1N,0
390.15,Cc1ccc(N)c([N+](=O)[O-])c1,Cc1ccc(N)c([N+](=O)[O-])c1,0
351.15,Cc1ccc(N)cc1[N+](=O)[O-],Cc1ccc(N)cc1[N+](=O)[O-],0
311.15,CNc1ccccc1[N+](=O)[O-],CNc1ccccc1[N+](=O)[O-],0
425.15,CNc1ccc([N+](=O)[O-])cc1,CNc1ccc([N+](=O)[O-])cc1,0
546.15,Cc1ccc2c(c1[N+](=O)[O-])C(=O)c1ccccc1C2=O,Cc1ccc2c(c1[N+](=O)[O-])C(=O)c1ccccc1C2=O,0
408.95,Cc1ccc([N+](=O)[O-])cc1S(=O)(=O)O,Cc1ccc([N+](=O)[O-])cc1S(=O)(=O)O,0
260.15,COC(=O)c1ccccc1[N+](=O)[O-],COC(=O)c1ccccc1[N+](=O)[O-],0
351.15,COC(=O)c1cccc([N+](=O)[O-])c1,COC(=O)c1cccc([N+](=O)[O-])c1,0
369.15,COC(=O)c1ccc([N+](=O)[O-])cc1,COC(=O)c1ccc([N+](=O)[O-])cc1,0
526.15,Cc1ncc([N+](=O)[O-])[nH]1,Cc1ncc([N+](=O)[O-])[nH]1,0
329.15,CN(C)[N+](=O)[O-],CN(C)[N+](=O)[O-],0
354.65,Cc1ccc2ccccc2c1[N+](=O)[O-],Cc1ccc2ccccc2c1[N+](=O)[O-],0
400.95,Cc1cc(O)ccc1[N+](=O)[O-],Cc1cc(O)ccc1[N+](=O)[O-],0
309.65,Cc1ccc(O)c([N+](=O)[O-])c1,Cc1ccc(O)c([N+](=O)[O-])c1,0
423.85,CC(CO)(CO)[N+](=O)[O-],CC(CO)(CO)[N+](=O)[O-],0
361.65,CC(C)(CO)[N+](=O)[O-],CC(C)(CO)[N+](=O)[O-],0
452.15,Cc1c[n+]([O-])c2ccccc2c1[N+](=O)[O-],Cc1c[n+]([O-])c2ccccc2c1[N+](=O)[O-],0
287.85,CN(N=O)c1ccccc1,CN(N=O)c1ccccc1,0
396.15,CN(N=O)C(N)=O,CN(N=O)C(N)=O,0
311.45,CCCCCCCCCCCCCCCCCCC(=O)OC,CCCCCCCCCCCCCCCCCCC(=O)OC,0
198.85,CCCCCCCC(C)C,CCCCCCCC(C)C,0
188.45,CCCCCCC(C)CC,CCCCCCC(C)CC,0
174.74999999999997,CCCCCC(C)CCC,CCCCCC(C)CCC,0
186.742,CCCCC(C)CCCC,CCCCC(C)CCCC,0
208.95,C=C(C)CCCCCCC,C=C(C)CCCCCCC,0
283.45,CCCCCCCC/C=C/CCCCCCCC(=O)OC,CCCCCCCC/C=C/CCCCCCCC(=O)OC,0
192.85,CCCCCCC(C)C,CCCCCCC(C)C,0
165.14999999999998,CCCCCC(C)CC,CCCCCC(C)CC,0
157.14999999999998,CCCCC(C)CCC,CCCCC(C)CCC,0
236.25,CCCCCCCC(=O)OC,CCCCCCCC(=O)OC,0
195.35,C=C(C)CCCCCC,C=C(C)CCCCCC,0
253.45,CCCCCCCC/C=C\CCCCCCCC(=O)OC,CCCCCCCC/C=C\CCCCCCCC(=O)OC,0
304.65,CC(C)C(=O)C(=O)O,CC(C)C(=O)C(=O)O,0
317.65,CCCCCCCCCCCC(=O)N(C)CC(=O)O,CCCCCCCCCCCC(=O)N(C)CC(=O)O,0
283.15,CC(C)CC(=O)C(=O)O,CC(C)CC(=O)C(=O)O,0
302.75,CCCCCCCCCCCCCCCC(=O)OC,CCCCCCCCCCCCCCCC(=O)OC,0
308.95,COP(=S)(OC)Oc1ccc([N+](=O)[O-])cc1,COP(=S)(OC)Oc1ccc([N+](=O)[O-])cc1,0
368.65,CSc1c(Cl)c(Cl)c(Cl)c(Cl)c1Cl,CSc1c(Cl)c(Cl)c(Cl)c(Cl)c1Cl,0
292.15,CCCCCCCCCCCCCCC(=O)OC,CCCCCCCCCCCCCCC(=O)OC,0
119.54999999999998,CCCC(C)C,CCCC(C)C,0
110.26,CCC(C)CC,CCC(C)CC,0
228.15,CC(C#N)CCC#N,CC(C#N)CCC#N,0
223.15,CC(O)CC(C)(C)O,CC(O)CC(C)(C)O,0
222.05,CC(C)CCC#N,CC(C)CCC#N,0
240.15,CC(C)CCC(=O)O,CC(C)CCC(=O)O,0
170.14999999999998,CCCC(C)(C)O,CCCC(C)(C)O,0
183.15,CC(C)CC(C)O,CC(C)CC(C)O,0
249.55,CCC(C)(O)CC,CCC(C)(O)CC,0
188.15,CC(=O)CC(C)C,CC(=O)CC(C)C,0
137.45,C=C(C)CCC,C=C(C)CCC,0
118.64999999999998,C=CC(C)CC,C=CC(C)CC,0
119.24999999999996,C=CCC(C)C,C=CCC(C)C,0
138.14999999999998,CCC=C(C)C,CCC=C(C)C,0
138.04999999999998,C/C=C(/C)CC,C/C=C(/C)CC,0
134.64999999999998,C/C=C(\C)CC,C/C=C(\C)CC,0
138.34999999999997,C/C=C\C(C)C,C/C=C\C(C)C,0
132.34999999999997,C/C=C/C(C)C,C/C=C/C(C)C,0
297.54999999999995,CC/C=C(\C)C(=O)O,CC/C=C(\C)C(=O)O,0
308.15,CC(C)/C=C\C(=O)O,CC(C)/C=C\C(=O)O,0
200.55,C=C(C)CC(C)=O,C=C(C)CC(C)=O,0
297.15,CCCCCc1ccc(C)cc1O,CCCCCc1ccc(C)cc1O,0
179.14999999999998,CCCCCSC,CCCCCSC,0
167.84999999999997,C#CCC(C)C,C#CCC(C)C,0
162.84999999999997,CC#CC(C)C,CC#CC(C)C,0
303.65,C#CC(C)(O)CC,C#CC(C)(O)CC,0
396.15,Cc1cccc2c1ccc1ccccc12,Cc1cccc2c1ccc1ccccc12,0
338.15,Cc1ccc2ccc3ccccc3c2c1,Cc1ccc2ccc3ccccc3c2c1,0
324.91,Cc1cccc2ccc3ccccc3c12,Cc1cccc2ccc3ccccc3c12,0
374.15,CN1c2ccccc2Sc2ccccc21,CN1c2ccccc2Sc2ccccc21,0
417.15,CN1c2ccccc2Sc2ccc(CC(=O)O)cc21,CN1c2ccccc2Sc2ccc(CC(=O)O)cc21,0
343.15,Cc1ccccc1OCC(O)CO,Cc1ccccc1OCC(O)CO,0
383.15,CC(=O)Nc1ccccc1C,CC(=O)Nc1ccccc1C,0
338.65,CC(=O)Nc1cccc(C)c1,CC(=O)Nc1cccc(C)c1,0
376.15,CC(=O)N(C)c1ccccc1,CC(=O)N(C)c1ccccc1,0
285.15,CC(=O)Oc1cccc(C)c1,CC(=O)Oc1cccc(C)c1,0
303.15,Cc1cccc(Nc2ccccc2)c1,Cc1cccc(Nc2ccccc2)c1,0
431.15,Cc1ccc(NC(=O)c2ccccc2)cc1,Cc1ccc(NC(=O)c2ccccc2)cc1,0
326.15,Cc1ccc(C(O)c2ccccc2)cc1,Cc1ccc(C(O)c2ccccc2)cc1,0
376.65,Cc1ccc(S(=O)(=O)Nc2ccccc2)cc1,Cc1ccc(S(=O)(=O)Nc2ccccc2)cc1,0
344.65,Cc1ccc(OC(=O)c2ccccc2)cc1,Cc1ccc(OC(=O)c2ccccc2)cc1,0
388.15,CN1CCC(N(Cc2ccccc2)c2ccccc2)CC1,CN1CCC(N(Cc2ccccc2)c2ccccc2)CC1,0
350.65,CCC(C(=O)OC)c1ccccc1,CCC(C(=O)OC)c1ccccc1,0
406.15,CC(=Cc1ccccc1)CC(N)=O,CC(=Cc1ccccc1)CC(N)=O,0
361.65,CN(C(=O)Cl)c1ccccc1,CN(C(=O)Cl)c1ccccc1,0
346.35,CC(C)(c1ccccc1)c1ccc(O)cc1,CC(C)(c1ccccc1)c1ccc(O)cc1,0
287.65,CN(C=O)c1ccccc1,CN(C=O)c1ccccc1,0
335.15,Cc1ccccc1NC=O,Cc1ccccc1NC=O,0
316.15,CC(C)CC(=O)/C=C/c1ccccc1,CC(C)CC(=O)/C=C/c1ccccc1,0
437.65,CN1C(=O)NC(c2ccccc2)C1=O,CN1C(=O)NC(c2ccccc2)C1=O,0
308.15,Cc1ccc(N=Cc2ccccc2)cc1,Cc1ccc(N=Cc2ccccc2)cc1,0
380.65,CC(=O)CC(=O)Nc1ccccc1C,CC(=O)CC(=O)Nc1ccccc1C,0
368.15,CC(=O)CC(=O)Nc1ccc(C)cc1,CC(=O)CC(=O)Nc1ccc(C)cc1,0
255.15,Cc1ccccc1C(=O)c1ccccc1,Cc1ccccc1C(=O)c1ccccc1,0
275.15,Cc1cccc(C(=O)c2ccccc2)c1,Cc1cccc(C(=O)c2ccccc2)c1,0
327.15,Cc1ccc(C(=O)c2ccccc2)cc1,Cc1ccc(C(=O)c2ccccc2)cc1,0
280.35,CCC(=O)c1ccc(C)cc1,CCC(=O)c1ccc(C)cc1,0
272.45,CC(C)C(=O)c1ccccc1,CC(C)C(=O)c1ccccc1,0
291.15,COC(=O)C#Cc1ccccc1,COC(=O)C#Cc1ccccc1,0
389.15,Cc1cc(N)n(-c2ccccc2)n1,Cc1cc(N)n(-c2ccccc2)n1,0
493.15,CC1(c2ccccc2)C(=O)NC(=O)NC1=O,CC1(c2ccccc2)C(=O)NC(=O)NC1=O,0
345.15,CN1C(=O)CC(c2ccccc2)C1=O,CN1C(=O)CC(c2ccccc2)C1=O,0
361.15,CS(=O)(=O)c1ccccc1,CS(=O)(=O)c1ccccc1,0
288.85,Cc1ccc(Sc2ccccc2)cc1,Cc1ccc(Sc2ccccc2)cc1,0
435.15,Cc1ccccc1NC(N)=S,Cc1ccccc1NC(N)=S,0
385.65,CNC(=S)Nc1ccccc1,CNC(=S)Nc1ccccc1,0
381.65,CP(=O)(O)O,CP(=O)(O)O,0
216.15,CC(C)OP(C)(=O)F,CC(C)OP(C)(=O)F,0
182.15,COP(Cl)Cl,COP(Cl)Cl,0
335.15,CC1CNCCN1,CC1CNCCN1,0
170.45,CN1CCCCC1,CN1CCCCC1,0
302.15,CN1CCC(O)CC1,CN1CCC(O)CC1,0
505.15,C[C@H]1C[C@@H]2[C@H]([C@@H](O)C[C@@]3(C)[C@H]2CC[C@]3(O)C(=O)CO)[C@@]2(C)C=CC(=O)C=C12,C[C@H]1C[C@@H]2[C@H]([C@@H](O)C[C@@]3(C)[C@H]2CC[C@]3(O)C(=O)CO)[C@@]2(C)C=CC(=O)C=C12,0
400.25,CC(C)C(N)=O,CC(C)C(N)=O,0
242.25,CCC(=O)NC,CCC(=O)NC,0
182.15,CC(CO)CO,CC(CO)CO,0
201.65,CC(C)C#N,CC(C)C#N,0
128.30999999999997,CC(C)CS,CC(C)CS,0
274.42,CC(C)(C)S,CC(C)(C)S,0
185.65,CCC(=O)OC,CCC(=O)OC,0
227.15,CC(C)C(=O)O,CC(C)C(=O)O,0
219.65,CC(C)C(=O)OC(=O)C(C)C,CC(C)C(=O)OC(=O)C(C)C,0
171.19,CC(C)CO,CC(C)CO,0
298.96,CC(C)(C)O,CC(C)(C)O,0
183.15,CC(C)C(=O)Cl,CC(C)C(=O)Cl,0
385.15,C=C(C)C(N)=O,C=C(C)C(N)=O,0
175.14999999999998,CC(C)CC(C)(C)CC(C)(C)CC(C)(C)C,CC(C)CC(C)(C)CC(C)(C)CC(C)(C)C,0
213.15,C=C(C)C(=O)Cl,C=C(C)C(=O)Cl,0
249.65,C/C=C(\C)c1ccccc1,C/C=C(\C)c1ccccc1,0
222.15,CC(C)=Cc1ccccc1,CC(C)=Cc1ccccc1,0
393.15,CC(C)=CN1CCOCC1,CC(C)=CN1CCOCC1,0
212.85,CCCc1ccccc1C,CCCc1ccccc1C,0
190.65,CCCc1cccc(C)c1,CCCc1cccc(C)c1,0
209.45,CCCc1ccc(C)cc1,CCCc1ccc(C)cc1,0
168.24999999999997,CCC[C@H]1CCC[C@H]1C,CCC[C@H]1CCC[C@H]1C,0
150.14999999999998,CCC[C@@H]1CCC[C@H]1C,CCC[C@@H]1CCC[C@H]1C,0
335.65,CCCC(C)(CO)CO,CCCC(C)(CO)CO,0
378.15,CCCC(C)(COC(N)=O)COC(N)=O,CCCC(C)(COC(N)=O)COC(N)=O,0
160.19,CCCSC,CCCSC,0
447.15,Cc1nccnc1N,Cc1nccnc1N,0
244.15,Cc1cnccn1,Cc1cnccn1,0
309.65,Cc1ccn[nH]1,Cc1ccn[nH]1,0
488.15,CC1=NNC(=O)C1,CC1=NNC(=O)C1,0
347.15,Cc1ccc2ccc3cccc4ccc1c2c34,Cc1ccc2ccc3cccc4ccc1c2c34,0
416.15,Cc1cc2ccc3cccc4ccc(c1)c2c34,Cc1cc2ccc3cccc4ccc(c1)c2c34,0
457.15,Cc1cccnn1,Cc1cccnn1,0
306.65,Cc1cccnc1N,Cc1cccnc1N,0
373.15,Cc1ccnc(N)c1,Cc1ccnc(N)c1,0
350.45,Cc1ccc(N)nc1,Cc1ccc(N)nc1,0
314.15,Cc1cccc(N)n1,Cc1cccc(N)n1,0
288.15,CNc1ccccn1,CNc1ccccn1,0
391.95,CNc1ccncc1,CNc1ccncc1,0
206.5,Cc1ccccn1,Cc1ccccn1,0
255.05,Cc1cccnc1,Cc1cccnc1,0
276.83,Cc1ccncc1,Cc1ccncc1,0
305.15,Cc1cccc(C=O)n1,Cc1cccc(C=O)n1,0
312.65,COC(=O)c1cccnc1,COC(=O)c1cccnc1,0
283.35,COC(=O)c1ccncc1,COC(=O)c1ccncc1,0
322.95,Cc1cccc[n+]1[O-],Cc1cccc[n+]1[O-],0
314.15,Cc1ccc[n+]([O-])c1,Cc1ccc[n+]([O-])c1,0
458.95,Cc1cc[n+]([O-])cc1,Cc1cc[n+]([O-])cc1,0
304.15,Cn1ccccc1=O,Cn1ccccc1=O,0
290.75,CC(=O)c1ccc(C)nc1,CC(=O)c1ccc(C)nc1,0
433.45,Cc1ccnc(N)n1,Cc1ccnc(N)n1,0
269.15,Cc1ncccn1,Cc1ncccn1,0
305.15,Cc1ccncn1,Cc1ccncn1,0
303.65,Cc1cncnc1,Cc1cncnc1,0
548.15,Cc1cc(=O)[nH]c(=O)[nH]1,Cc1cc(=O)[nH]c(=O)[nH]1,0
216.92,Cn1cccc1,Cn1cccc1,0
237.55,Cc1ccc[nH]1,Cc1ccc[nH]1,0
224.75,Cc1cc[nH]c1,Cc1cc[nH]c1,0
344.15,CN1C(=O)CCC1=O,CN1C(=O)CCC1=O,0
316.15,CC1CCC(=O)N1,CC1CCC(=O)N1,0
249.15,CN1CCCC1=O,CN1CCCC1=O,0
346.15,Cc1cc(N)c2ncccc2c1,Cc1cc(N)c2ncccc2c1,0
270.48,Cc1ccc2ccccc2n1,Cc1ccc2ccccc2n1,0
289.65,Cc1cnc2ccccc2c1,Cc1cnc2ccccc2c1,0
282.65,Cc1ccnc2ccccc12,Cc1ccnc2ccccc12,0
292.15,Cc1cccc2ncccc12,Cc1cccc2ncccc12,0
251.15,Cc1ccc2ncccc2c1,Cc1ccc2ncccc2c1,0
312.15,Cc1ccc2cccnc2c1,Cc1ccc2cccnc2c1,0
193.15,Cc1cccc2cccnc12,Cc1cccc2cccnc12,0
346.95,Cc1ccc2cccc(O)c2n1,Cc1ccc2cccc(O)c2n1,0
347.15,Cn1c(=O)ccc2ccccc21,Cn1c(=O)ccc2ccccc21,0
425.15,Cn1ccc(=O)c2ccccc21,Cn1ccc(=O)c2ccccc21,0
453.65,Cc1cnc2ccccc2n1,Cc1cnc2ccccc2n1,0
456.15,CN(C)c1ccc(N=Nc2ccccc2C(=O)O)cc1,CN(C)c1ccc(N=Nc2ccccc2C(=O)O)cc1,0
353.15,CO[C@@H]1O[C@H](CO)[C@@H](O)[C@H]1O,CO[C@@H]1O[C@H](CO)[C@@H](O)[C@H]1O,0
264.65,COC(=O)c1ccccc1O,COC(=O)c1ccccc1O,0
116.64999999999998,C[SiH3],C[SiH3],0
174.64999999999998,CO[SiH3],CO[SiH3],0
311.85,CCCCCCCCCCCCCCCCCC(=O)OC,CCCCCCCCCCCCCCCCCC(=O)OC,0
204.65,C=Cc1ccccc1C,C=Cc1ccccc1C,0
186.85,C=Cc1cccc(C)c1,C=Cc1cccc(C)c1,0
235.35,C=Cc1ccc(C)cc1,C=Cc1ccc(C)cc1,0
243.15,COS(=O)(=O)O,COS(=O)(=O)O,0
305.15,CS(=O)c1ccccc1,CS(=O)c1ccccc1,0
325.65,CCCCCCCCCCS(C)=O,CCCCCCCCCCS(C)=O,0
274.15,CC1CCS(=O)(=O)C1,CC1CCS(=O)(=O)C1,0
492.55,COC(=O)c1ccc(C(=O)O)cc1,COC(=O)c1ccc(C(=O)O)cc1,0
436.65,C[C@]12CCC(=O)C=C1CC[C@@H]1[C@@H]2CC[C@@]2(C)[C@H]1CC[C@]2(C)O,C[C@]12CCC(=O)C=C1CC[C@@H]1[C@@H]2CC[C@@]2(C)[C@H]1CC[C@]2(C)O,0
292.15,CCCCCCCCCCCCCC(=O)OC,CCCCCCCCCCCCCC(=O)OC,0
401.15,CN(c1c([N+](=O)[O-])cc([N+](=O)[O-])cc1[N+](=O)[O-])[N+](=O)[O-],CN(c1c([N+](=O)[O-])cc([N+](=O)[O-])cc1[N+](=O)[O-])[N+](=O)[O-],0
318.65,Cc1csc(N)n1,Cc1csc(N)n1,0
362.45,Cc1csc(=S)[nH]1,Cc1csc(=S)[nH]1,0
182.15,CC1CS1,CC1CS1,0
286.15,CSCC(=O)O,CSCC(=O)O,0
325.15,CSc1nc2ccccc2s1,CSc1nc2ccccc2s1,0
270.65,CSC#N,CSC#N,0
243.15,CSCc1ccccc1,CSCc1ccccc1,0
209.85,Cc1cccs1,Cc1cccs1,0
204.24,Cc1ccsc1,Cc1ccsc1,0
357.15,CSc1ccc(O)cc1,CSc1ccc(O)cc1,0
294.15,CSCCC(=O)O,CSCCC(=O)O,0
409.65,CNC(=S)NN,CNC(=S)NN,0
603.15,Cc1cc(=O)[nH]c(=S)[nH]1,Cc1cc(=O)[nH]c(=S)[nH]1,0
392.35,CNC(N)=S,CNC(N)=S,0
568.15,Cc1cn(C)c(=O)[nH]c1=O,Cc1cn(C)c(=O)[nH]c1=O,0
297.25,COS(=O)(=O)c1ccc(C)cc1,COS(=O)(=O)c1ccc(C)cc1,0
313.65,CC(=O)O[Si](C)(OC(C)=O)OC(C)=O,CC(=O)O[Si](C)(OC(C)=O)OC(C)=O,0
484.15,Cc1n[nH]c(=O)[nH]c1=O,Cc1n[nH]c(=O)[nH]c1=O,0
518.15,Cc1cc(=O)n2[nH]cnc2n1,Cc1cc(=O)n2[nH]cnc2n1,0
255.65,COC(=O)C(Cl)(Cl)Cl,COC(=O)C(Cl)(Cl)Cl,0
197.38,C[Si](Cl)(Cl)Cl,C[Si](Cl)(Cl)Cl,0
279.04999999999995,CCCCCCCCCCCCC(=O)OC,CCCCCCCCCCCCC(=O)OC,0
124.04999999999998,COC(F)(F)F,COC(F)(F)F,0
475.15,COC(=O)c1cc(O)c(O)c(O)c1,COC(=O)c1cc(O)c(O)c(O)c1,0
356.15,COC(=O)c1cc(OC)c(OC)c(OC)c1,COC(=O)c1cc(OC)c(OC)c(OC)c1,0
255.15,COP(=S)(OC)SCSc1ccc(Cl)cc1,COP(=S)(OC)SCSc1ccc(Cl)cc1,0
568.15,CN[C@@H](Cc1c[nH]c2ccccc12)C(=O)O,CN[C@@H](Cc1c[nH]c2ccccc12)C(=O)O,0
566.15,CN[C@@H](Cc1ccc(O)cc1)C(=O)O,CN[C@@H](Cc1ccc(O)cc1)C(=O)O,0
226.35,CCCCCCCCCC(C)C,CCCCCCCCCC(C)C,0
215.15,CCCCCCCCC(C)CC,CCCCCCCCC(C)CC,0
245.65,C=CCCCCCCCCC(=O)OC,C=CCCCCCCCCC(=O)OC,0
374.45,CNC(N)=O,CNC(N)=O,0
457.15,Cc1cn([C@@H]2O[C@H](CO)[C@@H](O)[C@H]2O)c(=O)[nH]c1=O,Cc1cn([C@@H]2O[C@H](CO)[C@@H](O)[C@H]2O)c(=O)[nH]c1=O,0
521.15,CC(C)(C)[C@H](N)C(=O)O,CC(C)(C)[C@H](N)C(=O)O,0
170.84999999999997,C=C(C)C1CC1,C=C(C)C1CC1,0
151.14999999999998,C=COC,C=COC,0
468.15,CC[C@@H](CO)NC(=O)[C@@H]1C=C2c3cccc4c3c(cn4C)C[C@H]2N(C)C1,CC[C@@H](CO)NC(=O)[C@@H]1C=C2c3cccc4c3c(cn4C)C[C@H]2N(C)C1,0
410.15,COC1=CC(=O)O[C@@H](/C=C/c2ccc3c(c2)OCO3)C1,COC1=CC(=O)O[C@@H](/C=C/c2ccc3c(c2)OCO3)C1,0
369.05,CON(C)C(=O)Nc1ccc(Br)cc1,CON(C)C(=O)Nc1ccc(Br)cc1,0
527.15,Cc1ccccc1N1C(=O)c2cc(S(N)(=O)=O)c(Cl)cc2NC1C,Cc1ccccc1N1C(=O)c2cc(S(N)(=O)=O)c(Cl)cc2NC1C,0
399.95,CSc1nnc(C(C)(C)C)c(=O)n1N,CSc1nnc(C(C)(C)C)c(=O)n1N,0
433.65,Cc1ncc([N+](=O)[O-])n1CCO,Cc1ncc([N+](=O)[O-])n1CCO,0
436.15,COC(=O)c1ccccc1S(=O)(=O)NC(=O)Nc1nc(C)nc(OC)n1,COC(=O)c1ccccc1S(=O)(=O)NC(=O)Nc1nc(C)nc(OC)n1,0
294.15,COC(=O)C=C(C)OP(=O)(OC)OC,COC(=O)C=C(C)OP(=O)(OC)OC,0
362.05,CNC(=O)Oc1cc(C)c(N(C)C)c(C)c1,CNC(=O)Oc1cc(C)c(N(C)C)c(C)c1,0
253.15,CCCCC(CC)CN1C(=O)[C@@H]2[C@H](C1=O)[C@@H]1C=C[C@H]2C1,CCCCC(CC)CN1C(=O)[C@@H]2[C@H](C1=O)[C@@H]1C=C[C@H]2C1,0
423.15,CC#C[C@]1(O)CC[C@H]2[C@@H]3CCC4=CC(=O)CCC4=C3[C@@H](c3ccc(N(C)C)cc3)C[C@@]21C,CC#C[C@]1(O)CC[C@H]2[C@@H]3CCC4=CC(=O)CCC4=C3[C@@H](c3ccc(N(C)C)cc3)C[C@@]21C,0
501.15,N[C@@H](Cn1ccc(=O)c(O)c1)C(=O)O,N[C@@H](Cn1ccc(=O)c(O)c1)C(=O)O,0
521.15,N=c1nc(N2CCCCC2)cc(N)n1O,N=c1nc(N2CCCCC2)cc(N)n1O,0
338.15,CC(C)NP(=O)(F)NC(C)C,CC(C)NP(=O)(F)NC(C)C,0
758.15,ClC1(Cl)C2(Cl)C3(Cl)C4(Cl)C(Cl)(Cl)C5(Cl)C3(Cl)C1(Cl)C5(Cl)C24Cl,ClC1(Cl)C2(Cl)C3(Cl)C4(Cl)C(Cl)(Cl)C5(Cl)C3(Cl)C1(Cl)C5(Cl)C24Cl,0
455.15,CO[C@H](C(=O)[C@@H](O)[C@@H](C)O)[C@@H]1Cc2cc3cc(O[C@H]4C[C@@H](O[C@H]5C[C@@H](O)[C@H](O)[C@@H](C)O5)[C@H](O)[C@@H](C)O4)c(C)c(O)c3c(O)c2C(=O)[C@H]1O[C@H]1C[C@@H](O[C@H]2C[C@@H](O[C@H]3C[C@](C)(O)[C@H](O)[C@@H](C)O3)[C@@H](O)[C@@H](C)O2)[C@H](O)[C@@H](C)O1,CO[C@H](C(=O)[C@@H](O)[C@@H](C)O)[C@@H]1Cc2cc3cc(O[C@H]4C[C@@H](O[C@H]5C[C@@H](O)[C@H](O)[C@@H](C)O5)[C@H](O)[C@@H](C)O4)c(C)c(O)c3c(O)c2C(=O)[C@H]1O[C@H]1C[C@@H](O[C@H]2C[C@@H](O[C@H]3C[C@](C)(O)[C@H](O)[C@@H](C)O3)[C@@H](O)[C@@H](C)O2)[C@H](O)[C@@H](C)O1,0
433.15,COC1=C(C)C(=O)C2=C(C1=O)[C@@H](COC(N)=O)[C@@]1(OC)[C@H]3N[C@H]3CN21,COC1=C(C)C(=O)C2=C(C1=O)[C@@H](COC(N)=O)[C@@]1(OC)[C@H]3N[C@H]3CN21,0
633.15,CO[C@@]12[C@H](COC(N)=O)C3=C(C(=O)C(C)=C(N)C3=O)N1C[C@@H]1N[C@@H]12,CO[C@@]12[C@H](COC(N)=O)C3=C(C(=O)C(C)=C(N)C3=O)N1C[C@@H]1N[C@@H]12,0
349.35,Clc1ccc(C(c2ccccc2Cl)C(Cl)Cl)cc1,Clc1ccc(C(c2ccccc2Cl)C(Cl)Cl)cc1,0
377.15,CC[C@@H]1CN2CCc3c([nH]c4cccc(OC)c34)[C@@H]2C[C@@H]1/C(=C\OC)C(=O)OC,CC[C@@H]1CN2CCc3c([nH]c4cccc(OC)c34)[C@@H]2C[C@@H]1/C(=C\OC)C(=O)OC,0
453.15,CCc1c(C)[nH]c2c1C(=O)C(CN1CCOCC1)CC2,CCc1c(C)[nH]c2c1C(=O)C(CN1CCOCC1)CC2,0
346.65,CCCCOC(=O)c1ccccc1C(=O)O,CCCCOC(=O)c1ccccc1C(=O)O,0
210.15,CCCC[Sn](Cl)(Cl)Cl,CCCC[Sn](Cl)(Cl)Cl,0
471.15,C[C@H]1C(=O)O[C@@H]2CCN3CC=C(COC(=O)[C@](C)(O)[C@]1(C)O)[C@H]23,C[C@H]1C(=O)O[C@@H]2CCN3CC=C(COC(=O)[C@](C)(O)[C@]1(C)O)[C@H]23,0
328.45,CNC(=O)/C=C(\C)OP(=O)(OC)OC,CNC(=O)/C=C(\C)OP(=O)(OC)OC,0
353.95,CON(C)C(=O)Nc1ccc(Cl)cc1,CON(C)C(=O)Nc1ccc(Cl)cc1,0
282.15,COC(=O)CCCCC(=O)O,COC(=O)CCCCC(=O)O,0
409.15,O=C1c2ccccc2N(C(=O)CN2CCOCC2)CN1c1ccccc1,O=C1c2ccccc2N(C(=O)CN2CCOCC2)CN1c1ccccc1,0
576.65,O=c1c(O)c(-c2ccc(O)cc2O)oc2cc(O)cc(O)c12,O=c1c(O)c(-c2ccc(O)cc2O)oc2cc(O)cc(O)c12,0
528.15,CN1CC[C@]23c4c5ccc(O)c4O[C@H]2[C@@H](O)C=C[C@H]3[C@H]1C5,CN1CC[C@]23c4c5ccc(O)c4O[C@H]2[C@@H](O)C=C[C@H]3[C@H]1C5,0
268.35,C1COCCN1,C1COCCN1,0
294.15,O=CN1CCOCC1,O=CN1CCOCC1,0
298.75,NCCN1CCOCC1,NCCN1CCOCC1,0
274.35,OCCN1CCOCC1,OCCN1CCOCC1,0
258.15,NCCCN1CCOCC1,NCCCN1CCOCC1,0
359.85,c1ccc2sc(SN3CCOCC3)nc2c1,c1ccc2sc(SN3CCOCC3)nc2c1,0
404.75,Nc1ccc(N2CCOCC2)cc1,Nc1ccc(N2CCOCC2)cc1,0
408.15,c1ccc2sc(SSN3CCOCC3)nc2c1,c1ccc2sc(SSN3CCOCC3)nc2c1,0
483.15,CC(=O)O[C@@H]1C[C@H]2[C@@H]3CC=C4C[C@@H](O)CC[C@]4(C)[C@H]3CC[C@]2(C)[C@H]1[C@H](C)[C@@H]1CC[C@H](C)CN1,CC(=O)O[C@@H]1C[C@H]2[C@@H]3CC=C4C[C@@H](O)CC[C@]4(C)[C@H]3CC[C@]2(C)[C@H]1[C@H](C)[C@@H]1CC[C@H](C)CN1,0
448.15,NCc1cc(=O)[nH]o1,NCc1cc(=O)[nH]o1,0
338.15,CCCCC(C#N)(Cn1cncn1)c1ccc(Cl)cc1,CCCCC(C#N)(Cn1cncn1)c1ccc(Cl)cc1,0
414.15,COc1c(C)c2c(c(O)c1C/C=C(\C)CCC(=O)O)C(=O)OC2,COc1c(C)c2c(c(O)c1C/C=C(\C)CCC(=O)O)C(=O)OC2,0
253.15,C=CCc1cc(OC)c2c(c1)OCO2,C=CCc1cc(OC)c2c(c1)OCO2,0
403.15,CC(C)(C)NCC(O)COc1cccc2c1C[C@H](O)[C@H](O)C2,CC(C)(C)NCC(O)COc1cccc2c1C[C@H](O)[C@H](O)C2,0
300.15,COP(=O)(OC)OC(Br)C(Cl)(Cl)Br,COP(=O)(OC)OC(Br)C(Cl)(Cl)Br,0
502.65,CCn1cc(C(=O)O)c(=O)c2ccc(C)nc21,CCn1cc(C(=O)O)c(=O)c2ccc(C)nc21,0
462.15,C=C1CC[C@@]2(O)[C@H]3Cc4ccc(O)c5c4[C@@]2(CCN3CC2CC2)[C@H]1O5,C=C1CC[C@@]2(O)[C@H]3Cc4ccc(O)c5c4[C@@]2(CCN3CC2CC2)[C@H]1O5,0
481.15,C=CCN1CC[C@]23c4c5ccc(O)c4O[C@H]2[C@@H](O)C=C[C@H]3[C@H]1C5,C=CCN1CC[C@]23c4c5ccc(O)c4O[C@H]2[C@@H](O)C=C[C@H]3[C@H]1C5,0
451.15,C=CCN1CC[C@]23c4c5ccc(O)c4O[C@H]2C(=O)CC[C@@]3(O)[C@H]1C5,C=CCN1CC[C@]23c4c5ccc(O)c4O[C@H]2C(=O)CC[C@@]3(O)[C@H]1C5,0
442.15,O=C1CC[C@@]2(O)[C@H]3Cc4ccc(O)c5c4[C@@]2(CCN3CC2CC2)[C@H]1O5,O=C1CC[C@@]2(O)[C@H]3Cc4ccc(O)c5c4[C@@]2(CCN3CC2CC2)[C@H]1O5,0
385.15,C[C@]12CC[C@H]3[C@@H](CCC4=CC(=O)CC[C@@H]43)[C@@H]1CC[C@@H]2O,C[C@]12CC[C@H]3[C@@H](CCC4=CC(=O)CC[C@@H]43)[C@@H]1CC[C@@H]2O,0
627.15,c1ccc2cc3cc4ccccc4cc3cc2c1,c1ccc2cc3cc4ccccc4cc3cc2c1,0
567.15,O=C1c2ccccc2C(=O)c2cc3ccccc3cc21,O=C1c2ccccc2C(=O)c2cc3ccccc3cc21,0
353.37,c1ccc2ccccc2c1,c1ccc2ccccc2c1,0
405.95,O=C(O)Cc1cccc2ccccc12,O=C(O)Cc1cccc2ccccc12,0
415.15,O=C(O)Cc1ccc2ccccc2c1,O=C(O)Cc1ccc2ccccc2c1,0
305.65,N#CCc1cccc2ccccc12,N#CCc1cccc2ccccc12,0
308.15,N#Cc1cccc2ccccc12,N#Cc1cccc2ccccc12,0
332.15,N#Cc1ccc2ccccc2c1,N#Cc1ccc2ccccc2c1,0
293.15,O=C(Cl)c1cccc2ccccc12,O=C(Cl)c1cccc2ccccc12,0
324.15,O=C(Cl)c1ccc2ccccc2c1,O=C(Cl)c1ccc2ccccc2c1,0
306.65,O=Cc1cccc2ccccc12,O=Cc1cccc2ccccc12,0
335.15,O=Cc1ccc2ccccc2c1,O=Cc1ccc2ccccc2c1,0
433.95,O=C(O)c1cccc2ccccc12,O=C(O)c1cccc2ccccc12,0
458.15,O=C(O)c1ccc2ccccc2c1,O=C(O)c1ccc2ccccc2c1,0
462.15,Nc1cccc2c(N)cccc12,Nc1cccc2c(N)cccc12,0
339.85,Nc1cccc2cccc(N)c12,Nc1cccc2cccc(N)c12,0
472.15,Nc1cc2ccccc2cc1N,Nc1cc2ccccc2cc1N,0
533.15,O=C(O)c1cccc2cccc(C(=O)O)c12,O=C(O)c1cccc2cccc(C(=O)O)c12,0
517.65,O=C(O)c1cc2ccccc2cc1C(=O)O,O=C(O)c1cc2ccccc2cc1C(=O)O,0
573.15,O=C(O)c1ccc2cc(C(=O)O)ccc2c1,O=C(O)c1ccc2cc(C(=O)O)ccc2c1,0
464.45,COC(=O)c1ccc2cc(C(=O)OC)ccc2c1,COC(=O)c1ccc2cc(C(=O)OC)ccc2c1,0
400.15,O=C=Nc1cccc2c(N=C=O)cccc12,O=C=Nc1cccc2c(N=C=O)cccc12,0
396.65,Oc1cc(O)c2ccccc2c1,Oc1cc(O)c2ccccc2c1,0
465.15,Oc1ccc(O)c2ccccc12,Oc1ccc(O)c2ccccc12,0
535.15,Oc1cccc2c(O)cccc12,Oc1cccc2c(O)cccc12,0
411.15,Oc1ccc2c(O)cccc2c1,Oc1ccc2c(O)cccc2c1,0
453.65,Oc1ccc2cccc(O)c2c1,Oc1ccc2cccc(O)c2c1,0
436.65,Oc1cc2ccccc2cc1O,Oc1cc2ccccc2cc1O,0
493.15,Oc1ccc2cc(O)ccc2c1,Oc1ccc2cc(O)ccc2c1,0
466.15,Oc1ccc2ccc(O)cc2c1,Oc1ccc2ccc(O)cc2c1,0
419.15,O=C1C=Cc2ccccc2C1=O,O=C1C=Cc2ccccc2C1=O,0
398.45,O=C1C=CC(=O)c2ccccc21,O=C1C=CC(=O)c2ccccc21,0
515.15,O=S(=O)(O)c1cccc2c(S(=O)(=O)O)cccc12,O=S(=O)(O)c1cccc2c(S(=O)(=O)O)cccc12,0
398.15,O=S(=O)(O)c1ccc2c(S(=O)(=O)O)cccc2c1,O=S(=O)(O)c1ccc2c(S(=O)(=O)O)cccc2c1,0
472.15,O=S(=O)(O)c1ccc2ccc(S(=O)(=O)O)cc2c1,O=S(=O)(O)c1ccc2ccc(S(=O)(=O)O)cc2c1,0
337.15,OCc1cccc2ccccc12,OCc1cccc2ccccc12,0
354.45,OCc1ccc2ccccc2c1,OCc1ccc2ccccc2c1,0
413.15,O=S(=O)(O)c1cccc2ccccc12,O=S(=O)(O)c1cccc2ccccc12,0
364.15,O=S(=O)(O)c1ccc2ccccc2c1,O=S(=O)(O)c1ccc2ccccc2c1,0
341.15,O=S(=O)(Cl)c1cccc2ccccc12,O=S(=O)(Cl)c1cccc2ccccc12,0
354.15,O=S(=O)(Cl)c1ccc2ccccc2c1,O=S(=O)(Cl)c1ccc2ccccc2c1,0
593.15,O=C(O)c1ccc(C(=O)O)c2c(C(=O)O)ccc(C(=O)O)c12,O=C(O)c1ccc(C(=O)O)c2c(C(=O)O)ccc(C(=O)O)c12,0
354.15,Sc1ccc2ccccc2c1,Sc1ccc2ccccc2c1,0
471.15,NC(=S)Nc1cccc2ccccc12,NC(=S)Nc1cccc2ccccc12,0
519.15,O=C1OC(=O)c2cc3ccccc3cc21,O=C1OC(=O)c2cc3ccccc3cc21,0
368.25,Oc1cccc2ccccc12,Oc1cccc2ccccc12,0
395.15,Oc1ccc2ccccc2c1,Oc1ccc2ccccc2c1,0
319.15,CC(=O)Oc1cccc2ccccc12,CC(=O)Oc1cccc2ccccc12,0
342.15,CC(=O)Oc1ccc2ccccc2c1,CC(=O)Oc1ccc2ccccc2c1,0
396.15,O=C1C=C/C(=C(/c2ccccc2)c2ccc(O)c3ccccc23)c2ccccc21,O=C1C=C/C(=C(/c2ccccc2)c2ccc(O)c3ccccc23)c2ccccc21,0
545.75,O=C1OC(=O)c2cccc3cccc1c23,O=C1OC(=O)c2cccc3cccc1c23,0
322.04999999999995,Nc1cccc2ccccc12,Nc1cccc2ccccc12,0
383.15,Nc1ccc2ccccc2c1,Nc1ccc2ccccc2c1,0
458.15,O=C(O)c1ccccc1C(=O)Nc1cccc2ccccc12,O=C(O)c1ccccc1C(=O)Nc1cccc2ccccc12,0
380.95,O=C(Oc1ccc2ccccc2c1)c1ccccc1,O=C(Oc1ccc2ccccc2c1)c1ccccc1,0
433.15,CC(=O)Nc1cccc2ccccc12,CC(=O)Nc1cccc2ccccc12,0
356.15,O=C(Oc1cccc2ccccc12)c1ccccc1O,O=C(Oc1cccc2ccccc12)c1ccccc1O,0
352.15,ONc1cccc2ccccc12,ONc1cccc2ccccc12,0
331.15,S=C=Nc1cccc2ccccc12,S=C=Nc1cccc2ccccc12,0
445.35,c1ccc2cc(Nc3ccc4ccccc4c3)ccc2c1,c1ccc2cc(Nc3ccc4ccccc4c3)ccc2c1,0
429.35,O=C(O)COc1ccc2ccccc2c1,O=C(O)COc1ccc2ccccc2c1,0
433.15,O=P(O)(O)Oc1cccc2ccccc12,O=P(O)(O)Oc1cccc2ccccc12,0
368.65,O=C(Oc1ccc2ccccc2c1)c1ccccc1O,O=C(Oc1ccc2ccccc2c1)c1ccccc1O,0
348.15,c1cnc2cccnc2c1,c1cnc2cccnc2c1,0
302.65,c1cnc2ccncc2c1,c1cnc2ccncc2c1,0
346.95,CCN(CC)C(=O)C(C)Oc1cccc2ccccc12,CCN(CC)C(=O)C(C)Oc1cccc2ccccc12,0
428.15,COc1ccc2cc([C@H](C)C(=O)O)ccc2c1,COc1ccc2cc([C@H](C)C(=O)O)ccc2c1,0
411.15,COc1ccc(C(=O)Cc2c(CCN(C)C)cc3c(c2OC)OCO3)c(C(=O)O)c1OC,COc1ccc(C(=O)Cc2c(CCN(C)C)cc3c(c2OC)OCO3)c(C(=O)O)c1OC,0
388.15,C=C(Br)CC1(C(C)C)C(=O)NC(=O)N(C)C1=O,C=C(Br)CC1(C(C)C)C(=O)NC(=O)N(C)C1=O,0
523.15,O=C1C[C@@H](c2ccc(O)cc2)Oc2cc(O)cc(O)c21,O=C1C[C@@H](c2ccc(O)cc2)Oc2cc(O)cc(O)c21,0
429.15,C=CCC1(CC(C)(C)C)C(=O)NC(=O)NC1=O,C=CCC1(CC(C)(C)C)C(=O)NC(=O)NC1=O,0
376.65,CNP(=O)(NC)Oc1ccccc1,CNP(=O)(NC)Oc1ccccc1,0
446.15,CC(C)=C1C=C2CC[C@@H]3[C@](C)(CCC[C@@]3(C)C(=O)O)[C@H]2CC1,CC(C)=C1C=C2CC[C@@H]3[C@](C)(CCC[C@@]3(C)C(=O)O)[C@H]2CC1,0
457.15,CC1(C)[C@@H]2CC[C@@]1(C)[C@H](N)C2,CC1(C)[C@@H]2CC[C@@]1(C)[C@H](N)C2,0
256.78,CC(C)(C)C,CC(C)(C)C,0
400.65,COc1ccc2c3c1O[C@H]1[C@@H](O)CC=C4[C@@H](C2)N(C)CC[C@]431,COc1ccc2c3c1O[C@H]1[C@@H](O)CC=C4[C@@H](C2)N(C)CC[C@]431,0
427.15,O=C(CCNNC(=O)c1ccncc1)NCc1ccccc1,O=C(CCNNC(=O)c1ccncc1)NCc1ccccc1,0
500.15,O=C(Nc1ccc([N+](=O)[O-])cc1Cl)c1cc(Cl)ccc1O,O=C(Nc1ccc([N+](=O)[O-])cc1Cl)c1cc(Cl)ccc1O,0
322.15,CC(C)(Oc1ccc(Cl)cc1)C(=O)OCc1cccnc1,CC(C)(Oc1ccc(Cl)cc1)C(=O)OCc1cccnc1,0
421.15,c1cncc(-c2ccnc(-c3cccnc3)c2)c1,c1cncc(-c2ccnc(-c3cccnc3)c2)c1,0
194.15,CN1CCC[C@H]1c1cccnc1,CN1CCC[C@H]1c1cccnc1,0
488.15,O=CNNc1nc(-c2ccc([N+](=O)[O-])o2)cs1,O=CNNc1nc(-c2ccc([N+](=O)[O-])o2)cs1,0
424.85,CCCN(CCC)c1c([N+](=O)[O-])cc(S(C)(=O)=O)cc1[N+](=O)[O-],CCCN(CCC)c1c([N+](=O)[O-])cc(S(C)(=O)=O)cc1[N+](=O)[O-],0
443.15,O=C1C(O)=C([N+](=O)[O-])C(=O)C(O)=C1[N+](=O)[O-],O=C1C(O)=C([N+](=O)[O-])C(=O)C(O)=C1[N+](=O)[O-],0
337.23,Clc1cccc(C(Cl)(Cl)Cl)n1,Clc1cccc(C(Cl)(Cl)Cl)n1,0
515.15,O=C(O)CN(CC(=O)O)CC(=O)O,O=C(O)CN(CC(=O)O)CC(=O)O,0
398.65,N#CCN(CC#N)CC#N,N#CCN(CC#N)CC#N,0
365.15,O=C(O)C[N+](=O)[O-],O=C(O)C[N+](=O)[O-],0
323.15,CC(=O)C[N+](=O)[O-],CC(=O)C[N+](=O)[O-],0
344.15,Nc1ccccc1[N+](=O)[O-],Nc1ccccc1[N+](=O)[O-],0
385.15,Nc1cccc([N+](=O)[O-])c1,Nc1cccc([N+](=O)[O-])c1,0
420.85,Nc1ccc([N+](=O)[O-])cc1,Nc1ccc([N+](=O)[O-])cc1,0
282.54999999999995,COc1ccccc1[N+](=O)[O-],COc1ccccc1[N+](=O)[O-],0
311.15,COc1cccc([N+](=O)[O-])c1,COc1cccc([N+](=O)[O-])c1,0
327.15,COc1ccc([N+](=O)[O-])cc1,COc1ccc([N+](=O)[O-])cc1,0
420.35,O=[N+]([O-])c1c2ccccc2cc2ccccc12,O=[N+]([O-])c1c2ccccc2cc2ccccc12,0
504.65,O=C1c2ccccc2C(=O)c2c1cccc2[N+](=O)[O-],O=C1c2ccccc2C(=O)c2c1cccc2[N+](=O)[O-],0
316.65,O=Cc1ccccc1[N+](=O)[O-],O=Cc1ccccc1[N+](=O)[O-],0
331.15,O=Cc1cccc([N+](=O)[O-])c1,O=Cc1cccc([N+](=O)[O-])c1,0
378.15,O=Cc1ccc([N+](=O)[O-])cc1,O=Cc1ccc([N+](=O)[O-])cc1,0
415.85,NC(=O)c1cccc([N+](=O)[O-])c1,NC(=O)c1cccc([N+](=O)[O-])c1,0
463.15,NC(=O)c1ccc([N+](=O)[O-])cc1,NC(=O)c1ccc([N+](=O)[O-])cc1,0
278.79999999999995,O=[N+]([O-])c1ccccc1,O=[N+]([O-])c1ccccc1,0
411.15,O=C(O)Cc1ccccc1[N+](=O)[O-],O=C(O)Cc1ccccc1[N+](=O)[O-],0
390.15,O=C(O)Cc1cccc([N+](=O)[O-])c1,O=C(O)Cc1cccc([N+](=O)[O-])c1,0
427.15,O=C(O)Cc1ccc([N+](=O)[O-])cc1,O=C(O)Cc1ccc([N+](=O)[O-])cc1,0
357.15,N#CCc1ccccc1[N+](=O)[O-],N#CCc1ccccc1[N+](=O)[O-],0
390.15,N#CCc1ccc([N+](=O)[O-])cc1,N#CCc1ccc([N+](=O)[O-])cc1,0
472.65,Nc1ccc([N+](=O)[O-])cc1N,Nc1ccc([N+](=O)[O-])cc1N,0
434.15,Nc1ccc([N+](=O)[O-])c(N)c1,Nc1ccc([N+](=O)[O-])c(N)c1,0
416.15,Nc1cc(N)cc([N+](=O)[O-])c1,Nc1cc(N)cc([N+](=O)[O-])c1,0
413.15,Nc1ccc(N)c([N+](=O)[O-])c1,Nc1ccc(N)c([N+](=O)[O-])c1,0
491.15,O=C(O)c1cccc([N+](=O)[O-])c1C(=O)O,O=C(O)c1cccc([N+](=O)[O-])c1C(=O)O,0
437.95,O=C(O)c1ccc([N+](=O)[O-])cc1C(=O)O,O=C(O)c1ccc([N+](=O)[O-])cc1C(=O)O,0
274.15,O=[N+]([O-])c1ccccc1CCO,O=[N+]([O-])c1ccccc1CCO,0
336.15,O=[N+]([O-])c1ccc(CCO)cc1,O=[N+]([O-])c1ccc(CCO)cc1,0
347.15,O=[N+]([O-])c1ccccc1CO,O=[N+]([O-])c1ccccc1CO,0
303.65,O=[N+]([O-])c1cccc(CO)c1,O=[N+]([O-])c1cccc(CO)c1,0
369.65,O=[N+]([O-])c1ccc(CO)cc1,O=[N+]([O-])c1ccc(CO)cc1,0
348.15,O=[N+]([O-])c1ccccc1SCl,O=[N+]([O-])c1ccccc1SCl,0
325.15,O=[N+]([O-])c1ccc(SCl)cc1,O=[N+]([O-])c1ccc(SCl)cc1,0
180.45,NS(=O)(=O)c1ccc([N+](=O)[O-])cc1,NS(=O)(=O)c1ccc([N+](=O)[O-])cc1,0
321.15,O=[N+]([O-])c1cccc(S(=O)(=O)O)c1,O=[N+]([O-])c1cccc(S(=O)(=O)O)c1,0
368.15,O=[N+]([O-])c1ccc(S(=O)(=O)O)cc1,O=[N+]([O-])c1ccc(S(=O)(=O)O)cc1,0
341.65,O=[N+]([O-])c1ccccc1S(=O)(=O)Cl,O=[N+]([O-])c1ccccc1S(=O)(=O)Cl,0
337.15,O=[N+]([O-])c1cccc(S(=O)(=O)Cl)c1,O=[N+]([O-])c1cccc(S(=O)(=O)Cl)c1,0
352.65,O=[N+]([O-])c1ccc(S(=O)(=O)Cl)cc1,O=[N+]([O-])c1ccc(S(=O)(=O)Cl)cc1,0
480.95,O=[N+]([O-])c1ccc2nc[nH]c2c1,O=[N+]([O-])c1ccc2nc[nH]c2c1,0
420.15,O=C(O)c1ccccc1[N+](=O)[O-],O=C(O)c1ccccc1[N+](=O)[O-],0
414.45,O=C(O)c1cccc([N+](=O)[O-])c1,O=C(O)c1cccc([N+](=O)[O-])c1,0
514.15,O=C(O)c1ccc([N+](=O)[O-])cc1,O=C(O)c1ccc([N+](=O)[O-])cc1,0
426.65,NNC(=O)c1cccc([N+](=O)[O-])c1,NNC(=O)c1cccc([N+](=O)[O-])c1,0
488.65,NNC(=O)c1ccc([N+](=O)[O-])cc1,NNC(=O)c1ccc([N+](=O)[O-])cc1,0
389.75,N#Cc1cccc([N+](=O)[O-])c1,N#Cc1cccc([N+](=O)[O-])c1,0
420.65,N#Cc1ccc([N+](=O)[O-])cc1,N#Cc1ccc([N+](=O)[O-])cc1,0
490.15,O=[N+]([O-])c1ccc2n[nH]nc2c1,O=[N+]([O-])c1ccc2n[nH]nc2c1,0
293.15,O=C(Cl)c1ccccc1[N+](=O)[O-],O=C(Cl)c1ccccc1[N+](=O)[O-],0
309.15,O=C(Cl)c1cccc([N+](=O)[O-])c1,O=C(Cl)c1cccc([N+](=O)[O-])c1,0
344.15,O=C(Cl)c1ccc([N+](=O)[O-])cc1,O=C(Cl)c1ccc([N+](=O)[O-])cc1,0
310.15,O=[N+]([O-])c1ccccc1-c1ccccc1,O=[N+]([O-])c1ccccc1-c1ccccc1,0
334.15,O=[N+]([O-])c1cccc(-c2ccccc2)c1,O=[N+]([O-])c1cccc(-c2ccccc2)c1,0
386.05,O=[N+]([O-])c1ccc(-c2ccccc2)cc1,O=[N+]([O-])c1ccc(-c2ccccc2)cc1,0
355.15,CC(C(c1ccc(Cl)cc1)c1ccc(Cl)cc1)[N+](=O)[O-],CC(C(c1ccc(Cl)cc1)c1ccc(Cl)cc1)[N+](=O)[O-],0
226.15,CCC(CO)[N+](=O)[O-],CCC(CO)[N+](=O)[O-],0
486.65,O=[N+]([O-])c1cc2c3ccccc3ccc2c2ccccc12,O=[N+]([O-])c1cc2c3ccccc3ccc2c2ccccc12,0
239.15,O=[N+]([O-])C1CCCCC1,O=[N+]([O-])C1CCCCC1,0
183.73,CC[N+](=O)[O-],CC[N+](=O)[O-],0
193.15,O=[N+]([O-])CCO,O=[N+]([O-])CCO,0
218.15,C=C[N+](=O)[O-],C=C[N+](=O)[O-],0
250.15,O=[N+]([O-])CCc1ccccc1,O=[N+]([O-])CCc1ccccc1,0
344.15,O=[N+]([O-])c1ccc(Oc2ccc(Cl)cc2Cl)cc1,O=[N+]([O-])c1ccc(Oc2ccc(Cl)cc2Cl)cc1,0
428.15,O=[N+]([O-])c1ccc2c(c1)Cc1ccccc1-2,O=[N+]([O-])c1ccc2c(c1)Cc1ccccc1-2,0
497.45,O=C1c2ccccc2-c2ccc([N+](=O)[O-])cc21,O=C1c2ccccc2-c2ccc([N+](=O)[O-])cc21,0
365.15,CC(=O)OC(OC(C)=O)c1ccc([N+](=O)[O-])o1,CC(=O)OC(OC(C)=O)c1ccc([N+](=O)[O-])o1,0
302.15,O=[N+]([O-])c1ccco1,O=[N+]([O-])c1ccco1,0
309.15,O=Cc1ccc([N+](=O)[O-])o1,O=Cc1ccc([N+](=O)[O-])o1,0
459.15,O=C(O)c1ccc([N+](=O)[O-])o1,O=C(O)c1ccc([N+](=O)[O-])o1,0
536.15,O=C1CN(/N=C/c2ccc([N+](=O)[O-])o2)C(=O)N1,O=C1CN(/N=C/c2ccc([N+](=O)[O-])o2)C(=O)N1,0
510.15,NC(=O)N/N=C/c1ccc([N+](=O)[O-])o1,NC(=O)N/N=C/c1ccc([N+](=O)[O-])o1,0
526.15,N=C(N)N[N+](=O)[O-],N=C(N)N[N+](=O)[O-],0
573.15,O=[N+]([O-])c1cc([As](=O)(O)O)ccc1O,O=[N+]([O-])c1cc([As](=O)(O)O)ccc1O,0
560.15,O=[N+]([O-])c1ncc[nH]1,O=[N+]([O-])c1ncc[nH]1,0
576.15,O=[N+]([O-])c1cnc[nH]1,O=[N+]([O-])c1cnc[nH]1,0
481.15,O=[N+]([O-])c1ccc2[nH]ncc2c1,O=[N+]([O-])c1ccc2[nH]ncc2c1,0
454.15,O=[N+]([O-])c1ccc2cn[nH]c2c1,O=[N+]([O-])c1ccc2cn[nH]c2c1,0
436.55,O=C1OC(=O)c2c1cccc2[N+](=O)[O-],O=C1OC(=O)c2c1cccc2[N+](=O)[O-],0
388.15,O=C1OC(=O)c2cc([N+](=O)[O-])ccc21,O=C1OC(=O)c2cc([N+](=O)[O-])ccc21,0
299.35,CC(C)(C)[N+](=O)[O-],CC(C)(C)[N+](=O)[O-],0
475.15,O=C1NC(=O)c2cc([N+](=O)[O-])ccc21,O=C1NC(=O)c2cc([N+](=O)[O-])ccc21,0
311.15,CN[N+](=O)[O-],CN[N+](=O)[O-],0
244.45,C[N+](=O)[O-],C[N+](=O)[O-],0
462.15,c1ccc(N=c2[n-][n+](-c3ccccc3)cn2-c2ccccc2)cc1,c1ccc(N=c2[n-][n+](-c3ccccc3)cn2-c2ccccc2)cc1,0
328.65,O=[N+]([O-])c1cccc2ccccc12,O=[N+]([O-])c1cccc2ccccc12,0
348.15,O=[N+]([O-])c1ccc2ccccc2c1,O=[N+]([O-])c1ccc2ccccc2c1,0
377.15,O=[N+]([O-])c1c(O)ccc2ccccc12,O=[N+]([O-])c1c(O)ccc2ccccc12,0
288.15,CCCCCCCC[N+](=O)[O-],CCCCCCCC[N+](=O)[O-],0
475.45,O=[N+]([O-])c1cc2cccnc2c2ncccc12,O=[N+]([O-])c1cc2cccnc2c2ncccc12,0
318.04999999999995,O=[N+]([O-])c1ccccc1O,O=[N+]([O-])c1ccccc1O,0
368.15,O=[N+]([O-])c1cccc(O)c1,O=[N+]([O-])c1cccc(O)c1,0
386.95,O=[N+]([O-])c1ccc(O)cc1,O=[N+]([O-])c1ccc(O)cc1,0
253.15,O=[N+]([O-])c1ccccc1Oc1ccccc1,O=[N+]([O-])c1ccccc1Oc1ccccc1,0
334.15,O=[N+]([O-])c1ccc(Oc2ccccc2)cc1,O=[N+]([O-])c1ccc(Oc2ccccc2)cc1,0
366.15,CC(=O)Nc1ccccc1[N+](=O)[O-],CC(=O)Nc1ccccc1[N+](=O)[O-],0
427.65,CC(=O)Nc1cccc([N+](=O)[O-])c1,CC(=O)Nc1cccc([N+](=O)[O-])c1,0
489.15,CC(=O)Nc1ccc([N+](=O)[O-])cc1,CC(=O)Nc1ccc([N+](=O)[O-])cc1,0
313.65,CC(=O)Oc1ccccc1[N+](=O)[O-],CC(=O)Oc1ccccc1[N+](=O)[O-],0
355.45,CC(=O)Oc1ccc([N+](=O)[O-])cc1,CC(=O)Oc1ccc([N+](=O)[O-])cc1,0
348.04999999999995,O=[N+]([O-])c1ccccc1Nc1ccccc1,O=[N+]([O-])c1ccccc1Nc1ccccc1,0
407.15,O=[N+]([O-])c1ccc(Nc2ccccc2)cc1,O=[N+]([O-])c1ccc(Nc2ccccc2)cc1,0
583.15,O=[N+]([O-])c1ccc([As](=O)(O)O)cc1,O=[N+]([O-])c1ccc([As](=O)(O)O)cc1,0
473.15,O=[N+]([O-])c1ccc(N=Nc2ccc(O)cc2O)cc1,O=[N+]([O-])c1ccc(N=Nc2ccc(O)cc2O)cc1,0
530.15,O=[N+]([O-])c1ccc(N=Nc2c(O)ccc3ccccc23)cc1,O=[N+]([O-])c1ccc(N=Nc2c(O)ccc3ccccc23)cc1,0
547.65,O=[N+]([O-])c1cccc(B(O)O)c1,O=[N+]([O-])c1cccc(B(O)O)c1,0
301.65,CC(=O)c1ccccc1[N+](=O)[O-],CC(=O)c1ccccc1[N+](=O)[O-],0
354.15,CC(=O)c1cccc([N+](=O)[O-])c1,CC(=O)c1cccc([N+](=O)[O-])c1,0
353.15,CC(=O)c1ccc([N+](=O)[O-])cc1,CC(=O)c1ccc([N+](=O)[O-])cc1,0
378.15,O=C(C[N+](=O)[O-])c1ccccc1,O=C(C[N+](=O)[O-])c1ccccc1,0
431.15,NNc1ccc([N+](=O)[O-])cc1,NNc1ccc([N+](=O)[O-])cc1,0
411.15,O=C(c1ccccc1)c1ccc([N+](=O)[O-])cc1,O=C(c1ccccc1)c1ccc([N+](=O)[O-])cc1,0
437.15,O=C(/C=C/c1ccc([N+](=O)[O-])cc1)c1ccccc1,O=C(/C=C/c1ccc([N+](=O)[O-])cc1)c1ccccc1,0
428.15,O=[N+]([O-])c1ccc(OP(=O)(O)O)cc1,O=[N+]([O-])c1ccc(OP(=O)(O)O)cc1,0
388.15,O=C(O)CCc1ccccc1[N+](=O)[O-],O=C(O)CCc1ccccc1[N+](=O)[O-],0
436.15,O=C(O)CCc1ccc([N+](=O)[O-])cc1,O=C(O)CCc1ccc([N+](=O)[O-])cc1,0
414.65,O=C/C=C/c1ccc([N+](=O)[O-])cc1,O=C/C=C/c1ccc([N+](=O)[O-])cc1,0
329.15,O=[N+]([O-])c1ccc(Sc2ccccc2)cc1,O=[N+]([O-])c1ccc(Sc2ccccc2)cc1,0
511.15,NC(=O)Nc1ccc([N+](=O)[O-])cc1,NC(=O)Nc1ccc([N+](=O)[O-])cc1,0
268.15,O=[N+]([O-])N1CCCCC1,O=[N+]([O-])N1CCCCC1,0
168.84999999999997,CCC[N+](=O)[O-],CCC[N+](=O)[O-],0
181.85,CC(C)[N+](=O)[O-],CC(C)[N+](=O)[O-],0
335.15,O=C(O)CC[N+](=O)[O-],O=C(O)CC[N+](=O)[O-],0
322.15,CCCOc1ccc([N+](=O)[O-])cc1N,CCCOc1ccc([N+](=O)[O-])cc1N,0
375.65,CCCOc1ccc([N+](=O)[O-])cc1NC(C)=O,CCCOc1ccc([N+](=O)[O-])cc1NC(C)=O,0
425.15,O=[N+]([O-])c1ccc2ccc3cccc4ccc1c2c34,O=[N+]([O-])c1ccc2ccc3cccc4ccc1c2c34,0
461.15,Nc1ccc([N+](=O)[O-])cn1,Nc1ccc([N+](=O)[O-])cn1,0
323.15,O=[N+]([O-])c1ccncc1,O=[N+]([O-])c1ccncc1,0
433.65,O=[N+]([O-])c1cc[n+]([O-])cc1,O=[N+]([O-])c1cc[n+]([O-])cc1,0
509.65,Nc1ncc([N+](=O)[O-])cn1,Nc1ncc([N+](=O)[O-])cn1,0
573.15,O=c1[nH]cc([N+](=O)[O-])c(=O)[nH]1,O=c1[nH]cc([N+](=O)[O-])c(=O)[nH]1,0
453.65,O=C1NC(=O)C([N+](=O)[O-])C(=O)N1,O=C1NC(=O)C([N+](=O)[O-])C(=O)N1,0
361.15,O=[N+]([O-])c1cccc2ncccc12,O=[N+]([O-])c1cccc2ncccc12,0
421.15,O=[N+]([O-])c1ccc2ncccc2c1,O=[N+]([O-])c1ccc2ncccc2c1,0
361.15,O=[N+]([O-])c1cccc2cccnc12,O=[N+]([O-])c1cccc2cccnc12,0
427.15,O=[N+]([O-])c1cc[n+]([O-])c2ccccc12,O=[N+]([O-])c1cc[n+]([O-])c2ccccc12,0
453.15,O=[N+]([O-])c1ccc(O)c2ncccc12,O=[N+]([O-])c1ccc(O)c2ncccc12,0
340.95,O=Nc1ccccc1,O=Nc1ccccc1,0
358.85,CN(C)c1ccc(N=O)cc1,CN(C)c1ccc(N=O)cc1,0
339.85,O=NN(c1ccccc1)c1ccccc1,O=NN(c1ccccc1)c1ccccc1,0
336.15,CN(CCCC(=O)c1cccnc1)N=O,CN(CCCC(=O)c1cccnc1)N=O,0
302.15,O=NN1CCOCC1,O=NN1CCOCC1,0
417.85,O=Nc1ccc2ccccc2c1O,O=Nc1ccc2ccccc2c1O,0
379.95,O=Nc1c(O)ccc2ccccc12,O=Nc1c(O)ccc2ccccc12,0
417.15,O=Nc1ccc(O)cc1,O=Nc1ccc(O)cc1,0
416.15,O=Nc1ccc(Nc2ccccc2)cc1,O=Nc1ccc(Nc2ccccc2)cc1,0
475.15,Nc1ncc([N+](=O)[O-])s1,Nc1ncc([N+](=O)[O-])s1,0
537.65,CC(=O)Nc1ncc([N+](=O)[O-])s1,CC(=O)Nc1ncc([N+](=O)[O-])s1,0
345.15,CSc1ccc([N+](=O)[O-])cc1,CSc1ccc([N+](=O)[O-])cc1,0
319.65,O=[N+]([O-])c1cccs1,O=[N+]([O-])c1cccs1,0
269.54999999999995,Cc1ccccc1[N+](=O)[O-],Cc1ccccc1[N+](=O)[O-],0
289.04999999999995,Cc1cccc([N+](=O)[O-])c1,Cc1cccc([N+](=O)[O-])c1,0
324.85,Cc1ccc([N+](=O)[O-])cc1,Cc1ccc([N+](=O)[O-])cc1,0
305.65,O=[N+]([O-])c1ccccc1C(F)(F)F,O=[N+]([O-])c1ccccc1C(F)(F)F,0
270.75,O=[N+]([O-])c1cccc(C(F)(F)F)c1,O=[N+]([O-])c1cccc(C(F)(F)F)c1,0
432.15,NC(=O)N[N+](=O)[O-],NC(=O)N[N+](=O)[O-],0
330.15,O=[N+]([O-])/C=C/c1ccccc1,O=[N+]([O-])/C=C/c1ccccc1,0
497.15,CC1=C[C@H]2O[C@@H]3[C@H](O)[C@@H](O)[C@](C)([C@@]2(CO)[C@H](O)C1=O)[C@]31CO1,CC1=C[C@H]2O[C@@H]3[C@H](O)[C@@H](O)[C@](C)([C@@]2(CO)[C@H](O)C1=O)[C@]31CO1,0
404.15,CNC(=C[N+](=O)[O-])NCCSCc1csc(CN(C)C)n1,CNC(=C[N+](=O)[O-])NCCSCc1csc(CN(C)C)n1,0
455.75,Clc1cc(Cl)c(Cl)c(-c2c(Cl)c(Cl)c(Cl)c(Cl)c2Cl)c1Cl,Clc1cc(Cl)c(Cl)c(-c2c(Cl)c(Cl)c(Cl)c(Cl)c2Cl)c1Cl,0
336.85,CCCCCCCCCCCCCCCCCCCCCCCCCCCCC,CCCCCCCCCCCCCCCCCCCCCCCCCCCCC,0
304.65,CCCCCCCCCCCCCCCCCCC,CCCCCCCCCCCCCCCCCCC,0
341.21,CCCCCCCCCCCCCCCCCCC(=O)O,CCCCCCCCCCCCCCCCCCC(=O)O,0
334.54999999999995,CCCCCCCCCCCCCCCCCCCO,CCCCCCCCCCCCCCCCCCCO,0
328.25,CCCCCCCCCCCCCCCCCC(C)=O,CCCCCCCCCCCCCCCCCC(C)=O,0
329.95,CCCCCCCCCC(=O)CCCCCCCCC,CCCCCCCCCC(=O)CCCCCCCCC,0
296.54999999999995,C=CCCCCCCCCCCCCCCCCC,C=CCCCCCCCCCCCCCCCCC,0
302.65,CCCCCCCCCCCCCCCCCCCc1ccccc1,CCCCCCCCCCCCCCCCCCCc1ccccc1,0
245.85,C#CCCCCCC#C,C#CCCCCCC#C,0
253.85,CCCCCCCCC=O,CCCCCCCCC=O,0
219.68,CCCCCCCCC,CCCCCCCCC,0
379.65,O=C(O)CCCCCCCC(=O)O,O=C(O)CCCCCCCC(=O)O,0
319.54999999999995,OCCCCCCCCCO,OCCCCCCCCCO,0
223.65,CCCCCCCCC#N,CCCCCCCCC#N,0
253.05,CCCCCCCCCS,CCCCCCCCCS,0
285.53,CCCCCCCCC(=O)O,CCCCCCCCC(=O)O,0
268.15,CCCCCCCCCO,CCCCCCCCCO,0
278.75,CCCCC(O)CCCC,CCCCC(O)CCCC,0
265.75,CCCCCCCC(C)=O,CCCCCCCC(C)=O,0
265.15,CCCCCCC(=O)CC,CCCCCCC(=O)CC,0
269.31,CCCCC(=O)CCCC,CCCCC(=O)CCCC,0
212.65,CCCCCCCCC(=O)Cl,CCCCCCCCC(=O)Cl,0
191.91,C=CCCCCCCC,C=CCCCCCCC,0
268.75,CCCCCC=CCC(=O)O,CCCCCC=CCC(=O)O,0
247.15,CCCCCCCCCOC(C)=O,CCCCCCCCCOC(C)=O,0
272.15,CCCCCCCCCN,CCCCCCCCCN,0
249.15,CCCCCCCCCc1ccccc1,CCCCCCCCCc1ccccc1,0
263.15,CCCCCCCCCC1CCCCC1,CCCCCCCCCC1CCCCC1,0
244.15,CCCCCCCCCC1CCCC1,CCCCCCCCCC1CCCC1,0
240.15,CCCCCCCCCOC=O,CCCCCCCCCOC=O,0
281.15,CCCCCCCCCc1cccc2ccccc12,CCCCCCCCCc1cccc2ccccc12,0
315.15,CCCCCCCCCc1ccc(O)cc1,CCCCCCCCCc1ccc(O)cc1,0
223.15,C#CCCCCCCC,C#CCCCCCCC,0
467.15,O=C1NC(=O)C2C3C(C(O)(c4ccccc4)c4ccccn4)=CC(C3=C(c3ccccc3)c3ccccn3)C12,O=C1NC(=O)C2C3C(C(O)(c4ccccc4)c4ccccn4)=CC(C3=C(c3ccccc3)c3ccccn3)C12,0
254.15,C1=CC2C=CC1C2,C1=CC2C=CC1C2,0
439.15,O=C1OC(=O)C2C3C=CC(C3)C12,O=C1OC(=O)C2C3C=CC(C3)C12,0
450.15,C[C@H](CC(=O)O)[C@H]1CC[C@H]2[C@@H]3CC[C@@H]4CCCC[C@]4(C)[C@H]3CC[C@]12C,C[C@H](CC(=O)O)[C@H]1CC[C@H]2[C@@H]3CC[C@@H]4CCCC[C@]4(C)[C@H]3CC[C@]12C,0
489.65,O=C1CN=C(c2ccccc2)c2cc(Cl)ccc2N1,O=C1CN=C(c2ccccc2)c2cc(Cl)ccc2N1,0
458.65,CC(Cc1ccc(O)c(O)c1)C(C)Cc1ccc(O)c(O)c1,CC(Cc1ccc(O)c(O)c1)C(C)Cc1ccc(O)c(O)c1,0
441.85,CN(C)C(=O)N[C@@H]1C[C@@H]2C[C@H]1[C@@H]1CCC[C@H]21,CN(C)C(=O)N[C@@H]1C[C@@H]2C[C@H]1[C@@H]1CCC[C@H]21,0
490.15,NC[C@H](O)c1ccc(O)c(O)c1,NC[C@H](O)c1ccc(O)c(O)c1,0
480.15,C#C[C@]1(O)CC[C@H]2[C@@H]3CCC4=CC(=O)CC[C@@H]4[C@H]3CC[C@@]21C,C#C[C@]1(O)CC[C@H]2[C@@H]3CCC4=CC(=O)CC[C@@H]4[C@H]3CC[C@@]21C,0
443.15,C#C[C@]1(O)CC[C@H]2[C@@H]3CCC4=C(CCC(=O)C4)[C@H]3CC[C@@]21C,C#C[C@]1(O)CC[C@H]2[C@@H]3CCC4=C(CCC(=O)C4)[C@H]3CC[C@@]21C,0
451.15,CNc1cnn(-c2cccc(C(F)(F)F)c2)c(=O)c1Cl,CNc1cnn(-c2cccc(C(F)(F)F)c2)c(=O)c1Cl,0
413.65,O=C(OC1C[C@H]2CC[C@@H](C1)N2)[C@H](CO)c1ccccc1,O=C(OC1C[C@H]2CC[C@@H](C1)N2)[C@H](CO)c1ccccc1,0
600.15,CCCCC(N)C(=O)O,CCCCC(N)C(=O)O,0
574.15,CCCC[C@H](N)C(=O)O,CCCC[C@H](N)C(=O)O,0
546.15,Oc1ccc2c3c1O[C@H]1[C@@H](O)C=C[C@H]4[C@@H](C2)NCC[C@@]341,Oc1ccc2c3c1O[C@H]1[C@@H](O)C=C[C@H]4[C@@H](C2)NCC[C@@]341,0
479.15,C#C[C@]1(O)CC[C@H]2[C@@H]3CCC4=CC(=O)CC[C@@H]4[C@H]3CC[C@@]21CC,C#C[C@]1(O)CC[C@H]2[C@@H]3CCC4=CC(=O)CC[C@@H]4[C@H]3CC[C@@]21CC,0
367.15,C[C@]12CC[C@H]3[C@@H](CCC4=CC(=O)CC[C@@H]43)[C@@H]1CC[C@@H]2OC(=O)CCc1ccccc1,C[C@]12CC[C@H]3[C@@H](CCC4=CC(=O)CC[C@@H]43)[C@@H]1CC[C@@H]2OC(=O)CCc1ccccc1,0
576.15,CCCC(N)C(=O)O,CCCC(N)C(=O)O,0
580.15,CCC[C@H](N)C(=O)O,CCC[C@H](N)C(=O)O,0
449.15,COc1ccc2c(c1OC)C(=O)O[C@@H]2[C@H]1c2c(cc3c(c2OC)OCO3)CCN1C,COc1ccc2c(c1OC)C(=O)O[C@@H]2[C@H]1c2c(cc3c(c2OC)OCO3)CCN1C,0
427.15,CO[C@@H]1[C@@H](OC(N)=O)[C@@H](O)[C@H](Oc2ccc3c(O)c(NC(=O)c4ccc(O)c(CC=C(C)C)c4)c(=O)oc3c2C)OC1(C)C,CO[C@@H]1[C@@H](OC(N)=O)[C@@H](O)[C@H](Oc2ccc3c(O)c(NC(=O)c4ccc(O)c(CC=C(C)C)c4)c(=O)oc3c2C)OC1(C)C,0
399.15,OC(c1ccc(F)cc1)(c1cncnc1)c1ccccc1Cl,OC(c1ccc(F)cc1)(c1cncnc1)c1ccccc1Cl,0
384.15,CC(CCc1ccccc1)NC(C)C(O)c1ccc(O)cc1,CC(CCc1ccccc1)NC(C)C(O)c1ccc(O)cc1,0
442.15,C[C@@H]1Cc2c(Cl)cc(C(=O)N[C@@H](Cc3ccccc3)C(=O)O)c(O)c2C(=O)O1,C[C@@H]1Cc2c(Cl)cc(C(=O)N[C@@H](Cc3ccccc3)C(=O)O)c(O)c2C(=O)O1,0
494.15,C[C@@H]1Cc2ccc(C(=O)N[C@@H](Cc3ccccc3)C(=O)O)c(O)c2C(=O)O1,C[C@@H]1Cc2ccc(C(=O)N[C@@H](Cc3ccccc3)C(=O)O)c(O)c2C(=O)O1,0
320.15,CCN(CC)C(C)CC(=O)Nc1ccccc1,CCN(CC)C(C)CC(=O)Nc1ccccc1,0
433.75,Clc1cc(Cl)c(Cl)c(-c2c(Cl)c(Cl)cc(Cl)c2Cl)c1Cl,Clc1cc(Cl)c(Cl)c(-c2c(Cl)c(Cl)cc(Cl)c2Cl)c1Cl,0
313.15,ClC1=C(Cl)C(Cl)(Cl)C(Cl)(Cl)C1(Cl)Cl,ClC1=C(Cl)C(Cl)(Cl)C(Cl)(Cl)C1(Cl)Cl,0
605.15,Clc1c(Cl)c(Cl)c2c(c1Cl)Oc1c(Cl)c(Cl)c(Cl)c(Cl)c1O2,Clc1c(Cl)c(Cl)c2c(c1Cl)Oc1c(Cl)c(Cl)c(Cl)c(Cl)c1O2,0
470.65,Clc1c(Cl)c(Cl)c2c(Cl)c(Cl)c(Cl)c(Cl)c2c1Cl,Clc1c(Cl)c(Cl)c2c(Cl)c(Cl)c(Cl)c(Cl)c2c1Cl,0
372.15,ClC(Cl)=C(Cl)c1c(Cl)c(Cl)c(Cl)c(Cl)c1Cl,ClC(Cl)=C(Cl)c1c(Cl)c(Cl)c(Cl)c(Cl)c1Cl,0
385.15,CCCCCCCCCCCCCCCCCCCCCCCCCCCCCCCCCCCCCCCCCCCCCCCCCCCCCCCCCCCCCCCCCCCCCCCCCCCCCCCC,CCCCCCCCCCCCCCCCCCCCCCCCCCCCCCCCCCCCCCCCCCCCCCCCCCCCCCCCCCCCCCCCCCCCCCCCCCCCCCCC,0
334.45,CCCCCCCCCCCCCCCCCCCCCCCCCCCC,CCCCCCCCCCCCCCCCCCCCCCCCCCCC,0
364.05,CCCCCCCCCCCCCCCCCCCCCCCCCCCC(=O)O,CCCCCCCCCCCCCCCCCCCCCCCCCCCC(=O)O,0
356.54999999999995,CCCCCCCCCCCCCCCCCCCCCCCCCCCCO,CCCCCCCCCCCCCCCCCCCCCCCCCCCCO,0
301.65,CCCCC/C=C/C/C=C/CCCCCCCC(=O)O,CCCCC/C=C/C/C=C/CCCCCCCC(=O)O,0
388.15,C1CCC2C(C1)CCC1C3CCCCC3CCC21,C1CCC2C(C1)CCC1C3CCCCC3CCC21,0
210.15,C[Si](C)(C)O[Si](C)(C)O[Si](C)(C)O[Si](C)(C)O[Si](C)(C)O[Si](C)(C)O[Si](C)(C)O[Si](C)(C)C,C[Si](C)(C)O[Si](C)(C)O[Si](C)(C)O[Si](C)(C)O[Si](C)(C)O[Si](C)(C)O[Si](C)(C)O[Si](C)(C)C,0
380.15,CCCCCCCCCCCCCCCCCC(N)=O,CCCCCCCCCCCCCCCCCC(N)=O,0
301.32,CCCCCCCCCCCCCCCCCC,CCCCCCCCCCCCCCCCCC,0
315.15,CCCCCCCCCCCCCCCCCC#N,CCCCCCCCCCCCCCCCCC#N,0
303.15,CCCCCCCCCCCCCCCCCCS,CCCCCCCCCCCCCCCCCCS,0
331.15,CCCCCCCCCCCCCCCCCCO,CCCCCCCCCCCCCCCCCCO,0
296.15,CCCCCCCCCCCCCCCCCC(=O)Cl,CCCCCCCCCCCCCCCCCC(=O)Cl,0
322.15,CCCC/C=C/C=C/C=C\CCCCCCCC(=O)O,CCCC/C=C/C=C/C=C\CCCCCCCC(=O)O,0
344.65,CCCC/C=C/C=C/C=C/CCCCCCCC(=O)O,CCCC/C=C/C=C/C=C/CCCCCCCC(=O)O,0
349.04999999999995,CCCCCCCC/C=C\CCCCCCCC(N)=O,CCCCCCCC/C=C\CCCCCCCC(N)=O,0
291.15,C=CCCCCCCCCCCCCCCCC,C=CCCCCCCCCCCCCCCCC,0
272.15,CCCCCCCC/C=C\CCCCCCCC#N,CCCCCCCC/C=C\CCCCCCCC#N,0
303.15,CCCCCCCCCCC/C=C\CCCCC(=O)O,CCCCCCCCCCC/C=C\CCCCC(=O)O,0
316.15,CCCCCC/C=C/CCCCCCCCCC(=O)O,CCCCCC/C=C/CCCCCCCCCC(=O)O,0
273.15,CCCCCCCC/C=C\CCCCCCCCO,CCCCCCCC/C=C\CCCCCCCCO,0
298.15,CCCCCCCC/C=C\CCCCCCCCN,CCCCCCCC/C=C\CCCCCCCCN,0
305.35,CCCCCCCCCCCCCCCCCCOC(C)=O,CCCCCCCCCCCCCCCCCCOC(C)=O,0
325.75,CCCCCCCCCCCCCCCCCCN,CCCCCCCCCCCCCCCCCCN,0
308.15,CCCCCCCCCCCCCCCCCCc1ccccc1,CCCCCCCCCCCCCCCCCCc1ccccc1,0
314.65,CCCCCCCCCCCCCCCCCCC1CCCCC1,CCCCCCCCCCCCCCCCCCC1CCCCC1,0
323.15,CCCCCCCCCCCCCCCCCCOC(=O)CCc1cc(C(C)(C)C)c(O)c(C(C)(C)C)c1,CCCCCCCCCCCCCCCCCCOC(=O)CCc1cc(C(C)(C)C)c(O)c(C(C)(C)C)c1,0
288.65,CCCCCCCCCCCCCCCCCCN=C=O,CCCCCCCCCCCCCCCCCCN=C=O,0
333.15,CCCCCCCCCCCCCCCCCCOC(=O)CCCCCCCCCCCCCCCCC,CCCCCCCCCCCCCCCCCCOC(=O)CCCCCCCCCCCCCCCCC,0
343.65,CCCCCCCCCCCCCCCCCCOCC(O)CO,CCCCCCCCCCCCCCCCCCOCC(O)CO,0
303.15,C=COCCCCCCCCCCCCCCCCCC,C=COCCCCCCCCCCCCCCCCCC,0
345.37,c1c2c(cc3c1CCCC3)CCCC2,c1c2c(cc3c1CCCC3)CCCC2,0
302.15,C1CCCNCCC1,C1CCCNCCC1,0
228.75,C1CCC2CCCC2C1,C1CCC2CCCC2C1,0
306.15,O=C1CCC[C@H]2CCCC[C@H]12,O=C1CCC[C@H]2CCCC[C@H]12,0
289.85,c1cc2c(c3c1CCCC3)CCCC2,c1cc2c(c3c1CCCC3)CCCC2,0
343.15,OC[C@@H]1CCCN2CCCC[C@H]12,OC[C@@H]1CCCN2CCCC[C@H]12,0
367.65,C[Si]1(C)N[Si](C)(C)N[Si](C)(C)N[Si](C)(C)N1,C[Si]1(C)N[Si](C)(C)N[Si](C)(C)N[Si](C)(C)N1,0
290.25,C[Si]1(C)O[Si](C)(C)O[Si](C)(C)O[Si](C)(C)O1,C[Si]1(C)O[Si](C)(C)O[Si](C)(C)O[Si](C)(C)O1,0
193.15,C[Si](C)(C)O[Si](C)(C)O[Si](C)(C)C,C[Si](C)(C)O[Si](C)(C)O[Si](C)(C)C,0
378.15,CCCCCCCC(N)=O,CCCCCCCC(N)=O,0
216.42,CCCCCCCC,CCCCCCCC,0
324.85,NCCCCCCCCN,NCCCCCCCCN,0
269.15,N#CCCCCCCC#N,N#CCCCCCCC#N,0
415.45,O=C(O)CCCCCCC(=O)O,O=C(O)CCCCCCC(=O)O,0
303.35,CCCCCCC(O)CO,CCCCCCC(O)CO,0
332.75,OCCCCCCCCO,OCCCCCCCCO,0
219.65,CCCCCCCC#N,CCCCCCCC#N,0
223.95,CCCCCCCCS,CCCCCCCCS,0
289.66,CCCCCCCC(=O)O,CCCCCCCC(=O)O,0
272.15,CCCCCCCC(=O)OC(=O)CCCCCCC,CCCCCCCC(=O)OC(=O)CCCCCCC,0
258.45,CCCCCCCCO,CCCCCCCCO,0
241.55,CCCCCCC(C)O,CCCCCCC(C)O,0
228.15,CCCCCC(O)CC,CCCCCC(O)CC,0
252.84,CCCCCCC(C)=O,CCCCCCC(C)=O,0
210.15,CCCCCCCC(=O)Cl,CCCCCCCC(=O)Cl,0
473.65,c1ccc([Si]2(c3ccccc3)O[Si](c3ccccc3)(c3ccccc3)O[Si](c3ccccc3)(c3ccccc3)O[Si](c3ccccc3)(c3ccccc3)O2)cc1,c1ccc([Si]2(c3ccccc3)O[Si](c3ccccc3)(c3ccccc3)O[Si](c3ccccc3)(c3ccccc3)O[Si](c3ccccc3)(c3ccccc3)O2)cc1,0
323.15,C=C/C=C/C=C/C=C,C=C/C=C/C=C/C=C,0
171.48999999999998,C=CCCCCCC,C=CCCCCCC,0
171.84999999999997,C/C=C\CCCCC,C/C=C\CCCCC,0
185.15,C/C=C/CCCCC,C/C=C/CCCCC,0
147.14999999999998,CC/C=C\CCCC,CC/C=C\CCCC,0
163.14999999999998,CC/C=C/CCCC,CC/C=C/CCCC,0
154.04999999999998,CCC/C=C\CCC,CCC/C=C\CCC,0
179.34999999999997,CCC/C=C/CCC,CCC/C=C/CCC,0
235.15,CCCCCCCCOC(C)=O,CCCCCCCCOC(C)=O,0
273.15,CCCCCCCCN,CCCCCCCCN,0
293.15,CCCCCCCCc1ccc(N)cc1,CCCCCCCCc1ccc(N)cc1,0
237.15,CCCCCCCCc1ccccc1,CCCCCCCCc1ccccc1,0
217.55,CCCCCCCCOC(=O)CCC,CCCCCCCCOC(=O)CCC,0
252.75,CCCCCCCCC1CCCCC1,CCCCCCCCC1CCCCC1,0
228.65,CCCCCCCCC1CCCC1,CCCCCCCCC1CCCC1,0
311.65,CCCCCCCCC(CCCCCCCC)C(=O)O,CCCCCCCCC(CCCCCCCC)C(=O)O,0
234.05,CCCCCCCCOC=O,CCCCCCCCOC=O,0
255.05,CCCCCCCCOC(=O)CCCCCCC,CCCCCCCCOC(=O)CCCCCCC,0
316.15,CCCCCCCCc1ccc(O)cc1,CCCCCCCCc1ccc(O)cc1,0
281.15,CCCCCCCCOc1ccccc1,CCCCCCCCOc1ccccc1,0
346.15,CCCCCCCCc1ccc(OC(=O)c2ccccc2O)cc1,CCCCCCCCc1ccc(OC(=O)c2ccccc2O)cc1,0
231.55,CCCCCCCCOC(=O)CC,CCCCCCCCOC(=O)CC,0
193.75,C#CCCCCCC,C#CCCCCCC,0
211.65,CC#CCCCCC,CC#CCCCCC,0
169.24999999999997,CCC#CCCCC,CCC#CCCCC,0
170.54999999999998,CCCC#CCCC,CCCC#CCCC,0
255.15,CCCCCC#CCO,CCCCCC#CCO,0
523.15,CO[C@H]1C[C@H](O[C@H]2CC[C@@]3(C)[C@H](CC[C@@H]4[C@@H]3CC[C@]3(C)[C@@H](C5=CC(=O)OC5)[C@@H](OC(C)=O)C[C@]43O)C2)O[C@@H](C)[C@@H]1O,CO[C@H]1C[C@H](O[C@H]2CC[C@@]3(C)[C@H](CC[C@@H]4[C@@H]3CC[C@]3(C)[C@@H](C5=CC(=O)OC5)[C@@H](OC(C)=O)C[C@]43O)C2)O[C@@H](C)[C@@H]1O,0
470.15,CC1(C)CC[C@]2(C)CC[C@]3(C)C(=CC[C@@H]4[C@@]5(C)CC[C@H](O)C(C)(C)[C@@H]5CC[C@]43C)[C@@H]2C1,CC1(C)CC[C@]2(C)CC[C@]3(C)C(=CC[C@@H]4[C@@]5(C)CC[C@H](O)C(C)(C)[C@@H]5CC[C@]43C)[C@@H]2C1,0
583.15,CC1(C)CC[C@]2(C(=O)O)CC[C@]3(C)C(=CC[C@@H]4[C@@]5(C)CC[C@H](O)C(C)(C)[C@@H]5CC[C@]43C)[C@@H]2C1,CC1(C)CC[C@]2(C(=O)O)CC[C@]3(C)C(=CC[C@@H]4[C@@]5(C)CC[C@H](O)C(C)(C)[C@@H]5CC[C@]43C)[C@@H]2C1,0
287.15,CCCCCCCC/C=C\CCCCCCCC(=O)O,CCCCCCCC/C=C\CCCCCCCC(=O)O,0
429.15,COc1ccc2nc(S(=O)Cc3ncc(C)c(OC)c3C)[nH]c2c1,COc1ccc2nc(S(=O)Cc3ncc(C)c(OC)c3C)[nH]c2c1,0
408.15,CNC(=O)CSP(=O)(OC)OC,CNC(=O)CSP(=O)(OC)OC,0
413.15,NCCC[C@H](N)C(=O)O,NCCC[C@H](N)C(=O)O,0
618.65,O=C(O)c1cc(=O)[nH]c(=O)[nH]1,O=C(O)c1cc(=O)[nH]c(=O)[nH]1,0
504.65,COc1c(O)cc2oc(-c3ccccc3)cc(=O)c2c1O,COc1c(O)cc2oc(-c3ccccc3)cc(=O)c2c1O,0
415.45,CCCN(CCC)c1c([N+](=O)[O-])cc(S(N)(=O)=O)cc1[N+](=O)[O-],CCCN(CCC)c1c([N+](=O)[O-])cc(S(N)(=O)=O)cc1[N+](=O)[O-],0
473.15,C[C@@H]1O[C@@H](O[C@H]2C[C@@H](O)[C@]3(CO)[C@H]4[C@H](O)C[C@]5(C)[C@@H](C6=CC(=O)OC6)CC[C@]5(O)[C@@H]4CC[C@]3(O)C2)[C@H](O)[C@H](O)[C@H]1O,C[C@@H]1O[C@@H](O[C@H]2C[C@@H](O)[C@]3(CO)[C@H]4[C@H](O)C[C@]5(C)[C@@H](C6=CC(=O)OC6)CC[C@]5(O)[C@@H]4CC[C@]3(O)C2)[C@H](O)[C@H](O)[C@H]1O,0
238.15,C1CCC2OC2C1,C1CCC2OC2C1,0
361.25,CC(C)Oc1cc(-n2nc(C(C)(C)C)oc2=O)c(Cl)cc1Cl,CC(C)Oc1cc(-n2nc(C(C)(C)C)oc2=O)c(Cl)cc1Cl,0
377.15,COCC(=O)N(c1c(C)cccc1C)N1CCOC1=O,COCC(=O)N(c1c(C)cccc1C)N1CCOC1=O,0
462.65,O=C(O)C(=O)O,O=C(O)C(=O)O,0
434.15,O=C(O)CC(=O)C(=O)O,O=C(O)CC(=O)C(=O)O,0
257.15,O=C(Cl)C(=O)Cl,O=C(Cl)C(=O)Cl,0
517.15,NNC(=O)C(=O)NN,NNC(=O)C(=O)NN,0
482.15,NC(=O)C(=O)O,NC(=O)C(=O)O,0
572.15,NC(=O)C(N)=O,NC(=O)C(N)=O,0
422.15,CC(C)NCC1CCc2cc(CO)c([N+](=O)[O-])cc2N1,CC(C)NCC1CCc2cc(CO)c([N+](=O)[O-])cc2N1,0
373.05,CNC(=O)ON=C(SC)C(=O)N(C)C,CNC(=O)ON=C(SC)C(=O)N(C)C,0
509.15,C[C@]12COC(=O)C[C@@H]1CC[C@@H]1[C@@H]2CC[C@@]2(C)[C@H]1CC[C@]2(C)O,C[C@]12COC(=O)C[C@@H]1CC[C@@H]1[C@@H]2CC[C@@]2(C)[C@H]1CC[C@]2(C)O,0
251.45,C1CSCCO1,C1CSCCO1,0
478.65,O=C1Nc2ccc(Cl)cc2C(c2ccccc2)=NC1O,O=C1Nc2ccc(Cl)cc2C(c2ccccc2)=NC1O,0
272.13,O=C1CCCCCO1,O=C1CCCCCO1,0
176.14999999999998,C1COC1,C1COC1,0
239.867,O=C1CCO1,O=C1CCO1,0
160.69,C1CO1,C1CO1,0
211.15,O=CC1CO1,O=CC1CO1,0
402.15,O=C(/C=N/O)c1ccccc1,O=C(/C=N/O)c1ccccc1,0
338.95,O=C(O)C(=O)c1ccccc1,O=C(O)C(=O)c1ccccc1,0
305.65,N#CC(=O)c1ccccc1,N#CC(=O)c1ccccc1,0
389.65,O=C(O)CCC(=O)c1ccccc1,O=C(O)CCC(=O)c1ccccc1,0
353.65,N#CCC(=O)c1ccccc1,N#CCC(=O)c1ccccc1,0
430.65,O=C(O)C(=O)Cc1ccccc1,O=C(O)C(=O)Cc1ccccc1,0
463.15,O=C(O)c1cc2ccccc2oc1=O,O=C(O)c1cc2ccccc2oc1=O,0
306.15,CCC(=O)C(=O)O,CCC(=O)C(=O)O,0
389.15,O=C(O)CCC(=O)C(=O)O,O=C(O)CCC(=O)C(=O)O,0
313.35,CC(=O)CCCCC(=O)O,CC(=O)CCCCC(=O)O,0
286.65,CC(=O)CCCC(=O)O,CC(=O)CCCC(=O)O,0
484.15,O=C(O)C(=O)Cc1c[nH]c2ccccc12,O=C(O)C(=O)Cc1c[nH]c2ccccc12,0
586.15,CCn1cc(C(=O)O)c(=O)c2cc3c(cc21)OCO3,CCn1cc(C(=O)O)c(=O)c2cc3c(cc21)OCO3,0
252.15,CC(=O)CCC=O,CC(=O)CCC=O,0
411.15,O=C(O)CC(=O)CC(=O)O,O=C(O)CC(=O)CC(=O)O,0
279.65,CCCC(=O)C(=O)O,CCCC(=O)C(=O)O,0
306.15,CC(=O)CCC(=O)O,CC(=O)CCC(=O)O,0
421.65,O=C(O)CCC(=O)Nc1ccccc1,O=C(O)CCC(=O)Nc1ccccc1,0
465.15,O=C(O)/C=C\C(=O)Nc1ccccc1,O=C(O)/C=C\C(=O)Nc1ccccc1,0
418.15,O=[As]c1ccccc1,O=[As]c1ccccc1,0
372.15,O=C(O)/C=C/C(=O)c1ccccc1,O=C(O)/C=C/C(=O)c1ccccc1,0
342.15,CC(=O)/C=N/O,CC(=O)/C=N/O,0
393.15,CCC(=O)O[C@H]1CC[C@H]2[C@@H]3CCC4=CC(=O)CC[C@]4(C)[C@H]3CC[C@]12C,CCC(=O)O[C@H]1CC[C@H]2[C@@H]3CCC4=CC(=O)CC[C@]4(C)[C@H]3CC[C@]12C,0
480.15,O=C(O)c1ccc(=O)oc1,O=C(O)c1ccc(=O)oc1,0
535.15,O=C(O)c1cc(=O)cc(C(=O)O)o1,O=C(O)c1cc(=O)cc(C(=O)O)o1,0
357.15,O=C1[C@@H]2C[C@@H](CN3CCCC[C@H]23)[C@@H]2CCCCN12,O=C1[C@@H]2C[C@@H](CN3CCCC[C@H]23)[C@@H]2CCCCN12,0
401.15,O=S(=O)(Cl)c1ccc(Oc2ccc(S(=O)(=O)Cl)cc2)cc1,O=S(=O)(Cl)c1ccc(Oc2ccc(S(=O)(=O)Cl)cc2)cc1,0
437.15,NNS(=O)(=O)c1ccc(Oc2ccc(S(=O)(=O)NN)cc2)cc1,NNS(=O)(=O)c1ccc(Oc2ccc(S(=O)(=O)NN)cc2)cc1,0
387.15,CCN(CC)CC#CCOC(=O)C(O)(c1ccccc1)C1CCCCC1,CCN(CC)CC#CCOC(=O)C(O)(c1ccccc1)C1CCCCC1,0
403.25,CC1=C(C(=O)Nc2ccccc2)S(=O)(=O)CCO1,CC1=C(C(=O)Nc2ccccc2)S(=O)(=O)CCO1,0
373.15,ClC1=C(Cl)[C@]2(Cl)[C@H]3[C@H]([C@H](Cl)[C@]4(Cl)O[C@H]34)[C@@]1(Cl)C2(Cl)Cl,ClC1=C(Cl)[C@]2(Cl)[C@H]3[C@H]([C@H](Cl)[C@]4(Cl)O[C@H]34)[C@@]1(Cl)C2(Cl)Cl,0
492.15,COc1ccc2c3c1O[C@H]1C(=O)CC[C@@]4(O)[C@@H](C2)N(C)CC[C@]314,COc1ccc2c3c1O[C@H]1C(=O)CC[C@@]4(O)[C@@H](C2)N(C)CC[C@]314,0
253.15,CCS(=O)CCSP(=O)(OC)OC,CCS(=O)CCSP(=O)(OC)OC,0
458.15,c1ccc2c(c1)Oc1ccccc1[As]2O[As]1c2ccccc2Oc2ccccc21,c1ccc2c(c1)Oc1ccccc1[As]2O[As]1c2ccccc2Oc2ccccc21,0
359.75,CCOc1cc(Oc2ccc(C(F)(F)F)cc2Cl)ccc1[N+](=O)[O-],CCOc1cc(Oc2ccc(C(F)(F)F)cc2Cl)ccc1[N+](=O)[O-],0
455.15,Cc1cc(C(C)(C)C)c(O)c(C)c1CC1=NCCN1,Cc1cc(C(C)(C)C)c(O)c(C)c1CC1=NCCN1,0
452.15,C[C@]12C/C(=C/O)C(=O)C[C@@H]1CC[C@@H]1[C@@H]2CC[C@@]2(C)[C@H]1CC[C@]2(C)O,C[C@]12C/C(=C/O)C(=O)C[C@@H]1CC[C@@H]1[C@@H]2CC[C@@]2(C)[C@H]1CC[C@]2(C)O,0
411.15,O=C(NCO)NCO,O=C(NCO)NCO,0
397.15,CCCCC1C(=O)N(c2ccccc2)N(c2ccc(O)cc2)C1=O,CCCCC1C(=O)N(c2ccccc2)N(c2ccc(O)cc2)C1=O,0
457.65,CN(C)[C@@H]1C(=O)C(C(N)=O)=C(O)[C@@]2(O)C(=O)C3=C(O)c4c(O)cccc4[C@@](C)(O)[C@H]3[C@H](O)[C@@H]12,CN(C)[C@@H]1C(=O)C(C(N)=O)=C(O)[C@@]2(O)C(=O)C3=C(O)c4c(O)cccc4[C@@](C)(O)[C@H]3[C@H](O)[C@@H]12,0
439.15,CC(C)(C)[C@H](O)[C@H](Cc1ccc(Cl)cc1)n1cncn1,CC(C)(C)[C@H](O)[C@H](Cc1ccc(Cl)cc1)n1cncn1,0
437.65,CC(C)C1=CC2=C(CC1)[C@@]1(C)CCC[C@@](C)(C(=O)O)[C@@H]1CC2,CC(C)C1=CC2=C(CC1)[C@@]1(C)CCC[C@@](C)(C(=O)O)[C@@H]1CC2,0
588.15,O=C(O)c1cc2ccccc2c(Cc2c(O)c(C(=O)O)cc3ccccc23)c1O,O=C(O)c1cc2ccccc2c(Cc2c(O)c(C(=O)O)cc3ccccc23)c1O,0
496.15,O=C[C@H](O)[C@@H](O)[C@H](O[C@H]1O[C@H](CO[C@H]2O[C@H](CO)[C@@H](O)[C@H](O)[C@H]2O)[C@@H](O)[C@H](O)[C@H]1O)[C@H](O)CO,O=C[C@H](O)[C@@H](O)[C@H](O[C@H]1O[C@H](CO[C@H]2O[C@H](CO)[C@@H](O)[C@H](O)[C@H]2O)[C@@H](O)[C@H](O)[C@H]1O)[C@H](O)CO,0
365.15,CC1(C)COC(=O)[C@@H]1O,CC1(C)COC(=O)[C@@H]1O,0
483.65,COc1ccc(C(=O)c2nccc3cc(OC)c(OC)cc23)cc1OC,COc1ccc(C(=O)c2nccc3cc(OC)c(OC)cc23)cc1OC,0
420.65,COc1ccc(Cc2nccc3cc(OC)c(OC)cc23)cc1OC,COc1ccc(Cc2nccc3cc(OC)c(OC)cc23)cc1OC,0
285.15,CC1OC(C)OC(C)O1,CC1OC(C)OC(C)O1,0
279.25,CCOP(=S)(OCC)Oc1ccc([N+](=O)[O-])cc1,CCOP(=S)(OCC)Oc1ccc([N+](=O)[O-])cc1,0
329.15,C[C@H]1CC[C@@]2(O)C(C)(C)[C@@H]3CC[C@@]2(C)[C@H]1C3,C[C@H]1CC[C@@]2(O)C(C)(C)[C@@H]3CC[C@@]2(C)[C@H]1C3,0
384.65,COc1cc2c(c(O)c1OC)[C@H](C)N(C)CC2,COc1cc2c(c(O)c1OC)[C@H](C)N(C)CC2,0
529.15,NC1=NC(=O)C(c2ccccc2)O1,NC1=NC(=O)C(c2ccccc2)O1,0
327.85,CCC(CC)Nc1c([N+](=O)[O-])cc(C)c(C)c1[N+](=O)[O-],CCC(CC)Nc1c([N+](=O)[O-])cc(C)c(C)c1[N+](=O)[O-],0
468.15,CC(C)(SSC[C@H](N)C(=O)O)[C@@H](N)C(=O)O,CC(C)(SSC[C@H](N)C(=O)O)[C@@H](N)C(=O)O,0
397.15,CC1(C)S[C@@H]2[C@H](NC(=O)COc3ccccc3)C(=O)N2[C@H]1C(=O)O,CC1(C)S[C@@H]2[C@H](NC(=O)COc3ccccc3)C(=O)N2[C@H]1C(=O)O,0
477.15,ClC1C(Br)C(Br)C(Br)C(Br)C1Br,ClC1C(Br)C(Br)C(Br)C(Br)C1Br,0
561.15,Cc1c(Br)c(Br)c(Br)c(Br)c1Br,Cc1c(Br)c(Br)c(Br)c(Br)c1Br,0
502.65,Oc1c(Br)c(Br)c(Br)c(Br)c1Br,Oc1c(Br)c(Br)c(Br)c(Br)c1Br,0
352.65,O=C(C(Br)Br)C(Br)(Br)Br,O=C(C(Br)Br)C(Br)(Br)Br,0
395.15,ClC1=C(Cl)C(Cl)(C2(Cl)C(Cl)=C(Cl)C(Cl)=C2Cl)C(Cl)=C1Cl,ClC1=C(Cl)C(Cl)(C2(Cl)C(Cl)=C(Cl)C(Cl)=C2Cl)C(Cl)=C1Cl,0
544.15,c1ccc2cc3cc4cc5ccccc5cc4cc3cc2c1,c1ccc2cc3cc4cc5ccccc5cc4cc3cc2c1,0
507.05,Nc1c(Cl)c(Cl)c(Cl)c(Cl)c1Cl,Nc1c(Cl)c(Cl)c(Cl)c(Cl)c1Cl,0
381.65,COc1c(Cl)c(Cl)c(Cl)c(Cl)c1Cl,COc1c(Cl)c(Cl)c(Cl)c(Cl)c1Cl,0
357.35,Clc1cc(Cl)c(Cl)c(Cl)c1Cl,Clc1cc(Cl)c(Cl)c(Cl)c1Cl,0
504.65,Sc1c(Cl)c(Cl)c(Cl)c(Cl)c1Cl,Sc1c(Cl)c(Cl)c(Cl)c(Cl)c1Cl,0
397.55,Clc1c(Cl)c(Cl)c(-c2ccccc2)c(Cl)c1Cl,Clc1c(Cl)c(Cl)c(-c2ccccc2)c(Cl)c1Cl,0
350.04999999999995,Clc1ccc(Cl)c(-c2cc(Cl)c(Cl)cc2Cl)c1,Clc1ccc(Cl)c(-c2cc(Cl)c(Cl)cc2Cl)c1,0
468.15,Clc1ccc2c(c1)Oc1c(Cl)c(Cl)c(Cl)c(Cl)c1O2,Clc1ccc2c(c1)Oc1c(Cl)c(Cl)c(Cl)c(Cl)c1O2,0
244.15,ClC(Cl)C(Cl)(Cl)Cl,ClC(Cl)C(Cl)(Cl)Cl,0
374.15,FC(Cl)(Cl)C(Cl)(Cl)Cl,FC(Cl)(Cl)C(Cl)(Cl)Cl,0
417.85,O=[N+]([O-])c1c(Cl)c(Cl)c(Cl)c(Cl)c1Cl,O=[N+]([O-])c1c(Cl)c(Cl)c(Cl)c(Cl)c1Cl,0
462.65,Oc1c(Cl)c(Cl)c(Cl)c(Cl)c1Cl,Oc1c(Cl)c(Cl)c(Cl)c(Cl)c1Cl,0
397.15,Clc1nc(Cl)c(Cl)c(Cl)c1Cl,Clc1nc(Cl)c(Cl)c(Cl)c1Cl,0
497.15,Cc1c(Cl)c(Cl)c(Cl)c(Cl)c1Cl,Cc1c(Cl)c(Cl)c(Cl)c(Cl)c1Cl,0
364.85,CCCCCCCCCCCCCCCCCCCCCCCCCCCCCCCCCCCCCCCCCCCCCCCCCC,CCCCCCCCCCCCCCCCCCCCCCCCCCCCCCCCCCCCCCCCCCCCCCCCCC,0
326.45,CCCCCCCCCCCCCCCCCCCCCCCCC,CCCCCCCCCCCCCCCCCCCCCCCCC,0
327.45,O=C(O)C(F)(F)C(F)(F)C(F)(F)C(F)(F)C(F)(F)C(F)(F)C(F)(F)F,O=C(O)C(F)(F)C(F)(F)C(F)(F)C(F)(F)C(F)(F)C(F)(F)C(F)(F)F,0
320.15,OCC(F)(F)C(F)(F)C(F)(F)C(F)(F)C(F)(F)C(F)(F)C(F)(F)F,OCC(F)(F)C(F)(F)C(F)(F)C(F)(F)C(F)(F)C(F)(F)C(F)(F)F,0
297.15,CCCCCCCCCCCCCCC=O,CCCCCCCCCCCCCCC=O,0
283.1,CCCCCCCCCCCCCCC,CCCCCCCCCCCCCCC,0
325.67,CCCCCCCCCCCCCCC(=O)O,CCCCCCCCCCCCCCC(=O)O,0
316.95,CCCCCCCCCCCCCCCO,CCCCCCCCCCCCCCCO,0
312.15,CCCCCCCCCCCCCC(C)=O,CCCCCCCCCCCCCC(C)=O,0
315.15,CCCCCCCC(=O)CCCCCCC,CCCCCCCC(=O)CCCCCCC,0
269.35,C=CCCCCCCCCCCCCC,C=CCCCCCCCCCCCCC,0
309.65,CCCCCCCCCCCCCCCN,CCCCCCCCCCCCCCCN,0
285.15,CCCCCCCCCCCCCCCc1ccccc1,CCCCCCCCCCCCCCCc1ccccc1,0
332.65,CCCCCCCCCCCCCCCc1cccc(O)c1O,CCCCCCCCCCCCCCCc1cccc(O)c1O,0
298.15,CCCCCCCCCCCCCCCC1CCCCC1,CCCCCCCCCCCCCCCC1CCCCC1,0
323.15,CCCCCCCCCCCCCCCc1cccc(O)c1,CCCCCCCCCCCCCCCc1cccc(O)c1,0
283.15,C#CCCCCCCCCCCCCC,C#CCCCCCCCCCCCCC,0
135.87999999999997,C=C=CCC,C=C=CCC,0
132.33999999999995,C=C/C=C\C,C=C/C=C\C,0
185.65,C=C/C=C/C,C=C/C=C/C,0
124.84999999999997,C=CCC=C,C=CCC=C,0
147.49999999999997,CC=C=CC,CC=C=CC,0
234.65,C#CC#CC,C#CC#CC,0
531.15,OCC(CO)(CO)CO,OCC(CO)(CO)CO,0
356.65,CC(=O)OCC(COC(C)=O)(COC(C)=O)COC(C)=O,CC(=O)OCC(COC(C)=O)(COC(C)=O)COC(C)=O,0
326.65,C=C(C)C(=O)OCC(COC(=O)C(=C)C)(COC(=O)C(=C)C)COC(=O)C(=C)C,C=C(C)C(=O)OCC(COC(=O)C(=C)C)(COC(=O)C(=C)C)COC(=O)C(=C)C,0
414.05,O=[N+]([O-])OCC(CO[N+](=O)[O-])(CO[N+](=O)[O-])CO[N+](=O)[O-],O=[N+]([O-])OCC(CO[N+](=O)[O-])(CO[N+](=O)[O-])CO[N+](=O)[O-],0
253.15,CCc1cc(CC)c(CC)c(CC)c1CC,CCc1cc(CC)c(CC)c(CC)c1CC,0
307.15,Nc1c(F)c(F)c(F)c(F)c1F,Nc1c(F)c(F)c(F)c(F)c1F,0
293.15,O=Cc1c(F)c(F)c(F)c(F)c1F,O=Cc1c(F)c(F)c(F)c(F)c1F,0
225.85,Fc1cc(F)c(F)c(F)c1F,Fc1cc(F)c(F)c(F)c1F,0
249.15,Fc1c(F)c(F)c(S)c(F)c1F,Fc1c(F)c(F)c(S)c(F)c1F,0
376.45,O=C(O)c1c(F)c(F)c(F)c(F)c1F,O=C(O)c1c(F)c(F)c(F)c(F)c1F,0
276.15,N#Cc1c(F)c(F)c(F)c(F)c1F,N#Cc1c(F)c(F)c(F)c(F)c1F,0
172.54999999999998,FC(F)C(F)(F)F,FC(F)C(F)(F)F,0
244.15,Fc1c(F)c(F)c(I)c(F)c1F,Fc1c(F)c(F)c(I)c(F)c1F,0
243.15,COc1c(F)c(F)c(F)c(F)c1F,COc1c(F)c(F)c(F)c(F)c1F,0
305.95,Oc1c(F)c(F)c(F)c(F)c1F,Oc1c(F)c(F)c(F)c(F)c1F,0
243.36,Cc1c(F)c(F)c(F)c(F)c1F,Cc1c(F)c(F)c(F)c(F)c1F,0
503.15,CSCC[C@H](NC(=O)[C@H](Cc1c[nH]c2ccccc12)NC(=O)CCNC(=O)OC(C)(C)C)C(=O)N[C@@H](CC(=O)O)C(=O)N[C@@H](Cc1ccccc1)C(N)=O,CSCC[C@H](NC(=O)[C@H](Cc1c[nH]c2ccccc12)NC(=O)CCNC(=O)OC(C)(C)C)C(=O)N[C@@H](CC(=O)O)C(=O)N[C@@H](Cc1ccccc1)C(N)=O,0
500.15,O=C1c2c(O)cc(O)cc2O[C@H](c2ccc(O)c(O)c2)[C@H]1O,O=C1c2c(O)cc(O)cc2O[C@H](c2ccc(O)c(O)c2)[C@H]1O,0
327.15,Cc1cc(C)c(C)c(C)c1C,Cc1cc(C)c(C)c(C)c1C,0
165.14999999999998,C[Si]1O[Si](C)O[Si](C)O[Si](C)O[Si](C)O1,C[Si]1O[Si](C)O[Si](C)O[Si](C)O[Si](C)O1,0
206.25,CC(CC(C)(C)C)CC(C)(C)C,CC(CC(C)(C)C)CC(C)(C)C,0
236.65,CC(C)C(C)(C)C(C)(C)C,CC(C)C(C)(C)C(C)(C)C,0
234.35,CC(C(C)(C)C)C(C)(C)C,CC(C(C)(C)C)C(C)(C)C,0
401.15,Cc1c(C)c(C)c(O)c(C)c1C,Cc1c(C)c(C)c(O)c(C)c1C,0
191.65,CCCCC=O,CCCCC=O,0
377.15,CCCCC(N)=O,CCCCC(N)=O,0
143.48,CCCCC,CCCCC,0
259.15,O=CCCCC=O,O=CCCCC=O,0
284.95,NCCCCCN,NCCCCCN,0
244.25,N#CCCCC#N,N#CCCCC#N,0
253.15,OCCCCCO,OCCCCCO,0
275.15,CC(=O)OCCCCCOC(C)=O,CC(=O)OCCCCCOC(C)=O,0
254.85,CC(=O)CC(C)=O,CC(=O)CC(C)=O,0
176.95,CCCCC#N,CCCCC#N,0
197.46,CCCCCS,CCCCCS,0
104.14999999999998,CCCC(C)S,CCCC(C)S,0
162.34999999999997,CCC(S)CC,CCC(S)CC,0
239.52,CCCCC(=O)O,CCCCC(=O)O,0
217.05,CCCCC(=O)OC(=O)CCCC,CCCCC(=O)OC(=O)CCCC,0
195.57,CCCCCO,CCCCCO,0
200.15,CCCC(C)O,CCCC(C)O,0
203.25,CCC(O)CC,CCC(O)CC,0
196.32,CCCC(C)=O,CCCC(C)=O,0
234.17,CCC(=O)CC,CCC(=O)CC,0
163.14999999999998,CCCCC(=O)Cl,CCCCC(=O)Cl,0
530.15,c1ccc2cc3c(ccc4cc5ccccc5cc43)cc2c1,c1ccc2cc3c(ccc4cc5ccccc5cc43)cc2c1,0
333.65,C1SSCSSS1,C1SSCSSS1,0
347.54999999999995,CCCCCCCCCCCCCCCCCCCCCCCCCCCCCCCCCCC,CCCCCCCCCCCCCCCCCCCCCCCCCCCCCCCCCCC,0
361.95,CCCCCCCCCCCCCCCCCC(=O)CCCCCCCCCCCCCCCCC,CCCCCCCCCCCCCCCCCC(=O)CCCCCCCCCCCCCCCCC,0
420.15,CC(C)=CCN1CC[C@@]2(C)c3cc(O)ccc3C[C@@H]1[C@@H]2C,CC(C)=CCN1CC[C@@]2(C)c3cc(O)ccc3C[C@@H]1[C@@H]2C,0
108.01999999999998,C=CCCC,C=CCCC,0
121.79999999999998,C/C=C\CC,C/C=C\CC,0
132.95,C/C=C/CC,C/C=C/CC,0
250.65,C=CCCC(=O)O,C=CCCC(=O)O,0
492.15,O=C(O)CN(CCN(CC(=O)O)CC(=O)O)CCN(CC(=O)O)CC(=O)O,O=C(O)CN(CCN(CC(=O)O)CC(=O)O)CCN(CC(=O)O)CC(=O)O,0
495.15,OC[C@H]1O[C@@H](n2cnc3c2NC=NC[C@H]3O)C[C@@H]1O,OC[C@H]1O[C@@H](n2cnc3c2NC=NC[C@H]3O)C[C@@H]1O,0
402.15,O=[N+]([O-])OCCN(c1c([N+](=O)[O-])cc([N+](=O)[O-])cc1[N+](=O)[O-])[N+](=O)[O-],O=[N+]([O-])OCCN(c1c([N+](=O)[O-])cc([N+](=O)[O-])cc1[N+](=O)[O-])[N+](=O)[O-],0
202.25,CCCCCOC(C)=O,CCCCCOC(C)=O,0
222.15,CCCCCN,CCCCCN,0
194.95,CCCCCc1ccccc1,CCCCCc1ccccc1,0
200.49,CCCCCOC(=O)CCC,CCCCCOC(=O)CCC,0
359.15,CCC(C)(C)OC(N)=O,CCC(C)(C)OC(N)=O,0
215.65,CCCCCC1CCCCC1,CCCCCC1CCCCC1,0
190.15,CCCCCC1CCCC1,CCCCCC1CCCC1,0
200.15,CCCCCOC=O,CCCCCOC=O,0
223.85,CCCCCCC(=O)OCCCCC,CCCCCCC(=O)OCCCCC,0
224.15,CCCCCOC(=O)CCCCC,CCCCCOC(=O)CCCCC,0
248.65,CCCCCc1cccc2ccccc12,CCCCCc1cccc2ccccc12,0
246.15,CCCCCCCCC(=O)OCCCCC,CCCCCCCCC(=O)OCCCCC,0
238.45,CCCCCCCC(=O)OCCCCC,CCCCCCCC(=O)OCCCCC,0
194.35,CCCCCOC(=O)CCCC,CCCCCOC(=O)CCCC,0
291.15,CCCCCc1ccc(O)cc1,CCCCCc1ccc(O)cc1,0
200.05,CCCCCOC(=O)CC,CCCCCOC(=O)CC,0
302.35,CCCCCCCCCCCCCCCCCC(=O)OCCCCC,CCCCCCCCCCCCCCCCCC(=O)OCCCCC,0
166.95,C#CCCC,C#CCCC,0
163.84999999999997,CC#CCC,CC#CCC,0
328.15,C#CCCC(=O)O,C#CCCC(=O)O,0
223.45,CCC#CCO,CCC#CCO,0
325.15,CN1CCN(CCCN2c3ccccc3Sc3ccccc32)CC1,CN1CCN(CCCN2c3ccccc3Sc3ccccc32)CC1,0
419.15,Cc1cc(S(=O)(=O)c2ccccc2)ccc1NS(=O)(=O)C(F)(F)F,Cc1cc(S(=O)(=O)c2ccccc2)ccc1NS(=O)(=O)C(F)(F)F,0
147.7,O=C(C(F)(F)F)C(F)(F)F,O=C(C(F)(F)F)C(F)(F)F,0
144.14999999999998,FC(F)(F)C(F)(F)C(F)(F)C(F)(F)F,FC(F)(F)C(F)(F)C(F)(F)C(F)(F)F,0
144.14999999999998,F/C(=C(/F)C(F)(F)F)C(F)(F)F,F/C(=C(/F)C(F)(F)F)C(F)(F)F,0
232.99,FC1(F)C(F)(F)C(F)(F)C1(F)F,FC1(F)C(F)(F)C(F)(F)C1(F)F,0
336.04999999999995,FC1(F)C(F)(F)C(F)(F)C(F)(F)C(F)(F)C1(F)F,FC1(F)C(F)(F)C(F)(F)C(F)(F)C(F)(F)C1(F)F,0
264.95,FC1(F)C(F)(F)C(F)(F)C2(F)C(F)(F)C(F)(F)C(F)(F)C(F)(F)C2(F)C1(F)F,FC1(F)C(F)(F)C(F)(F)C2(F)C(F)(F)C(F)(F)C(F)(F)C(F)(F)C2(F)C1(F)F,0
258.04999999999995,FC(F)(F)C(F)(C(F)(F)F)C(F)(C(F)(F)F)C(F)(F)F,FC(F)(F)C(F)(C(F)(F)F)C(F)(C(F)(F)F)C(F)(F)F,0
221.85,FC(F)(F)C(F)(F)C(F)(F)C(F)(F)C(F)(F)C(F)(F)C(F)(F)F,FC(F)(F)C(F)(F)C(F)(F)C(F)(F)C(F)(F)C(F)(F)C(F)(F)F,0
187.05,FC(F)(F)C(F)(F)C(F)(F)C(F)(F)C(F)(F)C(F)(F)F,FC(F)(F)C(F)(F)C(F)(F)C(F)(F)C(F)(F)C(F)(F)F,0
143.14999999999998,FC(F)=C(C(F)(F)F)C(F)(F)F,FC(F)=C(C(F)(F)F)C(F)(F)F,0
234.15,FC(F)(F)C1(F)C(F)(F)C(F)(F)C(F)(F)C(F)(F)C1(F)F,FC(F)(F)C1(F)C(F)(F)C(F)(F)C(F)(F)C(F)(F)C1(F)F,0
157.74999999999997,FC(F)(F)C(F)(F)C(F)(C(F)(F)F)C(F)(F)C(F)(F)F,FC(F)(F)C(F)(F)C(F)(C(F)(F)F)C(F)(F)C(F)(F)F,0
352.15,Fc1c(F)c(F)c2c(F)c(F)c(F)c(F)c2c1F,Fc1c(F)c(F)c2c(F)c(F)c(F)c(F)c2c1F,0
156.14999999999998,FC1(F)OC(F)(F)C1(F)F,FC1(F)OC(F)(F)C1(F)F,0
263.15,FC(F)(F)C(F)(F)C(F)(F)C(F)(F)C(F)(F)F,FC(F)(F)C(F)(F)C(F)(F)C(F)(F)C(F)(F)F,0
125.45,FC(F)(F)C(F)(F)C(F)(F)F,FC(F)(F)C(F)(F)C(F)(F)F,0
116.64999999999998,FC(F)=C(F)C(F)(F)F,FC(F)=C(F)C(F)(F)F,0
207.67,Fc1c(F)c(F)c(C(F)(F)F)c(F)c1F,Fc1c(F)c(F)c(C(F)(F)F)c(F)c1F,0
496.15,C1=Nc2cccc3cccc(c23)N1,C1=Nc2cccc3cccc(c23)N1,0
307.15,CC1(C)C(C=C(Cl)Cl)C1C(=O)OCc1cccc(Oc2ccccc2)c1,CC1(C)C(C=C(Cl)Cl)C1C(=O)OCc1cccc(Oc2ccccc2)c1,0
272.95,CC(=O)OO,CC(=O)OO,0
370.15,OCCN1CCN(CCCN2c3ccccc3Sc3ccc(Cl)cc32)CC1,OCCN1CCN(CCCN2c3ccccc3Sc3ccc(Cl)cc32)CC1,0
332.85,CCc1ccc(C(c2ccc(CC)cc2)C(Cl)Cl)cc1,CCc1ccc(C(c2ccc(CC)cc2)C(Cl)Cl)cc1,0
549.15,c1cc2cccc3c4cccc5cccc(c(c1)c23)c54,c1cc2cccc3c4cccc5cccc(c(c1)c23)c54,0
358.15,COc1c(C(C)C)oc2cc3oc(=O)ccc3cc12,COc1c(C(C)C)oc2cc3oc(=O)ccc3cc12,0
554.15,C[C@@H]1NC(=O)[C@H](C[C@@](C)(O)CO)NC(=O)[C@@H]2Cc3c([nH]c4ccccc34)SC[C@H](NC(=O)[C@@H]([C@H](C)O)NC1=O)C(=O)N1C[C@@H](O)C[C@H]1C(=O)N[C@@H](C)C(=O)N2,C[C@@H]1NC(=O)[C@H](C[C@@](C)(O)CO)NC(=O)[C@@H]2Cc3c([nH]c4ccccc34)SC[C@H](NC(=O)[C@@H]([C@H](C)O)NC1=O)C(=O)N1C[C@@H](O)C[C@H]1C(=O)N[C@@H](C)C(=O)N2,0
523.15,CC1NC(=O)C(CC(C)(C)O)NC(=O)C2Cc3c([nH]c4ccccc34)SCC(NC(=O)C(C(C)O)NC1=O)C(=O)N1CC(O)CC1C(=O)NC(C)C(=O)N2,CC1NC(=O)C(CC(C)(C)O)NC(=O)C2Cc3c([nH]c4ccccc34)SCC(NC(=O)C(C(C)O)NC1=O)C(=O)N1CC(O)CC1C(=O)NC(C)C(=O)N2,0
511.15,CC1=CCC(C(C)C)C=C1,CC1=CCC(C(C)C)C=C1,0
411.45,Nc1cc2ccccc2c2ccccc12,Nc1cc2ccccc2c2ccccc12,0
372.15,c1ccc2c(c1)ccc1ccccc12,c1ccc2c(c1)ccc1ccccc12,0
481.65,O=C1C(=O)c2ccccc2-c2ccccc21,O=C1C(=O)c2ccccc2-c2ccccc21,0
379.71,c1ccc2c(c1)cnc1ccccc12,c1ccc2c(c1)cnc1ccccc12,0
350.35,c1cnc2c(c1)ccc1ncccc12,c1cnc2c(c1)ccc1ncccc12,0
391.71,c1cnc2c(c1)ccc1cccnc12,c1cnc2c(c1)ccc1cccnc12,0
445.55,c1cnc2ccc3ncccc3c2c1,c1cnc2ccc3ncccc3c2c1,0
447.91,c1ccc2nc3ccccc3nc2c1,c1ccc2nc3ccccc3nc2c1,0
537.15,Nc1cc2nc3ccccc3nc2cc1N,Nc1cc2nc3ccccc3nc2cc1N,0
431.15,Oc1cccc2nc3ccccc3nc12,Oc1cccc2nc3ccccc3nc12,0
412.15,Nc1ccc(N=Nc2ccccc2)c(N)n1,Nc1ccc(N=Nc2ccccc2)c(N)n1,0
321.65,CCN(CC)CCSC(=O)N(c1ccccc1)c1ccccc1,CCN(CC)CCSC(=O)N(c1ccccc1)c1ccccc1,0
503.65,CC1=CC(=O)C(C2=C(O)C(=O)C(C)=CC2=O)=C(O)C1=O,CC1=CC(=O)C(C2=C(O)C(=O)C(C)=CC2=O)=C(O)C1=O,0
364.15,CN1CCC2=C(C1)C(c1ccccc1)c1ccccc12,CN1CCC2=C(C1)C(c1ccccc1)c1ccccc12,0
423.95,COC(=O)Nc1cccc(OC(=O)Nc2cccc(C)c2)c1,COC(=O)Nc1cccc(OC(=O)Nc2cccc(C)c2)c1,0
449.15,CCC1(c2ccccc2)C(=O)NC(=O)NC1=O,CCC1(c2ccccc2)C(=O)NC(=O)NC1=O,0
314.04,Oc1ccccc1,Oc1ccccc1,0
535.15,O=C1OC(c2ccc(O)cc2)(c2ccc(O)cc2)c2ccccc21,O=C1OC(c2ccc(O)cc2)(c2ccc(O)cc2)c2ccccc21,0
503.65,O=C(O)c1ccccc1C(c1ccc(O)cc1)c1ccc(O)cc1,O=C(O)c1ccccc1C(c1ccc(O)cc1)c1ccc(O)cc1,0
474.65,OCc1ccccc1C(c1ccc(O)cc1)c1ccc(O)cc1,OCc1ccccc1C(c1ccc(O)cc1)c1ccc(O)cc1,0
573.15,O=S1(=O)OC(c2ccc(O)cc2)(c2ccc(O)cc2)c2ccccc21,O=S1(=O)OC(c2ccc(O)cc2)(c2ccc(O)cc2)c2ccccc21,0
458.05,c1ccc2c(c1)Nc1ccccc1S2,c1ccc2c(c1)Nc1ccccc1S2,0
429.85,c1ccc2c(c1)Nc1ccccc1O2,c1ccc2c(c1)Nc1ccccc1O2,0
371.65,O=C(O)COc1ccccc1,O=C(O)COc1ccccc1,0
237.15,C#COc1ccccc1,C#COc1ccccc1,0
318.95,Nc1ccccc1Oc1ccccc1,Nc1ccccc1Oc1ccccc1,0
310.15,Nc1cccc(Oc2ccccc2)c1,Nc1cccc(Oc2ccccc2)c1,0
358.65,Nc1ccc(Oc2ccccc2)cc1,Nc1ccc(Oc2ccccc2)cc1,0
287.15,O=Cc1cccc(Oc2ccccc2)c1,O=Cc1cccc(Oc2ccccc2)c1,0
312.15,CC(COc1ccccc1)N(CCCl)Cc1ccccc1,CC(COc1ccccc1)N(CCCl)Cc1ccccc1,0
386.15,O=C(O)c1ccccc1Oc1ccccc1,O=C(O)c1ccccc1Oc1ccccc1,0
418.95,O=C(O)c1cccc(Oc2ccccc2)c1,O=C(O)c1cccc(Oc2ccccc2)c1,0
434.15,O=C(O)c1ccc(Oc2ccccc2)cc1,O=C(O)c1ccc(Oc2ccccc2)cc1,0
285.15,OCCOc1ccccc1,OCCOc1ccccc1,0
357.15,Oc1ccc(Oc2ccccc2)cc1,Oc1ccc(Oc2ccccc2)cc1,0
340.65,OCC(O)COc1ccccc1,OCC(O)COc1ccccc1,0
388.65,CC(Oc1ccccc1)C(=O)O,CC(Oc1ccccc1)C(=O)O,0
456.15,CCC(c1ccccc1)c1c(O)c2ccccc2oc1=O,CCC(c1ccccc1)c1c(O)c2ccccc2oc1=O,0
448.15,Cc1ccc(N(CC2=NCCN2)c2cccc(O)c2)cc1,Cc1ccc(N(CC2=NCCN2)c2cccc(O)c2)cc1,0
329.15,O=C(Cc1ccccc1)c1ccccc1,O=C(Cc1ccccc1)c1ccccc1,0
473.15,CC1=C(C(=O)O)N2C(=O)[C@@H](NC(=O)Cc3ccccc3)[C@H]2SC1,CC1=C(C(=O)O)N2C(=O)[C@@H](NC(=O)Cc3ccccc3)[C@H]2SC1,0
228.05,C#Cc1ccccc1,C#Cc1ccccc1,0
416.15,O=C(O)CNC(=O)Cc1ccccc1,O=C(O)CNC(=O)Cc1ccccc1,0
369.15,CC(=O)Oc1ccccc1C(=O)Oc1ccccc1,CC(=O)Oc1ccccc1C(=O)Oc1ccccc1,0
488.15,NC(=O)NC(=O)Cc1ccccc1,NC(=O)NC(=O)Cc1ccccc1,0
457.15,c1ccc(-c2c3ccccc3nc3ccccc23)cc1,c1ccc(-c2c3ccccc3nc3ccccc23)cc1,0
355.15,NC(=O)[C@@H](N)Cc1ccccc1,NC(=O)[C@@H](N)Cc1ccccc1,0
556.15,N[C@@H](Cc1ccccc1)C(=O)O,N[C@@H](Cc1ccccc1)C(=O)O,0
409.15,CCOC(=O)[C@@H](N)Cc1ccccc1,CCOC(=O)[C@@H](N)Cc1ccccc1,0
535.15,NC(Cc1ccccc1)C(=O)NCC(=O)O,NC(Cc1ccccc1)C(=O)NCC(=O)O,0
429.65,C=CCC1(c2ccccc2)C(=O)NC(=O)NC1=O,C=CCC1(c2ccccc2)C(=O)NC(=O)NC1=O,0
479.15,O=S(=O)(O)c1ccc(Nc2ccccc2)cc1,O=S(=O)(O)c1ccc(Nc2ccccc2)cc1,0
456.65,O=C(O)c1ccccc1Nc1ccccc1,O=C(O)c1ccccc1Nc1ccccc1,0
426.15,Nc1ccc(C(=O)Oc2ccccc2)c(O)c1,Nc1ccc(C(=O)Oc2ccccc2)c(O)c1,0
354.65,Oc1cccc(Nc2ccccc2)c1,Oc1cccc(Nc2ccccc2)c1,0
346.15,Oc1ccc(Nc2ccccc2)cc1,Oc1ccc(Nc2ccccc2)cc1,0
427.15,c1ccc(-c2c3ccccc3cc3ccccc23)cc1,c1ccc(-c2c3ccccc3cc3ccccc23)cc1,0
288.15,I[As](I)c1ccccc1,I[As](I)c1ccccc1,0
443.15,Oc1ccc(N=Nc2ccccc2)c(O)c1,Oc1ccc(N=Nc2ccccc2)c(O)c1,0
357.15,c1ccc(N=Nc2ccc(Nc3ccccc3)cc2)cc1,c1ccc(N=Nc2ccc(Nc3ccccc3)cc2)cc1,0
396.15,Nc1ccc(N=Nc2ccccc2)c2ccccc12,Nc1ccc(N=Nc2ccccc2)c2ccccc12,0
376.15,Nc1ccc2ccccc2c1N=Nc1ccccc1,Nc1ccc2ccccc2c1N=Nc1ccccc1,0
405.15,Oc1ccc2ccccc2c1N=Nc1ccccc1,Oc1ccc2ccccc2c1N=Nc1ccccc1,0
424.65,Oc1ccc(N=Nc2ccccc2)cc1,Oc1ccc(N=Nc2ccccc2)cc1,0
468.15,Oc1ccc2ccccc2c1N=Nc1ccc(N=Nc2ccccc2)cc1,Oc1ccc2ccccc2c1N=Nc1ccc(N=Nc2ccccc2)cc1,0
433.15,O=C(Nc1ccccc1)c1ccccc1,O=C(Nc1ccccc1)c1ccccc1,0
420.41,O=C(O)C(c1ccccc1)c1ccccc1,O=C(O)C(c1ccccc1)c1ccccc1,0
347.45,N#CC(c1ccccc1)c1ccccc1,N#CC(c1ccccc1)c1ccccc1,0
329.65,O=C(Cl)C(c1ccccc1)c1ccccc1,O=C(Cl)C(c1ccccc1)c1ccccc1,0
375.15,S=C(Nc1ccccc1)c1ccccc1,S=C(Nc1ccccc1)c1ccccc1,0
352.65,Nc1ccccc1Nc1ccccc1,Nc1ccccc1Nc1ccccc1,0
348.15,Nc1ccc(Nc2ccccc2)cc1,Nc1ccc(Nc2ccccc2)cc1,0
326.15,OC(Cc1ccccc1)c1ccccc1,OC(Cc1ccccc1)c1ccccc1,0
307.15,NC(c1ccccc1)c1ccccc1,NC(c1ccccc1)c1ccccc1,0
429.15,O=C(O)CC(c1ccccc1)c1ccccc1,O=C(O)CC(c1ccccc1)c1ccccc1,0
566.15,c1ccc(-c2nc3ccccc3[nH]2)cc1,c1ccc(-c2nc3ccccc3[nH]2)cc1,0
336.15,O=C(Oc1ccccc1)c1ccccc1,O=C(Oc1ccccc1)c1ccccc1,0
385.15,O=C(O)c1ccccc1-c1ccccc1,O=C(O)c1ccccc1-c1ccccc1,0
483.15,O=C(O)c1ccc(-c2ccccc2)cc1,O=C(O)c1ccc(-c2ccccc2)cc1,0
369.85,O=c1cc(-c2ccccc2)oc2ccccc12,O=c1cc(-c2ccccc2)oc2ccccc12,0
421.15,O=c1c(-c2ccccc2)coc2ccccc12,O=c1c(-c2ccccc2)coc2ccccc12,0
388.15,c1ccc(-c2nc3ccccc3s2)cc1,c1ccc(-c2nc3ccccc3s2)cc1,0
342.15,c1ccc(CN(Cc2ccccc2)c2ccccc2)cc1,c1ccc(CN(Cc2ccccc2)c2ccccc2)cc1,0
416.15,NC(N)=NC(N)=Nc1ccccc1,NC(N)=NC(N)=Nc1ccccc1,0
370.15,CCCC(=O)Nc1ccccc1,CCCC(=O)Nc1ccccc1,0
440.15,O=C(O)CC(C(=O)O)c1ccccc1,O=C(O)CC(C(=O)O)c1ccccc1,0
333.15,CC(=O)CC(=O)c1ccccc1,CC(=O)CC(=O)c1ccccc1,0
285.15,CCCC(=O)c1ccccc1,CCCC(=O)c1ccccc1,0
260.15,CC(=O)CCc1ccccc1,CC(=O)CCc1ccccc1,0
377.15,CCCCC1C(=O)N(c2ccccc2)N(c2ccccc2)C1=O,CCCCC1C(=O)N(c2ccccc2)N(c2ccccc2)C1=O,0
293.65,C/C=C/C(=O)c1ccccc1,C/C=C/C(=O)c1ccccc1,0
314.15,CC(=O)/C=C/c1ccccc1,CC(=O)/C=C/c1ccccc1,0
277.65,CC(=O)C#Cc1ccccc1,CC(=O)C#Cc1ccccc1,0
317.65,O=C(CCl)Oc1ccccc1,O=C(CCl)Oc1ccccc1,0
350.15,Oc1ccc(-c2ccccc2)cc1Cl,Oc1ccc(-c2ccccc2)cc1Cl,0
387.15,O=C1C=CC(=O)C(c2ccccc2)=C1,O=C1C=CC(=O)C(c2ccccc2)=C1,0
352.15,O=C1CCC(c2ccccc2)CC1,O=C1CCC(c2ccccc2)CC1,0
319.65,c1ccc(C2(N3CCCCC3)CCCCC2)cc1,c1ccc(C2(N3CCCCC3)CCCCC2)cc1,0
250.15,O=C1C=C(c2ccccc2)CC1,O=C1C=C(c2ccccc2)CC1,0
330.15,OCCN(CCO)c1ccccc1,OCCN(CCO)c1ccccc1,0
321.15,c1ccc(C2OCCCO2)cc1,c1ccc(C2OCCCO2)cc1,0
317.15,CCCCCCCCCCCC(=O)c1ccccc1,CCCCCCCCCCCC(=O)c1ccccc1,0
339.15,OCC(O)c1ccccc1,OCC(O)c1ccccc1,0
333.15,CC(=NO)c1ccccc1,CC(=NO)c1ccccc1,0
242.05,CC(=O)OCCc1ccccc1,CC(=O)OCCc1ccccc1,0
299.65,O=C(Cc1ccccc1)OCCc1ccccc1,O=C(Cc1ccccc1)OCCc1ccccc1,0
271.65,c1ccc(CCc2ccccn2)cc1,c1ccc(CCc2ccccn2)cc1,0
319.65,O=CNc1ccccc1,O=CNc1ccccc1,0
429.15,OC[C@H]1O[C@H](Oc2ccccc2)[C@H](O)[C@@H](O)[C@@H]1O,OC[C@H]1O[C@H](Oc2ccccc2)[C@H](O)[C@@H](O)[C@@H]1O,0
400.65,O=C(O)CNc1ccccc1,O=C(O)CNc1ccccc1,0
290.15,CCCCCCC(=O)c1ccccc1,CCCCCCC(=O)c1ccccc1,0
300.15,CCCCCC(=O)c1ccccc1,CCCCCC(=O)c1ccccc1,0
293.15,NNc1ccccc1,NNc1ccccc1,0
445.15,NC(=O)NNc1ccccc1,NC(=O)NNc1ccccc1,0
401.15,NNC(=O)Nc1ccccc1,NNC(=O)Nc1ccccc1,0
352.15,ONc1ccccc1,ONc1ccccc1,0
369.15,O=C(Oc1ccccc1)c1ccc2ccccc2c1O,O=C(Oc1ccccc1)c1ccc2ccccc2c1O,0
286.15,c1ccc(-n2ccnc2)cc1,c1ccc(-n2ccnc2)cc1,0
421.35,c1ccc(-c2ncc[nH]2)cc1,c1ccc(-c2ncc[nH]2)cc1,0
457.65,O=C1NC(=O)C(c2ccccc2)N1,O=C1NC(=O)C(c2ccccc2)N1,0
322.65,Oc1ccccc1C=Nc1ccccc1,Oc1ccccc1C=Nc1ccccc1,0
469.15,Oc1ccc(C=Nc2ccccc2)cc1,Oc1ccc(C=Nc2ccccc2)cc1,0
423.15,O=C1c2ccccc2C(=O)C1c1ccccc1,O=C1c2ccccc2C(=O)C1c1ccccc1,0
461.15,c1ccc(-c2cc3ccccc3[nH]2)cc1,c1ccc(-c2cc3ccccc3[nH]2)cc1,0
434.15,CC(=O)OI(OC(C)=O)c1ccccc1,CC(=O)OI(OC(C)=O)c1ccccc1,0
478.15,O=C1c2ccccc2C(=O)N1c1ccccc1,O=C1c2ccccc2C(=O)N1c1ccccc1,0
240.15,CC(C)Oc1ccccc1,CC(C)Oc1ccccc1,0
252.15,S=C=Nc1ccccc1,S=C=Nc1ccccc1,0
424.15,O=C1CC(c2ccccc2)=NO1,O=C1CC(c2ccccc2)=NO1,0
297.65,CCCCCCCCCCCC(=O)Oc1ccccc1,CCCCCCCCCCCC(=O)Oc1ccccc1,0
524.15,Cl[Hg]c1ccccc1,Cl[Hg]c1ccccc1,0
454.15,O=[N+]([O-])O[Hg]c1ccccc1,O=[N+]([O-])O[Hg]c1ccccc1,0
346.15,O=Cc1ccc(OCc2ccccc2)cc1,O=Cc1ccc(OCc2ccccc2)cc1,0
447.15,NC(N)=NCCC[C@H](NC(=O)OCc1ccccc1)C(=O)O,NC(N)=NCCC[C@H](NC(=O)OCc1ccccc1)C(=O)O,0
390.15,O=C(O)C[C@H](NC(=O)OCc1ccccc1)C(=O)O,O=C(O)C[C@H](NC(=O)OCc1ccccc1)C(=O)O,0
395.15,Oc1ccc(OCc2ccccc2)cc1,Oc1ccc(OCc2ccccc2)cc1,0
329.15,C(=Nc1ccccc1)c1ccccc1,C(=Nc1ccccc1)c1ccccc1,0
447.15,O=C(O)/C(=C\c1ccccc1)c1ccccc1,O=C(O)/C(=C\c1ccccc1)c1ccccc1,0
411.15,O=C(O)/C(=C/c1ccccc1)c1ccccc1,O=C(O)/C(=C/c1ccccc1)c1ccccc1,0
291.15,CCC(C=O)=Cc1ccccc1,CCC(C=O)=Cc1ccccc1,0
353.15,CCCCCC(C=O)=Cc1ccccc1,CCCCCC(C=O)=Cc1ccccc1,0
277.15,CCCCCC/C(C=O)=C\c1ccccc1,CCCCCC/C(C=O)=C\c1ccccc1,0
297.15,CC(C)(O)Cc1ccccc1,CC(C)(O)Cc1ccccc1,0
505.95,c1ccc(CNc2ncnc3nc[nH]c23)cc1,c1ccc(CNc2ncnc3nc[nH]c23)cc1,0
331.45,c1ccc(N2CCOCC2)cc1,c1ccc(N2CCOCC2)cc1,0
334.15,c1ccc(Nc2cccc3ccccc23)cc1,c1ccc(Nc2cccc3ccccc23)cc1,0
381.15,c1ccc(Nc2ccc3ccccc3c2)cc1,c1ccc(Nc2ccc3ccccc3c2)cc1,0
318.15,c1ccc(-c2cccc3ccccc23)cc1,c1ccc(-c2cccc3ccccc23)cc1,0
374.15,c1ccc(-c2ccc3ccccc3c2)cc1,c1ccc(-c2ccc3ccccc3c2)cc1,0
295.95,CCCCCCCC(=O)c1ccccc1,CCCCCCCC(=O)c1ccccc1,0
237.55,c1ccc(C2CO2)cc1,c1ccc(C2CO2)cc1,0
315.65,O=CC=CC=Cc1ccccc1,O=CC=CC=Cc1ccccc1,0
263.75,CCCCC(=O)c1ccccc1,CCCCC(=O)c1ccccc1,0
311.65,CCC(=O)C=Cc1ccccc1,CCC(=O)C=Cc1ccccc1,0
356.95,OP(O)c1ccccc1,OP(O)c1ccccc1,0
431.65,O=P(O)(O)c1ccccc1,O=P(O)(O)c1ccccc1,0
274.15,O=P(Cl)(Cl)c1ccccc1,O=P(Cl)(Cl)c1ccccc1,0
222.15,ClP(Cl)c1ccccc1,ClP(Cl)c1ccccc1,0
277.85,c1ccc(N2CCCCC2)cc1,c1ccc(N2CCCCC2)cc1,0
333.65,c1ccc(C2CCNCC2)cc1,c1ccc(C2CCNCC2)cc1,0
378.65,CCC(=O)Nc1ccccc1,CCC(=O)Nc1ccccc1,0
293.15,CC(=O)C(=O)c1ccccc1,CC(=O)C(=O)c1ccccc1,0
388.15,C/C(=N\O)C(=O)c1ccccc1,C/C(=N\O)C(=O)c1ccccc1,0
292.15,CCC(=O)Oc1ccccc1,CCC(=O)Oc1ccccc1,0
291.75,CCC(=O)c1ccccc1,CCC(=O)c1ccccc1,0
257.85,CC(=O)Cc1ccccc1,CC(=O)Cc1ccccc1,0
268.75,N#C/C=C\c1ccccc1,N#C/C=C\c1ccccc1,0
295.15,N#C/C=C/c1ccccc1,N#C/C=C/c1ccccc1,0
409.15,O=C(/C=C/c1ccccc1)OC(=O)/C=C/c1ccccc1,O=C(/C=C/c1ccccc1)OC(=O)/C=C/c1ccccc1,0
307.15,OC/C=C\c1ccccc1,OC/C=C\c1ccccc1,0
307.95,OC/C=C/c1ccccc1,OC/C=C/c1ccccc1,0
310.65,O=C(Cl)/C=C/c1ccccc1,O=C(Cl)/C=C/c1ccccc1,0
233.15,CC(=O)OCCCc1ccccc1,CC(=O)OCCCc1ccccc1,0
300.65,C[C@H](N)Cc1ccccc1,C[C@H](N)Cc1ccccc1,0
245.15,CCCOc1ccccc1,CCCOc1ccccc1,0
410.15,O=C(O)C#Cc1ccccc1,O=C(O)C#Cc1ccccc1,0
589.15,Nc1nc(N)c2nc(-c3ccccc3)c(N)nc2n1,Nc1nc(N)c2nc(-c3ccccc3)c(N)nc2n1,0
399.15,O=C1CCN(c2ccccc2)N1,O=C1CCN(c2ccccc2)N1,0
437.15,c1ccc(-c2cccnc2)cc1,c1ccc(-c2cccnc2)cc1,0
347.15,c1ccc(-c2ccncc2)cc1,c1ccc(-c2ccncc2)cc1,0
316.45,O=C(c1ccccc1)c1ccccn1,O=C(c1ccccc1)c1ccccn1,0
348.15,O=C(c1ccccc1)c1ccncc1,O=C(c1ccccc1)c1ccncc1,0
334.15,c1ccc(-n2cccc2)cc1,c1ccc(-n2cccc2)cc1,0
403.15,c1ccc(-c2ccc[nH]2)cc1,c1ccc(-c2ccc[nH]2)cc1,0
363.65,O=C1C=CC(=O)N1c1ccccc1,O=C1C=CC(=O)N1c1ccccc1,0
284.15,c1ccc(N2CCCC2)cc1,c1ccc(N2CCCC2)cc1,0
429.15,O=C1CCC(=O)N1c1ccccc1,O=C1CCC(=O)N1c1ccccc1,0
356.15,c1ccc(-c2ccc3ccccc3n2)cc1,c1ccc(-c2ccc3ccccc3n2)cc1,0
487.65,O=C(O)c1cc(-c2ccccc2)nc2ccccc12,O=C(O)c1cc(-c2ccccc2)nc2ccccc12,0
314.97,O=C(Oc1ccccc1)c1ccccc1O,O=C(Oc1ccccc1)c1ccccc1O,0
482.15,c1ccc([Si]23OCCN(CCO2)CCO3)cc1,c1ccc([Si]23OCCN(CCO2)CCO3)cc1,0
325.15,CCCCCCCCCCCCCCCCCC(=O)Oc1ccccc1,CCCCCCCCCCCCCCCCCC(=O)Oc1ccccc1,0
446.15,c1ccc(-c2cc(-c3ccccc3)cc(-c3ccccc3)c2)cc1,c1ccc(-c2cc(-c3ccccc3)cc(-c3ccccc3)c2)cc1,0
436.15,Nc1nc(N)c(-c2ccccc2)s1,Nc1nc(N)c(-c2ccccc2)s1,0
329.65,O=C(c1ccccc1)c1cccs1,O=C(c1ccccc1)c1cccs1,0
348.65,CC(=S)Nc1ccccc1,CC(=S)Nc1ccccc1,0
473.15,NC(=S)NNc1ccccc1,NC(=S)NNc1ccccc1,0
413.15,NNC(=S)Nc1ccccc1,NNC(=S)Nc1ccccc1,0
427.15,NC(=S)Nc1ccccc1,NC(=S)Nc1ccccc1,0
467.65,O=C1CSC(=S)N1c1ccccc1,O=C1CSC(=S)N1c1ccccc1,0
499.65,Nc1nc(N)nc(-c2ccccc2)n1,Nc1nc(N)nc(-c2ccccc2)n1,0
508.65,Nc1ncnc(Nc2ccccc2)n1,Nc1ncnc(Nc2ccccc2)n1,0
478.65,O=c1[nH][nH]c(=O)n1-c1ccccc1,O=c1[nH][nH]c(=O)n1-c1ccccc1,0
384.15,c1ccc(N=NC(c2ccccc2)(c2ccccc2)c2ccccc2)cc1,c1ccc(N=NC(c2ccccc2)(c2ccccc2)c2ccccc2)cc1,0
420.55,NC(=O)Nc1ccccc1,NC(=O)Nc1ccccc1,0
429.15,Oc1cc(O)cc(/C=C/c2ccccc2)c1,Oc1cc(O)cc(/C=C/c2ccccc2)c1,0
559.15,O=C1NC(=O)C(c2ccccc2)(c2ccccc2)N1,O=C1NC(=O)C(c2ccccc2)(c2ccccc2)N1,0
536.15,O=C(CCc1ccc(O)cc1)c1c(O)cc(O)cc1O,O=C(CCc1ccc(O)cc1)c1c(O)cc(O)cc1O,0
258.15,CCOP(=S)(OCC)SCSCC,CCOP(=S)(OCC)SCSCC,0
523.15,CC1=C[C@H]2[C@@]3(O)[C@H](C)[C@@H](O)[C@]4(O)[C@H]([C@@H]3C=C(CO)C[C@]2(O)C1=O)C4(C)C,CC1=C[C@H]2[C@@]3(O)[C@H](C)[C@@H](O)[C@]4(O)[C@H]([C@@H]3C=C(CO)C[C@]2(O)C1=O)C4(C)C,0
298.95,CC(C)=CC(=O)C=C(C)C,CC(C)=CC(=O)C=C(C)C,0
321.85,CCOP(=S)(OCC)SCn1c(=O)oc2cc(Cl)ccc21,CCOP(=S)(OCC)SCn1c(=O)oc2cc(Cl)ccc21,0
309.65,CCOP(=O)(N=C1SCCS1)OCC,CCOP(=O)(N=C1SCCS1)OCC,0
345.15,COP(=S)(OC)SCN1C(=O)c2ccccc2C1=O,COP(=S)(OC)SCN1C(=O)c2ccccc2C1=O,0
228.15,CCN(CC)C(=O)C(Cl)=C(C)OP(=O)(OC)OC,CCN(CC)C(=O)C(Cl)=C(C)OP(=O)(OC)OC,0
450.15,NC(=NCCC[C@H](N)C(=O)O)NP(=O)(O)O,NC(=NCCC[C@H](N)C(=O)O)NP(=O)(O)O,0
515.15,NCCOP(=O)(O)O,NCCOP(=O)(O)O,0
439.15,N[C@@H](COP(=O)(O)O)C(=O)O,N[C@@H](COP(=O)(O)O)C(=O)O,0
364.45,c1ccc2cnncc2c1,c1ccc2cnncc2c1,0
480.15,O=C(O)c1ccccc1C(=O)O,O=C(O)c1ccccc1C(=O)O,0
404.55,O=C1OC(=O)c2ccccc21,O=C1OC(=O)c2ccccc21,0
546.15,O=C(O)c1ccccc1C(=O)Nc1ccc(S(=O)(=O)Nc2nccs2)cc1,O=C(O)c1ccccc1C(=O)Nc1ccc(S(=O)(=O)Nc2nccs2)cc1,0
378.65,CNC(=O)Oc1ccc2c(c1)[C@]1(C)CCN(C)[C@@H]1N2C,CNC(=O)Oc1ccc2c(c1)[C@]1(C)CCN(C)[C@@H]1N2C,0
638.15,c1ccc2c(c1)ccc1c2ccc2c3ccccc3ccc21,c1ccc2c(c1)ccc1c2ccc2c3ccccc3ccc21,0
389.15,CC1=NN(c2ccc([N+](=O)[O-])cc2)C(=O)C1[N+](=O)[O-],CC1=NN(c2ccc([N+](=O)[O-])cc2)C(=O)C1[N+](=O)[O-],0
501.15,COc1cc([C@@H]2c3cc4c(cc3[C@H](O)[C@H]3COC(=O)[C@@H]23)OCO4)cc(OC)c1OC,COc1cc([C@@H]2c3cc4c(cc3[C@H](O)[C@H]3COC(=O)[C@@H]23)OCO4)cc(OC)c1OC,0
307.15,CC[C@@H]1C(=O)OC[C@@H]1Cc1cncn1C,CC[C@@H]1C(=O)OC[C@@H]1Cc1cncn1C,0
452.15,Cn1cncc1C[C@H]1COC(=O)[C@H]1[C@@H](O)c1ccccc1,Cn1cncc1C[C@H]1COC(=O)[C@H]1[C@@H](O)c1ccccc1,0
491.65,C=C[C@@]1(C)C=C2CC[C@@H]3[C@](C)(CCC[C@@]3(C)C(=O)O)[C@H]2CC1,C=C[C@@]1(C)C=C2CC[C@@H]3[C@](C)(CCC[C@@]3(C)C(=O)O)[C@H]2CC1,0
220.15,CC1CCC2CC1C2(C)C,CC1CCC2CC1C2(C)C,0
333.15,CC1(C)[C@H]2CC[C@@](C)(O)[C@@H]1C2,CC1(C)[C@H]2CC[C@@](C)(O)[C@@H]1C2,0
445.15,CC(C)NCC(O)COc1cccc2[nH]ccc12,CC(C)NCC(O)COc1cccc2[nH]ccc12,0
199.15,CC1=CCC2CC1C2(C)C,CC1=CCC2CC1C2(C)C,0
223.15,C=C1CCC2CC1C2(C)C,C=C1CCC2CC1C2(C)C,0
384.15,C1CNCCN1,C1CNCCN1,0
405.15,OCCN1CCN(CCO)CC1,OCCN1CCN(CCO)CC1,0
585.15,O=C1CNC(=O)CN1,O=C1CNC(=O)CN1,0
288.15,NCCCN1CCN(CCCN)CC1,NCCCN1CCN(CCCN)CC1,0
262.1,C1CCNCC1,C1CCNCC1,0
242.35,O=CN1CCCCC1,O=CN1CCCCC1,0
411.65,NC(=O)C1CCNCC1,NC(=O)C1CCNCC1,0
533.15,O=C(O)[C@@H]1CCCCN1,O=C(O)[C@@H]1CCCCN1,0
534.15,O=C(O)C1CCCNC1,O=C(O)C1CCCNC1,0
609.15,O=C(O)C1CCNCC1,O=C(O)C1CCNCC1,0
291.04999999999995,OCCN1CCCCC1,OCCN1CCCCC1,0
342.15,OCCC1CCCCN1,OCCC1CCCCN1,0
405.65,OCCC1CCNCC1,OCCC1CCNCC1,0
298.15,NCC1CCNCC1,NCC1CCNCC1,0
342.15,OCC1CCCCN1,OCC1CCCCN1,0
334.15,OCC1CCCNC1,OCC1CCCNC1,0
266.35,N#CCCN1CCCCC1,N#CCCN1CCCCC1,0
311.83,O=C1CCCCN1,O=C1CCCCN1,0
282.15,c1cncc([C@@H]2CCCCN2)c1,c1cncc([C@@H]2CCCCN2)c1,0
403.15,O=C(/C=C/C=C/c1ccc2c(c1)OCO2)N1CCCCC1,O=C(/C=C/C=C/c1ccc2c(c1)OCO2)N1CCCCC1,0
379.15,O=C(CCBr)N1CCN(C(=O)CCBr)CC1,O=C(CCBr)N1CCN(C(=O)CCBr)CC1,0
363.65,Cc1nc(N(C)C)nc(OC(=O)N(C)C)c1C,Cc1nc(N(C)C)nc(OC(=O)N(C)C)c1C,0
288.15,CCN(CC)c1nc(C)cc(OP(=S)(OC)OC)n1,CCN(CC)c1nc(C)cc(OP(=S)(OC)OC)n1,0
382.85,CC(C)(C)C(=O)C1C(=O)c2ccccc2C1=O,CC(C)(C)C(=O)C1C(=O)c2ccccc2C1=O,0
456.15,COc1cc([C@@H]2c3cc4c(cc3[C@H](O)[C@H]3COC(=O)[C@H]23)OCO4)cc(OC)c1OC,COc1cc([C@@H]2c3cc4c(cc3[C@H](O)[C@H]3COC(=O)[C@H]23)OCO4)cc(OC)c1OC,0
487.15,CN1C(CSCC(F)(F)F)Nc2cc(Cl)c(S(N)(=O)=O)cc2S1(=O)=O,CN1C(CSCC(F)(F)F)Nc2cc(Cl)c(S(N)(=O)=O)cc2S1(=O)=O,0
453.15,O=C(OC[C@H]1O[C@@H](Oc2ccccc2CO)[C@H](O)[C@@H](O)[C@@H]1O)c1ccccc1,O=C(OC[C@H]1O[C@@H](Oc2ccccc2CO)[C@H](O)[C@@H](O)[C@@H]1O)c1ccccc1,0
552.15,COc1cc2nc(N3CCN(C(=O)c4ccco4)CC3)nc(N)c2cc1OC,COc1cc2nc(N3CCN(C(=O)c4ccco4)CC3)nc(N)c2cc1OC,0
508.15,C[C@]12C=CC(=O)C=C1CC[C@@H]1[C@@H]2[C@@H](O)C[C@@]2(C)[C@H]1CC[C@]2(O)C(=O)CO,C[C@]12C=CC(=O)C=C1CC[C@@H]1[C@@H]2[C@@H](O)C[C@@]2(C)[C@H]1CC[C@]2(O)C(=O)CO,0
357.65,CC[C@H]1CC[C@H]2[C@@H]3CC[C@H]4CCCC[C@]4(C)[C@H]3CC[C@]12C,CC[C@H]1CC[C@H]2[C@@H]3CC[C@H]4CCCC[C@]4(C)[C@H]3CC[C@]12C,0
356.65,CC[C@H]1CC[C@H]2[C@@H]3CC[C@@H]4CCCC[C@]4(C)[C@H]3CC[C@]12C,CC[C@H]1CC[C@H]2[C@@H]3CC[C@@H]4CCCC[C@]4(C)[C@H]3CC[C@]12C,0
517.15,C[C@H](O)[C@H]1CC[C@H]2[C@@H]3CC[C@H]4C[C@H](O)CC[C@]4(C)[C@H]3CC[C@]12C,C[C@H](O)[C@H]1CC[C@H]2[C@@H]3CC[C@H]4C[C@H](O)CC[C@]4(C)[C@H]3CC[C@]12C,0
516.65,C[C@H](O)[C@H]1CC[C@H]2[C@@H]3CC[C@@H]4C[C@H](O)CC[C@]4(C)[C@H]3CC[C@]12C,C[C@H](O)[C@H]1CC[C@H]2[C@@H]3CC[C@@H]4C[C@H](O)CC[C@]4(C)[C@H]3CC[C@]12C,0
473.15,CC(=O)[C@H]1CC[C@H]2[C@@H]3CC[C@H]4CC(=O)CC[C@]4(C)[C@H]3CC[C@]12C,CC(=O)[C@H]1CC[C@H]2[C@@H]3CC[C@H]4CC(=O)CC[C@]4(C)[C@H]3CC[C@]12C,0
396.15,CC(=O)[C@H]1CC[C@H]2[C@@H]3CC[C@@H]4CC(=O)CC[C@]4(C)[C@H]3CC[C@]12C,CC(=O)[C@H]1CC[C@H]2[C@@H]3CC[C@@H]4CC(=O)CC[C@]4(C)[C@H]3CC[C@]12C,0
499.15,C[C@]12CC[C@@H](O)C[C@H]1CC[C@@H]1[C@@H]2CC[C@@]2(C)[C@H]1CC[C@]2(O)C(=O)CO,C[C@]12CC[C@@H](O)C[C@H]1CC[C@@H]1[C@@H]2CC[C@@]2(C)[C@H]1CC[C@]2(O)C(=O)CO,0
422.65,CC(=O)[C@H]1CC[C@H]2[C@@H]3CC[C@@H]4C[C@H](O)CC[C@]4(C)[C@H]3CC[C@]12C,CC(=O)[C@H]1CC[C@H]2[C@@H]3CC[C@@H]4C[C@H](O)CC[C@]4(C)[C@H]3CC[C@]12C,0
465.15,CC(=O)[C@H]1CC[C@H]2[C@@H]3CC=C4C[C@@H](O)CC[C@]4(C)[C@H]3CC[C@]12C,CC(=O)[C@H]1CC[C@H]2[C@@H]3CC=C4C[C@@H](O)CC[C@]4(C)[C@H]3CC[C@]12C,0
393.15,OC(CCN1CCCCC1)(c1ccccc1)c1ccccc1,OC(CCN1CCCCC1)(c1ccccc1)c1ccccc1,0
311.15,CCCNC(C)C(=O)Nc1ccccc1C,CCCNC(C)C(=O)Nc1ccccc1C,0
320.15,CCN(CC)CCNC(=O)c1ccc(N)cc1,CCN(CC)CCNC(=O)c1ccc(N)cc1,0
501.15,CN1CCN(CCCN2c3ccccc3Sc3ccc(Cl)cc32)CC1,CN1CCN(CCCN2c3ccccc3Sc3ccc(Cl)cc32)CC1,0
438.35,CC12CC1(C)C(=O)N(c1cc(Cl)cc(Cl)c1)C2=O,CC12CC1(C)C(=O)N(c1cc(Cl)cc(Cl)c1)C2=O,0
397.15,CCCN(CCC)c1c([N+](=O)[O-])cc(C(F)(F)F)c(N)c1[N+](=O)[O-],CCCN(CCC)c1c([N+](=O)[O-])cc(C(F)(F)F)c(N)c1[N+](=O)[O-],0
307.95,CCCN(CC1CC1)c1c([N+](=O)[O-])cc(C(F)(F)F)cc1[N+](=O)[O-],CCCN(CC1CC1)c1c([N+](=O)[O-])cc(C(F)(F)F)cc1[N+](=O)[O-],0
404.15,CC(=O)[C@H]1CC[C@H]2[C@@H]3CCC4=CC(=O)CC[C@]4(C)[C@H]3CC[C@]12C,CC(=O)[C@H]1CC[C@H]2[C@@H]3CCC4=CC(=O)CC[C@]4(C)[C@H]3CC[C@]12C,0
478.15,O=C(O)C1CCCN1,O=C(O)C1CCCN1,0
494.15,O=C(O)[C@@H]1CCCN1,O=C(O)[C@@H]1CCCN1,0
362.45,CNC(=O)Oc1cc(C)cc(C(C)C)c1,CNC(=O)Oc1cc(C)cc(C(C)C)c1,0
333.15,CC(CN1c2ccccc2Sc2ccccc21)N(C)C,CC(CN1c2ccccc2Sc2ccccc21)N(C)C,0
364.55,COc1nc(NC(C)C)nc(NC(C)C)n1,COc1nc(NC(C)C)nc(NC(C)C)n1,0
394.15,CSc1nc(NC(C)C)nc(NC(C)C)n1,CSc1nc(NC(C)C)nc(NC(C)C)n1,0
351.15,CC(C)N(C(=O)CCl)c1ccccc1,CC(C)N(C(=O)CCl)c1ccccc1,0
193.15,CCC=O,CCC=O,0
313.15,CCC=NO,CCC=NO,0
353.04999999999995,CCC(N)=O,CCC(N)=O,0
85.39999999999998,CCC,CCC,0
443.15,NC(=O)CC(N)=O,NC(=O)CC(N)=O,0
262.25,NCCCN,NCCCN,0
194.15,SCCCS,SCCCS,0
327.45,Oc1ccccc1C=NCCCN=Cc1ccccc1O,Oc1ccccc1C=NCCCN=Cc1ccccc1O,0
180.15,CCC#N,CCC#N,0
281.15,CCCS(=O)(=O)O,CCCS(=O)(=O)O,0
160.02999999999997,CCCS,CCCS,0
142.64999999999998,CC(C)S,CC(C)S,0
439.15,O=C(O)CC(CC(=O)O)C(=O)O,O=C(O)CC(CC(=O)O)C(=O)O,0
349.15,O=C(OCC(COC(=O)c1ccccc1)OC(=O)c1ccccc1)c1ccccc1,O=C(OCC(COC(=O)c1ccccc1)OC(=O)c1ccccc1)c1ccccc1,0
213.15,CCCCCC(=O)OCC(COC(=O)CCCCC)OC(=O)CCCCC,CCCCCC(=O)OCC(COC(=O)CCCCC)OC(=O)CCCCC,0
282.75,CCCCCCCC(=O)OCC(COC(=O)CCCCCCC)OC(=O)CCCCCCC,CCCCCCCC(=O)OCC(COC(=O)CCCCCCC)OC(=O)CCCCCCC,0
364.45,CCC(=O)Nc1ccc(Cl)c(Cl)c1,CCC(=O)Nc1ccc(Cl)c(Cl)c1,0
252.65,CCC(=O)O,CCC(=O)O,0
228.15,CCC(=O)OC(=O)CC,CCC(=O)OC(=O)CC,0
148.76,CCCO,CCCO,0
185.24,CC(C)O,CC(C)O,0
334.15,CC(C)=NO,CC(C)=NO,0
315.15,CC(C)=NNc1ccccc1,CC(C)=NNc1ccccc1,0
179.14999999999998,CCC(=O)Cl,CCC(=O)Cl,0
221.35,C#CCO,C#CCO,0
325.15,CCC(CO[N+](=O)[O-])(CO[N+](=O)[O-])CO[N+](=O)[O-],CCC(CO[N+](=O)[O-])(CO[N+](=O)[O-])CO[N+](=O)[O-],0
490.15,CC(C)Nc1nc(Cl)nc(NC(C)C)n1,CC(C)Nc1nc(Cl)nc(NC(C)C)n1,0
87.84999999999997,C=CC,C=CC,0
477.65,C/C(=C\C(=O)O)C(=O)O,C/C(=C\C(=O)O)C(=O)O,0
438.85,C=C(CC(=O)O)C(=O)O,C=C(CC(=O)O)C(=O)O,0
398.15,O=C(O)/C=C(/CC(=O)O)C(=O)O,O=C(O)/C=C(/CC(=O)O)C(=O)O,0
455.75,O=C(O)/C=C(\CC(=O)O)C(=O)O,O=C(O)/C=C(\CC(=O)O)C(=O)O,0
193.15,CC=C=O,CC=C=O,0
211.45,C/C=C\c1ccccc1,C/C=C\c1ccccc1,0
243.55,C/C=C/c1ccccc1,C/C=C/c1ccccc1,0
279.95,C/C=C/c1ccc2c(c1)OCO2,C/C=C/c1ccc2c(c1)OCO2,0
367.15,CC=Cc1ccc(O)cc1,CC=Cc1ccc(O)cc1,0
281.15,C/C=C/C1CCCCN1,C/C=C/C1CCCCN1,0
420.15,CCC(=O)O[C@H](CC(=O)[O-])C[N+](C)(C)C,CCC(=O)O[C@H](CC(=O)[O-])C[N+](C)(C)C,0
291.15,CC(C)c1cccc(C(C)C)c1O,CC(C)c1cccc(C(C)C)c1O,0
363.65,CNC(=O)Oc1ccccc1OC(C)C,CNC(=O)Oc1ccccc1OC(C)C,0
348.65,CCC(=O)O[C@](Cc1ccccc1)(c1ccccc1)[C@H](C)CN(C)C,CCC(=O)O[C@](Cc1ccccc1)(c1ccccc1)[C@H](C)CN(C)C,0
348.65,CCC(=O)O[C@@](Cc1ccccc1)(c1ccccc1)[C@@H](C)CN(C)C,CCC(=O)O[C@@](Cc1ccccc1)(c1ccccc1)[C@@H](C)CN(C)C,0
369.15,CC(C)NCC(O)COc1cccc2ccccc12,CC(C)NCC(O)COc1cccc2ccccc12,0
180.15,CCCOC(C)=O,CCCOC(C)=O,0
188.37,CCCN,CCCN,0
346.25,CCCOC(=O)c1ccc(N)cc1,CCCOC(=O)c1ccc(N)cc1,0
407.65,CCC[As](=O)(O)O,CCC[As](=O)(O)O,0
173.63,CCCc1ccccc1,CCCc1ccccc1,0
289.15,CCC[C@@H](O)c1ccccc1,CCC[C@@H](O)c1ccccc1,0
221.55,CCCOC(=O)c1ccccc1,CCCOC(=O)c1ccccc1,0
177.95,CCCOC(=O)CCC,CCCOC(=O)CCC,0
333.15,CCCOC(N)=O,CCCOC(N)=O,0
178.28999999999996,CCCC1CCCCC1,CCCC1CCCCC1,0
155.80999999999997,CCCC1CCCC1,CCCC1CCCC1,0
235.65,CCCC1(O)CCCC1,CCCC1(O)CCCC1,0
224.35,CC1COC(=O)O1,CC1COC(=O)O1,0
213.15,CC(O)CO,CC(O)CO,0
245.55,OCCCO,OCCCO,0
180.25,CCCOC=O,CCCOC=O,0
199.15,CCCCCC(=O)OCCC,CCCCCC(=O)OCCC,0
370.15,CCCOC(=O)c1ccccc1O,CCCOC(=O)c1ccccc1O,0
369.25,CCCOC(=O)c1ccc(O)cc1,CCCOC(=O)c1ccc(O)cc1,0
459.15,CCCOC(=O)Cn1cc(I)c(=O)c(I)c1,CCCOC(=O)Cn1cc(I)c(=O)c(I)c1,0
264.54999999999995,CCCc1cccc2ccccc12,CCCc1cccc2ccccc12,0
227.15,CCCCCCCC(=O)OCCC,CCCCCCCC(=O)OCCC,0
202.45,CCCCC(=O)OCCC,CCCCC(=O)OCCC,0
280.15,CCCc1ccccc1O,CCCc1ccccc1O,0
295.15,CCCc1ccc(O)cc1,CCCc1ccc(O)cc1,0
272.15,CCC[C@H]1CCCCN1,CCC[C@H]1CCCCN1,0
379.15,CCC[C@H]1CC[C@H](O)CN1,CCC[C@H]1CC[C@H](O)CN1,0
427.15,CCCNC(=O)CC,CCCNC(=O)CC,0
197.25,CCCOC(=O)CC,CCCOC(=O)CC,0
274.15,CCCc1ccccn1,CCCc1ccccn1,0
409.85,CCCc1cc(C(N)=S)ccn1,CCCc1cc(C(N)=S)ccn1,0
228.15,CCCSc1ccccc1,CCCSc1ccccc1,0
253.15,CCCOS(=O)(=O)c1ccc(C)cc1,CCCOS(=O)(=O)c1ccc(C)cc1,0
403.15,CCCOC(=O)c1cc(O)c(O)c(O)c1,CCCOC(=O)c1cc(O)c(O)c(O)c1,0
380.95,CCCNC(N)=O,CCCNC(N)=O,0
170.14999999999998,C#CC,C#CC,0
282.15,C#CC(=O)O,C#CC(=O)O,0
429.65,C#CC(C)(C)NC(=O)c1cc(Cl)cc(Cl)c1,C#CC(C)(C)NC(=O)c1cc(Cl)cc(Cl)c1,0
388.15,CCCCC[C@H](O)/C=C/[C@H]1[C@H](O)CC(=O)[C@@H]1CCCCCCC(=O)O,CCCCC[C@H](O)/C=C/[C@H]1[C@H](O)CC(=O)[C@@H]1CCCCCCC(=O)O,0
340.15,CCCCC[C@H](O)/C=C/[C@H]1[C@H](O)CC(=O)[C@@H]1C/C=C\CCCC(=O)O,CCCCC[C@H](O)/C=C/[C@H]1[C@H](O)CC(=O)[C@@H]1C/C=C\CCCC(=O)O,0
303.15,CCCCC[C@H](O)/C=C/[C@@H]1[C@@H](C/C=C\CCCC(=O)O)[C@@H](O)C[C@H]1O,CCCCC[C@H](O)/C=C/[C@@H]1[C@@H](C/C=C\CCCC(=O)O)[C@@H](O)C[C@H]1O,0
481.15,CN1CCc2cc3c(cc2C(=O)Cc2ccc4c(c2C1)OCO4)OCO3,CN1CCc2cc3c(cc2C(=O)Cc2ccc4c(c2C1)OCO4)OCO3,0
494.15,C[C@H]1CC[C@@H]2N(C1)C[C@@H]1[C@H]([C@@H](O)[C@H](O)[C@]3(O)[C@H]1C[C@@]14O[C@@]5(O)[C@@H]([C@@H](O)[C@@H](O)[C@@H]31)[C@]4(C)CC[C@@H]5O)[C@]2(C)O,C[C@H]1CC[C@@H]2N(C1)C[C@@H]1[C@H]([C@@H](O)[C@H](O)[C@]3(O)[C@H]1C[C@@]14O[C@@]5(O)[C@@H]([C@@H](O)[C@@H](O)[C@@H]31)[C@]4(C)CC[C@@H]5O)[C@]2(C)O,0
512.65,COc1cc(O)c2c(=O)c(-c3ccc(O)cc3)coc2c1,COc1cc(O)c2c(=O)c(-c3ccc(O)cc3)coc2c1,0
487.15,CCN1C[C@]2(COC)[C@H](O)C[C@H](OC)[C@]34C1[C@H]([C@H](OC)[C@H]23)[C@@]1(OC(C)=O)C[C@H](OC)[C@@]2(O)C[C@@H]4[C@@H]1[C@H]2OC(=O)c1ccc(OC)c(OC)c1,CCN1C[C@]2(COC)[C@H](O)C[C@H](OC)[C@]34C1[C@H]([C@H](OC)[C@H]23)[C@@]1(OC(C)=O)C[C@H](OC)[C@@]2(O)C[C@@H]4[C@@H]1[C@H]2OC(=O)c1ccc(OC)c(OC)c1,0
454.65,COc1ccc2c3c1O[C@H]1C=C[C@H](O)[C@H]4[C@@H](C2)N(C)CC[C@@]341,COc1ccc2c3c1O[C@H]1C=C[C@H](O)[C@H]4[C@@H](C2)N(C)CC[C@@]341,0
577.15,CC1=C2C(=O)[C@H]3[C@@H](CC=C4C[C@@H](O[C@@H]5O[C@H](CO)[C@@H](O)[C@H](O)[C@H]5O)CC[C@@]43C)[C@@H]2CC[C@]12O[C@@H]1C[C@H](C)CN[C@H]1[C@H]2C,CC1=C2C(=O)[C@H]3[C@@H](CC=C4C[C@@H](O[C@@H]5O[C@H](CO)[C@@H](O)[C@H](O)[C@H]5O)CC[C@@]43C)[C@@H]2CC[C@]12O[C@@H]1C[C@H](C)CN[C@H]1[C@H]2C,0
555.65,CN1CC[C@]23c4c5cc(-c6cc7c8c(c6O)O[C@H]6[C@@H](O)C=C[C@H]9[C@@H](C7)N(C)CC[C@@]896)c(O)c4O[C@H]2[C@@H](O)C=C[C@H]3[C@H]1C5,CN1CC[C@]23c4c5cc(-c6cc7c8c(c6O)O[C@H]6[C@@H](O)C=C[C@H]9[C@@H](C7)N(C)CC[C@@]896)c(O)c4O[C@H]2[C@@H](O)C=C[C@H]3[C@H]1C5,0
382.15,CN1[C@@H]2CC[C@H]1CC(O)C2,CN1[C@@H]2CC[C@H]1CC(O)C2,0
444.15,O=c1ccc2cc3ccoc3cc2o1,O=c1ccc2cc3ccoc3cc2o1,0
412.65,c1cnc2ncncc2n1,c1cnc2ncncc2n1,0
621.65,O=c1[nH]c(=O)c2nccnc2[nH]1,O=c1[nH]c(=O)c2nccnc2[nH]1,0
489.65,c1ncc2[nH]cnc2n1,c1ncc2[nH]cnc2n1,0
575.15,Nc1nc(N)c2[nH]cnc2n1,Nc1nc(N)c2[nH]cnc2n1,0
406.15,Cn1c2cccc(=O)c-2nc2ccccc21,Cn1c2cccc(=O)c-2nc2ccccc21,0
281.65,O=c1cccco1,O=c1cccco1,0
305.65,O=c1ccocc1,O=c1ccocc1,0
451.15,CN1CCCN=C1/C=C/c1cccs1,CN1CCCN=C1/C=C/c1cccs1,0
322.15,S=c1ccocc1,S=c1ccocc1,0
325.45,c1cnccn1,c1cnccn1,0
463.15,NC(=O)c1cnccn1,NC(=O)c1cnccn1,0
498.15,O=C(O)c1cnccn1,O=C(O)c1cnccn1,0
466.15,O=C(O)c1nccnc1C(=O)O,O=C(O)c1nccnc1C(=O)O,0
333.04999999999995,c1cn[nH]c1,c1cn[nH]c1,0
390.65,Nc1ccc2ccc3cccc4ccc1c2c34,Nc1ccc2ccc3cccc4ccc1c2c34,0
423.77,c1cc2ccc3cccc4ccc(c1)c2c34,c1cc2ccc3cccc4ccc(c1)c2c34,0
300.15,CCCCCCCCSC(=O)Oc1cc(Cl)nnc1-c1ccccc1,CCCCCCCCSC(=O)Oc1cc(Cl)nnc1-c1ccccc1,0
265.15,c1ccnnc1,c1ccnnc1,0
331.35,Nc1ccccn1,Nc1ccccn1,0
337.65,Nc1cccnc1,Nc1cccnc1,0
432.15,Nc1ccncc1,Nc1ccncc1,0
231.52,c1ccncc1,c1ccncc1,0
302.15,N#Cc1ccccn1,N#Cc1ccccn1,0
323.15,N#Cc1cccnc1,N#Cc1cccnc1,0
352.15,N#Cc1ccncc1,N#Cc1ccncc1,0
465.15,NC(=S)c1cccnc1,NC(=S)c1cccnc1,0
471.15,NC(=S)c1ccncc1,NC(=S)c1ccncc1,0
386.25,ON=Cc1ccccn1,ON=Cc1ccccn1,0
381.45,NC(=O)c1ccccn1,NC(=O)c1ccccn1,0
401.95,NC(=O)c1cccnc1,NC(=O)c1cccnc1,0
429.15,NC(=O)c1ccncc1,NC(=O)c1ccncc1,0
409.75,O=C(O)c1ccccn1,O=C(O)c1ccccn1,0
510.15,O=C(O)c1cccnc1,O=C(O)c1cccnc1,0
591.15,O=C(O)c1ccncc1,O=C(O)c1ccncc1,0
527.15,O=C(O)c1ccc[n+]([O-])c1,O=C(O)c1ccc[n+]([O-])c1,0
546.15,O=C(O)c1cc[n+]([O-])cc1,O=C(O)c1cc[n+]([O-])cc1,0
393.95,Nc1cccnc1N,Nc1cccnc1N,0
383.45,Nc1ccc(N)nc1,Nc1ccc(N)nc1,0
395.15,Nc1cccc(N)n1,Nc1cccc(N)n1,0
492.45,Nc1ccncc1N,Nc1ccncc1N,0
501.65,O=C(O)c1cccnc1C(=O)O,O=C(O)c1cccnc1C(=O)O,0
522.15,O=C(O)c1ccnc(C(=O)O)c1,O=C(O)c1ccnc(C(=O)O)c1,0
527.15,O=C(O)c1ccc(C(=O)O)nc1,O=C(O)c1ccc(C(=O)O)nc1,0
525.15,O=C(O)c1cccc(C(=O)O)n1,O=C(O)c1cccc(C(=O)O)n1,0
529.15,O=C(O)c1ccncc1C(=O)O,O=C(O)c1ccncc1C(=O)O,0
597.15,O=C(O)c1cncc(C(=O)O)c1,O=C(O)c1cncc(C(=O)O)c1,0
411.15,O=C1OC(=O)c2ncccc21,O=C1OC(=O)c2ncccc21,0
265.35,OCCc1ccccn1,OCCc1ccccn1,0
252.05,NCc1cccnc1,NCc1cccnc1,0
265.54999999999995,NCc1ccncc1,NCc1ccncc1,0
266.65,OCc1cccnc1,OCc1cccnc1,0
326.15,OCc1ccncc1,OCc1ccncc1,0
340.95,[O-][n+]1ccccc1,[O-][n+]1ccccc1,0
307.15,OCCCc1ccccn1,OCCCc1ccccn1,0
630.15,O=S(=O)(O)c1cccnc1,O=S(=O)(O)c1cccnc1,0
343.65,On1ccccc1=S,On1ccccc1=S,0
403.15,S=c1cccc[nH]1,S=c1cccc[nH]1,0
380.95,O=c1cccc[nH]1,O=c1cccc[nH]1,0
402.15,Oc1cccnc1,Oc1cccnc1,0
421.15,O=c1cc[nH]cc1,O=c1cc[nH]cc1,0
319.75,NNc1ccccn1,NNc1ccccn1,0
356.65,OC(CNc1ccccn1)c1ccccc1,OC(CNc1ccccn1)c1ccccc1,0
286.65,CC(=O)c1cccnc1,CC(=O)c1cccnc1,0
289.15,CC(=O)c1ccncc1,CC(=O)c1ccncc1,0
363.65,c1ccc(Nc2ccccn2)nc1,c1ccc(Nc2ccccn2)nc1,0
414.15,Cc1ncc(COP(=O)(O)O)c(C=O)c1O,Cc1ncc(COP(=O)(O)O)c(C=O)c1O,0
471.15,Cc1ncc(CO)c(CN)c1O,Cc1ncc(CO)c(CN)c1O,0
403.15,Oc1ccc2ccccc2c1N=Nc1ccccn1,Oc1ccc2ccccc2c1N=Nc1ccccn1,0
460.15,Oc1ccc(N=Nc2ccccn2)c(O)c1,Oc1ccc(N=Nc2ccccn2)c(O)c1,0
400.65,Nc1ncccn1,Nc1ncccn1,0
424.65,Nc1ccncn1,Nc1ccncn1,0
295.15,c1cncnc1,c1cncnc1,0
529.15,O=C1NC(=O)C(=O)C(=O)N1,O=C1NC(=O)C(=O)C(=O)N1,0
476.15,O=Nc1c(O)[nH]c(=O)[nH]c1=O,O=Nc1c(O)[nH]c(=O)[nH]c1=O,0
521.15,Nc1cc(N)nc(N)n1,Nc1cc(N)nc(N)n1,0
497.15,O=C(NCc1cccnc1)Nc1ccc([N+](=O)[O-])cc1,O=C(NCc1cccnc1)Nc1ccc([N+](=O)[O-])cc1,0
377.75,Oc1ccccc1O,Oc1ccccc1O,0
435.15,O=C1CC[C@@H](C(=O)O)N1,O=C1CC[C@@H](C(=O)O)N1,0
325.15,Cc1cc(OC(=O)N(C)C)n(-c2ccccc2)n1,Cc1cc(OC(=O)N(C)C)n(-c2ccccc2)n1,0
322.15,Clc1ccc(CC(=CCN2CCCC2)c2ccccc2)cc1,Clc1ccc(CC(=CCN2CCCC2)c2ccccc2)cc1,0
249.76,c1cc[nH]c1,c1cc[nH]c1,0
319.65,O=Cc1ccc[nH]1,O=Cc1ccc[nH]1,0
464.15,O=C(O)c1ccc[nH]1,O=C(O)c1ccc[nH]1,0
434.65,O=C(O)c1cc[nH]c1,O=C(O)c1cc[nH]c1,0
367.15,O=C1C=CC(=O)N1,O=C1C=CC(=O)N1,0
215.36,C1CCNC1,C1CCNC1,0
299.07,O=C1CCCN1,O=C1CCCN1,0
362.95,CC(=O)c1ccc[nH]1,CC(=O)c1ccc[nH]1,0
286.95,CC(=O)C(=O)O,CC(=O)C(=O)O,0
586.95,c1ccc(-c2ccc(-c3ccc(-c4ccccc4)cc3)cc2)cc1,c1ccc(-c2ccc(-c3ccc(-c4ccccc4)cc3)cc2)cc1,0
595.15,O=c1c(O)c(-c2ccc(O)c(O)c2)oc2cc(O)cc(O)c12,O=c1c(O)c(-c2ccc(O)c(O)c2)oc2cc(O)cc(O)c12,0
443.15,C[C@@H]1O[C@@H](Oc2c(-c3ccc(O)c(O)c3)oc3cc(O)cc(O)c3c2=O)[C@H](O)[C@H](O)[C@H]1O,C[C@@H]1O[C@@H](Oc2c(-c3ccc(O)c(O)c3)oc3cc(O)cc(O)c3c2=O)[C@H](O)[C@H](O)[C@H]1O,0
567.15,CC1(C)CC[C@]2(C(=O)O)[C@H](O)C[C@]3(C)C(=CC[C@@H]4[C@@]5(C)CC[C@H](O)[C@@](C)(C=O)[C@@H]5CC[C@]43C)[C@@H]2C1,CC1(C)CC[C@]2(C(=O)O)[C@H](O)C[C@]3(C)C(=CC[C@@H]4[C@@]5(C)CC[C@H](O)[C@@](C)(C=O)[C@@H]5CC[C@]43C)[C@@H]2C1,0
360.15,CCN(CC)CCCC(C)Nc1c2ccc(Cl)cc2nc2ccc(OC)cc12,CCN(CC)CCCC(C)Nc1c2ccc(Cl)cc2nc2ccc(OC)cc12,0
458.65,C=C[C@H]1CN2CC[C@H]1C[C@H]2[C@@]12Nc3ccccc3[C@]1(O)CCO2,C=C[C@H]1CN2CC[C@H]1C[C@H]2[C@@]12Nc3ccccc3[C@]1(O)CCO2,0
320.85,c1ccc2ncncc2c1,c1ccc2ncncc2c1,0
547.15,O=C(O)c1c(Cl)ccc2cc(Cl)cnc12,O=C(O)c1c(Cl)ccc2cc(Cl)cnc12,0
435.65,O=C(O)C1(O)C[C@@H](O)C(O)[C@H](O)C1,O=C(O)C1(O)C[C@@H](O)C(O)[C@H](O)C1,0
447.15,C=C[C@H]1CN2CC[C@H]1C[C@@H]2[C@@H](O)c1ccnc2ccc(OC)cc12,C=C[C@H]1CN2CC[C@H]1C[C@@H]2[C@@H](O)c1ccnc2ccc(OC)cc12,0
330.15,C=C[C@H]1CN2CC[C@H]1C[C@H]2[C@H](O)c1ccnc2ccc(OC)cc12,C=C[C@H]1CN2CC[C@H]1C[C@H]2[C@H](O)c1ccnc2ccc(OC)cc12,0
381.15,C=C[C@H]1CN2CC[C@H]1C[C@H]2C(=O)c1ccnc2ccc(OC)cc12,C=C[C@H]1CN2CC[C@H]1C[C@H]2C(=O)c1ccnc2ccc(OC)cc12,0
402.15,Nc1ccc2ccccc2n1,Nc1ccc2ccccc2n1,0
367.15,Nc1cnc2ccccc2c1,Nc1cnc2ccccc2c1,0
427.95,Nc1ccnc2ccccc12,Nc1ccnc2ccccc12,0
379.15,Nc1cccc2ncccc12,Nc1cccc2ncccc12,0
389.15,Nc1ccc2ncccc2c1,Nc1ccc2ncccc2c1,0
337.15,Nc1cccc2cccnc12,Nc1cccc2cccnc12,0
258.37,c1ccc2ncccc2c1,c1ccc2ncccc2c1,0
324.15,O=Cc1ccnc2ccccc12,O=Cc1ccnc2ccccc12,0
429.15,O=C(O)c1ccc2ccccc2n1,O=C(O)c1ccc2ccccc2n1,0
460.15,O=C(O)c1cccc2cccnc12,O=C(O)c1cccc2cccnc12,0
460.15,S=c1ccc2ccccc2[nH]1,S=c1ccc2ccccc2[nH]1,0
472.65,O=c1ccc2ccccc2[nH]1,O=c1ccc2ccccc2[nH]1,0
474.45,Oc1cnc2ccccc2c1,Oc1cnc2ccccc2c1,0
483.15,O=c1cc[nH]c2ccccc12,O=c1cc[nH]c2ccccc12,0
497.15,Oc1cccc2ncccc12,Oc1cccc2ncccc12,0
468.15,Oc1ccc2ncccc2c1,Oc1ccc2ncccc2c1,0
511.15,Oc1ccc2cccnc2c1,Oc1ccc2cccnc2c1,0
347.15,Oc1cccc2cccnc12,Oc1cccc2cccnc12,0
571.15,C[C@H]1[C@H](C)CC[C@]2(C(=O)O)CC[C@]3(C(=O)O)C(=CC[C@@H]4[C@@]5(C)CC[C@H](O)C(C)(C)[C@@H]5CC[C@]43C)[C@H]12,C[C@H]1[C@H](C)CC[C@]2(C(=O)O)CC[C@]3(C(=O)O)C(=CC[C@@H]4[C@@]5(C)CC[C@H](O)C(C)(C)[C@@H]5CC[C@]43C)[C@H]12,0
409.15,C[C@H]1OC(O)[C@H](O)[C@@H](O)[C@@H]1O,C[C@H]1OC(O)[C@H](O)[C@@H](O)[C@@H]1O,0
305.65,c1ccc2nccnc2c1,c1ccc2nccnc2c1,0
542.55,O=c1cnc2ccccc2[nH]1,O=c1cnc2ccccc2[nH]1,0
366.15,CCOC(=O)C(C)Oc1ccc(Oc2cnc3cc(Cl)ccc3n2)cc1,CCOC(=O)C(C)Oc1ccc(Oc2cnc3cc(Cl)ccc3n2)cc1,0
494.65,C/C=C/c1cc2c(c(=O)o1)C(=O)[C@@H](O)[C@H](C)O2,C/C=C/c1cc2c(c(=O)o1)C(=O)[C@@H](O)[C@H](C)O2,0
353.15,OC[C@H]1O[C@H](OC[C@H]2O[C@H](O[C@]3(CO)O[C@H](CO)[C@@H](O)[C@@H]3O)[C@H](O)[C@@H](O)[C@@H]2O)[C@H](O)[C@@H](O)[C@H]1O,OC[C@H]1O[C@H](OC[C@H]2O[C@H](O[C@]3(CO)O[C@H](CO)[C@@H](O)[C@@H]3O)[C@H](O)[C@@H](O)[C@@H]2O)[C@H](O)[C@@H](O)[C@H]1O,0
342.65,CN/C(=C\[N+](=O)[O-])NCCSCc1ccc(CN(C)C)o1,CN/C(=C\[N+](=O)[O-])NCCSCc1ccc(CN(C)C)o1,0
531.15,COC(=O)C1=CO[C@@H](C)[C@H]2CN3CCc4c([nH]c5ccccc45)[C@@H]3C[C@H]12,COC(=O)C1=CO[C@@H](C)[C@H]2CN3CCc4c([nH]c5ccccc45)[C@@H]3C[C@H]12,0
438.15,COC(=O)[C@@H]1[C@@H](O)[C@H](OC(=O)c2cc(OC)c(OC)c(OC)c2)C[C@@H]2CN3CCc4c([nH]c5ccccc45)[C@H]3C[C@@H]21,COC(=O)[C@@H]1[C@@H](O)[C@H](OC(=O)c2cc(OC)c(OC)c(OC)c2)C[C@@H]2CN3CCc4c([nH]c5ccccc45)[C@H]3C[C@@H]21,0
511.65,COC(=O)[C@H]1[C@H]2C[C@@H]3c4[nH]c5cc(OC)ccc5c4CCN3C[C@H]2C[C@@H](OC(=O)/C=C/c2cc(OC)c(OC)c(OC)c2)[C@@H]1OC,COC(=O)[C@H]1[C@H]2C[C@@H]3c4[nH]c5cc(OC)ccc5c4CCN3C[C@H]2C[C@@H](OC(=O)/C=C/c2cc(OC)c(OC)c(OC)c2)[C@@H]1OC,0
515.15,COc1ccc2c3c([nH]c2c1)[C@H]1C[C@H]2[C@H](C[C@@H](O)[C@H](OC)[C@H]2C(=O)O)CN1CC3,COc1ccc2c3c([nH]c2c1)[C@H]1C[C@H]2[C@H](C[C@@H](O)[C@H](OC)[C@H]2C(=O)O)CN1CC3,0
537.65,COC(=O)[C@H]1[C@H]2C[C@@H]3c4[nH]c5cc(OC)ccc5c4CCN3C[C@H]2C[C@@H](OC(=O)c2cc(OC)c(OC)c(OC)c2)[C@@H]1OC,COC(=O)[C@H]1[C@H]2C[C@@H]3c4[nH]c5cc(OC)ccc5c4CCN3C[C@H]2C[C@@H](OC(=O)c2cc(OC)c(OC)c(OC)c2)[C@@H]1OC,0
330.65,CC(C)=CC1C(C(=O)OCc2coc(Cc3ccccc3)c2)C1(C)C,CC(C)=CC1C(C(=O)OCc2coc(Cc3ccccc3)c2)C1(C)C,0
382.95,Oc1cccc(O)c1,Oc1cccc(O)c1,0
337.15,CC1=C(/C=C/C(C)=C/C=C/C(C)=C/C=O)C(C)(C)CCC1,CC1=C(/C=C/C(C)=C/C=C/C(C)=C/C=O)C(C)(C)CCC1,0
462.15,CC1=C(/C=C/C(C)=C/C=C/C(C)=C\C(=O)O)C(C)(C)CCC1,CC1=C(/C=C/C(C)=C/C=C/C(C)=C\C(=O)O)C(C)(C)CCC1,0
454.65,CC1=C(/C=C/C(C)=C/C=C/C(C)=C/C(=O)O)C(C)(C)CCC1,CC1=C(/C=C/C(C)=C/C=C/C(C)=C/C(=O)O)C(C)(C)CCC1,0
336.65,CC1=C(/C=C/C(C)=C/C=C/C(C)=C/CO)C(C)(C)CCC1,CC1=C(/C=C/C(C)=C/C=C/C(C)=C/CO)C(C)(C)CCC1,0
301.15,CCCCCCCCCCCCCCCC(=O)OC/C=C(C)/C=C/C=C(C)/C=C/C1=C(C)CCCC1(C)C,CCCCCCCCCCCCCCCC(=O)OC/C=C(C)/C=C/C=C(C)/C=C/C1=C(C)CCCC1(C)C,0
394.15,OCC1=CCN2CC[C@@H](O)[C@@H]12,OCC1=CCN2CC[C@@H](O)[C@@H]12,0
485.15,C/C=C1/C[C@@H](C)[C@](O)(CO)C(=O)OCC2=CCN3CC[C@@H](OC1=O)[C@@H]23,C/C=C1/C[C@@H](C)[C@](O)(CO)C(=O)OCC2=CCN3CC[C@@H](OC1=O)[C@@H]23,0
568.15,COc1cc(O)c2c(=O)c(O)c(-c3ccc(O)c(O)c3)oc2c1,COc1cc(O)c2c(=O)c(O)c(-c3ccc(O)c(O)c3)oc2c1,0
530.15,CO[C@H]1O[C@@H]2c3cc4c(cc3CCN(C)[C@@H]2c2ccc3c(c21)OCO3)OCO4,CO[C@H]1O[C@@H]2c3cc4c(cc3CCN(C)[C@@H]2c2ccc3c(c21)OCO3)OCO4,0
594.15,O=C(O)c1cc(O)c2c(c1)C(=O)c1cccc(O)c1C2=O,O=C(O)c1cc(O)c2c(c1)C(=O)c1cccc(O)c1C2=O,0
573.15,Nc1nc2ncc(CN(C=O)c3ccc(C(=O)O)cc3)nc2c(=O)[nH]1,Nc1nc2ncc(CN(C=O)c3ccc(C(=O)O)cc3)nc2c(=O)[nH]1,0
448.15,NC(=O)c1ncn([C@@H]2O[C@H](CO)[C@@H](O)[C@H]2O)n1,NC(=O)c1ncn([C@@H]2O[C@H](CO)[C@@H](O)[C@H]2O)n1,0
369.15,OC[C@@H](O)C(O)[C@@H](O)CO,OC[C@@H](O)C(O)[C@@H](O)CO,0
553.15,Cc1cc2nc3c(=O)[nH]c(=O)nc-3n(C[C@H](O)[C@H](O)[C@H](O)CO)c2cc1C,Cc1cc2nc3c(=O)[nH]c(=O)nc-3n(C[C@H](O)[C@H](O)[C@H](O)CO)c2cc1C,0
361.15,OC1OC[C@@H](O)[C@@H](O)[C@H]1O,OC1OC[C@@H](O)[C@@H](O)[C@H]1O,0
354.15,O=C[C@@H](O)[C@@H](O)[C@@H](O)CO,O=C[C@@H](O)[C@@H](O)[C@@H](O)CO,0
474.65,COc1ccn(C)c(=O)c1C#N,COc1ccn(C)c(=O)c1C#N,0
458.15,CO[C@H]1/C=C/O[C@@]2(C)Oc3c(C)c(O)c4c(O)c(c(/C=N/N5CCN(C)CC5)c(O)c4c3C2=O)NC(=O)/C(C)=C\C=C\[C@H](C)[C@H](O)[C@@H](C)[C@@H](O)[C@@H](C)[C@H](OC(C)=O)[C@@H]1C,CO[C@H]1/C=C/O[C@@]2(C)Oc3c(C)c(O)c4c(O)c(c(/C=N/N5CCN(C)CC5)c(O)c4c3C2=O)NC(=O)/C(C)=C\C=C\[C@H](C)[C@H](O)[C@@H](C)[C@@H](O)[C@@H](C)[C@H](OC(C)=O)[C@@H]1C,0
373.65,CC(C)[C@@](O)(C(=O)OCC1=CCN2CC[C@H](O)[C@@H]12)[C@@H](C)O,CC(C)[C@@](O)(C(=O)OCC1=CCN2CC[C@H](O)[C@@H]12)[C@@H](C)O,0
315.75,COP(=S)(OC)Oc1cc(Cl)c(Cl)cc1Cl,COP(=S)(OC)Oc1cc(Cl)c(Cl)cc1Cl,0
438.15,C=C(C)[C@H]1Cc2c(ccc3c2O[C@@H]2COc4cc(OC)c(OC)cc4[C@@H]2C3=O)O1,C=C(C)[C@H]1Cc2c(ccc3c2O[C@@H]2COc4cc(OC)c(OC)cc4[C@@H]2C3=O)O1,0
515.15,C[C@H]1CC[C@@H]2[C@@H](C)[C@H]3[C@H](C[C@H]4[C@@H]5CC=C6C[C@@H](O)CC[C@]6(C)[C@H]5C[C@H](O)[C@]34C)N2C1,C[C@H]1CC[C@@H]2[C@@H](C)[C@H]3[C@H](C[C@H]4[C@@H]5CC=C6C[C@@H](O)CC[C@]6(C)[C@H]5C[C@H](O)[C@]34C)N2C1,0
442.15,CCCCCC[C@@H](O)[C@@H]1C2=C(C[C@H]([C@H](O)[C@@H]3CC=CC(=O)O3)CC3=C(C(=O)OC3=O)[C@@H]1O)C(=O)OC2=O,CCCCCC[C@@H](O)[C@@H]1C2=C(C[C@H]([C@H](O)[C@@H]3CC=CC(=O)O3)CC3=C(C(=O)OC3=O)[C@@H]1O)C(=O)OC2=O,0
532.65,O=c1c2ccccc2nc2n1CCc1c-2[nH]c2ccccc12,O=c1c2ccccc2nc2n1CCc1c-2[nH]c2ccccc12,0
463.15,C[C@@H]1O[C@@H](OC[C@@H](O)[C@@H](O)[C@H](O)[C@@H](O)C=O)[C@H](O)[C@H](O)[C@H]1O,C[C@@H]1O[C@@H](OC[C@@H](O)[C@@H](O)[C@H](O)[C@@H](O)C=O)[C@H](O)[C@H](O)[C@H]1O,0
531.15,CC(=O)O[C@H]1CC[C@@]2(C)[C@H](CC[C@@H]3[C@@H]2C[C@@]2(O)[C@@H]4CN5C[C@@H](C)CC[C@H]5[C@@](C)(O)[C@@]4(O)[C@@H](O)C[C@@]32O)[C@@H]1O,CC(=O)O[C@H]1CC[C@@]2(C)[C@H](CC[C@@H]3[C@@H]2C[C@@]2(O)[C@@H]4CN5C[C@@H](C)CC[C@H]5[C@@](C)(O)[C@@]4(O)[C@@H](O)C[C@@]32O)[C@@H]1O,0
500.15,O=C1NS(=O)(=O)c2ccccc21,O=C1NS(=O)(=O)c2ccccc21,0
284.35,C=CCc1ccc2c(c1)OCO2,C=CCc1ccc2c(c1)OCO2,0
266.15,O=Cc1ccccc1O,O=Cc1ccccc1O,0
330.15,O/N=C/c1ccccc1O,O/N=C/c1ccccc1O,0
494.65,COc1cc2c(cc1O)CCN[C@H]2C,COc1cc2c(cc1O)CCN[C@H]2C,0
539.15,C[n+]1cc2c3c(ccc2c2ccc4cc5c(cc4c21)OCO5)OCO3,C[n+]1cc2c3c(ccc2c2ccc4cc5c(cc4c21)OCO5)OCO3,0
444.15,C[C@@H]1C(=O)C[C@H]2[C@]3(C)CC[C@@]2([C@H](C)C(=O)O)C(=O)[C@H]13,C[C@@H]1C(=O)C[C@H]2[C@]3(C)CC[C@@]2([C@H](C)C(=O)O)C(=O)[C@H]13,0
448.15,CC1=C2[C@H]3OC(=O)[C@@H](C)[C@@H]3CC[C@@]2(C)C=CC1=O,CC1=C2[C@H]3OC(=O)[C@@H](C)[C@@H]3CC[C@@]2(C)C=CC1=O,0
485.15,CNCC(=O)O,CNCC(=O)O,0
553.15,C[C@]12CC[C@H](O)C[C@H]1CC[C@@H]1[C@@H]2[C@H](O)C[C@]2(C)[C@@H](C3=CC(=O)OC3)CC[C@]12O,C[C@]12CC[C@H](O)C[C@H]1CC[C@@H]1[C@@H]2[C@H](O)C[C@]2(C)[C@@H](C3=CC(=O)OC3)CC[C@]12O,0
578.65,C/C=C1/CN2[C@H]3C[C@@H]1[C@@H](C=O)[C@@H]2Cc1c3[nH]c2ccccc12,C/C=C1/CN2[C@H]3C[C@@H]1[C@@H](C=O)[C@@H]2Cc1c3[nH]c2ccccc12,0
593.15,C/C=C1/CN2[C@H]3C[C@@H]1[C@@H](CO)[C@@H]2Cc1c3[nH]c2ccc(O)cc12,C/C=C1/CN2[C@H]3C[C@@H]1[C@@H](CO)[C@@H]2Cc1c3[nH]c2ccc(O)cc12,0
458.15,Cc1ccccc1N=Nc1ccc(N=Nc2c(O)ccc3ccccc23)c(C)c1,Cc1ccccc1N=Nc1ccc(N=Nc2c(O)ccc3ccccc23)c(C)c1,0
290.15,CN(C)P(=O)(OP(=O)(N(C)C)N(C)C)N(C)C,CN(C)P(=O)(OP(=O)(N(C)C)N(C)C)N(C)C,0
442.15,CC(=O)O[C@@H]1C[C@]2(O)[C@H](CC[C@]3(C)[C@@H](c4ccc(=O)oc4)CC[C@@]32O)[C@@]2(C)CC[C@H](O[C@@H]3O[C@H](CO)[C@@H](O)[C@H](O)[C@H]3O)C=C12,CC(=O)O[C@@H]1C[C@]2(O)[C@H](CC[C@]3(C)[C@@H](c4ccc(=O)oc4)CC[C@@]32O)[C@@]2(C)CC[C@H](O[C@@H]3O[C@H](CO)[C@@H](O)[C@H](O)[C@H]3O)C=C12,0
381.65,CN1[C@@H]2C[C@@H]3C[C@H]1[C@H](O)[C@H]2O3,CN1[C@@H]2C[C@@H]3C[C@H]1[C@H](O)[C@H]2O3,0
404.15,O=C(O)CCCCCCCCC(=O)O,O=C(O)CCCCCCCCC(=O)O,0
538.15,C[Se]CCC(N)C(=O)O,C[Se]CCC(N)C(=O)O,0
505.15,C/C=C1/C[C@@H](C)[C@@](C)(O)C(=O)OCC2=CCN3CC[C@@H](OC1=O)[C@@H]23,C/C=C1/C[C@@H](C)[C@@](C)(O)C(=O)OCC2=CCN3CC[C@@H](OC1=O)[C@@H]23,0
490.15,C=C1C/C(=C/C)C(=O)O[C@@H]2CCN3CC=C(COC(=O)[C@]1(C)O)[C@H]23,C=C1C/C(=C/C)C(=O)O[C@@H]2CCN3CC=C(COC(=O)[C@]1(C)O)[C@H]23,0
470.15,C/C=C1/C[C@@H](C)[C@@](C)(O)C(=O)OC/C2=C/CN(C)CC[C@@H](OC1=O)C2=O,C/C=C1/C[C@@H](C)[C@@](C)(O)C(=O)OC/C2=C/CN(C)CC[C@@H](OC1=O)C2=O,0
519.15,NC(CO)C(=O)O,NC(CO)C(=O)O,0
502.15,N[C@H](CO)C(=O)O,N[C@H](CO)C(=O)O,0
501.15,N[C@@H](CO)C(=O)O,N[C@@H](CO)C(=O)O,0
448.15,COC(=O)C1=CO[C@@H](C)[C@H]2C[n+]3ccc4c([nH]c5ccccc54)c3C[C@H]12,COC(=O)C1=CO[C@@H](C)[C@H]2C[n+]3ccc4c([nH]c5ccccc54)c3C[C@H]12,0
339.15,O=C(OCCOc1ccc(Cl)cc1Cl)c1ccccc1,O=C(OCCOc1ccc(Cl)cc1Cl)c1ccccc1,0
457.15,O=C(O)C1=C[C@@H](O)[C@@H](O)[C@H](O)C1,O=C(O)C1=C[C@@H](O)[C@@H](O)[C@H](O)C1,0
408.15,CC1CCCCC1NC(=O)Nc1ccccc1,CC1CCCCC1NC(=O)Nc1ccccc1,0
453.85,CC(Oc1cc(Cl)c(Cl)cc1Cl)C(=O)O,CC(Oc1cc(Cl)c(Cl)cc1Cl)C(=O)O,0
503.55,CCNc1nc(Cl)nc(NCC)n1,CCNc1nc(Cl)nc(NCC)n1,0
325.15,CC(C)(Oc1ccc(Cl)cc1)C(=O)OCCCOC(=O)C(C)(C)Oc1ccc(Cl)cc1,CC(C)(Oc1ccc(Cl)cc1)C(=O)OCCCOC(=O)C(C)(C)Oc1ccc(Cl)cc1,0
435.15,COC1=C[C@@H]2[C@@H]3Cc4ccc(OC)c(O)c4[C@]2(CCN3C)CC1=O,COC1=C[C@@H]2[C@@H]3Cc4ccc(OC)c(O)c4[C@]2(CCN3C)CC1=O,0
439.15,C/C=C(/CC[C@@H](C)[C@H]1CC[C@H]2C3=CC[C@H]4[C@H](C)[C@@H](O)CC[C@]4(C)[C@H]3CC[C@]12C)C(C)C,C/C=C(/CC[C@@H](C)[C@H]1CC[C@H]2C3=CC[C@H]4[C@H](C)[C@@H](O)CC[C@]4(C)[C@H]3CC[C@]12C)C(C)C,0
515.65,C[C@H]1CC[C@@H]2[C@@H](C)[C@H]3[C@H](C[C@H]4[C@@H]5CC=C6C[C@@H](O)CC[C@]6(C)[C@H]5CC[C@]34CO)N2C1,C[C@H]1CC[C@@H]2[C@@H](C)[C@H]3[C@H](C[C@H]4[C@@H]5CC=C6C[C@@H](O)CC[C@]6(C)[C@H]5CC[C@]34CO)N2C1,0
559.15,C[C@H]1CC[C@@H]2[C@@H](C)[C@H]3[C@H](C[C@H]4[C@@H]5CC=C6C[C@@H](O[C@@H]7O[C@H](CO)[C@H](O)[C@H](O[C@@H]8O[C@H](CO)[C@@H](O)[C@H](O)[C@H]8O)[C@H]7O[C@@H]7O[C@@H](C)[C@H](O)[C@@H](O)[C@H]7O)CC[C@]6(C)[C@H]5CC[C@]34C)N2C1,C[C@H]1CC[C@@H]2[C@@H](C)[C@H]3[C@H](C[C@H]4[C@@H]5CC=C6C[C@@H](O[C@@H]7O[C@H](CO)[C@H](O)[C@H](O[C@@H]8O[C@H](CO)[C@@H](O)[C@H](O)[C@H]8O)[C@H]7O[C@@H]7O[C@@H](C)[C@H](O)[C@@H](O)[C@H]7O)CC[C@]6(C)[C@H]5CC[C@]34C)N2C1,0
547.15,O=c1c(-c2ccc(O[C@@H]3O[C@H](CO)[C@@H](O)[C@H](O)[C@H]3O)cc2)coc2cc(O)cc(O)c12,O=c1c(-c2ccc(O[C@@H]3O[C@H](CO)[C@@H](O)[C@H](O)[C@H]3O)cc2)coc2cc(O)cc(O)c12,0
438.15,O=C(CO)[C@@H](O)[C@H](O)[C@@H](O)CO,O=C(CO)[C@@H](O)[C@H](O)[C@@H](O)CO,0
303.65,C1CCN2C[C@@H]3C[C@@H](CN4CCCC[C@@H]34)[C@H]2C1,C1CCN2C[C@@H]3C[C@@H](CN4CCCC[C@@H]34)[C@H]2C1,0
475.65,COC1=C(O)C(=O)C(C)=C(O)C1=O,COC1=C(O)C(=O)C(C)=C(O)C1=O,0
166.16999999999996,C1CC12CC2,C1CC12CC2,0
483.65,C[C@H]1CC[C@]2(NC1)O[C@H]1C[C@H]3[C@@H]4CC[C@H]5C[C@@H](O)CC[C@]5(C)[C@H]4CC[C@]3(C)[C@H]1[C@@H]2C,C[C@H]1CC[C@]2(NC1)O[C@H]1C[C@H]3[C@@H]4CC[C@H]5C[C@@H](O)CC[C@]5(C)[C@H]4CC[C@]3(C)[C@H]1[C@@H]2C,0
475.15,C[C@@H]1CC[C@@]2(NC1)O[C@H]1C[C@H]3[C@@H]4CC=C5C[C@@H](O)CC[C@]5(C)[C@H]4CC[C@]3(C)[C@H]1[C@@H]2C,C[C@@H]1CC[C@@]2(NC1)O[C@H]1C[C@H]3[C@@H]4CC=C5C[C@@H](O)CC[C@]5(C)[C@H]4CC[C@]3(C)[C@H]1[C@@H]2C,0
544.65,C[C@@H]1CC[C@@]2(OC1)O[C@H]1C[C@H]3[C@@H]4CC[C@H]5C[C@@H](O)[C@H](O)C[C@]5(C)[C@H]4CC[C@]3(C)[C@H]1[C@@H]2C,C[C@@H]1CC[C@@]2(OC1)O[C@H]1C[C@H]3[C@@H]4CC[C@H]5C[C@@H](O)[C@H](O)C[C@]5(C)[C@H]4CC[C@]3(C)[C@H]1[C@@H]2C,0
478.15,C[C@@H]1CC[C@@]2(OC1)O[C@H]1C[C@H]3[C@@H]4CC[C@H]5C[C@@H](O)CC[C@]5(C)[C@H]4CC[C@]3(C)[C@H]1[C@@H]2C,C[C@@H]1CC[C@@]2(OC1)O[C@H]1C[C@H]3[C@@H]4CC[C@H]5C[C@@H](O)CC[C@]5(C)[C@H]4CC[C@]3(C)[C@H]1[C@@H]2C,0
458.15,C[C@@H]1CC[C@@]2(OC1)O[C@H]1C[C@H]3[C@@H]4CC[C@@H]5C[C@@H](O)CC[C@]5(C)[C@H]4CC[C@]3(C)[C@H]1[C@@H]2C,C[C@@H]1CC[C@@]2(OC1)O[C@H]1C[C@H]3[C@@H]4CC[C@@H]5C[C@@H](O)CC[C@]5(C)[C@H]4CC[C@]3(C)[C@H]1[C@@H]2C,0
473.65,C[C@H]1CC[C@@]2(OC1)O[C@H]1C[C@H]3[C@@H]4CC[C@@H]5C[C@@H](O)CC[C@]5(C)[C@H]4CC[C@]3(C)[C@H]1[C@@H]2C,C[C@H]1CC[C@@]2(OC1)O[C@H]1C[C@H]3[C@@H]4CC[C@@H]5C[C@@H](O)CC[C@]5(C)[C@H]4CC[C@]3(C)[C@H]1[C@@H]2C,0
554.65,C[C@@H]1CC[C@@]2(OC1)O[C@H]1[C@@H](O)[C@H]3[C@@H]4CC[C@H]5C[C@@H](O)[C@H](O)C[C@]5(C)[C@H]4CC[C@]3(C)[C@H]1[C@@H]2C,C[C@@H]1CC[C@@]2(OC1)O[C@H]1[C@@H](O)[C@H]3[C@@H]4CC[C@H]5C[C@@H](O)[C@H](O)C[C@]5(C)[C@H]4CC[C@]3(C)[C@H]1[C@@H]2C,0
478.65,C[C@@H]1CC[C@@]2(OC1)O[C@H]1C[C@H]3[C@@H]4CC=C5C[C@@H](O)CC[C@]5(C)[C@H]4CC[C@]3(C)[C@H]1[C@@H]2C,C[C@@H]1CC[C@@]2(OC1)O[C@H]1C[C@H]3[C@@H]4CC=C5C[C@@H](O)CC[C@]5(C)[C@H]4CC[C@]3(C)[C@H]1[C@@H]2C,0
268.35,CC(C)=CCC/C(C)=C/CC/C(C)=C/CC/C=C(\C)CC/C=C(\C)CCC=C(C)C,CC(C)=CCC/C(C)=C/CC/C(C)=C/CC/C=C(\C)CC/C=C(\C)CCC=C(C)C,0
508.15,C[N+]1(C)CCC[C@H]1C(=O)[O-],C[N+]1(C)CCC[C@H]1C(=O)[O-],0
509.15,C[C@]12Cc3cn[nH]c3C[C@@H]1CC[C@@H]1[C@@H]2CC[C@@]2(C)[C@H]1CC[C@]2(C)O,C[C@]12Cc3cn[nH]c3C[C@@H]1CC[C@@H]1[C@@H]2CC[C@@]2(C)[C@H]1CC[C@]2(C)O,0
342.45,CCCCCCCCCCCCCCCCCC(=O)O,CCCCCCCCCCCCCCCCCC(=O)O,0
345.15,CCCCCCCCCCCCCCCCCC(=O)OC(=O)CCCCCCCCCCCCCCCCC,CCCCCCCCCCCCCCCCCC(=O)OC(=O)CCCCCCCCCCCCCCCCC,0
519.15,COc1cc2c(c3oc4cccc(O)c4c(=O)c13)[C@@H]1C=CO[C@@H]1O2,COc1cc2c(c3oc4cccc(O)c4c(=O)c13)[C@@H]1C=CO[C@@H]1O2,0
417.65,CC[C@H](CC[C@@H](C)[C@H]1CC[C@H]2C3=CC=C4C[C@@H](O)CC[C@]4(C)[C@H]3CC[C@]12C)C(C)C,CC[C@H](CC[C@@H](C)[C@H]1CC[C@H]2C3=CC=C4C[C@@H](O)CC[C@]4(C)[C@H]3CC[C@]12C)C(C)C,0
435.15,CC[C@H](/C=C/[C@@H](C)[C@H]1CC[C@H]2[C@@H]3CC=C4C[C@@H](O)CC[C@]4(C)[C@H]3CC[C@]12C)C(C)C,CC[C@H](/C=C/[C@@H](C)[C@H]1CC[C@H]2[C@@H]3CC=C4C[C@@H](O)CC[C@]4(C)[C@H]3CC[C@]12C)C(C)C,0
417.15,CC[C@H](CC[C@@H](C)[C@H]1CC[C@H]2[C@@H]3CC[C@H]4C[C@@H](O)CC[C@]4(C)[C@H]3CC[C@]12C)C(C)C,CC[C@H](CC[C@@H](C)[C@H]1CC[C@H]2[C@@H]3CC[C@H]4C[C@@H](O)CC[C@]4(C)[C@H]3CC[C@]12C)C(C)C,0
411.15,CC[C@H](CC[C@@H](C)[C@H]1CC[C@H]2[C@@H]3CC=C4C[C@@H](O)CC[C@]4(C)[C@H]3CC[C@]12C)C(C)C,CC[C@H](CC[C@@H](C)[C@H]1CC[C@H]2[C@@H]3CC=C4C[C@@H](O)CC[C@]4(C)[C@H]3CC[C@]12C)C(C)C,0
421.15,CC[C@@H](CC[C@@H](C)[C@H]1CC[C@H]2[C@@H]3CC=C4C[C@@H](O)CC[C@]4(C)[C@H]3CC[C@]12C)C(C)C,CC[C@@H](CC[C@@H](C)[C@H]1CC[C@H]2[C@@H]3CC=C4C[C@@H](O)CC[C@]4(C)[C@H]3CC[C@]12C)C(C)C,0
268.15,C(=C\c1ccccc1)\c1ccccc1,C(=C\c1ccccc1)\c1ccccc1,0
397.97,C(=C/c1ccccc1)\c1ccccc1,C(=C/c1ccccc1)\c1ccccc1,0
388.15,CN(N=O)C(=O)N[C@@H]1[C@@H](O)[C@H](O)[C@@H](CO)O[C@@H]1O,CN(N=O)C(=O)N[C@@H]1[C@@H](O)[C@H](O)[C@@H](CO)O[C@@H]1O,0
446.15,C[C@]12CC[C@H]3[C@@H](CC[C@]4(O)C[C@@H](O)CC[C@]34C=O)[C@@]1(O)CC[C@@H]2C1=CC(=O)OC1,C[C@]12CC[C@H]3[C@@H](CC[C@]4(O)C[C@@H](O)CC[C@]34C=O)[C@@]1(O)CC[C@@H]2C1=CC(=O)OC1,0
557.15,O=C1C[C@@H]2OCC=C3CN4CC[C@]56c7ccccc7N1[C@H]5[C@H]2[C@H]3C[C@H]46,O=C1C[C@@H]2OCC=C3CN4CC[C@]56c7ccccc7N1[C@H]5[C@H]2[C@H]3C[C@H]46,0
242.5,C=Cc1ccccc1,C=Cc1ccccc1,0
536.15,NC(=O)CCC(N)=O,NC(=O)CCC(N)=O,0
458.15,O=C(O)CCC(=O)O,O=C(O)CCC(=O)O,0
392.65,O=C1CCC(=O)O1,O=C1CCC(=O)O1,0
398.15,O=C1CCC(=O)N1,O=C1CCC(=O)N1,0
466.65,O=C(O)CCC(=O)Nc1ccc(S(=O)(=O)Nc2nccs2)cc1,O=C(O)CCC(=O)Nc1ccc(S(=O)(=O)Nc2nccs2)cc1,0
454.15,OC[C@H]1O[C@@](CO)(O[C@H]2O[C@H](CO)[C@@H](O)[C@H](O)[C@H]2O)[C@@H](O)[C@@H]1O,OC[C@H]1O[C@@](CO)(O[C@H]2O[C@H](CO)[C@@H](O)[C@H](O)[C@H]2O)[C@@H](O)[C@@H]1O,0
334.15,CCCCCCCCCCCCCCCC(=O)O[C@H]1[C@H](O)[C@@H](CO)O[C@@]1(CO)O[C@H]1O[C@H](CO)[C@@H](O)[C@H](O)[C@H]1O,CCCCCCCCCCCCCCCC(=O)O[C@H]1[C@H](O)[C@@H](CO)O[C@@]1(CO)O[C@H]1O[C@H](CO)[C@@H](O)[C@H](O)[C@H]1O,0
360.15,CC(=O)OC[C@H]1O[C@@](COC(C)=O)(O[C@H]2O[C@H](COC(C)=O)[C@@H](OC(C)=O)[C@H](OC(C)=O)[C@H]2OC(C)=O)[C@@H](OC(C)=O)[C@@H]1OC(C)=O,CC(=O)OC[C@H]1O[C@@](COC(C)=O)(O[C@H]2O[C@H](COC(C)=O)[C@@H](OC(C)=O)[C@H](OC(C)=O)[C@H]2OC(C)=O)[C@@H](OC(C)=O)[C@@H]1OC(C)=O,0
369.75,CCC(=O)N(c1ccccc1)C1(COC)CCN(CCc2cccs2)CC1,CCC(=O)N(c1ccccc1)C1(COC)CCN(CCc2cccs2)CC1,0
454.65,Nc1ccc(S(=O)(=O)NC(=O)c2ccccc2)cc1,Nc1ccc(S(=O)(=O)NC(=O)c2ccccc2)cc1,0
460.15,Nc1ccc(S(=O)(=O)Nc2ccc(Cl)nn2)cc1,Nc1ccc(S(=O)(=O)Nc2ccc(Cl)nn2)cc1,0
440.15,CCn1ccc(NS(=O)(=O)c2ccc(N)cc2)nc1=O,CCn1ccc(NS(=O)(=O)c2ccc(N)cc2)nc1=O,0
476.65,COc1cc(NS(=O)(=O)c2ccc(N)cc2)nc(OC)n1,COc1cc(NS(=O)(=O)c2ccc(N)cc2)nc(OC)n1,0
464.65,NC(N)=NS(=O)(=O)c1ccc(N)cc1,NC(N)=NS(=O)(=O)c1ccc(N)cc1,0
511.15,Cc1ccnc(NS(=O)(=O)c2ccc(N)cc2)n1,Cc1ccnc(NS(=O)(=O)c2ccc(N)cc2)n1,0
470.15,Cc1cc(C)nc(NS(=O)(=O)c2ccc(N)cc2)n1,Cc1cc(C)nc(NS(=O)(=O)c2ccc(N)cc2)n1,0
483.15,Cc1nnc(NS(=O)(=O)c2ccc(N)cc2)s1,Cc1nnc(NS(=O)(=O)c2ccc(N)cc2)s1,0
440.15,Cc1cc(NS(=O)(=O)c2ccc(N)cc2)no1,Cc1cc(NS(=O)(=O)c2ccc(N)cc2)no1,0
455.65,COc1ccc(NS(=O)(=O)c2ccc(N)cc2)nn1,COc1ccc(NS(=O)(=O)c2ccc(N)cc2)nn1,0
510.15,Cc1csc(NS(=O)(=O)c2ccc(N)cc2)n1,Cc1csc(NS(=O)(=O)c2ccc(N)cc2)n1,0
410.15,Nc1ccc(S(=O)(=O)Nc2ccc(S(N)(=O)=O)cc2)cc1,Nc1ccc(S(=O)(=O)Nc2ccc(S(N)(=O)=O)cc2)cc1,0
420.15,NC(=O)NS(=O)(=O)c1ccc(N)cc1,NC(=O)NS(=O)(=O)c1ccc(N)cc1,0
454.15,Nc1ccc(S(=O)(=O)Nc2ccnn2-c2ccccc2)cc1,Nc1ccc(S(=O)(=O)Nc2ccnn2-c2ccccc2)cc1,0
493.15,O=C(O)c1cc(N=Nc2ccc(S(=O)(=O)Nc3ccccn3)cc2)ccc1O,O=C(O)c1cc(N=Nc2ccc(S(=O)(=O)Nc3ccccn3)cc2)ccc1O,0
473.15,Nc1ccc(S(=O)(=O)Nc2nccs2)cc1,Nc1ccc(S(=O)(=O)Nc2nccs2)cc1,0
455.15,NC(=S)NS(=O)(=O)c1ccc(N)cc1,NC(=S)NS(=O)(=O)c1ccc(N)cc1,0
410.15,O=C1C(CCS(=O)c2ccccc2)C(=O)N(c2ccccc2)N1c1ccccc1,O=C1C(CCS(=O)c2ccccc2)C(=O)N(c2ccccc2)N1c1ccccc1,0
468.15,Cc1noc(NS(=O)(=O)c2ccc(N)cc2)c1C,Cc1noc(NS(=O)(=O)c2ccc(N)cc2)c1C,0
358.15,O=C(O)CS(=O)(=O)O,O=C(O)CS(=O)(=O)O,0
414.15,O=C(O)c1ccccc1S(=O)(=O)O,O=C(O)c1ccccc1S(=O)(=O)O,0
301.6,O=S1(=O)CCCC1,O=S1(=O)CCCC1,0
475.15,COC(=O)c1ccccc1S(=O)(=O)NC(=O)Nc1nc(C)cc(C)n1,COC(=O)c1ccccc1S(=O)(=O)NC(=O)Nc1nc(C)cc(C)n1,0
398.95,CCS(=O)(=O)C(C)(C)S(=O)(=O)CC,CCS(=O)(=O)C(C)(C)S(=O)(=O)CC,0
460.15,O=C(O)CS(=O)(=O)CC(=O)O,O=C(O)CS(=O)(=O)CC(=O)O,0
412.15,O=C(O)c1ccc(S(=O)(=O)O)cc1C(=O)O,O=C(O)c1ccc(S(=O)(=O)O)cc1C(=O)O,0
229.15,O=C=NS(=O)(=O)Cl,O=C=NS(=O)(=O)Cl,0
383.15,CC(C)[C@@H](C)/C=C/[C@@H](C)[C@H]1CC[C@@H]2[C@]1(C)CCC[C@]21[C@@H]2C3=C(CC[C@H](O)C3)C[C@@H]21,CC(C)[C@@H](C)/C=C/[C@@H](C)[C@H]1CC[C@@H]2[C@]1(C)CCC[C@]21[C@@H]2C3=C(CC[C@H](O)C3)C[C@@H]21,0
519.8499999999999,O=c1n(Cl)c(=O)n(Cl)c(=O)n1Cl,O=c1n(Cl)c(=O)n(Cl)c(=O)n1Cl,0
465.15,COc1cc(/C=C/CO)cc(OC)c1O[C@@H]1O[C@H](CO)[C@@H](O)[C@H](O)[C@H]1O,COc1cc(/C=C/CO)cc(OC)c1O[C@@H]1O[C@H](CO)[C@@H](O)[C@H](O)[C@H]1O,0
223.15,CCOP(=O)(C#N)N(C)C,CCOP(=O)(C#N)N(C)C,0
407.65,OCC1(O)OC[C@@H](O)[C@H](O)[C@@H]1O,OCC1(O)OC[C@@H](O)[C@H](O)[C@@H]1O,0
382.15,C=CCC1(C(C)CC)C(=O)NC(=O)NC1=O,C=CCC1(C(C)CC)C(=O)NC(=O)NC1=O,0
370.15,CC/C(=C(\c1ccccc1)c1ccc(OCCN(C)C)cc1)c1ccccc1,CC/C(=C(\c1ccccc1)c1ccc(OCCN(C)C)cc1)c1ccccc1,0
479.15,O=C(O)C(O)C(O)C(=O)O,O=C(O)C(O)C(O)C(=O)O,0
420.15,O=C(O)[C@@H](O)[C@@H](O)C(=O)O,O=C(O)[C@@H](O)[C@@H](O)C(=O)O,0
445.65,O=C(O)[C@@H](O)[C@H](O)C(=O)O,O=C(O)[C@@H](O)[C@H](O)C(=O)O,0
442.15,O=C(O)[C@H](O)[C@@H](O)C(=O)O,O=C(O)[C@H](O)[C@@H](O)C(=O)O,0
398.15,C[C@H](CCC(=O)NCCS(=O)(=O)O)[C@H]1CC[C@H]2[C@@H]3[C@H](O)C[C@@H]4C[C@H](O)CC[C@]4(C)[C@H]3C[C@H](O)[C@]12C,C[C@H](CCC(=O)NCCS(=O)(=O)O)[C@H]1CC[C@H]2[C@@H]3[C@H](O)C[C@@H]4C[C@H](O)CC[C@]4(C)[C@H]3C[C@H](O)[C@]12C,0
478.15,CC(=O)O[C@H]1C[C@H]2[C@@H](OC(C)=O)/C=C3\C[C@](C)(C(=O)[C@H](O)C(=C1C)C2(C)C)[C@@H](O)C[C@@H]3OC(=O)[C@H](O)[C@H](c1ccccc1)N(C)C,CC(=O)O[C@H]1C[C@H]2[C@@H](OC(C)=O)/C=C3\C[C@](C)(C(=O)[C@H](O)C(=C1C)C2(C)C)[C@@H](O)C[C@@H]3OC(=O)[C@H](O)[C@H](c1ccccc1)N(C)C,0
488.15,CC(=O)O[C@H]1C(=O)[C@@]2(C)[C@H]([C@H](OC(=O)c3ccccc3)[C@]3(O)C[C@H](OC(=O)[C@H](O)[C@@H](NC(=O)c4ccccc4)c4ccccc4)C(C)=C1C3(C)C)[C@]1(OC(C)=O)CO[C@@H]1C[C@@H]2O,CC(=O)O[C@H]1C(=O)[C@@]2(C)[C@H]([C@H](OC(=O)c3ccccc3)[C@]3(O)C[C@H](OC(=O)[C@H](O)[C@@H](NC(=O)c4ccccc4)c4ccccc4)C(C)=C1C3(C)C)[C@]1(OC(C)=O)CO[C@@H]1C[C@@H]2O,0
436.65,CNC(=O)N(C)c1nnc(C(C)(C)C)s1,CNC(=O)N(C)c1nnc(C(C)(C)C)s1,0
517.15,COc1cc([C@@H]2c3cc4c(cc3[C@@H](O[C@@H]3O[C@@H]5CO[C@@H](c6cccs6)O[C@H]5[C@H](O)[C@H]3O)[C@H]3COC(=O)[C@H]23)OCO4)cc(OC)c1O,COc1cc([C@@H]2c3cc4c(cc3[C@@H](O[C@@H]3O[C@@H]5CO[C@@H](c6cccs6)O[C@H]5[C@H](O)[C@H]3O)[C@H]3COC(=O)[C@H]23)OCO4)cc(OC)c1O,0
471.15,COc1cc2c(cc1OC)[C@]1(O)C(=O)c3ccc4c(c3O[C@@H]1CO2)C=CC(C)(C)O4,COc1cc2c(cc1OC)[C@]1(O)C(=O)c3ccc4c(c3O[C@@H]1CO2)C=CC(C)(C)O4,0
449.45,Cc1[nH]c(=O)n(C(C)(C)C)c(=O)c1Cl,Cc1[nH]c(=O)n(C(C)(C)C)c(=O)c1Cl,0
243.95,CCOP(=S)(OCC)SCSC(C)(C)C,CCOP(=S)(OCC)SCSC(C)(C)C,0
449.25,CCNc1nc(Cl)nc(NC(C)(C)C)n1,CCNc1nc(Cl)nc(NC(C)(C)C)n1,0
376.95,CCNc1nc(NC(C)(C)C)nc(SC)n1,CCNc1nc(NC(C)(C)C)nc(SC)n1,0
448.15,CC1(C)OC(=O)CC1C(=O)O,CC1(C)OC(=O)CC1C(=O)O,0
423.35,CC(C)(C)c1ccc(C(O)CCCN2CCC(C(O)(c3ccccc3)c3ccccc3)CC2)cc1,CC(C)(C)c1ccc(C(O)CCCN2CCC(C(O)(c3ccccc3)c3ccccc3)CC2)cc1,0
329.34,c1ccc(-c2ccccc2-c2ccccc2)cc1,c1ccc(-c2ccccc2-c2ccccc2)cc1,0
360.04999999999995,c1ccc(-c2cccc(-c3ccccc3)c2)cc1,c1ccc(-c2cccc(-c3ccccc3)c2)cc1,0
486.95,c1ccc(-c2ccc(-c3ccccc3)cc2)cc1,c1ccc(-c2ccc(-c3ccccc3)cc2)cc1,0
361.15,c1ccc(-c2cccc(-c3ccccn3)n2)nc1,c1ccc(-c2cccc(-c3ccccn3)n2)nc1,0
293.04999999999995,CCOc1nc(C(Cl)(Cl)Cl)ns1,CCOc1nc(C(Cl)(Cl)Cl)ns1,0
366.15,c1csc(-c2ccc(-c3cccs3)s2)c1,c1csc(-c2ccc(-c3cccs3)s2)c1,0
491.15,C[C@]12C=CC(=O)C=C1CC[C@@H]1[C@@H]2CC[C@]2(C)OC(=O)CC[C@@H]12,C[C@]12C=CC(=O)C=C1CC[C@@H]1[C@@H]2CC[C@]2(C)OC(=O)CC[C@@H]12,0
401.15,COc1cc2c(cc1OC)C1CC(=O)C(CC(C)C)CN1CC2,COc1cc2c(cc1OC)C1CC(=O)C(CC(C)C)CN1CC2,0
453.15,Brc1cc(Br)c(Br)cc1Br,Brc1cc(Br)c(Br)cc1Br,0
273.15,BrC(Br)C(Br)Br,BrC(Br)C(Br)Br,0
329.65,BrC(Br)=C(Br)Br,BrC(Br)=C(Br)Br,0
553.15,O=C1OC(=O)c2c(Br)c(Br)c(Br)c(Br)c21,O=C1OC(=O)c2c(Br)c(Br)c(Br)c(Br)c21,0
363.15,BrC(Br)(Br)Br,BrC(Br)(Br)Br,0
481.15,Cc1c(O)c(Br)c(Br)c(Br)c1Br,Cc1c(O)c(Br)c(Br)c(Br)c1Br,0
569.15,O=C1OC(c2cc(Br)c(O)c(Br)c2)(c2cc(Br)c(O)c(Br)c2)c2ccccc21,O=C1OC(c2cc(Br)c(O)c(Br)c2)(c2cc(Br)c(O)c(Br)c2)c2ccccc21,0
483.15,CCOC(=O)c1ccccc1C(=C1C=C(Br)C(=O)C(Br)=C1)c1cc(Br)c(O)c(Br)c1,CCOC(=O)c1ccccc1C(=C1C=C(Br)C(=O)C(Br)=C1)c1cc(Br)c(O)c(Br)c1,0
176.14999999999998,CCCC[Sn](CCCC)(CCCC)CCCC,CCCC[Sn](CCCC)(CCCC)CCCC,0
312.65,CCCCN(CCCC)C(=S)SSC(=S)N(CCCC)CCCC,CCCCN(CCCC)C(=S)SSC(=S)N(CCCC)CCCC,0
319.85,Clc1ccc(Cl)c(Cl)c1Cl,Clc1ccc(Cl)c(Cl)c1Cl,0
323.85,Clc1cc(Cl)c(Cl)c(Cl)c1,Clc1cc(Cl)c(Cl)c(Cl)c1,0
412.35,Clc1cc(Cl)c(Cl)cc1Cl,Clc1cc(Cl)c(Cl)cc1Cl,0
467.15,Oc1c(O)c(Cl)c(Cl)c(Cl)c1Cl,Oc1c(O)c(Cl)c(Cl)c(Cl)c1Cl,0
339.04999999999995,Clc1ccc(-c2cc(Cl)ccc2Cl)c(Cl)c1,Clc1ccc(-c2cc(Cl)ccc2Cl)c(Cl)c1,0
363.85,Clc1cc(-c2ccccc2)c(Cl)c(Cl)c1Cl,Clc1cc(-c2ccccc2)c(Cl)c(Cl)c1Cl,0
453.15,Clc1ccc(-c2ccc(Cl)c(Cl)c2)cc1Cl,Clc1ccc(-c2ccc(Cl)c(Cl)c2)cc1Cl,0
409.15,CC(C)(c1cc(Cl)c(O)c(Cl)c1)c1cc(Cl)c(O)c(Cl)c1,CC(C)(c1cc(Cl)c(O)c(Cl)c1)c1cc(Cl)c(O)c(Cl)c1,0
571.45,O=C1C(Cl)=C(Cl)C(=O)C(Cl)=C1Cl,O=C1C(Cl)=C(Cl)C(=O)C(Cl)=C1Cl,0
403.65,O=C1C(=O)C(Cl)=C(Cl)C(Cl)=C1Cl,O=C1C(=O)C(Cl)=C(Cl)C(Cl)=C1Cl,0
578.15,Clc1cc2c(cc1Cl)Oc1cc(Cl)c(Cl)cc1O2,Clc1cc2c(cc1Cl)Oc1cc(Cl)c(Cl)cc1O2,0
500.15,Clc1cc2oc3cc(Cl)c(Cl)cc3c2cc1Cl,Clc1cc2oc3cc(Cl)c(Cl)cc3c2cc1Cl,0
314.15,FC(F)(Cl)C(Cl)(Cl)Cl,FC(F)(Cl)C(Cl)(Cl)Cl,0
299.69,FC(Cl)(Cl)C(F)(Cl)Cl,FC(Cl)(Cl)C(F)(Cl)Cl,0
501.15,Cc1c(C)c(Cl)c(Cl)c(Cl)c1Cl,Cc1c(C)c(Cl)c(Cl)c(Cl)c1Cl,0
496.15,Cc1c(Cl)c(C)c(Cl)c(Cl)c1Cl,Cc1c(Cl)c(C)c(Cl)c(Cl)c1Cl,0
202.95,ClCC(Cl)(Cl)Cl,ClCC(Cl)(Cl)Cl,0
230.85,ClC(Cl)C(Cl)Cl,ClC(Cl)C(Cl)Cl,0
250.95,ClC(Cl)=C(Cl)Cl,ClC(Cl)=C(Cl)Cl,0
177.84999999999997,FC(Cl)C(Cl)(Cl)Cl,FC(Cl)C(Cl)(Cl)Cl,0
190.55,FC(Cl)(Cl)C(Cl)Cl,FC(Cl)(Cl)C(Cl)Cl,0
250.35,ClC(Cl)(Cl)Cl,ClC(Cl)(Cl)Cl,0
389.15,COc1c(Cl)c(Cl)c(O)c(Cl)c1Cl,COc1c(Cl)c(Cl)c(O)c(Cl)c1Cl,0
462.65,Cc1c(Cl)c(O)c(Cl)c(Cl)c1Cl,Cc1c(Cl)c(O)c(Cl)c(Cl)c1Cl,0
471.15,Clc1c(Cl)c(Cl)c2ccccc2c1Cl,Clc1c(Cl)c(Cl)c2ccccc2c1Cl,0
339.15,O=[N+]([O-])c1cc(Cl)c(Cl)c(Cl)c1Cl,O=[N+]([O-])c1cc(Cl)c(Cl)c(Cl)c1Cl,0
373.55,O=[N+]([O-])c1c(Cl)c(Cl)cc(Cl)c1Cl,O=[N+]([O-])c1c(Cl)c(Cl)cc(Cl)c1Cl,0
389.15,Oc1cc(Cl)c(Cl)c(Cl)c1Cl,Oc1cc(Cl)c(Cl)c(Cl)c1Cl,0
343.15,Oc1c(Cl)cc(Cl)c(Cl)c1Cl,Oc1c(Cl)cc(Cl)c(Cl)c1Cl,0
388.15,Oc1c(Cl)c(Cl)cc(Cl)c1Cl,Oc1c(Cl)c(Cl)cc(Cl)c1Cl,0
527.65,O=C1OC(=O)c2c(Cl)c(Cl)c(Cl)c(Cl)c21,O=C1OC(=O)c2c(Cl)c(Cl)c(Cl)c(Cl)c21,0
209.15,CC(Cl)C(Cl)(Cl)Cl,CC(Cl)C(Cl)(Cl)Cl,0
363.15,Clc1cc(Cl)c(Cl)nc1Cl,Clc1cc(Cl)c(Cl)nc1Cl,0
342.15,Clc1nc(Cl)c(Cl)c(Cl)n1,Clc1nc(Cl)c(Cl)c(Cl)n1,0
434.15,O=C(Nc1ccc(Cl)c(Cl)c1)c1cc(Cl)cc(Cl)c1O,O=C(Nc1ccc(Cl)c(Cl)c1)c1cc(Cl)cc(Cl)c1O,0
419.65,O=C(Cl)c1c(Cl)c(Cl)c(C(=O)Cl)c(Cl)c1Cl,O=C(Cl)c1c(Cl)c(Cl)c(C(=O)Cl)c(Cl)c1Cl,0
303.65,Clc1sc(Cl)c(Cl)c1Cl,Clc1sc(Cl)c(Cl)c1Cl,0
370.15,COP(=O)(OC)OC(=CCl)c1cc(Cl)c(Cl)cc1Cl,COP(=O)(OC)OC(=CCl)c1cc(Cl)c(Cl)cc1Cl,0
354.54999999999995,CCCCCCCCCCCCCCCCCCCCCCCCCCCCCCCCCCCCCCCC,CCCCCCCCCCCCCCCCCCCCCCCCCCCCCCCCCCCCCCCC,0
323.45,CCCCCCCCCCCCCCCCCCCCCCCC,CCCCCCCCCCCCCCCCCCCCCCCC,0
355.15,CCCCCCCCCCCCCCCCCCCCCCCC(=O)O,CCCCCCCCCCCCCCCCCCCCCCCC(=O)O,0
350.15,CCCCCCCCCCCCCCCCCCCCCCCCO,CCCCCCCCCCCCCCCCCCCCCCCCO,0
316.15,CCCCCCCC/C=C\CCCCCCCCCCCCCC(=O)O,CCCCCCCC/C=C\CCCCCCCCCCCCCC(=O)O,0
471.95,N#CC(C#N)=C(C#N)C#N,N#CC(C#N)=C(C#N)C#N,0
445.15,CN(C)[C@@H]1C(=O)C(C(N)=O)=C(O)[C@@]2(O)C(=O)C3=C(O)c4c(O)cccc4[C@@](C)(O)[C@H]3C[C@@H]12,CN(C)[C@@H]1C(=O)C(C(N)=O)=C(O)[C@@]2(O)C(=O)C3=C(O)c4c(O)cccc4[C@@](C)(O)[C@H]3C[C@@H]12,0
270.15,C1CCC2C(C1)CCC1CCCCC12,C1CCC2C(C1)CCC1CCCCC12,0
214.15,C[Si](C)(C)O[Si](C)(C)O[Si](C)(C)O[Si](C)(C)O[Si](C)(C)O[Si](C)(C)C,C[Si](C)(C)O[Si](C)(C)O[Si](C)(C)O[Si](C)(C)O[Si](C)(C)O[Si](C)(C)C,0
296.15,CCCCCCCCCCCCCC=O,CCCCCCCCCCCCCC=O,0
377.15,CCCCCCCCCCCCCC(N)=O,CCCCCCCCCCCCCC(N)=O,0
279.02,CCCCCCCCCCCCCC,CCCCCCCCCCCCCC,0
397.35,O=C(O)CCCCCCCCCCCCC(=O)O,O=C(O)CCCCCCCCCCCCC(=O)O,0
358.95,OCCCCCCCCCCCCCCO,OCCCCCCCCCCCCCCO,0
292.25,CCCCCCCCCCCCCC#N,CCCCCCCCCCCCCC#N,0
280.15,CCCCCCCCCCCCCCS,CCCCCCCCCCCCCCS,0
327.30999999999995,CCCCCCCCCCCCCC(=O)O,CCCCCCCCCCCCCC(=O)O,0
326.54999999999995,CCCCCCCCCCCCCC(=O)OC(=O)CCCCCCCCCCCCC,CCCCCCCCCCCCCC(=O)OC(=O)CCCCCCCCCCCCC,0
310.85,CCCCCCCCCCCCCCO,CCCCCCCCCCCCCCO,0
306.65,CCCCCCCCCCCCC(C)=O,CCCCCCCCCCCCC(C)=O,0
272.15,CCCCCCCCCCCCCC(=O)Cl,CCCCCCCCCCCCCC(=O)Cl,0
260.27,C=CCCCCCCCCCCCC,C=CCCCCCCCCCCCC,0
356.25,CCCCCCCCCCCCCCN,CCCCCCCCCCCCCCN,0
282.85,CCCCCCCCCCCCCCc1ccccc1,CCCCCCCCCCCCCCc1ccccc1,0
297.15,CCCCCCCCCCCCCCC1CCCCC1,CCCCCCCCCCCCCCC1CCCCC1,0
420.05,O=S(=O)(c1ccc(Cl)cc1)c1cc(Cl)c(Cl)cc1Cl,O=S(=O)(c1ccc(Cl)cc1)c1cc(Cl)c(Cl)cc1Cl,0
309.15,CCN(CC)C(=O)c1ccccc1C(=O)N(CC)CC,CCN(CC)C(=O)c1ccccc1C(=O)N(CC)CC,0
263.75,OCCOCCOCCOCCO,OCCOCCOCCOCCO,0
313.15,CCCCCCCCCCCCCCCCCC(=O)OCCOCCOCCOCCO,CCCCCCCCCCCCCCCCCC(=O)OCCOCCOCCOCCO,0
443.15,CCOP(=O)(OCC)OP(=O)(OCC)OCC,CCOP(=O)(OCC)OP(=O)(OCC)OCC,0
141.95,CC[Sn](CC)(CC)CC,CC[Sn](CC)(CC)CC,0
226.95,Fc1cc(F)c(F)c(F)c1,Fc1cc(F)c(F)c(F)c1,0
277.03,Fc1cc(F)c(F)cc1F,Fc1cc(F)c(F)cc1F,0
231.65,O=[N+]([O-])C(F)(F)C(F)(F)[N+](=O)[O-],O=[N+]([O-])C(F)(F)C(F)(F)[N+](=O)[O-],0
184.15,FC(F)C(F)F,FC(F)C(F)F,0
142.01,FC(F)=C(F)F,FC(F)=C(F)F,0
258.15,OCC(F)(F)C(F)F,OCC(F)(F)C(F)F,0
313.15,c1cc2c3c(c1)CCCN3CCC2,c1cc2c3c(c1)CCCN3CCC2,0
393.15,c1ccc2c3c([nH]c2c1)CCCC3,c1ccc2c3c([nH]c2c1)CCCC3,0
463.15,C[C@]12CC[C@@H](O)C[C@H]1CC[C@@H]1[C@@H]2C(=O)C[C@@]2(C)[C@H]1CC[C@]2(O)C(=O)CO,C[C@]12CC[C@@H](O)C[C@H]1CC[C@@H]1[C@@H]2C(=O)C[C@@]2(C)[C@H]1CC[C@]2(O)C(=O)CO,0
359.15,Cc1coc2c1CCC(C)C2,Cc1coc2c1CCC(C)C2,0
363.15,CC1(C)OC(=O)CC1CC(=O)O,CC1(C)OC(=O)CC1CC(=O)O,0
184.15,C[C@@H]1CC[C@H](C)S1,C[C@@H]1CC[C@H](C)S1,0
354.65,O=C1C2=C(CCCC2)c2ccccc21,O=C1C2=C(CCCC2)c2ccccc21,0
164.76999999999998,C1CCOC1,C1CCOC1,0
213.15,C=CC(=O)OCC1CCCO1,C=CC(=O)OCC1CCCO1,0
193.15,OCC1CCCO1,OCC1CCCO1,0
570.15,O=C1NC2NC(=O)NC2N1,O=C1NC2NC(=O)NC2N1,0
371.15,O=C1OC(=O)[C@@H]2CC=CC[C@H]12,O=C1OC(=O)[C@@H]2CC=CC[C@H]12,0
343.45,O=C1OC(=O)C2=C1CCCC2,O=C1OC(=O)C2=C1CCCC2,0
258.15,c1ccc2c(c1)CCNC2,c1ccc2c(c1)CCNC2,0
315.65,COc1ccc2c(c1)CCCN2,COc1ccc2c(c1)CCCN2,0
250.15,Cc1cccc2c1CCCC2,Cc1cccc2c1CCCC2,0
233.15,Cc1ccc2c(c1)CCCC2,Cc1ccc2c(c1)CCCC2,0
314.15,CN1CC=C(c2ccccc2)CC1,CN1CC=C(c2ccccc2)CC1,0
213.15,CC1CCCSC1,CC1CCCSC1,0
311.15,Nc1cccc2c1CCCC2,Nc1cccc2c1CCCC2,0
237.39,c1ccc2c(c1)CCCC2,c1ccc2c(c1)CCCC2,0
307.65,OC1CCCc2ccccc21,OC1CCCc2ccccc21,0
341.15,Oc1cccc2c1CCCC2,Oc1cccc2c1CCCC2,0
288.65,OC1CCc2ccccc2C1,OC1CCc2ccccc2C1,0
332.15,Oc1ccc2c(c1)CCCC2,Oc1ccc2c(c1)CCCC2,0
246.15,CCCCCC1CCCC(=O)O1,CCCCCC1CCCC(=O)O1,0
410.15,O=C1NC(=O)C2CC=CCC12,O=C1NC(=O)C2CC=CCC12,0
260.15,CCCC1CCCC(=O)O1,CCCC1CCCC(=O)O1,0
224.05,C1CCOCC1,C1CCOCC1,0
262.82,O=C1CCCCO1,O=C1CCCCO1,0
225.15,C1=CCNCC1,C1=CCNCC1,0
568.15,O=C(O)C1=CCCNC1,O=C(O)C1=CCCNC1,0
484.15,S=C1NCCCN1,S=C1NCCCN1,0
289.91,c1ccc2c(c1)CCCN2,c1ccc2c(c1)CCCN2,0
372.15,c1ccc2c(c1)NCCN2,c1ccc2c(c1)NCCN2,0
332.65,C1CCc2nnnn2CC1,C1CCc2nnnn2CC1,0
177.01999999999998,C1CCSC1,C1CCSC1,0
548.15,O=C1c2ccc(O)c(O)c2C(=O)c2c(O)ccc(O)c21,O=C1c2ccc(O)c(O)c2C(=O)c2c(O)ccc(O)c21,0
547.15,O=c1c(O)cccc2cc(O)c(O)c(O)c12,O=c1c(O)cccc2cc(O)c(O)c(O)c12,0
471.95,O=C(c1ccc(O)cc1O)c1ccc(O)cc1O,O=C(c1ccc(O)cc1O)c1ccc(O)cc1O,0
398.15,C[C@]12CCC(=O)C=C1CC[C@@H]1[C@@H]2[C@@H](O)C[C@@]2(C)[C@H]1CC[C@]2(O)[C@H](O)CO,C[C@]12CCC(=O)C=C1CC[C@@H]1[C@@H]2[C@@H](O)C[C@@]2(C)[C@H]1CC[C@]2(O)[C@H](O)CO,0
460.15,IC(I)=C(I)I,IC(I)=C(I)I,0
600.65,O=C1OC(=O)c2c(I)c(I)c(I)c(I)c21,O=C1OC(=O)c2c(I)c(I)c(I)c(I)c21,0
444.15,IC(I)(I)I,IC(I)(I)I,0
428.15,Ic1[nH]c(I)c(I)c1I,Ic1[nH]c(I)c(I)c1I,0
281.15,O=C1CCCc2ccccc21,O=C1CCCc2ccccc21,0
270.65,COC(OC)(OC)OC,COC(OC)(OC)OC,0
338.15,CC(C)=CC1C(C(=O)OCN2C(=O)C3=C(CCCC3)C2=O)C1(C)C,CC(C)=CC1C(C(=O)OCN2C(=O)C3=C(CCCC3)C2=O)C1(C)C,0
237.15,Cc1cccc(C)c1N(C)C,Cc1cccc(C)c1N(C)C,0
266.45,Cc1ccc(C)c(C)c1C,Cc1ccc(C)c(C)c1C,0
249.35,Cc1cc(C)c(C)c(C)c1,Cc1cc(C)c(C)c(C)c1,0
352.35,Cc1cc(C)c(C)cc1C,Cc1cc(C)c(C)cc1C,0
282.04999999999995,CN(C)c1ccccc1N(C)C,CN(C)c1ccccc1N(C)C,0
324.15,CN(C)c1ccc(N(C)C)cc1,CN(C)c1ccc(N(C)C)cc1,0
506.15,Cc1c(C)c(O)c(C)c(C)c1O,Cc1c(C)c(O)c(C)c(C)c1O,0
417.95,COC(=O)c1cc(C(=O)OC)c(C(=O)OC)cc1C(=O)OC,COC(=O)c1cc(C(=O)OC)c(C(=O)OC)cc1C(=O)OC,0
441.65,Cc1cc(-c2cc(C)c(N)c(C)c2)cc(C)c1N,Cc1cc(-c2cc(C)c(N)c(C)c2)cc(C)c1N,0
469.15,CN(C)c1ccc(-c2ccc(N(C)C)cc2)cc1,CN(C)c1ccc(-c2ccc(N(C)C)cc2)cc1,0
494.95,Cc1cc(-c2cc(C)c(O)c(C)c2)cc(C)c1O,Cc1cc(-c2cc(C)c(O)c(C)c2)cc(C)c1O,0
373.94,CC(C)(C)C(C)(C)C,CC(C)(C)C(C)(C)C,0
358.15,CC(C)(C)CC(C)(C)c1ccc(O)cc1,CC(C)(C)CC(C)(C)c1ccc(O)cc1,0
384.84,CC1=C(C)C(=O)C(C)=C(C)C1=O,CC1=C(C)C(=O)C(C)=C(C)C1=O,0
184.85,CC1(C)CCC(C)(C)C1,CC1(C)CCC(C)(C)C1,0
192.46,CC1(C)CC1(C)C,CC1(C)CC1(C)C,0
208.15,C[SiH]1O[SiH](C)O[SiH](C)O[SiH](C)O1,C[SiH]1O[SiH](C)O[SiH](C)O[SiH](C)O1,0
320.15,CC(C)CC(C)(O)C#CC(C)(O)CC(C)C,CC(C)CC(C)(O)C#CC(C)(O)CC(C)C,0
452.15,CN(C)c1ccc(C(=O)c2ccc(N(C)C)cc2)cc1,CN(C)c1ccc(C(=O)c2ccc(N(C)C)cc2)cc1,0
267.15,C[As](C)[As](C)C,C[As](C)[As](C)C,0
193.15,C[Si](C)(O[Si](C)(C)c1ccccc1)c1ccccc1,C[Si](C)(O[Si](C)(C)c1ccccc1)c1ccccc1,0
339.15,C[Si](C)(O)O[Si](C)(C)O,C[Si](C)(O)O[Si](C)(C)O,0
215.15,CN(C)CCN(C)C,CN(C)CCN(C)C,0
208.15,CC(C)CCCC(C)CCCC(C)CCCC(C)CC(=O)O,CC(C)CCCC(C)CCCC(C)CCCC(C)CC(=O)O,0
219.15,CCCC(C)(C)C(C)(C)C,CCCC(C)(C)C(C)(C)C,0
260.54999999999995,CC(C)(C)CCC(C)(C)C,CC(C)(C)CCC(C)(C)C,0
242.95,C[Pb](C)(C)C,C[Pb](C)(C)C,0
263.4,CCC(C)(C)C(C)(C)C,CCC(C)(C)C(C)(C)C,0
151.84999999999997,CC(C)C(C)C(C)(C)C,CC(C)C(C)C(C)(C)C,0
206.62,CC(C)(C)CC(C)(C)C,CC(C)(C)CC(C)(C)C,0
171.04999999999998,CC(C)C(C)(C)C(C)C,CC(C)C(C)(C)C(C)C,0
322.15,CC(C)(C)C(O)C(C)(C)C,CC(C)(C)C(O)C(C)(C)C,0
357.15,Cc1cc(O)c(C)c(C)c1C,Cc1cc(O)c(C)c(C)c1C,0
353.15,Cc1cc(C)c(O)c(C)c1C,Cc1cc(C)c(O)c(C)c1C,0
391.15,Cc1cc(C)c(C)c(O)c1C,Cc1cc(C)c(C)c(O)c1C,0
290.15,CC1(C)CC(N)CC(C)(C)N1,CC1(C)CC(N)CC(C)(C)N1,0
301.15,CC1(C)CCCC(C)(C)N1,CC1(C)CCCC(C)(C)N1,0
308.65,CC1(C)CC(=O)CC(C)(C)N1,CC1(C)CC(=O)CC(C)(C)N1,0
358.45,Cc1nc(C)c(C)nc1C,Cc1nc(C)c(C)nc1C,0
272.15,CO[Si](OC)(OC)OC,CO[Si](OC)(OC)OC,0
218.06,C[Sn](C)(C)C,C[Sn](C)(C)C,0
442.15,CC(C)(C#N)C(C)(C)C#N,CC(C)(C#N)C(C)(C)C#N,0
373.35,C[Si]1(c2ccccc2)O[Si](C)(c2ccccc2)O[Si](C)(c2ccccc2)O[Si](C)(c2ccccc2)O1,C[Si]1(c2ccccc2)O[Si](C)(c2ccccc2)O[Si](C)(c2ccccc2)O[Si](C)(c2ccccc2)O1,0
382.65,CN(C)C(=S)SC(=S)N(C)C,CN(C)C(=S)SC(=S)N(C)C,0
350.45,CN(C)C(=S)N(C)C,CN(C)C(=S)N(C)C,0
270.48,CN(C)C(=O)N(C)C,CN(C)C(=O)N(C)C,0
287.04999999999995,O=[N+]([O-])C([N+](=O)[O-])([N+](=O)[O-])[N+](=O)[O-],O=[N+]([O-])C([N+](=O)[O-])([N+](=O)[O-])[N+](=O)[O-],0
323.15,C1OCC2(CO1)COCOC2,C1OCC2(CO1)COCOC2,0
322.15,c1ccc(O[Si](Oc2ccccc2)(Oc2ccccc2)Oc2ccccc2)cc1,c1ccc(O[Si](Oc2ccccc2)(Oc2ccccc2)Oc2ccccc2)cc1,0
476.65,C(C=C(c1ccccc1)c1ccccc1)=C(c1ccccc1)c1ccccc1,C(C=C(c1ccccc1)c1ccccc1)=C(c1ccccc1)c1ccccc1,0
495.45,O=C1C(c2ccccc2)=C(c2ccccc2)C(c2ccccc2)=C1c1ccccc1,O=C1C(c2ccccc2)=C(c2ccccc2)C(c2ccccc2)=C1c1ccccc1,0
484.15,c1ccc(C(c2ccccc2)C(c2ccccc2)c2ccccc2)cc1,c1ccc(C(c2ccccc2)C(c2ccccc2)c2ccccc2)cc1,0
455.15,OC(c1ccccc1)(c1ccccc1)C(O)(c1ccccc1)c1ccccc1,OC(c1ccccc1)(c1ccccc1)C(O)(c1ccccc1)c1ccccc1,0
498.05,c1ccc(C(=C(c2ccccc2)c2ccccc2)c2ccccc2)cc1,c1ccc(C(=C(c2ccccc2)c2ccccc2)c2ccccc2)cc1,0
506.15,c1ccc([Ge](c2ccccc2)(c2ccccc2)c2ccccc2)cc1,c1ccc([Ge](c2ccccc2)(c2ccccc2)c2ccccc2)cc1,0
554.55,c1ccc(C(c2ccccc2)(c2ccccc2)c2ccccc2)cc1,c1ccc(C(c2ccccc2)(c2ccccc2)c2ccccc2)cc1,0
605.65,c1ccc(-c2c3ccccc3c(-c3ccccc3)c3c(-c4ccccc4)c4ccccc4c(-c4ccccc4)c23)cc1,c1ccc(-c2c3ccccc3c(-c3ccccc3)c3c(-c4ccccc4)c4ccccc4c(-c4ccccc4)c23)cc1,0
501.45,c1ccc([Pb](c2ccccc2)(c2ccccc2)c2ccccc2)cc1,c1ccc([Pb](c2ccccc2)(c2ccccc2)c2ccccc2)cc1,0
510.75,c1ccc([Si](c2ccccc2)(c2ccccc2)c2ccccc2)cc1,c1ccc([Si](c2ccccc2)(c2ccccc2)c2ccccc2)cc1,0
500.15,c1ccc([Sn](c2ccccc2)(c2ccccc2)c2ccccc2)cc1,c1ccc([Sn](c2ccccc2)(c2ccccc2)c2ccccc2)cc1,0
164.04999999999998,CCC[Sn](CCC)(CCC)CCC,CCC[Sn](CCC)(CCC)CCC,0
359.15,CCCCCCCCCCCCCCCCCCCCCCCCCCCCCCCCCCCCCCCCCCCC,CCCCCCCCCCCCCCCCCCCCCCCCCCCCCCCCCCCCCCCCCCCC,0
345.95,CCCCCCCCCCCCCCCCCCCCCCCCCCCCCCCCCC,CCCCCCCCCCCCCCCCCCCCCCCCCCCCCCCCCC,0
229.65,C=C[Si]1(C)O[Si](C)(C=C)O[Si](C)(C=C)O[Si](C)(C=C)O1,C=C[Si]1(C)O[Si](C)(C=C)O[Si](C)(C=C)O[Si](C)(C=C)O1,0
372.15,c1nncnn1,c1nncnn1,0
471.95,Nc1nn[nH]n1,Nc1nn[nH]n1,0
430.05,c1nn[nH]n1,c1nn[nH]n1,0
498.15,NC1=N[C@H](O)[C@H]2[C@H]3O[C@]4(O)O[C@@H]([C@@H](O)[C@@]2(N1)[C@@H]4O)[C@]3(O)CO,NC1=N[C@H](O)[C@H]2[C@H]3O[C@]4(O)O[C@@H]([C@@H](O)[C@@]2(N1)[C@@H]4O)[C@]3(O)CO,0
543.15,O=C1CCC(N2C(=O)c3ccccc3C2=O)C(=O)N1,O=C1CCC(N2C(=O)c3ccccc3C2=O)C(=O)N1,0
466.15,COC1=CC=C2[C@H]3Cc4ccc(OC)c5c4[C@@]2(CCN3C)[C@H]1O5,COC1=CC=C2[C@H]3Cc4ccc(OC)c5c4[C@@]2(CCN3C)[C@H]1O5,0
424.65,COc1ccc2c(c1O)[C@]13CCN(C)[C@H](C2)[C@@H]1C=CC(=O)C3,COc1ccc2c(c1O)[C@]13CCN(C)[C@H](C2)[C@@H]1C=CC(=O)C3,0
369.15,CN1CCC(N(Cc2cccs2)c2ccccc2)CC1,CN1CCC(N(Cc2cccs2)c2ccccc2)CC1,0
630.15,Cn1cnc2c1c(=O)[nH]c(=O)n2C,Cn1cnc2c1c(=O)[nH]c(=O)n2C,0
547.8499999999999,Cn1c(=O)c2[nH]cnc2n(C)c1=O,Cn1c(=O)c2[nH]cnc2n(C)c1=O,0
498.15,CC(=O)Nc1ccc(C=NNC(N)=S)cc1,CC(=O)Nc1ccc(C=NNC(N)=S)cc1,0
292.23999999999995,C1CCSCC1,C1CCSCC1,0
223.05,c1cnsn1,c1cnsn1,0
315.65,c1nncs1,c1nncs1,0
441.15,S=c1[nH][nH]c(=S)s1,S=c1[nH][nH]c(=S)s1,0
437.15,Cc1ncc(C[n+]2csc(CCO)c2C)c(N)n1,Cc1ncc(C[n+]2csc(CCO)c2C)c(N)n1,0
473.15,Cc1ncc(C[n+]2csc(CCOP(=O)([O-])O)c2C)c(N)n1,Cc1ncc(C[n+]2csc(CCOP(=O)([O-])O)c2C)c(N)n1,0
429.58,c1ccc2c(c1)Sc1ccccc1S2,c1ccc2c(c1)Sc1ccccc1S2,0
366.15,Nc1nccs1,Nc1nccs1,0
239.54,c1cscn1,c1cscn1,0
469.65,O=C(O)C1CSCN1,O=C(O)C1CSCN1,0
401.15,O=C1CSC(=O)N1,O=C1CSC(=O)N1,0
380.45,S=C1NCCS1,S=C1NCCS1,0
484.15,O=C(Nc1ccccc1)Nc1cnns1,O=C(Nc1ccccc1)Nc1cnns1,0
283.54999999999995,CC(=O)c1cccs1,CC(=O)c1cccs1,0
273.65,C1CCCSCC1,C1CCCSCC1,0
199.96,C1CSC1,C1CSC1,0
348.65,O=S1(=O)CCC1,O=S1(=O)CCC1,0
336.15,CCSc1ccc2c(c1)N(CCCN1CCN(C)CC1)c1ccccc1S2,CCSc1ccc2c(c1)N(CCCN1CCN(C)CC1)c1ccccc1S2,0
164.14999999999998,C1CS1,C1CS1,0
374.15,CC1SC(C)SC(C)S1,CC1SC(C)SC(C)S1,0
386.45,CC(N)=S,CC(N)=S,0
256.15,CC(=O)S,CC(=O)S,0
274.85,CCN(CC)C(=O)SCc1ccc(Cl)cc1,CCN(CC)C(=O)SCc1ccc(Cl)cc1,0
436.15,Cc1cc(O)c(C(C)(C)C)cc1Sc1cc(C(C)(C)C)c(O)cc1C,Cc1cc(O)c(C(C)(C)C)cc1Sc1cc(C(C)(C)C)c(O)cc1C,0
312.15,CCCCCCCCCCCCOC(=O)CCSCCC(=O)OCCCCCCCCCCCC,CCCCCCCCCCCCOC(=O)CCSCCC(=O)OCCCCCCCCCCCC,0
273.15,N#CS,N#CS,0
446.15,CSC(C)=NOC(=O)N(C)SN(C)C(=O)ON=C(C)SC,CSC(C)=NOC(=O)N(C)SN(C)C(=O)ON=C(C)SC,0
402.15,O=C(O)CSCC(=O)O,O=C(O)CSCC(=O)O,0
402.15,O=C(O)CCSCCC(=O)O,O=C(O)CCSCCC(=O)O,0
331.15,CNC(=O)ON=C(CSC)C(C)(C)C,CNC(=O)ON=C(CSC)C(C)(C)C,0
257.15,O=C(O)CS,O=C(O)CS,0
454.15,NC(=S)NC(N)=S,NC(=S)NC(N)=S,0
272.25,CCOP(=S)(OCC)Oc1cnccn1,CCOP(=S)(OCC)Oc1cnccn1,0
445.15,COC(=O)NC(=S)Nc1ccccc1NC(=S)NC(=O)OC,COC(=O)NC(=S)Nc1ccccc1NC(=S)NC(=O)OC,0
235.03,c1ccsc1,c1ccsc1,0
337.35,O=C(O)Cc1cccs1,O=C(O)Cc1cccs1,0
400.95,O=C(O)c1cccs1,O=C(O)c1cccs1,0
412.95,O=C(O)c1ccsc1,O=C(O)c1ccsc1,0
632.15,O=C(O)c1ccc(C(=O)O)s1,O=C(O)c1ccc(C(=O)O)s1,0
301.15,O=S(=O)(Cl)c1cccs1,O=S(=O)(Cl)c1cccs1,0
320.15,S=c1ccscc1,S=c1ccscc1,0
453.15,S=c1sc2nc3ccccc3nc2s1,S=c1sc2nc3ccccc3nc2s1,0
346.15,CSc1ccc2c(c1)N(CCC1CCCCN1C)c1ccccc1S2,CSc1ccc2c(c1)N(CCC1CCCCN1C)c1ccccc1S2,0
421.15,CN1CCN(CC/C=C2/c3ccccc3Sc3ccc(S(=O)(=O)N(C)C)cc32)CC1,CN1CCN(CC/C=C2/c3ccccc3Sc3ccc(S(=O)(=O)N(C)C)cc32)CC1,0
449.15,NC(N)=S,NC(N)=S,0
401.65,c1ccc2c(c1)Cc1ccccc1S2,c1ccc2c(c1)Cc1ccccc1S2,0
487.85,O=c1c2ccccc2sc2ccccc12,O=c1c2ccccc2sc2ccccc12,0
503.15,O=C1CNC(=S)N1,O=C1CNC(=S)N1,0
443.15,O=C1CSC(=S)N1,O=C1CSC(=S)N1,0
428.75,CN(C)C(=S)SSC(=S)N(C)C,CN(C)C(=S)SSC(=S)N(C)C,0
529.15,C[C@@H](O)[C@H](N)C(=O)O,C[C@@H](O)[C@H](N)C(=O)O,0
402.15,O=C[C@@H](O)[C@H](O)CO,O=C[C@@H](O)[C@H](O)CO,0
361.65,CC1(C)C=CC=C(C(=O)O)C=C1,CC1(C)C=CC=C(C(=O)O)C=C1,0
460.15,Cc1cn([C@H]2C[C@H](O)[C@@H](CO)O2)c(=O)[nH]c1=O,Cc1cn([C@H]2C[C@H](O)[C@@H](CO)O2)c(=O)[nH]c1=O,0
598.15,Cc1c[nH]c(=O)[nH]c1=O,Cc1c[nH]c(=O)[nH]c1=O,0
322.75,Cc1ccc(C(C)C)c(O)c1,Cc1ccc(C(C)C)c(O)c1,0
495.15,Cc1cc(O)c(C(C)C)cc1C1(c2cc(C(C)C)c(O)cc2C)OS(=O)(=O)c2ccccc21,Cc1cc(O)c(C(C)C)cc1C1(c2cc(C(C)C)c(O)cc2C)OS(=O)(=O)c2ccccc21,0
526.15,Cc1cc(O)c(C(C)C)cc1C1(c2cc(C(C)C)c(O)cc2C)OC(=O)c2ccccc21,Cc1cc(O)c(C(C)C)cc1C1(c2cc(C(C)C)c(O)cc2C)OC(=O)c2ccccc21,0
508.15,N[C@@H](Cc1cc(I)c(Oc2cc(I)c(O)c(I)c2)c(I)c1)C(=O)O,N[C@@H](Cc1cc(I)c(Oc2cc(I)c(O)c(I)c2)c(I)c1)C(=O)O,0
419.15,CC(C)CCOc1ccc(NC(=S)Nc2ccc(OCCC(C)C)cc2)cc1,CC(C)CCOc1ccc(NC(=S)Nc2ccc(OCCC(C)C)cc2)cc1,0
338.15,CN1CCCC(=C(c2cccs2)c2cccs2)C1,CN1CCCC(=C(c2cccs2)c2cccs2)C1,0
271.65,Cc1c(O)cc2c(c1C)OC(C)(CCCC(C)CCCC(C)CCCC(C)C)CC2,Cc1c(O)cc2c(c1C)OC(C)(CCCC(C)CCCC(C)CCCC(C)C)CC2,0
445.15,Cc1ccc(S(=O)(=O)NC(=O)NN2CCCCCC2)cc1,Cc1ccc(S(=O)(=O)NC(=O)NN2CCCCCC2)cc1,0
400.15,CCCCNC(=O)NS(=O)(=O)c1ccc(C)cc1,CCCCNC(=O)NS(=O)(=O)c1ccc(C)cc1,0
404.15,Cc1cc(-c2ccc(N)c(C)c2)ccc1N,Cc1cc(-c2ccc(N)c(C)c2)ccc1N,0
429.15,Cc1ccc(C(=O)c2ccc(CC(=O)O)n2C)cc1,Cc1ccc(C(=O)c2ccc(CC(=O)O)n2C)cc1,0
178.14999999999998,Cc1ccccc1,Cc1ccccc1,0
372.15,Cc1ccc(N)cc1N,Cc1ccc(N)cc1N,0
293.65,Cc1ccc(N=C=O)cc1N=C=O,Cc1ccc(N=C=O)cc1N=C=O,0
291.45,Cc1c(N=C=O)cccc1N=C=O,Cc1c(N=C=O)cccc1N=C=O,0
377.65,Cc1ccc(S(=O)(=O)O)cc1,Cc1ccc(S(=O)(=O)O)cc1,0
344.15,Cc1ccc(S(=O)(=O)Cl)cc1,Cc1ccc(S(=O)(=O)Cl)cc1,0
376.55,Cc1ccccc1C(=O)O,Cc1ccccc1C(=O)O,0
382.45,Cc1cccc(C(=O)O)c1,Cc1cccc(C(=O)O)c1,0
453.15,Cc1ccc(C(=O)O)cc1,Cc1ccc(C(=O)O)cc1,0
418.15,Cc1ccccc1N=C(N)N=C(N)N,Cc1ccccc1N=C(N)N=C(N)N,0
543.15,C[C@H]1CC[C@]2(NC1)O[C@H]1C[C@H]3[C@@H]4CC[C@H]5C[C@@H](O[C@@H]6O[C@H](CO)[C@H](O[C@@H]7O[C@H](CO)[C@@H](O)[C@H](O[C@@H]8OC[C@@H](O)[C@H](O)[C@H]8O)[C@H]7O[C@@H]7O[C@H](CO)[C@@H](O)[C@H](O)[C@H]7O)[C@H](O)[C@H]6O)CC[C@]5(C)[C@H]4CC[C@]3(C)[C@H]1[C@@H]2C,C[C@H]1CC[C@]2(NC1)O[C@H]1C[C@H]3[C@@H]4CC[C@H]5C[C@@H](O[C@@H]6O[C@H](CO)[C@H](O[C@@H]7O[C@H](CO)[C@@H](O)[C@H](O[C@@H]8OC[C@@H](O)[C@H](O)[C@H]8O)[C@H]7O[C@@H]7O[C@H](CO)[C@@H](O)[C@H](O)[C@H]7O)[C@H](O)[C@H]6O)CC[C@]5(C)[C@H]4CC[C@]3(C)[C@H]1[C@@H]2C,0
317.15,NC1CC1c1ccccc1,NC1CC1c1ccccc1,0
482.55,OC[C@H]1O[C@H](O[C@H]2O[C@H](CO)[C@@H](O)[C@H](O)[C@H]2O)[C@H](O)[C@@H](O)[C@@H]1O,OC[C@H]1O[C@H](O[C@H]2O[C@H](CO)[C@@H](O)[C@H](O)[C@H]2O)[C@H](O)[C@@H](O)[C@@H]1O,0
352.15,CC(=O)N(C(C)=O)C(C)=O,CC(=O)N(C(C)=O)C(C)=O,0
195.15,CC(=O)OCC(COC(C)=O)OC(C)=O,CC(=O)OCC(COC(C)=O)OC(C)=O,0
339.04999999999995,CCCCCCCCCCCCCCCCCCCCCCCCCCCCCC,CCCCCCCCCCCCCCCCCCCCCCCCCCCCCC,0
366.75,CCCCCCCCCCCCCCCCCCCCCCCCCCCCCC(=O)O,CCCCCCCCCCCCCCCCCCCCCCCCCCCCCC(=O)O,0
361.15,CCCCCCCCCCCCCCCCCCCCCCCCCCCCCCO,CCCCCCCCCCCCCCCCCCCCCCCCCCCCCCO,0
388.15,COCC[Hg]Cl,COCC[Hg]Cl,0
307.15,CC(C)N(C(=O)SCC(Cl)=C(Cl)Cl)C(C)C,CC(C)N(C(=O)SCC(Cl)=C(Cl)Cl)C(C)C,0
223.15,C=CCOP(=O)(OCC=C)OCC=C,C=CCOP(=O)(OCC=C)OCC=C,0
293.65,C=CCn1c(=O)n(CC=C)c(=O)n(CC=C)c1=O,C=CCn1c(=O)n(CC=C)c(=O)n(CC=C)c1=O,0
543.15,C[C@]12C=CC(=O)C=C1CC[C@H]1[C@@H]3C[C@@H](O)[C@](O)(C(=O)CO)[C@@]3(C)C[C@H](O)[C@@]12F,C[C@]12C=CC(=O)C=C1CC[C@H]1[C@@H]3C[C@@H](O)[C@](O)(C(=O)CO)[C@@]3(C)C[C@H](O)[C@@]12F,0
440.15,CN(C)P(=O)(N(C)C)n1nc(-c2ccccc2)nc1N,CN(C)P(=O)(N(C)C)n1nc(-c2ccccc2)nc1N,0
459.15,COc1nc(C)nc(NC(=O)NS(=O)(=O)c2ccccc2OCCCl)n1,COc1nc(C)nc(NC(=O)NS(=O)(=O)c2ccccc2OCCCl)n1,0
289.65,c1cnncn1,c1cnncn1,0
353.45,c1ncncn1,c1ncncn1,0
549.95,O=c1cn[nH]c(=O)[nH]1,O=c1cn[nH]c(=O)[nH]1,0
616.15,Nc1nc(N)nc(N)n1,Nc1nc(N)nc(N)n1,0
573.15,S=c1[nH]c(=S)[nH]c(=S)[nH]1,S=c1[nH]c(=S)[nH]c(=S)[nH]1,0
278.15,CCOP(=S)(OCC)Oc1ncn(-c2ccccc2)n1,CCOP(=S)(OCC)Oc1ncn(-c2ccccc2)n1,0
507.15,Cc1nnc2n1-c1ccc(Cl)cc1C(c1ccccc1Cl)=NC2,Cc1nnc2n1-c1ccc(Cl)cc1C(c1ccccc1Cl)=NC2,0
428.95,Nc1ncn[nH]1,Nc1ncn[nH]1,0
296.15,c1cn[nH]n1,c1cn[nH]n1,0
393.15,c1nc[nH]n1,c1nc[nH]n1,0
484.65,Nc1n[nH]c(N)n1,Nc1n[nH]c(N)n1,0
365.35,c1ccc(CN(Cc2ccccc2)Cc2ccccc2)cc1,c1ccc(CN(Cc2ccccc2)Cc2ccccc2)cc1,0
405.15,O=C(O)C(Br)(Br)Br,O=C(O)C(Br)(Br)Br,0
394.15,Nc1c(Br)cc(Br)cc1Br,Nc1c(Br)cc(Br)cc1Br,0
317.65,Brc1ccc(Br)c(Br)c1,Brc1ccc(Br)c(Br)c1,0
394.95,Brc1cc(Br)cc(Br)c1,Brc1cc(Br)cc(Br)c1,0
254.15,CC(Br)C(Br)CBr,CC(Br)C(Br)CBr,0
256.15,BrCCC(Br)CBr,BrCCC(Br)CBr,0
274.04999999999995,CC(Br)C(C)(Br)Br,CC(Br)C(C)(Br)Br,0
328.15,ClC(Br)(Br)Br,ClC(Br)(Br)Br,0
243.95,BrCC(Br)Br,BrCC(Br)Br,0
354.15,OCC(Br)(Br)Br,OCC(Br)(Br)Br,0
199.55,FC(Br)(Br)Br,FC(Br)(Br)Br,0
281.84,BrC(Br)Br,BrC(Br)Br,0
361.15,COc1c(Br)cc(Br)cc1Br,COc1c(Br)cc(Br)cc1Br,0
357.15,Cc1c(Br)cc(Br)c(O)c1Br,Cc1c(Br)cc(Br)c(O)c1Br,0
442.15,CC(C)(O)C(Br)(Br)Br,CC(C)(O)C(Br)(Br)Br,0
283.15,O=[N+]([O-])C(Br)(Br)Br,O=[N+]([O-])C(Br)(Br)Br,0
368.15,Oc1c(Br)cc(Br)cc1Br,Oc1c(Br)cc(Br)cc1Br,0
287.15,BrCC(Br)CBr,BrCC(Br)CBr,0
302.15,Brc1cc(Br)c(Br)s1,Brc1cc(Br)c(Br)s1,0
203.15,CCCCN(CCCC)CCCC,CCCCN(CCCC)CCCC,0
203.15,CCCCOB(OCCCC)OCCCC,CCCCOB(OCCCC)OCCCC,0
533.15,CCCC[Sn](F)(CCCC)CCCC,CCCC[Sn](F)(CCCC)CCCC,0
405.65,CC(C)(C)c1cc(C(C)(C)C)c(O)c(C(C)(C)C)c1,CC(C)(C)c1cc(C(C)(C)C)c(O)c(C(C)(C)C)c1,0
248.15,CCCCSP(=O)(SCCCC)SCCCC,CCCCSP(=O)(SCCCC)SCCCC,0
198.15,CCCC(=O)OCC(COC(=O)CCC)OC(=O)CCC,CCCC(=O)OCC(COC(=O)CCC)OC(=O)CCC,0
355.35,COP(=O)(OC)C(O)C(Cl)(Cl)Cl,COP(=O)(OC)C(O)C(Cl)(Cl)Cl,0
215.65,O=CC(Cl)(Cl)Cl,O=CC(Cl)(Cl)Cl,0
415.15,NC(=O)C(Cl)(Cl)Cl,NC(=O)C(Cl)(Cl)Cl,0
332.25,O=C(O)C(Cl)(Cl)Cl,O=C(O)C(Cl)(Cl)Cl,0
231.15,N#CC(Cl)(Cl)Cl,N#CC(Cl)(Cl)Cl,0
346.15,Nc1ccc(Cl)c(Cl)c1Cl,Nc1ccc(Cl)c(Cl)c1Cl,0
369.65,Nc1cc(Cl)c(Cl)cc1Cl,Nc1cc(Cl)c(Cl)cc1Cl,0
351.65,Nc1c(Cl)cc(Cl)cc1Cl,Nc1c(Cl)cc(Cl)cc1Cl,0
360.45,O=Cc1c(Cl)ccc(Cl)c1Cl,O=Cc1c(Cl)ccc(Cl)c1Cl,0
326.15,Clc1cccc(Cl)c1Cl,Clc1cccc(Cl)c1Cl,0
290.15,Clc1ccc(Cl)c(Cl)c1,Clc1ccc(Cl)c(Cl)c1,0
335.95,Clc1cc(Cl)cc(Cl)c1,Clc1cc(Cl)cc(Cl)c1,0
433.55,O=C(O)Cc1c(Cl)ccc(Cl)c1Cl,O=C(O)Cc1c(Cl)ccc(Cl)c1Cl,0
403.15,Oc1cc(Cl)c(Cl)c(Cl)c1O,Oc1cc(Cl)c(Cl)c(Cl)c1O,0
402.65,O=C(O)c1c(Cl)ccc(Cl)c1Cl,O=C(O)c1c(Cl)ccc(Cl)c1Cl,0
350.15,Clc1cc(Cl)c(-c2ccccc2)cc1Cl,Clc1cc(Cl)c(-c2ccccc2)cc1Cl,0
334.25,Clc1cc(Cl)c(-c2ccccc2)c(Cl)c1,Clc1cc(Cl)c(-c2ccccc2)c(Cl)c1,0
382.15,Clc1ccc(C(c2ccc(Cl)cc2)C(Cl)(Cl)Cl)cc1,Clc1ccc(C(c2ccc(Cl)cc2)C(Cl)(Cl)Cl)cc1,0
527.55,O=C(Nc1ccc(Cl)cc1)Nc1ccc(Cl)c(Cl)c1,O=C(Nc1ccc(Cl)cc1)Nc1ccc(Cl)c(Cl)c1,0
123.14999999999998,FC(F)(Cl)C(Cl)Cl,FC(F)(Cl)C(Cl)Cl,0
99.14999999999998,FC(Cl)C(F)(Cl)Cl,FC(Cl)C(F)(Cl)Cl,0
448.15,Cc1c(Cl)c(C)c(Cl)c(O)c1Cl,Cc1c(Cl)c(C)c(Cl)c(O)c1Cl,0
338.15,ClC(Cl)(Cl)C(c1ccccc1)c1ccccc1,ClC(Cl)(Cl)C(c1ccccc1)c1ccccc1,0
243.15,CC(Cl)(Cl)Cl,CC(Cl)(Cl)Cl,0
236.85,ClCC(Cl)Cl,ClCC(Cl)Cl,0
292.15,OCC(Cl)(Cl)Cl,OCC(Cl)(Cl)Cl,0
188.45,ClC=C(Cl)Cl,ClC=C(Cl)Cl,0
329.65,CCOC(O)C(Cl)(Cl)Cl,CCOC(O)C(Cl)(Cl)Cl,0
138.14999999999998,CCO[Si](Cl)(Cl)Cl,CCO[Si](Cl)(Cl)Cl,0
415.15,O=C(O)[C@H]1O[C@@H](OCC(Cl)(Cl)Cl)[C@H](O)[C@@H](O)[C@@H]1O,O=C(O)[C@H]1O[C@@H](OCC(Cl)(Cl)Cl)[C@H](O)[C@@H](O)[C@@H]1O,0
167.54999999999998,CC[Si](Cl)(Cl)Cl,CC[Si](Cl)(Cl)Cl,0
168.45,FC(Cl)(Cl)CCl,FC(Cl)(Cl)CCl,0
162.70999999999998,FC(Cl)(Cl)Cl,FC(Cl)(Cl)Cl,0
275.15,FC(F)(F)C(F)(Cl)C(Cl)(Cl)C(F)(F)F,FC(F)(F)C(F)(Cl)C(Cl)(Cl)C(F)(F)F,0
393.15,O=CNC(O)C(Cl)(Cl)Cl,O=CNC(O)C(Cl)(Cl)Cl,0
334.15,N#CC(O)C(Cl)(Cl)Cl,N#CC(O)C(Cl)(Cl)Cl,0
209.68,ClC(Cl)Cl,ClC(Cl)Cl,0
413.65,O=S(=O)(Cl)C(Cl)(Cl)Cl,O=S(=O)(Cl)C(Cl)(Cl)Cl,0
543.15,NS(=O)(=O)c1cc2c(cc1Cl)NC(C(Cl)Cl)NS2(=O)=O,NS(=O)(=O)c1cc2c(cc1Cl)NC(C(Cl)Cl)NS2(=O)=O,0
350.65,COc1cc(Cl)c(Cl)cc1Cl,COc1cc(Cl)c(Cl)cc1Cl,0
334.65,COc1c(Cl)cc(Cl)cc1Cl,COc1c(Cl)cc(Cl)cc1Cl,0
355.54999999999995,Cc1cc(Cl)c(Cl)cc1Cl,Cc1cc(Cl)c(Cl)cc1Cl,0
256.15,ClC(Cl)(Cl)c1ccccc1,ClC(Cl)(Cl)c1ccccc1,0
350.15,Cc1cc(Cl)c(Cl)c(Cl)c1O,Cc1cc(Cl)c(Cl)c(Cl)c1O,0
339.65,Cc1cc(Cl)c(O)c(Cl)c1Cl,Cc1cc(Cl)c(O)c(Cl)c1Cl,0
319.15,Cc1c(Cl)cc(Cl)c(O)c1Cl,Cc1c(Cl)cc(Cl)c(O)c1Cl,0
372.15,CC(C)(O)C(Cl)(Cl)Cl,CC(C)(O)C(Cl)(Cl)Cl,0
330.65,O=[N+]([O-])c1cc(Cl)c(Cl)cc1Cl,O=[N+]([O-])c1cc(Cl)c(Cl)cc1Cl,0
203.75,O=[N+]([O-])C(Cl)(Cl)Cl,O=[N+]([O-])C(Cl)(Cl)Cl,0
364.15,O=[N+]([O-])c1c(O)c(Cl)cc(Cl)c1Cl,O=[N+]([O-])c1c(O)c(Cl)cc(Cl)c1Cl,0
201.15,FC(F)(Cl)C(F)(Cl)C(F)(F)Cl,FC(F)(Cl)C(F)(Cl)C(F)(F)Cl,0
353.15,Oc1ccc(Cl)c(Cl)c1Cl,Oc1ccc(Cl)c(Cl)c1Cl,0
335.15,Oc1cc(Cl)cc(Cl)c1Cl,Oc1cc(Cl)cc(Cl)c1Cl,0
331.15,Oc1c(Cl)ccc(Cl)c1Cl,Oc1c(Cl)ccc(Cl)c1Cl,0
341.54999999999995,Oc1cc(Cl)c(Cl)cc1Cl,Oc1cc(Cl)c(Cl)cc1Cl,0
342.65,Oc1c(Cl)cc(Cl)cc1Cl,Oc1c(Cl)cc(Cl)cc1Cl,0
374.15,Oc1cc(Cl)c(Cl)c(Cl)c1,Oc1cc(Cl)c(Cl)c(Cl)c1,0
428.35,O=C(O)COc1cc(Cl)c(Cl)cc1Cl,O=C(O)COc1cc(Cl)c(Cl)cc1Cl,0
322.15,CC(Cl)(Cl)C(=O)OCCOc1cc(Cl)c(Cl)cc1Cl,CC(Cl)(Cl)C(=O)OCCOc1cc(Cl)c(Cl)cc1Cl,0
416.15,NNc1c(Cl)cc(Cl)cc1Cl,NNc1c(Cl)cc(Cl)cc1Cl,0
214.25,ClCCC(Cl)Cl,ClCCC(Cl)Cl,0
259.35,ClCC(Cl)CCl,ClCC(Cl)CCl,0
320.15,CC(O)C(Cl)(Cl)Cl,CC(O)C(Cl)(Cl)Cl,0
243.15,C=CC(Cl)(Cl)Cl,C=CC(Cl)(Cl)Cl,0
295.65,Clc1cc(Cl)nc(Cl)n1,Clc1cc(Cl)nc(Cl)n1,0
418.85,Clc1nc(Cl)nc(Cl)n1,Clc1nc(Cl)nc(Cl)n1,0
271.15,ClCCN(CCCl)CCCl,ClCCN(CCCl)CCCl,0
287.517,FC(F)(F)C(Cl)(Cl)Cl,FC(F)(F)C(Cl)(Cl)Cl,0
236.95,FC(F)(Cl)C(F)(Cl)Cl,FC(F)(Cl)C(F)(Cl)Cl,0
178.14999999999998,C=C[Si](Cl)(Cl)Cl,C=C[Si](Cl)(Cl)Cl,0
332.15,CC(=O)O[C@@H]1C[C@H]2O[C@@H]3C=C(C)CC[C@]3(C)[C@]1(C)[C@@]21CO1,CC(=O)O[C@@H]1C[C@H]2O[C@@H]3C=C(C)CC[C@]3(C)[C@]1(C)[C@@]21CO1,0
393.65,O=P(O)(O)OCC(Cl)(Cl)Cl,O=P(O)(O)OCC(Cl)(Cl)Cl,0
423.85,O=C(O)COc1nc(Cl)c(Cl)cc1Cl,O=C(O)COc1nc(Cl)c(Cl)cc1Cl,0
320.54999999999995,CCCCCCCCCCCCCCCCCCCCCCC,CCCCCCCCCCCCCCCCCCCCCCC,0
342.15,CCCCCCCCCCCC(=O)CCCCCCCCCCC,CCCCCCCCCCCC(=O)CCCCCCCCCCC,0
284.15,Cc1ccccc1OP(=O)(Oc1ccccc1C)Oc1ccccc1C,Cc1ccccc1OP(=O)(Oc1ccccc1C)Oc1ccccc1C,0
298.65,Cc1cccc(OP(=O)(Oc2cccc(C)c2)Oc2cccc(C)c2)c1,Cc1cccc(OP(=O)(Oc2cccc(C)c2)Oc2cccc(C)c2)c1,0
350.65,Cc1ccc(OP(=O)(Oc2ccc(C)cc2)Oc2ccc(C)cc2)cc1,Cc1ccc(OP(=O)(Oc2ccc(C)cc2)Oc2ccc(C)cc2)cc1,0
460.45,Cc1cccc2sc3nncn3c12,Cc1cccc2sc3nncn3c12,0
340.65,CC1(C)C2CC3C(C2)C31C,CC1(C)C2CC3C(C2)C31C,0
453.15,NC12CC3CC(CC(C3)C1)C2,NC12CC3CC(CC(C3)C1)C2,0
543.25,C1C2CC3CC1CC(C2)C3,C1C2CC3CC1CC(C2)C3,0
287.15,CCCCCCCCCCCCC=O,CCCCCCCCCCCCC=O,0
267.79999999999995,CCCCCCCCCCCCC,CCCCCCCCCCCCC,0
387.45,O=C(O)CCCCCCCCCCCC(=O)O,O=C(O)CCCCCCCCCCCC(=O)O,0
283.15,CCCCCCCCCCCCC#N,CCCCCCCCCCCCC#N,0
315.0,CCCCCCCCCCCCC(=O)O,CCCCCCCCCCCCC(=O)O,0
304.15,CCCCCCCCCCCCCO,CCCCCCCCCCCCCO,0
301.15,CCCCCCCCCCCC(C)=O,CCCCCCCCCCCC(C)=O,0
306.15,CCCCCCC(=O)CCCCCC,CCCCCCC(=O)CCCCCC,0
250.08,C=CCCCCCCCCCCC,C=CCCCCCCCCCCC,0
235.15,CCCCCCCCCC[Al](CCCCCCCCCC)CCCCCCCCCC,CCCCCCCCCC[Al](CCCCCCCCCC)CCCCCCCCCC,0
300.15,CCCCCCCCCCCCCN,CCCCCCCCCCCCCN,0
272.85,CCCCCCCCCCCCCc1ccccc1,CCCCCCCCCCCCCc1ccccc1,0
287.15,CCCCCCCCCCCCCC1CCCCC1,CCCCCCCCCCCCCC1CCCCC1,0
274.15,C#CCCCCCCCCCCC,C#CCCCCCCCCCCC,0
315.25,Clc1cc(Cl)cc(C2(CC(Cl)(Cl)Cl)CO2)c1,Clc1cc(Cl)cc(C2(CC(Cl)(Cl)Cl)CO2)c1,0
288.85,CCCCCCCCCCCCN(CCCCCCCCCCCC)CCCCCCCCCCCC,CCCCCCCCCCCCN(CCCCCCCCCCCC)CCCCCCCCCCCC,0
294.65,OCCN(CCO)CCO,OCCN(CCO)CCO,0
316.65,CCOc1cc(OCC)cc(OCC)c1,CCOc1cc(OCC)cc(OCC)c1,0
225.01,CC[Al](CC)CC,CC[Al](CC)CC,0
158.45,CCN(CC)CC,CCN(CC)CC,0
247.15,CCc1cccc(CC)c1CC,CCc1cccc(CC)c1CC,0
206.75,CCc1cc(CC)cc(CC)c1,CCc1cc(CC)cc(CC)c1,0
180.35,CCB(CC)CC,CCB(CC)CC,0
188.35,CCOB(OCC)OCC,CCOB(OCC)OCC,0
432.98,C1CN2CCN1CC2,C1CN2CCN1CC2,0
263.75,OCCOCCOCCO,OCCOCCOCCO,0
223.15,CC(=O)OCCOCCOCCOC(C)=O,CC(=O)OCCOCCOCCOC(C)=O,0
229.35,COCCOCCOCCOC,COCCOCCOCCOC,0
314.15,O=P(N1CC1)(N1CC1)N1CC1,O=P(N1CC1)(N1CC1)N1CC1,0
324.65,S=P(N1CC1)(N1CC1)N1CC1,S=P(N1CC1)(N1CC1)N1CC1,0
216.75,CCOP(=O)(OCC)OCC,CCOP(=O)(OCC)OCC,0
185.15,CCP(CC)CC,CCP(CC)CC,0
321.15,CCP(=O)(CC)CC,CCP(=O)(CC)CC,0
367.15,CCP(=S)(CC)CC,CCP(=S)(CC)CC,0
116.24999999999996,CC[SiH](CC)CC,CC[SiH](CC)CC,0
175.14999999999998,CC[Sb](CC)CC,CC[Sb](CC)CC,0
449.15,c1ccc(C(c2ccccc2)(c2ccccc2)N2CCOCC2)cc1,c1ccc(C(c2ccccc2)(c2ccccc2)N2CCOCC2)cc1,0
336.65,CCCOCC(=Nc1ccc(Cl)cc1C(F)(F)F)n1ccnc1,CCCOCC(=Nc1ccc(Cl)cc1C(F)(F)F)n1ccnc1,0
346.95,NC(=O)C(F)(F)F,NC(=O)C(F)(F)F,0
257.95,O=C(O)C(F)(F)F,O=C(O)C(F)(F)F,0
208.15,O=C(OC(=O)C(F)(F)F)C(F)(F)F,O=C(OC(=O)C(F)(F)F)C(F)(F)F,0
127.14999999999998,O=C(Cl)C(F)(F)F,O=C(Cl)C(F)(F)F,0
267.65,Fc1cc(F)cc(F)c1,Fc1cc(F)cc(F)c1,0
161.34999999999997,CC(F)(F)F,CC(F)(F)F,0
189.15,FCC(F)F,FCC(F)F,0
229.15,OCC(F)(F)F,OCC(F)(F)F,0
117.96999999999996,FC(F)F,FC(F)F,0
318.15,O=S(=O)(O)C(F)(F)F,O=S(=O)(O)C(F)(F)F,0
308.65,Nc1ccccc1C(F)(F)F,Nc1ccccc1C(F)(F)F,0
278.65,Nc1cccc(C(F)(F)F)c1,Nc1cccc(C(F)(F)F)c1,0
311.15,Nc1ccc(C(F)(F)F)cc1,Nc1ccc(C(F)(F)F)cc1,0
244.16,FC(F)(F)c1ccccc1,FC(F)(F)c1ccccc1,0
287.65,N#Cc1cccc(C(F)(F)F)c1,N#Cc1cccc(C(F)(F)F)c1,0
310.65,N#Cc1ccc(C(F)(F)F)cc1,N#Cc1ccc(C(F)(F)F)cc1,0
116.14999999999998,FC(F)OC(F)(F)F,FC(F)OC(F)(F)F,0
318.65,Oc1ccccc1C(F)(F)F,Oc1ccccc1C(F)(F)F,0
272.25,Oc1cccc(C(F)(F)F)c1,Oc1cccc(C(F)(F)F)c1,0
406.65,O=C(O)c1ccccc1Nc1cccc(C(F)(F)F)c1,O=C(O)c1ccccc1Nc1cccc(C(F)(F)F)c1,0
200.15,C[Si](F)(F)F,C[Si](F)(F)F,0
149.14999999999998,FC(F)(F)[SiH3],FC(F)(F)[SiH3],0
132.14999999999998,FC(F)C(F)(F)OC(F)(F)F,FC(F)C(F)(F)OC(F)(F)F,0
312.15,O=C(CC(=O)C(F)(F)F)c1ccccc1,O=C(CC(=O)C(F)(F)F)c1ccccc1,0
233.15,O=C(c1ccccc1)C(F)(F)F,O=C(c1ccccc1)C(F)(F)F,0
255.15,F[Si](F)(F)c1ccccc1,F[Si](F)(F)c1ccccc1,0
221.15,C[C@H](O)C(F)(F)F,C[C@H](O)C(F)(F)F,0
315.95,O=C(CC(=O)C(F)(F)F)c1cccs1,O=C(CC(=O)C(F)(F)F)c1cccs1,0
322.75,CCCN(CCC)c1c([N+](=O)[O-])cc(C(F)(F)F)cc1[N+](=O)[O-],CCCN(CCC)c1c([N+](=O)[O-])cc(C(F)(F)F)cc1[N+](=O)[O-],0
428.15,O=CNC(N1CCN(C(NC=O)C(Cl)(Cl)Cl)CC1)C(Cl)(Cl)Cl,O=CNC(N1CCN(C(NC=O)C(Cl)(Cl)Cl)CC1)C(Cl)(Cl)Cl,0
283.65,[BH3-][n+]1ccccc1,[BH3-][n+]1ccccc1,0
586.15,O=C1c2ccccc2C(=O)c2c1cc(O)c(O)c2O,O=C1c2ccccc2C(=O)c2c1cc(O)c(O)c2O,0
532.15,O=C1c2ccccc2C(=O)c2c(O)c(O)cc(O)c21,O=C1c2ccccc2C(=O)c2c(O)c(O)cc(O)c21,0
494.15,O=C(O)c1ccc(O)c(O)c1O,O=C(O)c1ccc(O)c(O)c1O,0
373.15,O=C(O)c1c(O)cc(O)cc1O,O=C(O)c1c(O)cc(O)cc1O,0
535.15,O=C(O)c1cc(O)c(O)c(O)c1,O=C(O)c1cc(O)c(O)c(O)c1,0
413.65,O=C(c1ccccc1)c1ccc(O)c(O)c1O,O=C(c1ccccc1)c1ccc(O)c(O)c1O,0
473.15,O=C(/C=C/c1ccc(O)cc1)c1ccc(O)cc1O,O=C(/C=C/c1ccc(O)cc1)c1ccc(O)cc1O,0
375.15,O=C(O)CCCCCCCC(O)C(O)CCCCCCO,O=C(O)CCCCCCCC(O)C(O)CCCCCCO,0
530.15,Cc1cc(O)c2c(c1)C(=O)c1cc(O)cc(O)c1C2=O,Cc1cc(O)c2c(c1)C(=O)c1cc(O)cc(O)c1C2=O,0
374.65,O=C(O)CCCCCCC[C@@H](O)[C@H](O)CCCCCCCCO,O=C(O)CCCCCCC[C@@H](O)[C@H](O)CCCCCCCCO,0
537.15,O=c1cc(-c2ccccc2)oc2cc(O)c(O)c(O)c12,O=c1cc(-c2ccccc2)oc2cc(O)c(O)c(O)c12,0
426.95,CCCC(=O)c1cc(O)c(O)cc1O,CCCC(=O)c1cc(O)c(O)cc1O,0
446.15,CC(=O)c1ccc(O)c(O)c1O,CC(=O)c1ccc(O)c(O)c1O,0
494.15,CC(=O)c1c(O)cc(O)cc1O,CC(=O)c1c(O)cc(O)cc1O,0
448.65,CCC(=O)c1c(O)cc(O)cc1O,CCC(=O)c1c(O)cc(O)cc1O,0
573.15,O=c1cc2oc3cc(O)c(O)cc3c(-c3ccccc3)c-2cc1O,O=c1cc2oc3cc(O)c(O)cc3c(-c3ccccc3)c-2cc1O,0
503.75,O=C(O)c1cc(I)cc(I)c1I,O=C(O)c1cc(I)cc(I)c1I,0
393.15,IC(I)I,IC(I)I,0
432.95,Oc1c(I)cc(I)cc1I,Oc1c(I)cc(I)cc1I,0
473.15,O=C(O)CCc1cc(I)c(Oc2ccc(O)c(I)c2)c(I)c1,O=C(O)CCc1cc(I)c(Oc2ccc(O)c(I)c2)c(I)c1,0
279.15,CC(C)C[Al](CC(C)C)CC(C)C,CC(C)C[Al](CC(C)C)CC(C)C,0
251.35,CC(C)CN(CC(C)C)CC(C)C,CC(C)CN(CC(C)C)CC(C)C,0
318.15,CC(O)CN(CC(C)O)CC(C)O,CC(O)CN(CC(C)O)CC(C)O,0
264.15,CC(C)c1cc(C(C)C)cc(C(C)C)c1,CC(C)c1cc(C(C)C)cc(C(C)C)c1,0
317.15,CCN(CC)CC(=O)Nc1c(C)cc(C)cc1C,CCN(CC)CC(=O)Nc1c(C)cc(C)cc1C,0
435.15,O=C(O)c1ccc2c(c1)C(=O)OC2=O,O=C(O)c1ccc2c(c1)C(=O)OC2=O,0
341.15,CC(CN(C)C)CN1c2ccccc2Sc2ccccc21,CC(CN(C)C)CN1c2ccccc2Sc2ccccc21,0
301.65,CCOP(=S)(OCC)SCC(=O)NC(C)C,CCOP(=S)(OCC)SCC(=O)NC(C)C,0
472.15,COc1cc(Cc2cnc(N)nc2N)cc(OC)c1OC,COc1cc(Cc2cnc(N)nc2N)cc(OC)c1OC,0
385.95,COc1cc(N)cc(OC)c1OC,COc1cc(N)cc(OC)c1OC,0
387.15,COc1cc(OC)c(OC)cc1C=O,COc1cc(OC)c(OC)cc1C=O,0
345.65,COc1cc(C=O)cc(OC)c1OC,COc1cc(C=O)cc(OC)c1OC,0
321.65,COc1cccc(OC)c1OC,COc1cccc(OC)c1OC,0
327.65,COc1cc(OC)cc(OC)c1,COc1cc(OC)cc(OC)c1,0
308.65,COc1cc(CCN)cc(OC)c1OC,COc1cc(CCN)cc(OC)c1OC,0
276.15,COc1cc(CO)cc(OC)c1OC,COc1cc(CO)cc(OC)c1OC,0
418.15,COc1cc(OC)c(C(=O)O)cc1OC,COc1cc(OC)c(C(=O)O)cc1OC,0
444.15,COc1cc(C(=O)O)cc(OC)c1OC,COc1cc(C(=O)O)cc(OC)c1OC,0
355.15,COc1cc(C(=O)Cl)cc(OC)c1OC,COc1cc(C(=O)Cl)cc(OC)c1OC,0
471.65,COc1cc2c3cc1Oc1c(OC)c(OC)cc4c1[C@@H](Cc1ccc(O)c(c1)Oc1ccc(cc1)C[C@@H]3N(C)CC2)N(C)CC4,COc1cc2c3cc1Oc1c(OC)c(OC)cc4c1[C@@H](Cc1ccc(O)c(c1)Oc1ccc(cc1)C[C@@H]3N(C)CC2)N(C)CC4,0
489.65,COc1cc2c3cc1Oc1c(OC)c(OC)cc4c1[C@H](Cc1ccc(cc1)Oc1cc(ccc1O)C[C@H]3N(C)CC2)N(C)CC4,COc1cc2c3cc1Oc1c(OC)c(OC)cc4c1[C@H](Cc1ccc(cc1)Oc1cc(ccc1O)C[C@H]3N(C)CC2)N(C)CC4,0
388.65,CC[C@H]1CN2CCc3cc(OC)c(OC)cc3[C@@H]2C[C@@H]1C[C@H]1NCCc2cc(O)c(OC)cc21,CC[C@H]1CN2CCc3cc(OC)c(OC)cc3[C@@H]2C[C@@H]1C[C@H]1NCCc2cc(O)c(OC)cc21,0
450.15,COc1ccc2c(OC)c3ccoc3nc2c1OC,COc1ccc2c(OC)c3ccoc3nc2c1OC,0
288.15,COC(OC)OC,COC(OC)OC,0
288.42,C[Al](C)C,C[Al](C)C,0
156.04999999999998,CN(C)C,CN(C)C,0
368.65,[B][N+](C)(C)C,[B][N+](C)(C)C,0
529.15,C[N+](C)(C)[O-],C[N+](C)(C)[O-],0
341.15,Cc1cc(C)c(N)cc1C,Cc1cc(C)c(N)cc1C,0
268.25,Cc1cc(C)c(N)c(C)c1,Cc1cc(C)c(N)c(C)c1,0
186.61,C[As](C)C,C[As](C)C,0
287.15,Cc1cc(C)c(C=O)c(C)c1,Cc1cc(C)c(C=O)c(C)c1,0
247.83,Cc1cccc(C)c1C,Cc1cccc(C)c1C,0
229.35,Cc1ccc(C)c(C)c1,Cc1ccc(C)c(C)c1,0
228.46,Cc1cc(C)cc(C)c1,Cc1cc(C)cc(C)c1,0
443.15,Cc1cc(O)c(C)c(C)c1O,Cc1cc(O)c(C)c(C)c1O,0
260.15,COC(=O)c1ccc(C(=O)OC)c(C(=O)OC)c1,COC(=O)c1ccc(C(=O)OC)c(C(=O)OC)c1,0
429.65,Cc1cc(C)c(C(=O)O)c(C)c1,Cc1cc(C)c(C(=O)O)c(C)c1,0
314.65,CC1(C)[C@@H]2CC[C@@](C)(C2)[C@@H]1O,CC1(C)[C@@H]2CC[C@@](C)(C2)[C@@H]1O,0
386.15,CC12C=CC(CC1)C2(C)C,CC12C=CC(CC1)C2(C)C,0
297.15,CC1=C[C@H](O)[C@@H]2C[C@H]1C2(C)C,CC1=C[C@H](O)[C@@H]2C[C@H]1C2(C)C,0
288.65,CC1=C[C@H](O)[C@H]2C[C@@H]1C2(C)C,CC1=C[C@H](O)[C@H]2C[C@@H]1C2(C)C,0
113.21999999999996,CB(C)C,CB(C)C,0
243.85,COB(OC)OC,COB(OC)OC,0
248.59,CC(C)C(C)(C)C,CC(C)C(C)(C)C,0
290.15,CC(C)(C)C(C)(C)O,CC(C)(C)C(C)(C)O,0
162.14999999999998,C=C(C)C(C)(C)C,C=C(C)C(C)(C)C,0
217.98,C[Si](C)(C)Cl,C[Si](C)(C)Cl,0
352.45,COC(=O)CC(O)(CC(=O)OC)C(=O)OC,COC(=O)CC(O)(CC(=O)OC)C(=O)OC,0
243.95,CC1CCCCC1(C)C,CC1CCCCC1(C)C,0
204.65,CC1CCCC(C)(C)C1,CC1CCCC(C)(C)C1,0
189.65,C[C@H]1CC[C@H](C)[C@@H](C)C1,C[C@H]1CC[C@H](C)[C@@H](C)C1,0
165.74999999999997,CC1CC(C)CC(C)C1,CC1CC(C)CC(C)C1,0
310.45,C[C@@H]1C[C@H](O)CC(C)(C)C1,C[C@@H]1C[C@H](O)CC(C)(C)C1,0
328.95,C[C@@H]1C[C@@H](O)CC(C)(C)C1,C[C@@H]1C[C@@H](O)CC(C)(C)C1,0
241.35,CC1CCCC(C)(C)C1=O,CC1CCCC(C)(C)C1=O,0
251.45,CC1CCCC1(C)C,CC1CCCC1(C)C,0
130.64999999999998,CC1CCC(C)(C)C1,CC1CCC(C)(C)C1,0
142.14999999999998,CC1CC(C)C(C)C1,CC1CC(C)C(C)C1,0
142.34999999999997,CC1C[C@@H](C)[C@H](C)C1,CC1C[C@@H](C)[C@H](C)C1,0
232.55,CC1CC(=O)C(C)(C)C1,CC1CC(=O)C(C)(C)C1,0
247.55,CC1CC(C)(C)CC1=O,CC1CC(C)(C)CC1=O,0
134.95,CC1CC1(C)C,CC1CC1(C)C,0
168.14999999999998,CC(C)CCCC(C)(C)C,CC(C)CCCC(C)(C)C,0
151.14999999999998,CCC(C)CC(C)(C)C,CCC(C)CC(C)(C)C,0
167.24999999999997,CC(C)CCC(C)(C)C,CC(C)CCC(C)(C)C,0
156.34999999999997,CCCC(C)(C)C(C)C,CCCC(C)(C)C(C)C,0
145.24999999999997,CC(C)CC(C)C(C)C,CC(C)CC(C)C(C)C,0
159.74999999999997,CCC(C)(C)CC(C)C,CCC(C)(C)CC(C)C,0
171.95,CCC(C)C(C)(C)CC,CCC(C)C(C)(C)CC,0
311.15,Cc1ccc([Si](C)(C)C)cc1,Cc1ccc([Si](C)(C)C)cc1,0
337.15,Cc1ccc(C)c2c(C)cccc12,Cc1ccc(C)c2c(C)cccc12,0
317.15,Cc1cc(C)c([N+](=O)[O-])c(C)c1,Cc1cc(C)c([N+](=O)[O-])c(C)c1,0
333.35,CCC(CO)(CO)CO,CCC(CO)(CO)CO,0
319.15,CN1C(=O)OC(C)(C)C1=O,CN1C(=O)OC(C)(C)C1=O,0
160.74999999999997,CCC(C)C(C)(C)C,CCC(C)C(C)(C)C,0
165.78999999999996,CC(C)CC(C)(C)C,CC(C)CC(C)(C)C,0
171.95,CCC(C)(C)C(C)C,CCC(C)(C)C(C)C,0
163.84999999999997,CC(C)C(C)C(C)C,CC(C)C(C)C(C)C,0
328.35,CC(C)C(O)C(C)(C)CO,CC(C)C(O)C(C)(C)CO,0
253.15,CC(C)(C)CC(C)(C)O,CC(C)(C)CC(C)(C)O,0
260.15,CC(C)C(O)C(C)(C)C,CC(C)C(O)C(C)(C)C,0
204.15,C=C(C)C(C)(C)CC,C=C(C)C(C)(C)CC,0
179.45,C=C(C)CC(C)(C)C,C=C(C)CC(C)(C)C,0
159.74999999999997,CC(C)=C(C)C(C)C,CC(C)=C(C)C(C)C,0
166.74999999999997,CC(C)=CC(C)(C)C,CC(C)=CC(C)(C)C,0
354.15,Cc1ccc(O)c(C)c1C,Cc1ccc(O)c(C)c1C,0
368.15,Cc1cc(C)c(C)c(O)c1,Cc1cc(C)c(C)c(O)c1,0
336.15,Cc1ccc(C)c(O)c1C,Cc1ccc(C)c(O)c1C,0
344.75,Cc1cc(C)c(O)cc1C,Cc1cc(C)c(O)cc1C,0
345.25,Cc1cc(C)c(O)c(C)c1,Cc1cc(C)c(O)c(C)c1,0
381.15,Cc1cc(O)cc(C)c1C,Cc1cc(O)cc(C)c1C,0
218.15,C[Si](C)(C)Oc1ccccc1,C[Si](C)(C)Oc1ccccc1,0
227.15,COP(=O)(OC)OC,COP(=O)(OC)OC,0
188.15,CP(C)C,CP(C)C,0
310.15,Cc1cc(C)n(C)n1,Cc1cc(C)n(C)n1,0
228.85,Cc1cc(C)nc(C)c1,Cc1cc(C)nc(C)c1,0
374.15,Cc1ccc2cc(N(C)C)ccc2n1,Cc1ccc2cc(N(C)C)ccc2n1,0
137.24999999999997,C[SiH](C)C,C[SiH](C)C,0
211.15,C[Sb](C)C,C[Sb](C)C,0
360.65,CNC(=S)N(C)C,CNC(=S)N(C)C,0
373.15,C[Si]1(c2ccccc2)O[Si](C)(c2ccccc2)O[Si](C)(c2ccccc2)O1,C[Si]1(c2ccccc2)O[Si](C)(c2ccccc2)O[Si](C)(c2ccccc2)O1,0
347.15,CNC(=O)N(C)C,CNC(=O)N(C)C,0
318.15,N#CC([N+](=O)[O-])([N+](=O)[O-])[N+](=O)[O-],N#CC([N+](=O)[O-])([N+](=O)[O-])[N+](=O)[O-],0
463.15,Nc1c([N+](=O)[O-])cc([N+](=O)[O-])cc1[N+](=O)[O-],Nc1c([N+](=O)[O-])cc([N+](=O)[O-])cc1[N+](=O)[O-],0
394.45,O=[N+]([O-])c1cc([N+](=O)[O-])cc([N+](=O)[O-])c1,O=[N+]([O-])c1cc([N+](=O)[O-])cc([N+](=O)[O-])c1,0
451.15,O=[N+]([O-])c1cc([N+](=O)[O-])c(O)c([N+](=O)[O-])c1O,O=[N+]([O-])c1cc([N+](=O)[O-])c(O)c([N+](=O)[O-])c1O,0
502.15,O=C(O)c1c([N+](=O)[O-])cc([N+](=O)[O-])cc1[N+](=O)[O-],O=C(O)c1c([N+](=O)[O-])cc([N+](=O)[O-])cc1[N+](=O)[O-],0
448.95,O=C1c2cc([N+](=O)[O-])ccc2-c2c1cc([N+](=O)[O-])cc2[N+](=O)[O-],O=C1c2cc([N+](=O)[O-])ccc2-c2c1cc([N+](=O)[O-])cc2[N+](=O)[O-],0
285.95,O=[N+]([O-])OCC(CO[N+](=O)[O-])O[N+](=O)[O-],O=[N+]([O-])OCC(CO[N+](=O)[O-])O[N+](=O)[O-],0
299.15,O=[N+]([O-])C([N+](=O)[O-])[N+](=O)[O-],O=[N+]([O-])C([N+](=O)[O-])[N+](=O)[O-],0
394.15,O=[N+]([O-])c1cc([N+](=O)[O-])c(O)c([N+](=O)[O-])c1,O=[N+]([O-])c1cc([N+](=O)[O-])c(O)c([N+](=O)[O-])c1,0
354.04999999999995,Cc1c([N+](=O)[O-])cc([N+](=O)[O-])cc1[N+](=O)[O-],Cc1c([N+](=O)[O-])cc([N+](=O)[O-])cc1[N+](=O)[O-],0
524.25,O=[N+]([O-])c1cc([N+](=O)[O-])c(Nc2c([N+](=O)[O-])cc([N+](=O)[O-])cc2[N+](=O)[O-])c([N+](=O)[O-])c1,O=[N+]([O-])c1cc([N+](=O)[O-])c(Nc2c([N+](=O)[O-])cc([N+](=O)[O-])cc2[N+](=O)[O-])c([N+](=O)[O-])c1,0
211.15,CCCCCCCC[Al](CCCCCCCC)CCCCCCCC,CCCCCCCC[Al](CCCCCCCC)CCCCCCCC,0
238.65,CCCCCCCCN(CCCCCCCC)CCCCCCCC,CCCCCCCCN(CCCCCCCC)CCCCCCCC,0
326.65,CCCCCCCCP(=O)(CCCCCCCC)CCCCCCCC,CCCCCCCCP(=O)(CCCCCCCC)CCCCCCCC,0
333.15,C1OCOCO1,C1OCOCO1,0
510.15,C[C@H](CCC(=O)O)[C@H]1CC[C@H]2[C@@H]3C(=O)C[C@@H]4CC(=O)CC[C@]4(C)[C@H]3CC(=O)[C@]12C,C[C@H](CCC(=O)O)[C@H]1CC[C@H]2[C@@H]3C(=O)C[C@@H]4CC(=O)CC[C@]4(C)[C@H]3CC(=O)[C@]12C,0
399.65,c1ccc(N(c2ccccc2)c2ccccc2)cc1,c1ccc(N(c2ccccc2)c2ccccc2)cc1,0
333.15,c1ccc([As](c2ccccc2)c2ccccc2)cc1,c1ccc([As](c2ccccc2)c2ccccc2)cc1,0
465.15,O=[As](c1ccccc1)(c1ccccc1)c1ccccc1,O=[As](c1ccccc1)(c1ccccc1)c1ccccc1,0
351.15,c1ccc([Bi](c2ccccc2)c2ccccc2)cc1,c1ccc([Bi](c2ccccc2)c2ccccc2)cc1,0
415.15,c1ccc(B(c2ccccc2)c2ccccc2)cc1,c1ccc(B(c2ccccc2)c2ccccc2)cc1,0
470.97,c1ccc2c(c1)c1ccccc1c1ccccc21,c1ccc2c(c1)c1ccccc1c1ccccc21,0
327.65,c1ccc(CC(c2ccccc2)c2ccccc2)cc1,c1ccc(CC(c2ccccc2)c2ccccc2)cc1,0
340.95,C(=C(c1ccccc1)c1ccccc1)c1ccccc1,C(=C(c1ccccc1)c1ccccc1)c1ccccc1,0
419.65,c1ccc(N=C(Nc2ccccc2)Nc2ccccc2)cc1,c1ccc(N=C(Nc2ccccc2)Nc2ccccc2)cc1,0
548.15,c1ccc(-c2nc(-c3ccccc3)c(-c3ccccc3)[nH]2)cc1,c1ccc(-c2nc(-c3ccccc3)c(-c3ccccc3)[nH]2)cc1,0
365.15,c1ccc(C(c2ccccc2)c2ccccc2)cc1,c1ccc(C(c2ccccc2)c2ccccc2)cc1,0
435.45,OC(c1ccccc1)(c1ccccc1)c1ccccc1,OC(c1ccccc1)(c1ccccc1)c1ccccc1,0
322.54,O=P(Oc1ccccc1)(Oc1ccccc1)Oc1ccccc1,O=P(Oc1ccccc1)(Oc1ccccc1)Oc1ccccc1,0
353.15,c1ccc(P(c2ccccc2)c2ccccc2)cc1,c1ccc(P(c2ccccc2)c2ccccc2)cc1,0
431.15,O=P(c1ccccc1)(c1ccccc1)c1ccccc1,O=P(c1ccccc1)(c1ccccc1)c1ccccc1,0
295.15,c1ccc(OP(Oc2ccccc2)Oc2ccccc2)cc1,c1ccc(OP(Oc2ccccc2)Oc2ccccc2)cc1,0
427.95,O[Si](c1ccccc1)(c1ccccc1)c1ccccc1,O[Si](c1ccccc1)(c1ccccc1)c1ccccc1,0
328.15,c1ccc([Sb](c2ccccc2)c2ccccc2)cc1,c1ccc([Sb](c2ccccc2)c2ccccc2)cc1,0
530.15,c1ccc(-c2nc(-c3ccccc3)nc(-c3ccccc3)n2)cc1,c1ccc(-c2nc(-c3ccccc3)nc(-c3ccccc3)n2)cc1,0
333.15,Cc1ccc(/C(=C\CN2CCCC2)c2ccccn2)cc1,Cc1ccc(/C(=C\CN2CCCC2)c2ccccn2)cc1,0
172.64999999999998,CCCN(CCC)CCC,CCCN(CCC)CCC,0
217.15,CCCB(CCC)CCC,CCCB(CCC)CCC,0
478.15,Nc1ccc(C(O)(c2ccc(N)cc2)c2ccc(N)cc2)cc1,Nc1ccc(C(O)(c2ccc(N)cc2)c2ccc(N)cc2)cc1,0
412.15,C1CN1c1nc(N2CC2)nc(N2CC2)n1,C1CN1c1nc(N2CC2)nc(N2CC2)n1,0
449.65,CN(C)c1ccc(C(c2ccc(N(C)C)cc2)c2ccc(N(C)C)cc2)cc1,CN(C)c1ccc(C(c2ccc(N(C)C)cc2)c2ccc(N(C)C)cc2)cc1,0
352.95,Cc1ccc(C)c(OP(=O)(Oc2cc(C)ccc2C)Oc2cc(C)ccc2C)c1,Cc1ccc(C)c(OP(=O)(Oc2cc(C)ccc2C)Oc2cc(C)ccc2C)c1,0
410.95,Cc1cccc(C)c1OP(=O)(Oc1c(C)cccc1C)Oc1c(C)cccc1C,Cc1cccc(C)c1OP(=O)(Oc1c(C)cccc1C)Oc1c(C)cccc1C,0
319.35,Cc1cc(C)cc(OP(=O)(Oc2cc(C)cc(C)c2)Oc2cc(C)cc(C)c2)c1,Cc1cc(C)cc(OP(=O)(Oc2cc(C)cc(C)c2)Oc2cc(C)cc(C)c2)c1,0
409.15,O=c1n(CCO)c(=O)n(CCO)c(=O)n1CCO,O=c1n(CCO)c(=O)n(CCO)c(=O)n1CCO,0
421.15,OCNc1nc(NCO)nc(NCO)n1,OCNc1nc(NCO)nc(NCO)n1,0
443.65,NC(CO)(CO)CO,NC(CO)(CO)CO,0
388.15,COc1ccc(C(Cl)=C(c2ccc(OC)cc2)c2ccc(OC)cc2)cc1,COc1ccc(C(Cl)=C(c2ccc(OC)cc2)c2ccc(OC)cc2)cc1,0
400.15,Cc1ccccc1P(c1ccccc1C)c1ccccc1C,Cc1ccccc1P(c1ccccc1C)c1ccccc1C,0
374.15,Cc1cccc(P(c2cccc(C)c2)c2cccc(C)c2)c1,Cc1cccc(P(c2cccc(C)c2)c2cccc(C)c2)c1,0
420.15,Cc1ccc(P(c2ccc(C)cc2)c2ccc(C)cc2)cc1,Cc1ccc(P(c2ccc(C)cc2)c2ccc(C)cc2)cc1,0
483.15,c1ccc(-c2nc(-c3ccccn3)nc(-c3ccccn3)n2)nc1,c1ccc(-c2nc(-c3ccccn3)nc(-c3ccccn3)n2)nc1,0
284.15,Cc1ccccc1OP(Oc1ccccc1C)Oc1ccccc1C,Cc1ccccc1OP(Oc1ccccc1C)Oc1ccccc1C,0
325.15,Cc1ccc(OP(Oc2ccc(C)cc2)Oc2ccc(C)cc2)cc1,Cc1ccc(OP(Oc2ccc(C)cc2)Oc2ccc(C)cc2)cc1,0
488.15,C1SCSCS1,C1SCSCS1,0
246.35,S=C(S)S,S=C(S)S,0
344.35,CCCCCCCCCCCCCCCCCCCCCCCCCCCCCCCCC,CCCCCCCCCCCCCCCCCCCCCCCCCCCCCCCCC,0
322.15,CN1[C@@H]2CC[C@H]1CC(OC(=O)c1ccccc1)C2,CN1[C@@H]2CC[C@H]1CC(OC(=O)c1ccccc1)C2,0
391.15,NCCc1c[nH]c2ccccc12,NCCc1c[nH]c2ccccc12,0
562.15,N[C@@H](Cc1c[nH]c2ccccc12)C(=O)O,N[C@@H](Cc1c[nH]c2ccccc12)C(=O)O,0
477.15,COc1cc2c3c(c1OC)-c1cc(O)ccc1C[C@H]3NCC2,COc1cc2c3c(c1OC)-c1cc(O)ccc1C[C@H]3NCC2,0
424.15,CC(=O)OC[C@]12C[C@H](OC(=O)CC(C)C)C(C)=C[C@H]1O[C@@H]1[C@H](O)[C@@H](OC(C)=O)[C@@]2(C)[C@]12CO2,CC(=O)OC[C@]12C[C@H](OC(=O)CC(C)C)C(C)=C[C@H]1O[C@@H]1[C@H](O)[C@@H](OC(C)=O)[C@@]2(C)[C@]12CO2,0
441.15,O=C(CO)[C@@H](O[C@H]1O[C@H](CO)[C@@H](O)[C@H](O)[C@H]1O)[C@H](O)[C@H](O)CO,O=C(CO)[C@@H](O[C@H]1O[C@H](CO)[C@@H](O)[C@H](O)[C@H]1O)[C@H](O)[C@H](O)CO,0
323.15,CCCCNC(=O)OCC(C)(CCC)COC(N)=O,CCCCNC(=O)OCC(C)(CCC)COC(N)=O,0
616.15,N[C@@H](Cc1ccc(O)cc1)C(=O)O,N[C@@H](Cc1ccc(O)cc1)C(=O)O,0
426.65,NC(=O)[C@@H](N)Cc1ccc(O)cc1,NC(=O)[C@@H](N)Cc1ccc(O)cc1,0
381.65,CCOC(=O)[C@@H](N)Cc1ccc(O)cc1,CCOC(=O)[C@@H](N)Cc1ccc(O)cc1,0
256.15,C#CCCCCCCCC#C,C#CCCCCCCCC#C,0
269.15,CCCCCCCCCCC=O,CCCCCCCCCCC=O,0
247.61,CCCCCCCCCCC,CCCCCCCCCCC,0
271.65,CCCCCCCCCCCS,CCCCCCCCCCCS,0
301.62,CCCCCCCCCCC(=O)O,CCCCCCCCCCC(=O)O,0
289.75,CCCCCCCCCCCO,CCCCCCCCCCCO,0
273.15,CCCCCCCCCC(C)O,CCCCCCCCCC(C)O,0
289.15,CCCCCCCCCC(C)=O,CCCCCCCCCC(C)=O,0
287.15,CCCCCC(=O)CCCCC,CCCCCC(=O)CCCCC,0
224.03,C=CCCCCCCCCC,C=CCCCCCCCCC,0
206.65,C/C=C\CCCCCCCC,C/C=C\CCCCCCCC,0
224.85,C/C=C/CCCCCCCC,C/C=C/CCCCCCCC,0
176.14999999999998,CCC/C=C\CCCCCC,CCC/C=C\CCCCCC,0
209.45,CCC/C=C/CCCCCC,CCC/C=C/CCCCCC,0
166.64999999999998,CCCC/C=C\CCCCC,CCCC/C=C\CCCCC,0
212.05,CCCC/C=C/CCCCC,CCCC/C=C/CCCCC,0
297.54999999999995,C=CCCCCCCCCC(=O)O,C=CCCCCCCCCC(=O)O,0
272.15,C=CCCCCCCCCCO,C=CCCCCCCCCCO,0
288.25,CCCCCCCCCCCN,CCCCCCCCCCCN,0
256.95,CCCCCCCCCCCc1ccccc1,CCCCCCCCCCCc1ccccc1,0
248.15,C#CCCCCCCCCC,C#CCCCCCCCCC,0
243.05,CC#CCCCCCCCC,CC#CCCCCCCCC,0
612.15,O=c1cc[nH]c(=O)[nH]1,O=c1cc[nH]c(=O)[nH]1,0
479.15,O=c1[nH]cc(N(CCCl)CCCl)c(=O)[nH]1,O=c1[nH]cc(N(CCCl)CCCl)c(=O)[nH]1,0
522.15,O=c1[nH][nH]c(=O)[nH]1,O=c1[nH][nH]c(=O)[nH]1,0
405.55,NC(N)=O,NC(N)=O,0
438.15,O=c1ccn([C@@H]2O[C@H](CO)[C@@H](O)[C@H]2O)c(=O)[nH]1,O=c1ccn([C@@H]2O[C@H](CO)[C@@H](O)[C@H]2O)c(=O)[nH]1,0
475.15,O=c1ccn([C@@H]2O[C@H](COP(=O)(O)O)[C@@H](O)[C@H]2O)c(=O)[nH]1,O=c1ccn([C@@H]2O[C@H](COP(=O)(O)O)[C@@H](O)[C@H]2O)c(=O)[nH]1,0
500.15,O=C(O)/C=C/c1cnc[nH]1,O=C(O)/C=C/c1cnc[nH]1,0
459.15,C[C@H]1[C@H](C)CC[C@]2(C)CC[C@]3(C)C(=CC[C@@H]4[C@@]5(C)CC[C@H](O)C(C)(C)[C@@H]5CC[C@]43C)[C@H]12,C[C@H]1[C@H](C)CC[C@]2(C)CC[C@]3(C)C(=CC[C@@H]4[C@@]5(C)CC[C@H](O)C(C)(C)[C@@H]5CC[C@]43C)[C@H]12,0
557.15,C[C@H]1[C@H](C)CC[C@]2(C(=O)O)CC[C@]3(C)C(=CC[C@@H]4[C@@]5(C)CC[C@H](O)C(C)(C)[C@@H]5CC[C@]43C)[C@H]12,C[C@H]1[C@H](C)CC[C@]2(C(=O)O)CC[C@]3(C)C(=CC[C@@H]4[C@@]5(C)CC[C@H](O)C(C)(C)[C@@H]5CC[C@]43C)[C@H]12,0
542.15,C[C@]12CC[C@H](O[C@@H]3O[C@H](CO)[C@@H](O)[C@H](O)[C@H]3O[C@@H]3O[C@H](CO)[C@@H](O)[C@H](O)[C@H]3O)C[C@@H]1CC[C@@H]1[C@@H]2CC[C@]2(C)[C@@H](C3=CC(=O)OC3)CC[C@]12O,C[C@]12CC[C@H](O[C@@H]3O[C@H](CO)[C@@H](O)[C@H](O)[C@H]3O[C@@H]3O[C@H](CO)[C@@H](O)[C@H](O)[C@H]3O)C[C@@H]1CC[C@@H]1[C@@H]2CC[C@]2(C)[C@@H](C3=CC(=O)OC3)CC[C@]12O,0
395.15,O=C[C@H](O)[C@@H](O)[C@H](O)[C@H](O)COC(=O)c1ccccc1,O=C[C@H](O)[C@@H](O)[C@H](O)[C@H](O)COC(=O)c1ccccc1,0
368.15,OCC1=C[C@H](N[C@H]2C[C@H](CO)[C@@H](O[C@@H]3O[C@H](CO)[C@@H](O)[C@H](O)[C@H]3O)[C@H](O)[C@H]2O)[C@H](O)[C@@H](O)[C@@H]1O,OCC1=C[C@H](N[C@H]2C[C@H](CO)[C@@H](O[C@@H]3O[C@H](CO)[C@@H](O)[C@H](O)[C@H]3O)[C@H](O)[C@H]2O)[C@H](O)[C@@H](O)[C@@H]1O,0
588.15,CC(C)[C@H](N)C(=O)O,CC(C)[C@H](N)C(=O)O,0
460.15,CC(C)[C@@H]1NC(=O)[C@H](C)OC(=O)[C@@H](C(C)C)NC(=O)[C@@H](C(C)C)OC(=O)[C@H](C(C)C)NC(=O)[C@H](C)OC(=O)[C@@H](C(C)C)NC(=O)[C@@H](C(C)C)OC(=O)[C@H](C(C)C)NC(=O)[C@H](C)OC(=O)[C@@H](C(C)C)NC(=O)[C@@H](C(C)C)OC1=O,CC(C)[C@@H]1NC(=O)[C@H](C)OC(=O)[C@@H](C(C)C)NC(=O)[C@@H](C(C)C)OC(=O)[C@H](C(C)C)NC(=O)[C@H](C)OC(=O)[C@@H](C(C)C)NC(=O)[C@@H](C(C)C)OC(=O)[C@H](C(C)C)NC(=O)[C@H](C)OC(=O)[C@@H](C(C)C)NC(=O)[C@@H](C(C)C)OC1=O,0
405.15,CN1C(=O)CN=C(c2ccccc2)c2cc(Cl)ccc21,CN1C(=O)CN=C(c2ccccc2)c2cc(Cl)ccc21,0
483.95,OC1CCN2Cc3ccccc3N=C12,OC1CCN2Cc3ccccc3N=C12,0
484.65,O[C@H]1CCN2Cc3ccccc3N=C12,O[C@H]1CCN2Cc3ccccc3N=C12,0
479.15,Cc1c([C@H](C)[C@@H]2NC[C@@H](C)C[C@H]2O)ccc2c1C[C@H]1[C@H]2CC=C2C[C@@H](O)CC[C@@]21C,Cc1c([C@H](C)[C@@H]2NC[C@@H](C)C[C@H]2O)ccc2c1C[C@H]1[C@H]2CC=C2C[C@@H](O)CC[C@@]21C,0
515.15,Cc1c([C@H](C)[C@@H]2NC[C@@H](C)C[C@H]2O)ccc2c1C[C@H]1[C@H]2CC=C2C[C@@H](O[C@@H]3O[C@H](CO)[C@@H](O)[C@H](O)[C@H]3O)CC[C@@]21C,Cc1c([C@H](C)[C@@H]2NC[C@@H](C)C[C@H]2O)ccc2c1C[C@H]1[C@H]2CC=C2C[C@@H](O[C@@H]3O[C@H](CO)[C@@H](O)[C@H](O)[C@H]3O)CC[C@@]21C,0
453.15,COc1ccc(C(=O)O[C@H]2CC[C@@]3(C)[C@@H]4CC[C@H]5[C@]6(O)C[C@H](O)[C@@]7(O)[C@@H](CN8C[C@@H](C)CC[C@H]8[C@@]7(C)O)[C@]6(O)C[C@@]53O[C@]24O)cc1OC,COc1ccc(C(=O)O[C@H]2CC[C@@]3(C)[C@@H]4CC[C@H]5[C@]6(O)C[C@H](O)[C@@]7(O)[C@@H](CN8C[C@@H](C)CC[C@H]8[C@@]7(C)O)[C@]6(O)C[C@@]53O[C@]24O)cc1OC,0
282.95,CC1=CC(=O)[C@@H]2C[C@H]1C2(C)C,CC1=CC(=O)[C@@H]2C[C@H]1C2(C)C,0
319.65,CCc1cc2c(cc1C(C)=O)C(C)(C)CCC2(C)C,CCc1cc2c(cc1C(C)=O)C(C)(C)CCC2(C)C,0
324.65,CC(C)=C1CCC2=CC(=O)C[C@@H](C)[C@]2(C)C1,CC(C)=C1CCC2=CC(=O)C[C@@H](C)[C@]2(C)C1,0
317.65,CC1=CC(=O)C[C@@H](C)[C@]12CCC(=C(C)C)C2,CC1=CC(=O)C[C@@H](C)[C@]12CCC(=C(C)C)C2,0
513.15,Nc1nc(N)c(O[C@@H]2O[C@H](CO)[C@@H](O)[C@H](O)[C@H]2O)c(=O)[nH]1,Nc1nc(N)c(O[C@@H]2O[C@H](CO)[C@@H](O)[C@H](O)[C@H]2O)c(=O)[nH]1,0
530.15,Nc1ncnc2c1ncn2[C@@H]1O[C@H](CO)[C@@H](O)[C@@H]1O,Nc1ncnc2c1ncn2[C@@H]1O[C@H](CO)[C@@H](O)[C@@H]1O,0
489.15,CC[C@]1(O)C[C@@H]2CN(CCc3c([nH]c4ccccc34)[C@@](C(=O)OC)(c3cc4c(cc3OC)N(C)[C@H]3[C@@](O)(C(=O)OC)[C@H](OC(C)=O)[C@]5(CC)C=CCN6CC[C@]43[C@@H]65)C2)C1,CC[C@]1(O)C[C@@H]2CN(CCc3c([nH]c4ccccc34)[C@@](C(=O)OC)(c3cc4c(cc3OC)N(C)[C@H]3[C@@](O)(C(=O)OC)[C@H](OC(C)=O)[C@]5(CC)C=CCN6CC[C@]43[C@@H]65)C2)C1,0
504.65,CC[C@]12CCCN3CCc4c(n(c5ccccc45)[C@@](O)(C(=O)OC)C1)[C@@H]32,CC[C@]12CCCN3CCc4c(n(c5ccccc45)[C@@](O)(C(=O)OC)C1)[C@@H]32,0
383.65,C=CC1(C)OC(=O)N(c2cc(Cl)cc(Cl)c2)C1=O,C=CC1(C)OC(=O)N(c2cc(Cl)cc(Cl)c2)C1=O,0
492.15,CC[C@]1(O)C[C@H]2CN(CCc3c([nH]c4ccccc34)[C@@](C(=O)OC)(c3cc4c(cc3OC)N(C=O)[C@H]3[C@@](O)(C(=O)OC)[C@H](OC(C)=O)[C@]5(CC)C=CCN6CC[C@]43[C@@H]65)C2)C1,CC[C@]1(O)C[C@H]2CN(CCc3c([nH]c4ccccc34)[C@@](C(=O)OC)(c3cc4c(cc3OC)N(C=O)[C@H]3[C@@](O)(C(=O)OC)[C@H](OC(C)=O)[C@]5(CC)C=CCN6CC[C@]43[C@@H]65)C2)C1,0
172.95,C=COC(C)=O,C=COC(C)=O,0
296.65,C=Cc1ccc(N)cc1,C=Cc1ccc(N)cc1,0
339.15,C=Cn1c2ccccc2c2ccccc21,C=Cn1c2ccccc2c2ccccc21,0
164.24999999999997,C=CC1=CCCCC1,C=CC1=CCCCC1,0
146.74999999999997,C=CC1CCCC1,C=CC1CCCC1,0
238.65,C=Cc1ccc(F)cc1,C=Cc1ccc(F)cc1,0
195.15,C=COC=O,C=COC=O,0
179.14999999999998,C=Cc1ccco1,C=Cc1ccco1,0
302.15,C=Cc1ccccc1OC,C=Cc1ccccc1OC,0
275.15,C=Cc1ccc(OC)cc1,C=Cc1ccc(OC)cc1,0
338.15,C=Cc1ccc2ccccc2c1,C=Cc1ccc2ccccc2c1,0
263.15,C=Cc1cccc([N+](=O)[O-])c1,C=Cc1cccc([N+](=O)[O-])c1,0
302.15,C=Cc1ccc([N+](=O)[O-])cc1,C=Cc1ccc([N+](=O)[O-])cc1,0
193.15,C=CC1CC2C=CC1C2,C=CC1CC2C=CC1C2,0
302.15,C=COC(=O)CCCCCCCCCCCCCCCCC,C=COC(=O)CCCCCCCCCCCCCCCCC,0
173.14999999999998,C=CC1CCC2OC2C1,C=CC1CCC2OC2C1,0
286.65,C=CN1CCCC1=O,C=CN1CCCC1=O,0
101.54999999999998,C=C[SiH3],C=C[SiH3],0
481.15,CC(/C=C/C=C(C)/C=C/[C@@]12O[C@]1(C)C[C@@H](O)CC2(C)C)=C\C=C\C=C(C)\C=C\C=C(C)\C=C\[C@@]12O[C@]1(C)C[C@@H](O)CC2(C)C,CC(/C=C/C=C(C)/C=C/[C@@]12O[C@]1(C)C[C@@H](O)CC2(C)C)=C\C=C\C=C(C)\C=C\C=C(C)\C=C\[C@@]12O[C@]1(C)C[C@@H](O)CC2(C)C,0
333.15,C=C[C@H]1CNCC[C@H]1CCC(=O)c1ccnc2ccc(OC)cc12,C=C[C@H]1CNCC[C@H]1CCC(=O)c1ccnc2ccc(OC)cc12,0
358.65,CC[C@@H](C)C(=O)O[C@@H]1[C@H](OC(C)=O)c2c(ccc3ccc(=O)oc23)OC1(C)C,CC[C@@H](C)C(=O)O[C@@H]1[C@H](OC(C)=O)c2c(ccc3ccc(=O)oc23)OC1(C)C,0
417.65,COc1c2ccoc2cc2oc(C)cc(=O)c12,COc1c2ccoc2cc2oc(C)cc(=O)c12,0
389.65,C=C1CC[C@H](O)C/C1=C/C=C1\CCC[C@]2(C)[C@@H]([C@H](C)/C=C/[C@H](C)C(C)C)CC[C@@H]12,C=C1CC[C@H](O)C/C1=C/C=C1\CCC[C@]2(C)[C@@H]([C@H](C)/C=C/[C@H](C)C(C)C)CC[C@@H]12,0
357.65,C=C1CC[C@H](O)C/C1=C/C=C1\CCC[C@]2(C)[C@@H]([C@H](C)CCCC(C)C)CC[C@@H]12,C=C1CC[C@H](O)C/C1=C/C=C1\CCC[C@]2(C)[C@@H]([C@H](C)CCCC(C)C)CC[C@@H]12,0
276.15,Cc1c(C)c2c(c(C)c1O)CC[C@@](C)(CCC[C@H](C)CCC[C@H](C)CCCC(C)C)O2,Cc1c(C)c2c(c(C)c1O)CC[C@@](C)(CCC[C@H](C)CCC[C@H](C)CCCC(C)C)O2,0
245.65,CC(=O)Oc1c(C)c(C)c2c(c1C)CC[C@@](C)(CCC[C@H](C)CCC[C@H](C)CCCC(C)C)O2,CC(=O)Oc1c(C)c(C)c2c(c1C)CC[C@@](C)(CCC[C@H](C)CCC[C@H](C)CCCC(C)C)O2,0
253.15,CC1=C(C/C=C(\C)CCC[C@H](C)CCC[C@H](C)CCCC(C)C)C(=O)c2ccccc2C1=O,CC1=C(C/C=C(\C)CCC[C@H](C)CCC[C@H](C)CCCC(C)C)C(=O)c2ccccc2C1=O,0
555.15,CN1CC[C@]23C(=O)C[C@H]4C(=CCO[C@H]5CC(=O)N(c6c(O)cccc62)[C@H]3[C@H]54)C1,CN1CC[C@]23C(=O)C[C@H]4C(=CCO[C@H]5CC(=O)N(c6c(O)cccc62)[C@H]3[C@H]54)C1,0
434.15,CC(=O)CC(c1ccccc1)c1c(O)c2ccccc2oc1=O,CC(=O)CC(c1ccccc1)c1c(O)c2ccccc2oc1=O,0
374.15,c1ccc2c(c1)Cc1ccccc1O2,c1ccc2c(c1)Cc1ccccc1O2,0
398.15,OC1c2ccccc2Oc2ccccc21,OC1c2ccccc2Oc2ccccc21,0
449.55,O=c1c2ccccc2oc2ccccc12,O=c1c2ccccc2oc2ccccc12,0
683.15,Nc1nc2ncc(=O)[nH]c2c(=O)[nH]1,Nc1nc2ncc(=O)[nH]c2c(=O)[nH]1,0
406.15,COc1c2c(cc3oc(=O)ccc13)OC(C)(C)C=C2,COc1c2c(cc3oc(=O)ccc13)OC(C)(C)C=C2,0
404.65,CC1(C)C=Cc2cc3ccc(=O)oc3cc2O1,CC1(C)C=Cc2cc3ccc(=O)oc3cc2O1,0
329.15,O=C=Nc1ccc(-c2ccccc2)cc1,O=C=Nc1ccc(-c2ccccc2)cc1,0
247.99,Cc1ccccc1C,Cc1ccccc1C,0
225.3,Cc1cccc(C)c1,Cc1cccc(C)c1,0
286.45,Cc1ccc(C)cc1,Cc1ccc(C)cc1,0
345.85,Cc1cccc(O)c1C,Cc1cccc(O)c1C,0
298.15,Cc1ccc(O)c(C)c1,Cc1ccc(O)c(C)c1,0
348.04999999999995,Cc1ccc(C)c(O)c1,Cc1ccc(C)c(O)c1,0
318.54999999999995,Cc1cccc(C)c1O,Cc1cccc(C)c1O,0
338.25,Cc1ccc(O)cc1C,Cc1ccc(O)cc1C,0
336.54999999999995,Cc1cc(C)cc(O)c1,Cc1cc(C)cc(O)c1,0
559.15,Cc1cc(C2(c3cc(C)c(O)c(CN(CC(=O)O)CC(=O)O)c3)OS(=O)(=O)c3ccccc32)cc(CN(CC(=O)O)CC(=O)O)c1O,Cc1cc(C2(c3cc(C)c(O)c(CN(CC(=O)O)CC(=O)O)c3)OS(=O)(=O)c3ccccc32)cc(CN(CC(=O)O)CC(=O)O)c1O,0
483.15,O=C[C@H](O)[C@@H](O)[C@H](O)[C@H](O)CO[C@@H]1OC[C@@H](O)[C@H](O)[C@H]1O,O=C[C@H](O)[C@@H](O)[C@H](O)[C@H](O)CO[C@@H]1OC[C@@H](O)[C@H](O)[C@H]1O,0
363.65,OC1OC[C@@H](O)[C@H](O)[C@H]1O,OC1OC[C@@H](O)[C@H](O)[C@H]1O,0
372.15,CNC(=O)Oc1cc(C)cc(C)c1,CNC(=O)Oc1cc(C)cc(C)c1,0
514.15,COC(=O)[C@@H]1[C@H]2C[C@H]3c4[nH]c5ccccc5c4CCN3C[C@@H]2CC[C@@H]1O,COC(=O)[C@@H]1[C@H]2C[C@H]3c4[nH]c5ccccc5c4CCN3C[C@@H]2CC[C@@H]1O,0
437.15,C[C@H]1CCCC(=O)CCC/C=C/c2cc(O)cc(O)c2C(=O)O1,C[C@H]1CCCC(=O)CCC/C=C/c2cc(O)cc(O)c2C(=O)O1,0
394.15,Cc1cn([C@H]2C[C@H](N=[N+]=[N-])[C@@H](CO)O2)c(=O)[nH]c1=O,Cc1cn([C@H]2C[C@H](N=[N+]=[N-])[C@@H](CO)O2)c(=O)[nH]c1=O,0
376.15,CCC(=O)OC1(c2ccccc2)CCN(C)CC1,CCC(=O)OC1(c2ccccc2)CCN(C)CC1,0
480.15,NC(CCCC(=O)O)C(=O)O,NC(CCCC(=O)O)C(=O)O,0
529.15,NC1=NC(=O)CS1,NC1=NC(=O)CS1,0
439.65,O=S(=O)([O-])c1cccc([N+]#[N+]c2cccc(S(=O)(=O)[O-])c2)c1,O=S(=O)([O-])c1cccc([N+]#[N+]c2cccc(S(=O)(=O)[O-])c2)c1,0
160.54999999999998,CCC(C)Br,CCC(C)Br,0
275.15,CCCCC(Br)C(=O)O,CCCCC(Br)C(=O)O,0
233.15,BrCC1CO1,BrCC1CO1,0
108.14999999999998,CCC(C)S,CCC(C)S,0
141.84999999999997,CCC(C)Cl,CCC(C)Cl,0
271.15,CCCCCCCCC(C)O,CCCCCCCCC(C)O,0
271.15,BrC1CCCCC1Br,BrC1CCCCC1Br,0
172.61999999999998,CC(Cl)CCl,CC(Cl)CCl,0
349.15,CC1COC(Cn2cncn2)(c2ccc(Oc3ccc(Cl)cc3)cc2Cl)O1,CC1COC(Cn2cncn2)(c2ccc(Oc3ccc(Cl)cc3)cc2Cl)O1,0
142.54999999999998,COBOC,COBOC,0
391.15,CCOc1ccc(CC(=O)C(C)O)cc1,CCOc1ccc(CC(=O)C(C)O)cc1,0
247.15,CCOC(=O)C(C)O,CCOC(=O)C(C)O,0
398.15,N#CC(CCc1ccc(Cl)cc1)(Cn1cncn1)c1ccccc1,N#CC(CCc1ccc(Cl)cc1)(Cn1cncn1)c1ccccc1,0
314.65,CC12CCC(C1)C(C)(C)C2O,CC12CCC(C1)C(C)(C)C2O,0
279.25,CC12CCC(C1)C(C)(C)C2=O,CC12CCC(C1)C(C)(C)C2=O,0
358.15,CCOC(=O)C(C)Oc1ccc(Oc2nc3ccc(Cl)cc3o2)cc1,CCOC(=O)C(C)Oc1ccc(Oc2nc3ccc(Cl)cc3o2)cc1,0
445.65,CC1=C(CCC(=O)O)c2cc3nc(cc4[nH]c(cc5[nH]c(cc1n2)c(C)c5C(C)O)c(C)c4C(C)O)C(C)=C3CCC(=O)O,CC1=C(CCC(=O)O)c2cc3nc(cc4[nH]c(cc5[nH]c(cc1n2)c(C)c5C(C)O)c(C)c4C(C)O)C(C)=C3CCC(=O)O,0
168.95,CCC(C)I,CCC(C)I,0
441.15,CN(C)C=Nc1c(I)cc(I)c(CCC(=O)O)c1I,CN(C)C=Nc1c(I)cc(I)c(CCC(=O)O)c1I,0
485.15,CC1(C)[C@@H]2CC[C@@]1(C)[C@H](O)C2,CC1(C)[C@@H]2CC[C@@]1(C)[C@H](O)C2,0
254.15,CC1=CC(=O)C(C(C)C)CC1,CC1=CC(=O)C(C(C)C)CC1,0
280.15,C[C@H]1CCCC[C@H]1O,C[C@H]1CCCC[C@H]1O,0
259.25,CC1CCCCC1=O,CC1CCCCC1=O,0
150.14999999999998,CC1C=CCCC1,CC1C=CCCC1,0
214.75,CC1CCC(=O)C1,CC1CCC(=O)C1,0
161.14999999999998,CCCCCC(C)CO,CCCCCC(C)CO,0
169.14999999999998,CCC(C)CCCCO,CCC(C)CCCCO,0
188.15,CCCCC(O)C(C)C,CCCCC(O)C(C)C,0
212.15,CCC(O)CCC(C)C,CCC(O)CCC(C)C,0
161.24999999999997,CC1CO1,CC1CO1,0
155.54999999999998,C=C(C)C=CC,C=C(C)C=CC,0
231.55,CCC(C)CC(=O)O,CCC(C)CC(=O)O,0
600.15,Cn1c(N)nc2ncc(-c3ccccc3)cc21,Cn1c(N)nc2ncc(-c3ccccc3)cc21,0
245.95,CC1CCCNC1,CC1CCCNC1,0
387.15,CC(CC(=O)O)C(=O)O,CC(CC(=O)O)C(=O)O,0
445.15,COc1cc(OC)nc(NC(=O)NS(=O)(=O)c2ncccc2C(=O)N(C)C)n1,COc1cc(OC)nc(NC(=O)NS(=O)(=O)c2ncccc2C(=O)N(C)C)n1,0
238.15,CCCCCCCC(C)O,CCCCCCCC(C)O,0
295.15,CCCCCC[C@@H](O)CC,CCCCCC[C@@H](O)CC,0
370.15,CCCCCCC(C)N,CCCCCCC(C)N,0
232.45,CCCCC(O)CCC,CCCCC(O)CCC,0
228.15,OCC1CO1,OCC1CO1,0
112.14999999999998,FC(F)(F)OC(F)(F)OC(F)(F)F,FC(F)(F)OC(F)(F)OC(F)(F)F,0
633.15,C1=Cc2cc3ccc(cc4ccc(cc5nc(cc1n2)C=C5)[nH]4)[nH]3,C1=Cc2cc3ccc(cc4ccc(cc5nc(cc1n2)C=C5)[nH]4)[nH]3,0
375.55,CC(C)(C)C(O)(CCc1ccc(Cl)cc1)Cn1cncn1,CC(C)(C)C(O)(CCc1ccc(Cl)cc1)Cn1cncn1,0
308.15,CC1=CCC(C(C)(C)O)CC1,CC1=CCC(C(C)(C)O)CC1,0
291.85,CC(S)C(=O)O,CC(S)C(=O)O,0
414.15,COC(=O)c1ccccc1S(=O)(=O)NC(=O)N(C)c1nc(C)nc(OC)n1,COC(=O)c1ccccc1S(=O)(=O)NC(=O)N(C)c1nc(C)nc(OC)n1,0
330.15,Cc1cccc(OCC(O)CNC(C)C)c1C,Cc1cccc(OCC(O)CNC(C)C)c1C,0
